[{"Country": "Austria", "CountryCode": "", "Province": "", "City": "", "CityCode": "", "Lat": "0", "Lon": "0", "Confirmed": 2, "Deaths": 0, "Recovered": 0, "Active": 2, "Date": "2020-02-25T00:00:00Z"}, {"Country": "Austria", "CountryCode": "", "Province": "", "City": "", "CityCode": "", "Lat": "0", "Lon": "0", "Confirmed": 2, "Deaths": 0, "Recovered": 0, "Active": 2, "Date": "2020-02-26T00:00:00Z"}, {"Country": "Austria", "CountryCode": "", "Province": "", "City": "", "CityCode": "", "Lat": "0", "Lon": "0", "Confirmed": 3, "Deaths": 0, "Recovered": 0, "Active": 3, "Date": "2020-02-27T00:00:00Z"}, {"Country": "Austria", "CountryCode": "", "Province": "", "City": "", "CityCode": "", "Lat": "0", "Lon": "0", "Confirmed": 3, "Deaths": 0, "Recovered": 0, "Active": 3, "Date": "2020-02-28T00:00:00Z"}, {"Country": "Austria", "CountryCode": "", "Province": "", "City": "", "CityCode": "", "Lat": "0", "Lon": "0", "Confirmed": 9, "Deaths": 0, "Recovered": 0, "Active": 9, "Date": "2020-02-29T00:00:00Z"}, {"Country": "Austria", "CountryCode": "", "Province": "", "City": "", "CityCode": "", "Lat": "0", "Lon": "0", "Confirmed": 14, "Deaths": 0, "Recovered": 0, "Active": 14, "Date": "2020-03-01T00:00:00Z"}, {"Country": "Austria", "CountryCode": "", "Province": "", "City": "", "CityCode": "", "Lat": "0", "Lon": "0", "Confirmed": 18, "Deaths": 0, "Recovered": 0, "Active": 18, "Date": "2020-03-02T00:00:00Z"}, {"Country": "Austria", "CountryCode": "", "Province": "", "City": "", "CityCode": "", "Lat": "0", "Lon": "0", "Confirmed": 21, "Deaths": 0, "Recovered": 0, "Active": 21, "Date": "2020-03-03T00:00:00Z"}, {"Country": "Austria", "CountryCode": "", "Province": "", "City": "", "CityCode": "", "Lat": "0", "Lon": "0", "Confirmed": 29, "Deaths": 0, "Recovered": 0, "Active": 29, "Date": "2020-03-04T00:00:00Z"}, {"Country": "Austria", "CountryCode": "", "Province": "", "City": "", "CityCode": "", "Lat": "0", "Lon": "0", "Confirmed": 41, "Deaths": 0, "Recovered": 0, "Active": 41, "Date": "2020-03-05T00:00:00Z"}, {"Country": "Austria", "CountryCode": "", "Province": "", "City": "", "CityCode": "", "Lat": "0", "Lon": "0", "Confirmed": 55, "Deaths": 0, "Recovered": 0, "Active": 55, "Date": "2020-03-06T00:00:00Z"}, {"Country": "Austria", "CountryCode": "", "Province": "", "City": "", "CityCode": "", "Lat": "0", "Lon": "0", "Confirmed": 79, "Deaths": 0, "Recovered": 0, "Active": 79, "Date": "2020-03-07T00:00:00Z"}, {"Country": "Austria", "CountryCode": "", "Province": "", "City": "", "CityCode": "", "Lat": "0", "Lon": "0", "Confirmed": 104, "Deaths": 0, "Recovered": 0, "Active": 104, "Date": "2020-03-08T00:00:00Z"}, {"Country": "Austria", "CountryCode": "", "Province": "", "City": "", "CityCode": "", "Lat": "0", "Lon": "0", "Confirmed": 131, "Deaths": 0, "Recovered": 2, "Active": 129, "Date": "2020-03-09T00:00:00Z"}, {"Country": "Austria", "CountryCode": "", "Province": "", "City": "", "CityCode": "", "Lat": "0", "Lon": "0", "Confirmed": 182, "Deaths": 0, "Recovered": 4, "Active": 178, "Date": "2020-03-10T00:00:00Z"}, {"Country": "Austria", "CountryCode": "", "Province": "", "City": "", "CityCode": "", "Lat": "0", "Lon": "0", "Confirmed": 246, "Deaths": 0, "Recovered": 4, "Active": 242, "Date": "2020-03-11T00:00:00Z"}, {"Country": "Austria", "CountryCode": "", "Province": "", "City": "", "CityCode": "", "Lat": "0", "Lon": "0", "Confirmed": 302, "Deaths": 1, "Recovered": 4, "Active": 297, "Date": "2020-03-12T00:00:00Z"}, {"Country": "Austria", "CountryCode": "", "Province": "", "City": "", "CityCode": "", "Lat": "0", "Lon": "0", "Confirmed": 504, "Deaths": 1, "Recovered": 6, "Active": 497, "Date": "2020-03-13T00:00:00Z"}, {"Country": "Austria", "CountryCode": "", "Province": "", "City": "", "CityCode": "", "Lat": "0", "Lon": "0", "Confirmed": 655, "Deaths": 1, "Recovered": 6, "Active": 648, "Date": "2020-03-14T00:00:00Z"}, {"Country": "Austria", "CountryCode": "", "Province": "", "City": "", "CityCode": "", "Lat": "0", "Lon": "0", "Confirmed": 860, "Deaths": 1, "Recovered": 6, "Active": 853, "Date": "2020-03-15T00:00:00Z"}, {"Country": "Austria", "CountryCode": "", "Province": "", "City": "", "CityCode": "", "Lat": "0", "Lon": "0", "Confirmed": 1018, "Deaths": 3, "Recovered": 6, "Active": 1009, "Date": "2020-03-16T00:00:00Z"}, {"Country": "Austria", "CountryCode": "", "Province": "", "City": "", "CityCode": "", "Lat": "0", "Lon": "0", "Confirmed": 1332, "Deaths": 3, "Recovered": 1, "Active": 1328, "Date": "2020-03-17T00:00:00Z"}, {"Country": "Austria", "CountryCode": "", "Province": "", "City": "", "CityCode": "", "Lat": "0", "Lon": "0", "Confirmed": 1646, "Deaths": 4, "Recovered": 9, "Active": 1633, "Date": "2020-03-18T00:00:00Z"}, {"Country": "Austria", "CountryCode": "", "Province": "", "City": "", "CityCode": "", "Lat": "0", "Lon": "0", "Confirmed": 2013, "Deaths": 6, "Recovered": 9, "Active": 1998, "Date": "2020-03-19T00:00:00Z"}, {"Country": "Austria", "CountryCode": "", "Province": "", "City": "", "CityCode": "", "Lat": "0", "Lon": "0", "Confirmed": 2388, "Deaths": 6, "Recovered": 9, "Active": 2373, "Date": "2020-03-20T00:00:00Z"}, {"Country": "Austria", "CountryCode": "", "Province": "", "City": "", "CityCode": "", "Lat": "0", "Lon": "0", "Confirmed": 2814, "Deaths": 8, "Recovered": 9, "Active": 2797, "Date": "2020-03-21T00:00:00Z"}, {"Country": "Austria", "CountryCode": "", "Province": "", "City": "", "CityCode": "", "Lat": "0", "Lon": "0", "Confirmed": 3582, "Deaths": 16, "Recovered": 9, "Active": 3557, "Date": "2020-03-22T00:00:00Z"}, {"Country": "Austria", "CountryCode": "", "Province": "", "City": "", "CityCode": "", "Lat": "0", "Lon": "0", "Confirmed": 4474, "Deaths": 21, "Recovered": 9, "Active": 4444, "Date": "2020-03-23T00:00:00Z"}, {"Country": "Austria", "CountryCode": "", "Province": "", "City": "", "CityCode": "", "Lat": "0", "Lon": "0", "Confirmed": 5283, "Deaths": 28, "Recovered": 9, "Active": 5246, "Date": "2020-03-24T00:00:00Z"}, {"Country": "Austria", "CountryCode": "", "Province": "", "City": "", "CityCode": "", "Lat": "0", "Lon": "0", "Confirmed": 5588, "Deaths": 30, "Recovered": 9, "Active": 5549, "Date": "2020-03-25T00:00:00Z"}, {"Country": "Austria", "CountryCode": "", "Province": "", "City": "", "CityCode": "", "Lat": "0", "Lon": "0", "Confirmed": 6909, "Deaths": 49, "Recovered": 112, "Active": 6748, "Date": "2020-03-26T00:00:00Z"}, {"Country": "Austria", "CountryCode": "", "Province": "", "City": "", "CityCode": "", "Lat": "0", "Lon": "0", "Confirmed": 7657, "Deaths": 58, "Recovered": 225, "Active": 7374, "Date": "2020-03-27T00:00:00Z"}, {"Country": "Austria", "CountryCode": "", "Province": "", "City": "", "CityCode": "", "Lat": "0", "Lon": "0", "Confirmed": 8271, "Deaths": 68, "Recovered": 225, "Active": 7978, "Date": "2020-03-28T00:00:00Z"}, {"Country": "Austria", "CountryCode": "", "Province": "", "City": "", "CityCode": "", "Lat": "0", "Lon": "0", "Confirmed": 8788, "Deaths": 86, "Recovered": 479, "Active": 8223, "Date": "2020-03-29T00:00:00Z"}, {"Country": "Austria", "CountryCode": "", "Province": "", "City": "", "CityCode": "", "Lat": "0", "Lon": "0", "Confirmed": 9618, "Deaths": 108, "Recovered": 636, "Active": 8874, "Date": "2020-03-30T00:00:00Z"}, {"Country": "Austria", "CountryCode": "", "Province": "", "City": "", "CityCode": "", "Lat": "0", "Lon": "0", "Confirmed": 10180, "Deaths": 128, "Recovered": 1095, "Active": 8957, "Date": "2020-03-31T00:00:00Z"}, {"Country": "Austria", "CountryCode": "", "Province": "", "City": "", "CityCode": "", "Lat": "0", "Lon": "0", "Confirmed": 10711, "Deaths": 146, "Recovered": 1436, "Active": 9129, "Date": "2020-04-01T00:00:00Z"}, {"Country": "Austria", "CountryCode": "", "Province": "", "City": "", "CityCode": "", "Lat": "0", "Lon": "0", "Confirmed": 11129, "Deaths": 158, "Recovered": 1749, "Active": 9222, "Date": "2020-04-02T00:00:00Z"}, {"Country": "Austria", "CountryCode": "", "Province": "", "City": "", "CityCode": "", "Lat": "0", "Lon": "0", "Confirmed": 11524, "Deaths": 168, "Recovered": 2022, "Active": 9334, "Date": "2020-04-03T00:00:00Z"}, {"Country": "Austria", "CountryCode": "", "Province": "", "City": "", "CityCode": "", "Lat": "0", "Lon": "0", "Confirmed": 11781, "Deaths": 186, "Recovered": 2507, "Active": 9088, "Date": "2020-04-04T00:00:00Z"}, {"Country": "Austria", "CountryCode": "", "Province": "", "City": "", "CityCode": "", "Lat": "0", "Lon": "0", "Confirmed": 12051, "Deaths": 204, "Recovered": 2998, "Active": 8849, "Date": "2020-04-05T00:00:00Z"}, {"Country": "Austria", "CountryCode": "", "Province": "", "City": "", "CityCode": "", "Lat": "0", "Lon": "0", "Confirmed": 12297, "Deaths": 220, "Recovered": 3463, "Active": 8614, "Date": "2020-04-06T00:00:00Z"}, {"Country": "Austria", "CountryCode": "", "Province": "", "City": "", "CityCode": "", "Lat": "0", "Lon": "0", "Confirmed": 12639, "Deaths": 243, "Recovered": 4046, "Active": 8350, "Date": "2020-04-07T00:00:00Z"}, {"Country": "Austria", "CountryCode": "", "Province": "", "City": "", "CityCode": "", "Lat": "0", "Lon": "0", "Confirmed": 12942, "Deaths": 273, "Recovered": 4512, "Active": 8157, "Date": "2020-04-08T00:00:00Z"}, {"Country": "Austria", "CountryCode": "", "Province": "", "City": "", "CityCode": "", "Lat": "0", "Lon": "0", "Confirmed": 13244, "Deaths": 295, "Recovered": 5240, "Active": 7709, "Date": "2020-04-09T00:00:00Z"}, {"Country": "Austria", "CountryCode": "", "Province": "", "City": "", "CityCode": "", "Lat": "0", "Lon": "0", "Confirmed": 13555, "Deaths": 319, "Recovered": 6064, "Active": 7172, "Date": "2020-04-10T00:00:00Z"}, {"Country": "Austria", "CountryCode": "", "Province": "", "City": "", "CityCode": "", "Lat": "0", "Lon": "0", "Confirmed": 13806, "Deaths": 337, "Recovered": 6604, "Active": 6865, "Date": "2020-04-11T00:00:00Z"}, {"Country": "Austria", "CountryCode": "", "Province": "", "City": "", "CityCode": "", "Lat": "0", "Lon": "0", "Confirmed": 13945, "Deaths": 350, "Recovered": 6987, "Active": 6608, "Date": "2020-04-12T00:00:00Z"}, {"Country": "Austria", "CountryCode": "", "Province": "", "City": "", "CityCode": "", "Lat": "0", "Lon": "0", "Confirmed": 14041, "Deaths": 368, "Recovered": 7343, "Active": 6330, "Date": "2020-04-13T00:00:00Z"}, {"Country": "Austria", "CountryCode": "", "Province": "", "City": "", "CityCode": "", "Lat": "0", "Lon": "0", "Confirmed": 14226, "Deaths": 384, "Recovered": 7633, "Active": 6209, "Date": "2020-04-14T00:00:00Z"}, {"Country": "Austria", "CountryCode": "", "Province": "", "City": "", "CityCode": "", "Lat": "0", "Lon": "0", "Confirmed": 14336, "Deaths": 393, "Recovered": 8098, "Active": 5845, "Date": "2020-04-15T00:00:00Z"}, {"Country": "Austria", "CountryCode": "", "Province": "", "City": "", "CityCode": "", "Lat": "0", "Lon": "0", "Confirmed": 14476, "Deaths": 410, "Recovered": 8986, "Active": 5080, "Date": "2020-04-16T00:00:00Z"}, {"Country": "Austria", "CountryCode": "", "Province": "", "City": "", "CityCode": "", "Lat": "0", "Lon": "0", "Confirmed": 14595, "Deaths": 431, "Recovered": 9704, "Active": 4460, "Date": "2020-04-17T00:00:00Z"}, {"Country": "Austria", "CountryCode": "", "Province": "", "City": "", "CityCode": "", "Lat": "0", "Lon": "0", "Confirmed": 14671, "Deaths": 443, "Recovered": 10214, "Active": 4014, "Date": "2020-04-18T00:00:00Z"}, {"Country": "Austria", "CountryCode": "", "Province": "", "City": "", "CityCode": "", "Lat": "0", "Lon": "0", "Confirmed": 14749, "Deaths": 452, "Recovered": 10501, "Active": 3796, "Date": "2020-04-19T00:00:00Z"}, {"Country": "Austria", "CountryCode": "", "Province": "", "City": "", "CityCode": "", "Lat": "0", "Lon": "0", "Confirmed": 14795, "Deaths": 470, "Recovered": 10631, "Active": 3694, "Date": "2020-04-20T00:00:00Z"}, {"Country": "Austria", "CountryCode": "", "Province": "", "City": "", "CityCode": "", "Lat": "0", "Lon": "0", "Confirmed": 14873, "Deaths": 491, "Recovered": 10971, "Active": 3411, "Date": "2020-04-21T00:00:00Z"}, {"Country": "Austria", "CountryCode": "", "Province": "", "City": "", "CityCode": "", "Lat": "0", "Lon": "0", "Confirmed": 14925, "Deaths": 510, "Recovered": 11328, "Active": 3087, "Date": "2020-04-22T00:00:00Z"}, {"Country": "Austria", "CountryCode": "", "Province": "", "City": "", "CityCode": "", "Lat": "0", "Lon": "0", "Confirmed": 15002, "Deaths": 522, "Recovered": 11694, "Active": 2786, "Date": "2020-04-23T00:00:00Z"}, {"Country": "Austria", "CountryCode": "", "Province": "", "City": "", "CityCode": "", "Lat": "0", "Lon": "0", "Confirmed": 15071, "Deaths": 530, "Recovered": 11872, "Active": 2669, "Date": "2020-04-24T00:00:00Z"}, {"Country": "Austria", "CountryCode": "", "Province": "", "City": "", "CityCode": "", "Lat": "0", "Lon": "0", "Confirmed": 15148, "Deaths": 536, "Recovered": 12103, "Active": 2509, "Date": "2020-04-25T00:00:00Z"}, {"Country": "Austria", "CountryCode": "", "Province": "", "City": "", "CityCode": "", "Lat": "0", "Lon": "0", "Confirmed": 15225, "Deaths": 542, "Recovered": 12282, "Active": 2401, "Date": "2020-04-26T00:00:00Z"}, {"Country": "Austria", "CountryCode": "", "Province": "", "City": "", "CityCode": "", "Lat": "0", "Lon": "0", "Confirmed": 15274, "Deaths": 549, "Recovered": 12362, "Active": 2363, "Date": "2020-04-27T00:00:00Z"}, {"Country": "Austria", "CountryCode": "", "Province": "", "City": "", "CityCode": "", "Lat": "0", "Lon": "0", "Confirmed": 15357, "Deaths": 569, "Recovered": 12580, "Active": 2208, "Date": "2020-04-28T00:00:00Z"}, {"Country": "Austria", "CountryCode": "", "Province": "", "City": "", "CityCode": "", "Lat": "0", "Lon": "0", "Confirmed": 15402, "Deaths": 580, "Recovered": 12779, "Active": 2043, "Date": "2020-04-29T00:00:00Z"}, {"Country": "Austria", "CountryCode": "", "Province": "", "City": "", "CityCode": "", "Lat": "0", "Lon": "0", "Confirmed": 15452, "Deaths": 584, "Recovered": 12907, "Active": 1961, "Date": "2020-04-30T00:00:00Z"}, {"Country": "Austria", "CountryCode": "", "Province": "", "City": "", "CityCode": "", "Lat": "0", "Lon": "0", "Confirmed": 15531, "Deaths": 589, "Recovered": 13110, "Active": 1832, "Date": "2020-05-01T00:00:00Z"}, {"Country": "Austria", "CountryCode": "", "Province": "", "City": "", "CityCode": "", "Lat": "0", "Lon": "0", "Confirmed": 15558, "Deaths": 596, "Recovered": 13180, "Active": 1782, "Date": "2020-05-02T00:00:00Z"}, {"Country": "Austria", "CountryCode": "", "Province": "", "City": "", "CityCode": "", "Lat": "0", "Lon": "0", "Confirmed": 15597, "Deaths": 598, "Recovered": 13228, "Active": 1771, "Date": "2020-05-03T00:00:00Z"}, {"Country": "Austria", "CountryCode": "", "Province": "", "City": "", "CityCode": "", "Lat": "0", "Lon": "0", "Confirmed": 15621, "Deaths": 600, "Recovered": 13316, "Active": 1705, "Date": "2020-05-04T00:00:00Z"}, {"Country": "Austria", "CountryCode": "", "Province": "", "City": "", "CityCode": "", "Lat": "0", "Lon": "0", "Confirmed": 15650, "Deaths": 606, "Recovered": 13462, "Active": 1582, "Date": "2020-05-05T00:00:00Z"}, {"Country": "Austria", "CountryCode": "", "Province": "", "City": "", "CityCode": "", "Lat": "0", "Lon": "0", "Confirmed": 15684, "Deaths": 608, "Recovered": 13639, "Active": 1437, "Date": "2020-05-06T00:00:00Z"}, {"Country": "Austria", "CountryCode": "", "Province": "", "City": "", "CityCode": "", "Lat": "0", "Lon": "0", "Confirmed": 15752, "Deaths": 609, "Recovered": 13698, "Active": 1445, "Date": "2020-05-07T00:00:00Z"}, {"Country": "Austria", "CountryCode": "", "Province": "", "City": "", "CityCode": "", "Lat": "0", "Lon": "0", "Confirmed": 15774, "Deaths": 614, "Recovered": 13836, "Active": 1324, "Date": "2020-05-08T00:00:00Z"}, {"Country": "Austria", "CountryCode": "", "Province": "", "City": "", "CityCode": "", "Lat": "0", "Lon": "0", "Confirmed": 15833, "Deaths": 615, "Recovered": 13928, "Active": 1290, "Date": "2020-05-09T00:00:00Z"}, {"Country": "Austria", "CountryCode": "", "Province": "", "City": "", "CityCode": "", "Lat": "0", "Lon": "0", "Confirmed": 15871, "Deaths": 618, "Recovered": 13991, "Active": 1262, "Date": "2020-05-10T00:00:00Z"}, {"Country": "Austria", "CountryCode": "", "Province": "", "City": "", "CityCode": "", "Lat": "0", "Lon": "0", "Confirmed": 15882, "Deaths": 620, "Recovered": 14061, "Active": 1201, "Date": "2020-05-11T00:00:00Z"}, {"Country": "Austria", "CountryCode": "", "Province": "", "City": "", "CityCode": "", "Lat": "0", "Lon": "0", "Confirmed": 15961, "Deaths": 623, "Recovered": 14148, "Active": 1190, "Date": "2020-05-12T00:00:00Z"}, {"Country": "Austria", "CountryCode": "", "Province": "", "City": "", "CityCode": "", "Lat": "0", "Lon": "0", "Confirmed": 15997, "Deaths": 624, "Recovered": 14304, "Active": 1069, "Date": "2020-05-13T00:00:00Z"}, {"Country": "Austria", "CountryCode": "", "Province": "", "City": "", "CityCode": "", "Lat": "0", "Lon": "0", "Confirmed": 16058, "Deaths": 626, "Recovered": 14405, "Active": 1027, "Date": "2020-05-14T00:00:00Z"}, {"Country": "Austria", "CountryCode": "", "Province": "", "City": "", "CityCode": "", "Lat": "0", "Lon": "0", "Confirmed": 16109, "Deaths": 628, "Recovered": 14471, "Active": 1010, "Date": "2020-05-15T00:00:00Z"}, {"Country": "Austria", "CountryCode": "", "Province": "", "City": "", "CityCode": "", "Lat": "0", "Lon": "0", "Confirmed": 16201, "Deaths": 629, "Recovered": 14524, "Active": 1048, "Date": "2020-05-16T00:00:00Z"}, {"Country": "Austria", "CountryCode": "", "Province": "", "City": "", "CityCode": "", "Lat": "0", "Lon": "0", "Confirmed": 16242, "Deaths": 629, "Recovered": 14563, "Active": 1050, "Date": "2020-05-17T00:00:00Z"}, {"Country": "Austria", "CountryCode": "", "Province": "", "City": "", "CityCode": "", "Lat": "0", "Lon": "0", "Confirmed": 16269, "Deaths": 629, "Recovered": 14614, "Active": 1026, "Date": "2020-05-18T00:00:00Z"}, {"Country": "Austria", "CountryCode": "", "Province": "", "City": "", "CityCode": "", "Lat": "0", "Lon": "0", "Confirmed": 16321, "Deaths": 632, "Recovered": 14678, "Active": 1011, "Date": "2020-05-19T00:00:00Z"}, {"Country": "Austria", "CountryCode": "", "Province": "", "City": "", "CityCode": "", "Lat": "0", "Lon": "0", "Confirmed": 16353, "Deaths": 633, "Recovered": 14882, "Active": 838, "Date": "2020-05-20T00:00:00Z"}, {"Country": "Austria", "CountryCode": "", "Province": "", "City": "", "CityCode": "", "Lat": "0", "Lon": "0", "Confirmed": 16404, "Deaths": 633, "Recovered": 14951, "Active": 820, "Date": "2020-05-21T00:00:00Z"}, {"Country": "Austria", "CountryCode": "", "Province": "", "City": "", "CityCode": "", "Lat": "0", "Lon": "0", "Confirmed": 16436, "Deaths": 635, "Recovered": 15005, "Active": 796, "Date": "2020-05-22T00:00:00Z"}, {"Country": "Austria", "CountryCode": "", "Province": "", "City": "", "CityCode": "", "Lat": "0", "Lon": "0", "Confirmed": 16486, "Deaths": 639, "Recovered": 15037, "Active": 810, "Date": "2020-05-23T00:00:00Z"}, {"Country": "Austria", "CountryCode": "", "Province": "", "City": "", "CityCode": "", "Lat": "0", "Lon": "0", "Confirmed": 16503, "Deaths": 640, "Recovered": 15063, "Active": 800, "Date": "2020-05-24T00:00:00Z"}, {"Country": "Austria", "CountryCode": "", "Province": "", "City": "", "CityCode": "", "Lat": "0", "Lon": "0", "Confirmed": 16539, "Deaths": 641, "Recovered": 15138, "Active": 760, "Date": "2020-05-25T00:00:00Z"}, {"Country": "Austria", "CountryCode": "", "Province": "", "City": "", "CityCode": "", "Lat": "0", "Lon": "0", "Confirmed": 16557, "Deaths": 643, "Recovered": 15182, "Active": 732, "Date": "2020-05-26T00:00:00Z"}, {"Country": "Austria", "CountryCode": "", "Province": "", "City": "", "CityCode": "", "Lat": "0", "Lon": "0", "Confirmed": 16591, "Deaths": 645, "Recovered": 15228, "Active": 718, "Date": "2020-05-27T00:00:00Z"}, {"Country": "Austria", "CountryCode": "", "Province": "", "City": "", "CityCode": "", "Lat": "0", "Lon": "0", "Confirmed": 16628, "Deaths": 668, "Recovered": 15286, "Active": 674, "Date": "2020-05-28T00:00:00Z"}, {"Country": "Austria", "CountryCode": "", "Province": "", "City": "", "CityCode": "", "Lat": "0", "Lon": "0", "Confirmed": 16655, "Deaths": 668, "Recovered": 15347, "Active": 640, "Date": "2020-05-29T00:00:00Z"}, {"Country": "Austria", "CountryCode": "", "Province": "", "City": "", "CityCode": "", "Lat": "0", "Lon": "0", "Confirmed": 16685, "Deaths": 668, "Recovered": 15520, "Active": 497, "Date": "2020-05-30T00:00:00Z"}, {"Country": "Austria", "CountryCode": "", "Province": "", "City": "", "CityCode": "", "Lat": "0", "Lon": "0", "Confirmed": 16731, "Deaths": 668, "Recovered": 15593, "Active": 470, "Date": "2020-05-31T00:00:00Z"}, {"Country": "Austria", "CountryCode": "", "Province": "", "City": "", "CityCode": "", "Lat": "0", "Lon": "0", "Confirmed": 16733, "Deaths": 668, "Recovered": 15596, "Active": 469, "Date": "2020-06-01T00:00:00Z"}, {"Country": "Austria", "CountryCode": "", "Province": "", "City": "", "CityCode": "", "Lat": "0", "Lon": "0", "Confirmed": 16759, "Deaths": 669, "Recovered": 15629, "Active": 461, "Date": "2020-06-02T00:00:00Z"}, {"Country": "Austria", "CountryCode": "", "Province": "", "City": "", "CityCode": "", "Lat": "0", "Lon": "0", "Confirmed": 16771, "Deaths": 670, "Recovered": 15672, "Active": 429, "Date": "2020-06-03T00:00:00Z"}, {"Country": "Austria", "CountryCode": "", "Province": "", "City": "", "CityCode": "", "Lat": "0", "Lon": "0", "Confirmed": 16805, "Deaths": 670, "Recovered": 15717, "Active": 418, "Date": "2020-06-04T00:00:00Z"}, {"Country": "Austria", "CountryCode": "", "Province": "", "City": "", "CityCode": "", "Lat": "0", "Lon": "0", "Confirmed": 16843, "Deaths": 672, "Recovered": 15742, "Active": 429, "Date": "2020-06-05T00:00:00Z"}, {"Country": "Austria", "CountryCode": "", "Province": "", "City": "", "CityCode": "", "Lat": "0", "Lon": "0", "Confirmed": 16898, "Deaths": 672, "Recovered": 15789, "Active": 437, "Date": "2020-06-06T00:00:00Z"}, {"Country": "Austria", "CountryCode": "", "Province": "", "City": "", "CityCode": "", "Lat": "0", "Lon": "0", "Confirmed": 16902, "Deaths": 672, "Recovered": 15793, "Active": 437, "Date": "2020-06-07T00:00:00Z"}, {"Country": "Austria", "CountryCode": "", "Province": "", "City": "", "CityCode": "", "Lat": "0", "Lon": "0", "Confirmed": 16968, "Deaths": 672, "Recovered": 15839, "Active": 457, "Date": "2020-06-08T00:00:00Z"}, {"Country": "Austria", "CountryCode": "", "Province": "", "City": "", "CityCode": "", "Lat": "0", "Lon": "0", "Confirmed": 16979, "Deaths": 672, "Recovered": 15875, "Active": 432, "Date": "2020-06-09T00:00:00Z"}, {"Country": "Austria", "CountryCode": "", "Province": "", "City": "", "CityCode": "", "Lat": "0", "Lon": "0", "Confirmed": 17005, "Deaths": 673, "Recovered": 15910, "Active": 422, "Date": "2020-06-10T00:00:00Z"}, {"Country": "Austria", "CountryCode": "", "Province": "", "City": "", "CityCode": "", "Lat": "0", "Lon": "0", "Confirmed": 17034, "Deaths": 674, "Recovered": 15949, "Active": 411, "Date": "2020-06-11T00:00:00Z"}, {"Country": "Austria", "CountryCode": "", "Province": "", "City": "", "CityCode": "", "Lat": "0", "Lon": "0", "Confirmed": 17064, "Deaths": 675, "Recovered": 15985, "Active": 404, "Date": "2020-06-12T00:00:00Z"}, {"Country": "Austria", "CountryCode": "", "Province": "", "City": "", "CityCode": "", "Lat": "0", "Lon": "0", "Confirmed": 17078, "Deaths": 677, "Recovered": 16012, "Active": 389, "Date": "2020-06-13T00:00:00Z"}, {"Country": "Austria", "CountryCode": "", "Province": "", "City": "", "CityCode": "", "Lat": "0", "Lon": "0", "Confirmed": 17109, "Deaths": 677, "Recovered": 16059, "Active": 373, "Date": "2020-06-14T00:00:00Z"}, {"Country": "Austria", "CountryCode": "", "Province": "", "City": "", "CityCode": "", "Lat": "0", "Lon": "0", "Confirmed": 17135, "Deaths": 678, "Recovered": 16066, "Active": 391, "Date": "2020-06-15T00:00:00Z"}, {"Country": "Austria", "CountryCode": "", "Province": "", "City": "", "CityCode": "", "Lat": "0", "Lon": "0", "Confirmed": 17189, "Deaths": 681, "Recovered": 16089, "Active": 419, "Date": "2020-06-16T00:00:00Z"}, {"Country": "Austria", "CountryCode": "", "Province": "", "City": "", "CityCode": "", "Lat": "0", "Lon": "0", "Confirmed": 17203, "Deaths": 687, "Recovered": 16099, "Active": 417, "Date": "2020-06-17T00:00:00Z"}, {"Country": "Austria", "CountryCode": "", "Province": "", "City": "", "CityCode": "", "Lat": "0", "Lon": "0", "Confirmed": 17223, "Deaths": 688, "Recovered": 16101, "Active": 434, "Date": "2020-06-18T00:00:00Z"}, {"Country": "Austria", "CountryCode": "", "Province": "", "City": "", "CityCode": "", "Lat": "0", "Lon": "0", "Confirmed": 17271, "Deaths": 688, "Recovered": 16141, "Active": 442, "Date": "2020-06-19T00:00:00Z"}, {"Country": "Austria", "CountryCode": "", "Province": "", "City": "", "CityCode": "", "Lat": "0", "Lon": "0", "Confirmed": 17323, "Deaths": 688, "Recovered": 16175, "Active": 460, "Date": "2020-06-20T00:00:00Z"}, {"Country": "Austria", "CountryCode": "", "Province": "", "City": "", "CityCode": "", "Lat": "0", "Lon": "0", "Confirmed": 17341, "Deaths": 690, "Recovered": 16197, "Active": 454, "Date": "2020-06-21T00:00:00Z"}, {"Country": "Austria", "CountryCode": "", "Province": "", "City": "", "CityCode": "", "Lat": "0", "Lon": "0", "Confirmed": 17380, "Deaths": 690, "Recovered": 16241, "Active": 449, "Date": "2020-06-22T00:00:00Z"}, {"Country": "Austria", "CountryCode": "", "Province": "", "City": "", "CityCode": "", "Lat": "0", "Lon": "0", "Confirmed": 17408, "Deaths": 693, "Recovered": 16261, "Active": 454, "Date": "2020-06-23T00:00:00Z"}, {"Country": "Austria", "CountryCode": "", "Province": "", "City": "", "CityCode": "", "Lat": "0", "Lon": "0", "Confirmed": 17449, "Deaths": 693, "Recovered": 16282, "Active": 474, "Date": "2020-06-24T00:00:00Z"}, {"Country": "Austria", "CountryCode": "", "Province": "", "City": "", "CityCode": "", "Lat": "0", "Lon": "0", "Confirmed": 17477, "Deaths": 698, "Recovered": 16320, "Active": 459, "Date": "2020-06-25T00:00:00Z"}, {"Country": "Austria", "CountryCode": "", "Province": "", "City": "", "CityCode": "", "Lat": "0", "Lon": "0", "Confirmed": 17522, "Deaths": 698, "Recovered": 16348, "Active": 476, "Date": "2020-06-26T00:00:00Z"}, {"Country": "Austria", "CountryCode": "", "Province": "", "City": "", "CityCode": "", "Lat": "0", "Lon": "0", "Confirmed": 17580, "Deaths": 700, "Recovered": 16371, "Active": 509, "Date": "2020-06-27T00:00:00Z"}, {"Country": "Austria", "CountryCode": "", "Province": "", "City": "", "CityCode": "", "Lat": "0", "Lon": "0", "Confirmed": 17654, "Deaths": 702, "Recovered": 16401, "Active": 551, "Date": "2020-06-28T00:00:00Z"}, {"Country": "Austria", "CountryCode": "", "Province": "", "City": "", "CityCode": "", "Lat": "0", "Lon": "0", "Confirmed": 17723, "Deaths": 703, "Recovered": 16420, "Active": 600, "Date": "2020-06-29T00:00:00Z"}, {"Country": "Austria", "CountryCode": "", "Province": "", "City": "", "CityCode": "", "Lat": "0", "Lon": "0", "Confirmed": 17766, "Deaths": 705, "Recovered": 16478, "Active": 583, "Date": "2020-06-30T00:00:00Z"}, {"Country": "Austria", "CountryCode": "", "Province": "", "City": "", "CityCode": "", "Lat": "0", "Lon": "0", "Confirmed": 17873, "Deaths": 705, "Recovered": 16491, "Active": 677, "Date": "2020-07-01T00:00:00Z"}, {"Country": "Austria", "CountryCode": "", "Province": "", "City": "", "CityCode": "", "Lat": "0", "Lon": "0", "Confirmed": 17941, "Deaths": 705, "Recovered": 16514, "Active": 722, "Date": "2020-07-02T00:00:00Z"}, {"Country": "Austria", "CountryCode": "", "Province": "", "City": "", "CityCode": "", "Lat": "0", "Lon": "0", "Confirmed": 18050, "Deaths": 705, "Recovered": 16558, "Active": 787, "Date": "2020-07-03T00:00:00Z"}, {"Country": "Austria", "CountryCode": "", "Province": "", "City": "", "CityCode": "", "Lat": "0", "Lon": "0", "Confirmed": 18165, "Deaths": 705, "Recovered": 16607, "Active": 853, "Date": "2020-07-04T00:00:00Z"}, {"Country": "Austria", "CountryCode": "", "Province": "", "City": "", "CityCode": "", "Lat": "0", "Lon": "0", "Confirmed": 18280, "Deaths": 706, "Recovered": 16615, "Active": 959, "Date": "2020-07-05T00:00:00Z"}, {"Country": "Austria", "CountryCode": "", "Province": "", "City": "", "CityCode": "", "Lat": "0", "Lon": "0", "Confirmed": 18365, "Deaths": 706, "Recovered": 16647, "Active": 1012, "Date": "2020-07-06T00:00:00Z"}, {"Country": "Austria", "CountryCode": "", "Province": "", "City": "", "CityCode": "", "Lat": "0", "Lon": "0", "Confirmed": 18421, "Deaths": 706, "Recovered": 16686, "Active": 1029, "Date": "2020-07-07T00:00:00Z"}, {"Country": "Austria", "CountryCode": "", "Province": "", "City": "", "CityCode": "", "Lat": "0", "Lon": "0", "Confirmed": 18513, "Deaths": 706, "Recovered": 16721, "Active": 1086, "Date": "2020-07-08T00:00:00Z"}, {"Country": "Austria", "CountryCode": "", "Province": "", "City": "", "CityCode": "", "Lat": "0", "Lon": "0", "Confirmed": 18615, "Deaths": 706, "Recovered": 16758, "Active": 1151, "Date": "2020-07-09T00:00:00Z"}, {"Country": "Austria", "CountryCode": "", "Province": "", "City": "", "CityCode": "", "Lat": "0", "Lon": "0", "Confirmed": 18709, "Deaths": 706, "Recovered": 16808, "Active": 1195, "Date": "2020-07-10T00:00:00Z"}, {"Country": "Austria", "CountryCode": "", "Province": "", "City": "", "CityCode": "", "Lat": "0", "Lon": "0", "Confirmed": 18783, "Deaths": 706, "Recovered": 16864, "Active": 1213, "Date": "2020-07-11T00:00:00Z"}, {"Country": "Austria", "CountryCode": "", "Province": "", "City": "", "CityCode": "", "Lat": "0", "Lon": "0", "Confirmed": 18897, "Deaths": 708, "Recovered": 16952, "Active": 1237, "Date": "2020-07-12T00:00:00Z"}, {"Country": "Austria", "CountryCode": "", "Province": "", "City": "", "CityCode": "", "Lat": "0", "Lon": "0", "Confirmed": 18948, "Deaths": 708, "Recovered": 17000, "Active": 1240, "Date": "2020-07-13T00:00:00Z"}, {"Country": "Austria", "CountryCode": "", "Province": "", "City": "", "CityCode": "", "Lat": "0", "Lon": "0", "Confirmed": 19021, "Deaths": 709, "Recovered": 17073, "Active": 1239, "Date": "2020-07-14T00:00:00Z"}, {"Country": "Austria", "CountryCode": "", "Province": "", "City": "", "CityCode": "", "Lat": "0", "Lon": "0", "Confirmed": 19154, "Deaths": 710, "Recovered": 17175, "Active": 1269, "Date": "2020-07-15T00:00:00Z"}, {"Country": "Austria", "CountryCode": "", "Province": "", "City": "", "CityCode": "", "Lat": "0", "Lon": "0", "Confirmed": 19270, "Deaths": 711, "Recovered": 17244, "Active": 1315, "Date": "2020-07-16T00:00:00Z"}, {"Country": "Austria", "CountryCode": "", "Province": "", "City": "", "CityCode": "", "Lat": "0", "Lon": "0", "Confirmed": 19439, "Deaths": 711, "Recovered": 17335, "Active": 1393, "Date": "2020-07-17T00:00:00Z"}, {"Country": "Austria", "CountryCode": "", "Province": "", "City": "", "CityCode": "", "Lat": "0", "Lon": "0", "Confirmed": 19573, "Deaths": 711, "Recovered": 17501, "Active": 1361, "Date": "2020-07-18T00:00:00Z"}, {"Country": "Austria", "CountryCode": "", "Province": "", "City": "", "CityCode": "", "Lat": "0", "Lon": "0", "Confirmed": 19655, "Deaths": 711, "Recovered": 17599, "Active": 1345, "Date": "2020-07-19T00:00:00Z"}, {"Country": "Austria", "CountryCode": "", "Province": "", "City": "", "CityCode": "", "Lat": "0", "Lon": "0", "Confirmed": 19743, "Deaths": 711, "Recovered": 17659, "Active": 1373, "Date": "2020-07-20T00:00:00Z"}, {"Country": "Austria", "CountryCode": "", "Province": "", "City": "", "CityCode": "", "Lat": "0", "Lon": "0", "Confirmed": 19827, "Deaths": 710, "Recovered": 17716, "Active": 1401, "Date": "2020-07-21T00:00:00Z"}, {"Country": "Austria", "CountryCode": "", "Province": "", "City": "", "CityCode": "", "Lat": "0", "Lon": "0", "Confirmed": 19929, "Deaths": 711, "Recovered": 17849, "Active": 1369, "Date": "2020-07-22T00:00:00Z"}, {"Country": "Austria", "CountryCode": "", "Province": "", "City": "", "CityCode": "", "Lat": "0", "Lon": "0", "Confirmed": 20099, "Deaths": 711, "Recovered": 17943, "Active": 1445, "Date": "2020-07-23T00:00:00Z"}, {"Country": "Austria", "CountryCode": "", "Province": "", "City": "", "CityCode": "", "Lat": "0", "Lon": "0", "Confirmed": 20214, "Deaths": 711, "Recovered": 18042, "Active": 1461, "Date": "2020-07-24T00:00:00Z"}, {"Country": "Austria", "CountryCode": "", "Province": "", "City": "", "CityCode": "", "Lat": "0", "Lon": "0", "Confirmed": 20338, "Deaths": 712, "Recovered": 18124, "Active": 1502, "Date": "2020-07-25T00:00:00Z"}, {"Country": "Austria", "CountryCode": "", "Province": "", "City": "", "CityCode": "", "Lat": "0", "Lon": "0", "Confirmed": 20472, "Deaths": 712, "Recovered": 18209, "Active": 1551, "Date": "2020-07-26T00:00:00Z"}, {"Country": "Austria", "CountryCode": "", "Province": "", "City": "", "CityCode": "", "Lat": "0", "Lon": "0", "Confirmed": 20558, "Deaths": 713, "Recovered": 18246, "Active": 1599, "Date": "2020-07-27T00:00:00Z"}, {"Country": "Austria", "CountryCode": "", "Province": "", "City": "", "CityCode": "", "Lat": "0", "Lon": "0", "Confirmed": 20677, "Deaths": 713, "Recovered": 18379, "Active": 1585, "Date": "2020-07-28T00:00:00Z"}, {"Country": "Austria", "CountryCode": "", "Province": "", "City": "", "CityCode": "", "Lat": "0", "Lon": "0", "Confirmed": 20850, "Deaths": 716, "Recovered": 18528, "Active": 1606, "Date": "2020-07-29T00:00:00Z"}, {"Country": "Austria", "CountryCode": "", "Province": "", "City": "", "CityCode": "", "Lat": "0", "Lon": "0", "Confirmed": 20955, "Deaths": 718, "Recovered": 18628, "Active": 1609, "Date": "2020-07-30T00:00:00Z"}, {"Country": "Austria", "CountryCode": "", "Province": "", "City": "", "CityCode": "", "Lat": "0", "Lon": "0", "Confirmed": 21130, "Deaths": 718, "Recovered": 18758, "Active": 1654, "Date": "2020-07-31T00:00:00Z"}, {"Country": "Austria", "CountryCode": "", "Province": "", "City": "", "CityCode": "", "Lat": "0", "Lon": "0", "Confirmed": 21212, "Deaths": 718, "Recovered": 18911, "Active": 1583, "Date": "2020-08-01T00:00:00Z"}, {"Country": "Austria", "CountryCode": "", "Province": "", "City": "", "CityCode": "", "Lat": "0", "Lon": "0", "Confirmed": 21304, "Deaths": 718, "Recovered": 18984, "Active": 1602, "Date": "2020-08-02T00:00:00Z"}, {"Country": "Austria", "CountryCode": "", "Province": "", "City": "", "CityCode": "", "Lat": "0", "Lon": "0", "Confirmed": 21385, "Deaths": 718, "Recovered": 19063, "Active": 1604, "Date": "2020-08-03T00:00:00Z"}, {"Country": "Austria", "CountryCode": "", "Province": "", "City": "", "CityCode": "", "Lat": "0", "Lon": "0", "Confirmed": 21481, "Deaths": 719, "Recovered": 19336, "Active": 1426, "Date": "2020-08-04T00:00:00Z"}, {"Country": "Austria", "CountryCode": "", "Province": "", "City": "", "CityCode": "", "Lat": "0", "Lon": "0", "Confirmed": 21566, "Deaths": 719, "Recovered": 19464, "Active": 1383, "Date": "2020-08-05T00:00:00Z"}, {"Country": "Austria", "CountryCode": "", "Province": "", "City": "", "CityCode": "", "Lat": "0", "Lon": "0", "Confirmed": 21696, "Deaths": 719, "Recovered": 19596, "Active": 1381, "Date": "2020-08-06T00:00:00Z"}, {"Country": "Austria", "CountryCode": "", "Province": "", "City": "", "CityCode": "", "Lat": "0", "Lon": "0", "Confirmed": 21837, "Deaths": 720, "Recovered": 19690, "Active": 1427, "Date": "2020-08-07T00:00:00Z"}, {"Country": "Austria", "CountryCode": "", "Province": "", "City": "", "CityCode": "", "Lat": "0", "Lon": "0", "Confirmed": 21919, "Deaths": 721, "Recovered": 19812, "Active": 1386, "Date": "2020-08-08T00:00:00Z"}, {"Country": "Austria", "CountryCode": "", "Province": "", "City": "", "CityCode": "", "Lat": "0", "Lon": "0", "Confirmed": 22033, "Deaths": 721, "Recovered": 19923, "Active": 1389, "Date": "2020-08-09T00:00:00Z"}, {"Country": "Austria", "CountryCode": "", "Province": "", "City": "", "CityCode": "", "Lat": "0", "Lon": "0", "Confirmed": 22106, "Deaths": 723, "Recovered": 20010, "Active": 1373, "Date": "2020-08-10T00:00:00Z"}, {"Country": "Austria", "CountryCode": "", "Province": "", "City": "", "CityCode": "", "Lat": "0", "Lon": "0", "Confirmed": 22245, "Deaths": 723, "Recovered": 20123, "Active": 1399, "Date": "2020-08-11T00:00:00Z"}, {"Country": "Austria", "CountryCode": "", "Province": "", "City": "", "CityCode": "", "Lat": "0", "Lon": "0", "Confirmed": 22439, "Deaths": 724, "Recovered": 20268, "Active": 1447, "Date": "2020-08-12T00:00:00Z"}, {"Country": "Austria", "CountryCode": "", "Province": "", "City": "", "CityCode": "", "Lat": "0", "Lon": "0", "Confirmed": 22594, "Deaths": 725, "Recovered": 20346, "Active": 1523, "Date": "2020-08-13T00:00:00Z"}, {"Country": "Austria", "CountryCode": "", "Province": "", "City": "", "CityCode": "", "Lat": "0", "Lon": "0", "Confirmed": 22876, "Deaths": 725, "Recovered": 20499, "Active": 1652, "Date": "2020-08-14T00:00:00Z"}, {"Country": "Austria", "CountryCode": "", "Province": "", "City": "", "CityCode": "", "Lat": "0", "Lon": "0", "Confirmed": 23179, "Deaths": 728, "Recovered": 20627, "Active": 1824, "Date": "2020-08-15T00:00:00Z"}, {"Country": "Austria", "CountryCode": "", "Province": "", "City": "", "CityCode": "", "Lat": "0", "Lon": "0", "Confirmed": 23370, "Deaths": 728, "Recovered": 20681, "Active": 1961, "Date": "2020-08-16T00:00:00Z"}, {"Country": "Austria", "CountryCode": "", "Province": "", "City": "", "CityCode": "", "Lat": "0", "Lon": "0", "Confirmed": 23534, "Deaths": 729, "Recovered": 20765, "Active": 2040, "Date": "2020-08-17T00:00:00Z"}, {"Country": "Austria", "CountryCode": "", "Province": "", "City": "", "CityCode": "", "Lat": "0", "Lon": "0", "Confirmed": 23829, "Deaths": 729, "Recovered": 20870, "Active": 2230, "Date": "2020-08-18T00:00:00Z"}, {"Country": "Austria", "CountryCode": "", "Province": "", "City": "", "CityCode": "", "Lat": "0", "Lon": "0", "Confirmed": 24084, "Deaths": 729, "Recovered": 20958, "Active": 2397, "Date": "2020-08-19T00:00:00Z"}, {"Country": "Austria", "CountryCode": "", "Province": "", "City": "", "CityCode": "", "Lat": "0", "Lon": "0", "Confirmed": 24431, "Deaths": 729, "Recovered": 21093, "Active": 2609, "Date": "2020-08-20T00:00:00Z"}, {"Country": "Austria", "CountryCode": "", "Province": "", "City": "", "CityCode": "", "Lat": "0", "Lon": "0", "Confirmed": 24762, "Deaths": 730, "Recovered": 21260, "Active": 2772, "Date": "2020-08-21T00:00:00Z"}, {"Country": "Austria", "CountryCode": "", "Province": "", "City": "", "CityCode": "", "Lat": "0", "Lon": "0", "Confirmed": 25062, "Deaths": 732, "Recovered": 21406, "Active": 2924, "Date": "2020-08-22T00:00:00Z"}, {"Country": "Austria", "CountryCode": "", "Province": "", "City": "", "CityCode": "", "Lat": "0", "Lon": "0", "Confirmed": 25253, "Deaths": 732, "Recovered": 21558, "Active": 2963, "Date": "2020-08-23T00:00:00Z"}, {"Country": "Austria", "CountryCode": "", "Province": "", "City": "", "CityCode": "", "Lat": "0", "Lon": "0", "Confirmed": 25495, "Deaths": 733, "Recovered": 21657, "Active": 3105, "Date": "2020-08-24T00:00:00Z"}, {"Country": "Austria", "CountryCode": "", "Province": "", "City": "", "CityCode": "", "Lat": "0", "Lon": "0", "Confirmed": 25706, "Deaths": 733, "Recovered": 21888, "Active": 3085, "Date": "2020-08-25T00:00:00Z"}, {"Country": "Austria", "CountryCode": "", "Province": "", "City": "", "CityCode": "", "Lat": "0", "Lon": "0", "Confirmed": 26033, "Deaths": 733, "Recovered": 22145, "Active": 3155, "Date": "2020-08-26T00:00:00Z"}, {"Country": "Austria", "CountryCode": "", "Province": "", "City": "", "CityCode": "", "Lat": "0", "Lon": "0", "Confirmed": 26361, "Deaths": 733, "Recovered": 22317, "Active": 3311, "Date": "2020-08-27T00:00:00Z"}, {"Country": "Austria", "CountryCode": "", "Province": "", "City": "", "CityCode": "", "Lat": "0", "Lon": "0", "Confirmed": 26590, "Deaths": 733, "Recovered": 22594, "Active": 3263, "Date": "2020-08-28T00:00:00Z"}, {"Country": "Austria", "CountryCode": "", "Province": "", "City": "", "CityCode": "", "Lat": "0", "Lon": "0", "Confirmed": 26985, "Deaths": 733, "Recovered": 22866, "Active": 3386, "Date": "2020-08-29T00:00:00Z"}, {"Country": "Austria", "CountryCode": "", "Province": "", "City": "", "CityCode": "", "Lat": "0", "Lon": "0", "Confirmed": 27166, "Deaths": 733, "Recovered": 23070, "Active": 3363, "Date": "2020-08-30T00:00:00Z"}, {"Country": "Austria", "CountryCode": "", "Province": "", "City": "", "CityCode": "", "Lat": "0", "Lon": "0", "Confirmed": 27438, "Deaths": 733, "Recovered": 23226, "Active": 3479, "Date": "2020-08-31T00:00:00Z"}, {"Country": "Austria", "CountryCode": "", "Province": "", "City": "", "CityCode": "", "Lat": "0", "Lon": "0", "Confirmed": 27642, "Deaths": 734, "Recovered": 23565, "Active": 3343, "Date": "2020-09-01T00:00:00Z"}, {"Country": "Austria", "CountryCode": "", "Province": "", "City": "", "CityCode": "", "Lat": "0", "Lon": "0", "Confirmed": 27969, "Deaths": 734, "Recovered": 23820, "Active": 3415, "Date": "2020-09-02T00:00:00Z"}, {"Country": "Austria", "CountryCode": "", "Province": "", "City": "", "CityCode": "", "Lat": "0", "Lon": "0", "Confirmed": 28372, "Deaths": 735, "Recovered": 24171, "Active": 3466, "Date": "2020-09-03T00:00:00Z"}, {"Country": "Austria", "CountryCode": "", "Province": "", "City": "", "CityCode": "", "Lat": "0", "Lon": "0", "Confirmed": 28729, "Deaths": 735, "Recovered": 24513, "Active": 3481, "Date": "2020-09-04T00:00:00Z"}, {"Country": "Austria", "CountryCode": "", "Province": "", "City": "", "CityCode": "", "Lat": "0", "Lon": "0", "Confirmed": 29087, "Deaths": 735, "Recovered": 24828, "Active": 3524, "Date": "2020-09-05T00:00:00Z"}, {"Country": "Austria", "CountryCode": "", "Province": "", "City": "", "CityCode": "", "Lat": "0", "Lon": "0", "Confirmed": 29271, "Deaths": 736, "Recovered": 25043, "Active": 3492, "Date": "2020-09-06T00:00:00Z"}, {"Country": "Austria", "CountryCode": "", "Province": "", "City": "", "CityCode": "", "Lat": "0", "Lon": "0", "Confirmed": 29561, "Deaths": 746, "Recovered": 25300, "Active": 3515, "Date": "2020-09-07T00:00:00Z"}, {"Country": "Austria", "CountryCode": "", "Province": "", "City": "", "CityCode": "", "Lat": "0", "Lon": "0", "Confirmed": 30081, "Deaths": 747, "Recovered": 25629, "Active": 3705, "Date": "2020-09-08T00:00:00Z"}, {"Country": "Austria", "CountryCode": "", "Province": "", "City": "", "CityCode": "", "Lat": "0", "Lon": "0", "Confirmed": 30583, "Deaths": 747, "Recovered": 25764, "Active": 4072, "Date": "2020-09-09T00:00:00Z"}, {"Country": "Austria", "CountryCode": "", "Province": "", "City": "", "CityCode": "", "Lat": "0", "Lon": "0", "Confirmed": 31247, "Deaths": 748, "Recovered": 26043, "Active": 4456, "Date": "2020-09-10T00:00:00Z"}, {"Country": "Austria", "CountryCode": "", "Province": "", "City": "", "CityCode": "", "Lat": "0", "Lon": "0", "Confirmed": 31827, "Deaths": 750, "Recovered": 26257, "Active": 4820, "Date": "2020-09-11T00:00:00Z"}, {"Country": "Austria", "CountryCode": "", "Province": "", "City": "", "CityCode": "", "Lat": "0", "Lon": "0", "Confirmed": 32696, "Deaths": 754, "Recovered": 26579, "Active": 5363, "Date": "2020-09-12T00:00:00Z"}, {"Country": "Austria", "CountryCode": "", "Province": "", "City": "", "CityCode": "", "Lat": "0", "Lon": "0", "Confirmed": 33159, "Deaths": 756, "Recovered": 26760, "Active": 5643, "Date": "2020-09-13T00:00:00Z"}, {"Country": "Austria", "CountryCode": "", "Province": "", "City": "", "CityCode": "", "Lat": "0", "Lon": "0", "Confirmed": 33541, "Deaths": 757, "Recovered": 27010, "Active": 5774, "Date": "2020-09-14T00:00:00Z"}, {"Country": "Austria", "CountryCode": "", "Province": "", "City": "", "CityCode": "", "Lat": "0", "Lon": "0", "Confirmed": 34305, "Deaths": 757, "Recovered": 27354, "Active": 6194, "Date": "2020-09-15T00:00:00Z"}, {"Country": "Austria", "CountryCode": "", "Province": "", "City": "", "CityCode": "", "Lat": "0", "Lon": "0", "Confirmed": 35073, "Deaths": 758, "Recovered": 27655, "Active": 6660, "Date": "2020-09-16T00:00:00Z"}, {"Country": "Austria", "CountryCode": "", "Province": "", "City": "", "CityCode": "", "Lat": "0", "Lon": "0", "Confirmed": 35853, "Deaths": 758, "Recovered": 28044, "Active": 7051, "Date": "2020-09-17T00:00:00Z"}, {"Country": "Austria", "CountryCode": "", "Province": "", "City": "", "CityCode": "", "Lat": "0", "Lon": "0", "Confirmed": 36661, "Deaths": 763, "Recovered": 28451, "Active": 7447, "Date": "2020-09-18T00:00:00Z"}, {"Country": "Austria", "CountryCode": "", "Province": "", "City": "", "CityCode": "", "Lat": "0", "Lon": "0", "Confirmed": 37474, "Deaths": 765, "Recovered": 28961, "Active": 7748, "Date": "2020-09-19T00:00:00Z"}, {"Country": "Austria", "CountryCode": "", "Province": "", "City": "", "CityCode": "", "Lat": "0", "Lon": "0", "Confirmed": 38095, "Deaths": 766, "Recovered": 29229, "Active": 8100, "Date": "2020-09-20T00:00:00Z"}, {"Country": "Austria", "CountryCode": "", "Province": "", "City": "", "CityCode": "", "Lat": "0", "Lon": "0", "Confirmed": 38658, "Deaths": 767, "Recovered": 29516, "Active": 8375, "Date": "2020-09-21T00:00:00Z"}, {"Country": "Austria", "CountryCode": "", "Province": "", "City": "", "CityCode": "", "Lat": "0", "Lon": "0", "Confirmed": 39303, "Deaths": 771, "Recovered": 30312, "Active": 8220, "Date": "2020-09-22T00:00:00Z"}, {"Country": "Austria", "CountryCode": "", "Province": "", "City": "", "CityCode": "", "Lat": "0", "Lon": "0", "Confirmed": 39984, "Deaths": 777, "Recovered": 30949, "Active": 8258, "Date": "2020-09-23T00:00:00Z"}, {"Country": "Austria", "CountryCode": "", "Province": "", "City": "", "CityCode": "", "Lat": "0", "Lon": "0", "Confirmed": 40816, "Deaths": 783, "Recovered": 31661, "Active": 8372, "Date": "2020-09-24T00:00:00Z"}, {"Country": "Austria", "CountryCode": "", "Province": "", "City": "", "CityCode": "", "Lat": "0", "Lon": "0", "Confirmed": 41500, "Deaths": 786, "Recovered": 32301, "Active": 8413, "Date": "2020-09-25T00:00:00Z"}, {"Country": "Austria", "CountryCode": "", "Province": "", "City": "", "CityCode": "", "Lat": "0", "Lon": "0", "Confirmed": 42214, "Deaths": 787, "Recovered": 33154, "Active": 8273, "Date": "2020-09-26T00:00:00Z"}, {"Country": "Austria", "CountryCode": "", "Province": "", "City": "", "CityCode": "", "Lat": "0", "Lon": "0", "Confirmed": 42876, "Deaths": 787, "Recovered": 33589, "Active": 8500, "Date": "2020-09-27T00:00:00Z"}, {"Country": "Austria", "CountryCode": "", "Province": "", "City": "", "CityCode": "", "Lat": "0", "Lon": "0", "Confirmed": 43432, "Deaths": 790, "Recovered": 34052, "Active": 8590, "Date": "2020-09-28T00:00:00Z"}, {"Country": "Austria", "CountryCode": "", "Province": "", "City": "", "CityCode": "", "Lat": "0", "Lon": "0", "Confirmed": 44041, "Deaths": 796, "Recovered": 34916, "Active": 8329, "Date": "2020-09-29T00:00:00Z"}, {"Country": "Austria", "CountryCode": "", "Province": "", "City": "", "CityCode": "", "Lat": "0", "Lon": "0", "Confirmed": 44813, "Deaths": 799, "Recovered": 35644, "Active": 8370, "Date": "2020-09-30T00:00:00Z"}, {"Country": "Austria", "CountryCode": "", "Province": "", "City": "", "CityCode": "", "Lat": "0", "Lon": "0", "Confirmed": 45686, "Deaths": 802, "Recovered": 36476, "Active": 8408, "Date": "2020-10-01T00:00:00Z"}, {"Country": "Austria", "CountryCode": "", "Province": "", "City": "", "CityCode": "", "Lat": "0", "Lon": "0", "Confirmed": 46374, "Deaths": 803, "Recovered": 37186, "Active": 8385, "Date": "2020-10-02T00:00:00Z"}, {"Country": "Austria", "CountryCode": "", "Province": "", "City": "", "CityCode": "", "Lat": "0", "Lon": "0", "Confirmed": 47432, "Deaths": 809, "Recovered": 38045, "Active": 8578, "Date": "2020-10-03T00:00:00Z"}, {"Country": "Austria", "CountryCode": "", "Province": "", "City": "", "CityCode": "", "Lat": "0", "Lon": "0", "Confirmed": 48146, "Deaths": 813, "Recovered": 38629, "Active": 8704, "Date": "2020-10-04T00:00:00Z"}, {"Country": "Austria", "CountryCode": "", "Province": "", "City": "", "CityCode": "", "Lat": "0", "Lon": "0", "Confirmed": 48896, "Deaths": 818, "Recovered": 39058, "Active": 9020, "Date": "2020-10-05T00:00:00Z"}, {"Country": "Austria", "CountryCode": "", "Province": "", "City": "", "CityCode": "", "Lat": "0", "Lon": "0", "Confirmed": 49819, "Deaths": 822, "Recovered": 39790, "Active": 9207, "Date": "2020-10-06T00:00:00Z"}, {"Country": "Austria", "CountryCode": "", "Province": "", "City": "", "CityCode": "", "Lat": "0", "Lon": "0", "Confirmed": 50848, "Deaths": 830, "Recovered": 40499, "Active": 9519, "Date": "2020-10-07T00:00:00Z"}, {"Country": "Austria", "CountryCode": "", "Province": "", "City": "", "CityCode": "", "Lat": "0", "Lon": "0", "Confirmed": 52057, "Deaths": 838, "Recovered": 41289, "Active": 9930, "Date": "2020-10-08T00:00:00Z"}, {"Country": "Austria", "CountryCode": "", "Province": "", "City": "", "CityCode": "", "Lat": "0", "Lon": "0", "Confirmed": 53188, "Deaths": 842, "Recovered": 42039, "Active": 10307, "Date": "2020-10-09T00:00:00Z"}, {"Country": "Austria", "CountryCode": "", "Province": "", "City": "", "CityCode": "", "Lat": "0", "Lon": "0", "Confirmed": 54423, "Deaths": 852, "Recovered": 42829, "Active": 10742, "Date": "2020-10-10T00:00:00Z"}, {"Country": "Austria", "CountryCode": "", "Province": "", "City": "", "CityCode": "", "Lat": "0", "Lon": "0", "Confirmed": 55319, "Deaths": 851, "Recovered": 43448, "Active": 11020, "Date": "2020-10-11T00:00:00Z"}, {"Country": "Austria", "CountryCode": "", "Province": "", "City": "", "CityCode": "", "Lat": "0", "Lon": "0", "Confirmed": 56298, "Deaths": 855, "Recovered": 44065, "Active": 11378, "Date": "2020-10-12T00:00:00Z"}, {"Country": "Austria", "CountryCode": "", "Province": "", "City": "", "CityCode": "", "Lat": "0", "Lon": "0", "Confirmed": 57326, "Deaths": 861, "Recovered": 44949, "Active": 11516, "Date": "2020-10-13T00:00:00Z"}, {"Country": "Austria", "CountryCode": "", "Province": "", "City": "", "CityCode": "", "Lat": "0", "Lon": "0", "Confirmed": 58672, "Deaths": 872, "Recovered": 45846, "Active": 11954, "Date": "2020-10-14T00:00:00Z"}, {"Country": "Austria", "CountryCode": "", "Province": "", "City": "", "CityCode": "", "Lat": "0", "Lon": "0", "Confirmed": 60224, "Deaths": 877, "Recovered": 46798, "Active": 12549, "Date": "2020-10-15T00:00:00Z"}, {"Country": "Austria", "CountryCode": "", "Province": "", "City": "", "CityCode": "", "Lat": "0", "Lon": "0", "Confirmed": 61387, "Deaths": 882, "Recovered": 47618, "Active": 12887, "Date": "2020-10-16T00:00:00Z"}, {"Country": "Austria", "CountryCode": "", "Province": "", "City": "", "CityCode": "", "Lat": "0", "Lon": "0", "Confirmed": 63134, "Deaths": 889, "Recovered": 48771, "Active": 13474, "Date": "2020-10-17T00:00:00Z"}, {"Country": "Austria", "CountryCode": "", "Province": "", "City": "", "CityCode": "", "Lat": "0", "Lon": "0", "Confirmed": 64806, "Deaths": 893, "Recovered": 49561, "Active": 14352, "Date": "2020-10-18T00:00:00Z"}, {"Country": "Austria", "CountryCode": "", "Province": "", "City": "", "CityCode": "", "Lat": "0", "Lon": "0", "Confirmed": 65927, "Deaths": 904, "Recovered": 50359, "Active": 14664, "Date": "2020-10-19T00:00:00Z"}, {"Country": "Austria", "CountryCode": "", "Province": "", "City": "", "CityCode": "", "Lat": "0", "Lon": "0", "Confirmed": 67451, "Deaths": 914, "Recovered": 51407, "Active": 15130, "Date": "2020-10-20T00:00:00Z"}, {"Country": "Austria", "CountryCode": "", "Province": "", "City": "", "CityCode": "", "Lat": "0", "Lon": "0", "Confirmed": 69409, "Deaths": 925, "Recovered": 52617, "Active": 15867, "Date": "2020-10-21T00:00:00Z"}, {"Country": "Austria", "CountryCode": "", "Province": "", "City": "", "CityCode": "", "Lat": "0", "Lon": "0", "Confirmed": 71844, "Deaths": 941, "Recovered": 53970, "Active": 16933, "Date": "2020-10-22T00:00:00Z"}, {"Country": "Austria", "CountryCode": "", "Province": "", "City": "", "CityCode": "", "Lat": "0", "Lon": "0", "Confirmed": 74415, "Deaths": 954, "Recovered": 55195, "Active": 18266, "Date": "2020-10-23T00:00:00Z"}, {"Country": "Austria", "CountryCode": "", "Province": "", "City": "", "CityCode": "", "Lat": "0", "Lon": "0", "Confirmed": 78029, "Deaths": 965, "Recovered": 56791, "Active": 20273, "Date": "2020-10-24T00:00:00Z"}, {"Country": "Austria", "CountryCode": "", "Province": "", "City": "", "CityCode": "", "Lat": "0", "Lon": "0", "Confirmed": 80811, "Deaths": 979, "Recovered": 57858, "Active": 21974, "Date": "2020-10-25T00:00:00Z"}, {"Country": "Austria", "CountryCode": "", "Province": "", "City": "", "CityCode": "", "Lat": "0", "Lon": "0", "Confirmed": 83267, "Deaths": 992, "Recovered": 59036, "Active": 23239, "Date": "2020-10-26T00:00:00Z"}, {"Country": "Austria", "CountryCode": "", "Province": "", "City": "", "CityCode": "", "Lat": "0", "Lon": "0", "Confirmed": 86102, "Deaths": 1005, "Recovered": 60308, "Active": 24789, "Date": "2020-10-27T00:00:00Z"}, {"Country": "Austria", "CountryCode": "", "Province": "", "City": "", "CityCode": "", "Lat": "0", "Lon": "0", "Confirmed": 89496, "Deaths": 1027, "Recovered": 61684, "Active": 26785, "Date": "2020-10-28T00:00:00Z"}, {"Country": "Austria", "CountryCode": "", "Province": "", "City": "", "CityCode": "", "Lat": "0", "Lon": "0", "Confirmed": 93949, "Deaths": 1056, "Recovered": 63366, "Active": 29527, "Date": "2020-10-29T00:00:00Z"}, {"Country": "Austria", "CountryCode": "", "Province": "", "City": "", "CityCode": "", "Lat": "0", "Lon": "0", "Confirmed": 99576, "Deaths": 1082, "Recovered": 64987, "Active": 33507, "Date": "2020-10-30T00:00:00Z"}, {"Country": "Austria", "CountryCode": "", "Province": "", "City": "", "CityCode": "", "Lat": "0", "Lon": "0", "Confirmed": 104925, "Deaths": 1109, "Recovered": 67226, "Active": 36590, "Date": "2020-10-31T00:00:00Z"}, {"Country": "Austria", "CountryCode": "", "Province": "", "City": "", "CityCode": "", "Lat": "0", "Lon": "0", "Confirmed": 109881, "Deaths": 1130, "Recovered": 69336, "Active": 39415, "Date": "2020-11-01T00:00:00Z"}, {"Country": "Austria", "CountryCode": "", "Province": "", "City": "", "CityCode": "", "Lat": "0", "Lon": "0", "Confirmed": 114016, "Deaths": 1159, "Recovered": 71691, "Active": 41166, "Date": "2020-11-02T00:00:00Z"}, {"Country": "Austria", "CountryCode": "", "Province": "", "City": "", "CityCode": "", "Lat": "0", "Lon": "0", "Confirmed": 118198, "Deaths": 1192, "Recovered": 74292, "Active": 42714, "Date": "2020-11-03T00:00:00Z"}, {"Country": "Austria", "CountryCode": "", "Province": "", "City": "", "CityCode": "", "Lat": "0", "Lon": "0", "Confirmed": 125099, "Deaths": 1227, "Recovered": 77036, "Active": 46836, "Date": "2020-11-04T00:00:00Z"}, {"Country": "Austria", "CountryCode": "", "Province": "", "City": "", "CityCode": "", "Lat": "0", "Lon": "0", "Confirmed": 132515, "Deaths": 1268, "Recovered": 80604, "Active": 50643, "Date": "2020-11-05T00:00:00Z"}, {"Country": "Austria", "CountryCode": "", "Province": "", "City": "", "CityCode": "", "Lat": "0", "Lon": "0", "Confirmed": 138979, "Deaths": 1340, "Recovered": 83707, "Active": 53932, "Date": "2020-11-06T00:00:00Z"}, {"Country": "Austria", "CountryCode": "", "Province": "", "City": "", "CityCode": "", "Lat": "0", "Lon": "0", "Confirmed": 147220, "Deaths": 1377, "Recovered": 88273, "Active": 57570, "Date": "2020-11-07T00:00:00Z"}, {"Country": "Austria", "CountryCode": "", "Province": "", "City": "", "CityCode": "", "Lat": "0", "Lon": "0", "Confirmed": 153153, "Deaths": 1411, "Recovered": 91719, "Active": 60023, "Date": "2020-11-08T00:00:00Z"}, {"Country": "Austria", "CountryCode": "", "Province": "", "City": "", "CityCode": "", "Lat": "0", "Lon": "0", "Confirmed": 158746, "Deaths": 1454, "Recovered": 94627, "Active": 62665, "Date": "2020-11-09T00:00:00Z"}, {"Country": "Austria", "CountryCode": "", "Province": "", "City": "", "CityCode": "", "Lat": "0", "Lon": "0", "Confirmed": 164866, "Deaths": 1499, "Recovered": 98663, "Active": 64704, "Date": "2020-11-10T00:00:00Z"}, {"Country": "Austria", "CountryCode": "", "Province": "", "City": "", "CityCode": "", "Lat": "0", "Lon": "0", "Confirmed": 172380, "Deaths": 1564, "Recovered": 103759, "Active": 67057, "Date": "2020-11-11T00:00:00Z"}, {"Country": "Austria", "CountryCode": "", "Province": "", "City": "", "CityCode": "", "Lat": "0", "Lon": "0", "Confirmed": 181642, "Deaths": 1608, "Recovered": 107875, "Active": 72159, "Date": "2020-11-12T00:00:00Z"}, {"Country": "Austria", "CountryCode": "", "Province": "", "City": "", "CityCode": "", "Lat": "0", "Lon": "0", "Confirmed": 191228, "Deaths": 1661, "Recovered": 112728, "Active": 76839, "Date": "2020-11-13T00:00:00Z"}, {"Country": "Austria", "CountryCode": "", "Province": "", "City": "", "CityCode": "", "Lat": "0", "Lon": "0", "Confirmed": 198291, "Deaths": 1746, "Recovered": 119415, "Active": 77130, "Date": "2020-11-14T00:00:00Z"}, {"Country": "Austria", "CountryCode": "", "Province": "", "City": "", "CityCode": "", "Lat": "0", "Lon": "0", "Confirmed": 203956, "Deaths": 1829, "Recovered": 125674, "Active": 76453, "Date": "2020-11-15T00:00:00Z"}, {"Country": "Austria", "CountryCode": "", "Province": "", "City": "", "CityCode": "", "Lat": "0", "Lon": "0", "Confirmed": 208613, "Deaths": 1887, "Recovered": 129671, "Active": 77055, "Date": "2020-11-16T00:00:00Z"}, {"Country": "Austria", "CountryCode": "", "Province": "", "City": "", "CityCode": "", "Lat": "0", "Lon": "0", "Confirmed": 214597, "Deaths": 1945, "Recovered": 136487, "Active": 76165, "Date": "2020-11-17T00:00:00Z"}, {"Country": "Austria", "CountryCode": "", "Province": "", "City": "", "CityCode": "", "Lat": "0", "Lon": "0", "Confirmed": 221688, "Deaths": 2054, "Recovered": 142738, "Active": 76896, "Date": "2020-11-18T00:00:00Z"}, {"Country": "Austria", "CountryCode": "", "Province": "", "City": "", "CityCode": "", "Lat": "0", "Lon": "0", "Confirmed": 228683, "Deaths": 2116, "Recovered": 149541, "Active": 77026, "Date": "2020-11-19T00:00:00Z"}, {"Country": "Austria", "CountryCode": "", "Province": "", "City": "", "CityCode": "", "Lat": "0", "Lon": "0", "Confirmed": 235351, "Deaths": 2224, "Recovered": 156483, "Active": 76644, "Date": "2020-11-20T00:00:00Z"}, {"Country": "Austria", "CountryCode": "", "Province": "", "City": "", "CityCode": "", "Lat": "0", "Lon": "0", "Confirmed": 241962, "Deaths": 2328, "Recovered": 162751, "Active": 76883, "Date": "2020-11-21T00:00:00Z"}, {"Country": "Austria", "CountryCode": "", "Province": "", "City": "", "CityCode": "", "Lat": "0", "Lon": "0", "Confirmed": 247188, "Deaths": 2388, "Recovered": 169260, "Active": 75540, "Date": "2020-11-22T00:00:00Z"}, {"Country": "Austria", "CountryCode": "", "Province": "", "City": "", "CityCode": "", "Lat": "0", "Lon": "0", "Confirmed": 250333, "Deaths": 2459, "Recovered": 175527, "Active": 72347, "Date": "2020-11-23T00:00:00Z"}, {"Country": "Austria", "CountryCode": "", "Province": "", "City": "", "CityCode": "", "Lat": "0", "Lon": "0", "Confirmed": 254710, "Deaths": 2577, "Recovered": 182620, "Active": 69513, "Date": "2020-11-24T00:00:00Z"}, {"Country": "Austria", "CountryCode": "", "Province": "", "City": "", "CityCode": "", "Lat": "0", "Lon": "0", "Confirmed": 260512, "Deaths": 2667, "Recovered": 189059, "Active": 68786, "Date": "2020-11-25T00:00:00Z"}, {"Country": "Austria", "CountryCode": "", "Province": "", "City": "", "CityCode": "", "Lat": "0", "Lon": "0", "Confirmed": 266038, "Deaths": 2773, "Recovered": 196342, "Active": 66923, "Date": "2020-11-26T00:00:00Z"}, {"Country": "Austria", "CountryCode": "", "Province": "", "City": "", "CityCode": "", "Lat": "0", "Lon": "0", "Confirmed": 270992, "Deaths": 2886, "Recovered": 203251, "Active": 64855, "Date": "2020-11-27T00:00:00Z"}, {"Country": "Austria", "CountryCode": "", "Province": "", "City": "", "CityCode": "", "Lat": "0", "Lon": "0", "Confirmed": 275661, "Deaths": 3018, "Recovered": 210697, "Active": 61946, "Date": "2020-11-28T00:00:00Z"}, {"Country": "Austria", "CountryCode": "", "Province": "", "City": "", "CityCode": "", "Lat": "0", "Lon": "0", "Confirmed": 279708, "Deaths": 3105, "Recovered": 216998, "Active": 59605, "Date": "2020-11-29T00:00:00Z"}, {"Country": "Austria", "CountryCode": "", "Province": "", "City": "", "CityCode": "", "Lat": "0", "Lon": "0", "Confirmed": 282456, "Deaths": 3184, "Recovered": 221692, "Active": 57580, "Date": "2020-11-30T00:00:00Z"}, {"Country": "Austria", "CountryCode": "", "Province": "", "City": "", "CityCode": "", "Lat": "0", "Lon": "0", "Confirmed": 285489, "Deaths": 3325, "Recovered": 227497, "Active": 54667, "Date": "2020-12-01T00:00:00Z"}, {"Country": "Austria", "CountryCode": "", "Province": "", "City": "", "CityCode": "", "Lat": "0", "Lon": "0", "Confirmed": 289461, "Deaths": 3446, "Recovered": 233657, "Active": 52358, "Date": "2020-12-02T00:00:00Z"}, {"Country": "Austria", "CountryCode": "", "Province": "", "City": "", "CityCode": "", "Lat": "0", "Lon": "0", "Confirmed": 293430, "Deaths": 3538, "Recovered": 238127, "Active": 51765, "Date": "2020-12-03T00:00:00Z"}, {"Country": "Austria", "CountryCode": "", "Province": "", "City": "", "CityCode": "", "Lat": "0", "Lon": "0", "Confirmed": 297245, "Deaths": 3651, "Recovered": 243775, "Active": 49819, "Date": "2020-12-04T00:00:00Z"}, {"Country": "Austria", "CountryCode": "", "Province": "", "City": "", "CityCode": "", "Lat": "0", "Lon": "0", "Confirmed": 300689, "Deaths": 3757, "Recovered": 249441, "Active": 47491, "Date": "2020-12-05T00:00:00Z"}, {"Country": "Austria", "CountryCode": "", "Province": "", "City": "", "CityCode": "", "Lat": "0", "Lon": "0", "Confirmed": 303430, "Deaths": 3840, "Recovered": 252765, "Active": 46825, "Date": "2020-12-06T00:00:00Z"}, {"Country": "Austria", "CountryCode": "", "Province": "", "City": "", "CityCode": "", "Lat": "0", "Lon": "0", "Confirmed": 305693, "Deaths": 3897, "Recovered": 256811, "Active": 44985, "Date": "2020-12-07T00:00:00Z"}, {"Country": "Austria", "CountryCode": "", "Province": "", "City": "", "CityCode": "", "Lat": "0", "Lon": "0", "Confirmed": 308070, "Deaths": 4002, "Recovered": 262314, "Active": 41754, "Date": "2020-12-08T00:00:00Z"}, {"Country": "Austria", "CountryCode": "", "Province": "", "City": "", "CityCode": "", "Lat": "0", "Lon": "0", "Confirmed": 311002, "Deaths": 4056, "Recovered": 265815, "Active": 41131, "Date": "2020-12-09T00:00:00Z"}, {"Country": "Austria", "CountryCode": "", "Province": "", "City": "", "CityCode": "", "Lat": "0", "Lon": "0", "Confirmed": 313688, "Deaths": 4163, "Recovered": 269665, "Active": 39860, "Date": "2020-12-10T00:00:00Z"}, {"Country": "Austria", "CountryCode": "", "Province": "", "City": "", "CityCode": "", "Lat": "0", "Lon": "0", "Confirmed": 316581, "Deaths": 4289, "Recovered": 273503, "Active": 38789, "Date": "2020-12-11T00:00:00Z"}, {"Country": "Austria", "CountryCode": "", "Province": "", "City": "", "CityCode": "", "Lat": "0", "Lon": "0", "Confirmed": 319822, "Deaths": 4415, "Recovered": 277883, "Active": 37524, "Date": "2020-12-12T00:00:00Z"}, {"Country": "Austria", "CountryCode": "", "Province": "", "City": "", "CityCode": "", "Lat": "0", "Lon": "0", "Confirmed": 322463, "Deaths": 4473, "Recovered": 281106, "Active": 36884, "Date": "2020-12-13T00:00:00Z"}, {"Country": "Austria", "CountryCode": "", "Province": "", "City": "", "CityCode": "", "Lat": "0", "Lon": "0", "Confirmed": 325051, "Deaths": 4530, "Recovered": 284174, "Active": 36347, "Date": "2020-12-14T00:00:00Z"}, {"Country": "Austria", "CountryCode": "", "Province": "", "City": "", "CityCode": "", "Lat": "0", "Lon": "0", "Confirmed": 327679, "Deaths": 4648, "Recovered": 287750, "Active": 35281, "Date": "2020-12-15T00:00:00Z"}, {"Country": "Austria", "CountryCode": "", "Province": "", "City": "", "CityCode": "", "Lat": "0", "Lon": "0", "Confirmed": 330343, "Deaths": 4764, "Recovered": 291042, "Active": 34537, "Date": "2020-12-16T00:00:00Z"}, {"Country": "Austria", "CountryCode": "", "Province": "", "City": "", "CityCode": "", "Lat": "0", "Lon": "0", "Confirmed": 332828, "Deaths": 4982, "Recovered": 294315, "Active": 33531, "Date": "2020-12-17T00:00:00Z"}, {"Country": "Austria", "CountryCode": "", "Province": "", "City": "", "CityCode": "", "Lat": "0", "Lon": "0", "Confirmed": 334913, "Deaths": 5127, "Recovered": 297424, "Active": 32362, "Date": "2020-12-18T00:00:00Z"}, {"Country": "Austria", "CountryCode": "", "Province": "", "City": "", "CityCode": "", "Lat": "0", "Lon": "0", "Confirmed": 337209, "Deaths": 5209, "Recovered": 300611, "Active": 31389, "Date": "2020-12-19T00:00:00Z"}, {"Country": "Austria", "CountryCode": "", "Province": "", "City": "", "CityCode": "", "Lat": "0", "Lon": "0", "Confirmed": 338854, "Deaths": 5351, "Recovered": 303213, "Active": 30290, "Date": "2020-12-20T00:00:00Z"}, {"Country": "Austria", "CountryCode": "", "Province": "", "City": "", "CityCode": "", "Lat": "0", "Lon": "0", "Confirmed": 340373, "Deaths": 5435, "Recovered": 305658, "Active": 29280, "Date": "2020-12-21T00:00:00Z"}, {"Country": "Austria", "CountryCode": "", "Province": "", "City": "", "CityCode": "", "Lat": "0", "Lon": "0", "Confirmed": 342226, "Deaths": 5540, "Recovered": 309595, "Active": 27091, "Date": "2020-12-22T00:00:00Z"}, {"Country": "Austria", "CountryCode": "", "Province": "", "City": "", "CityCode": "", "Lat": "0", "Lon": "0", "Confirmed": 344357, "Deaths": 5654, "Recovered": 312921, "Active": 25782, "Date": "2020-12-23T00:00:00Z"}, {"Country": "Austria", "CountryCode": "", "Province": "", "City": "", "CityCode": "", "Lat": "0", "Lon": "0", "Confirmed": 347204, "Deaths": 5745, "Recovered": 315952, "Active": 25507, "Date": "2020-12-24T00:00:00Z"}, {"Country": "Austria", "CountryCode": "", "Province": "", "City": "", "CityCode": "", "Lat": "0", "Lon": "0", "Confirmed": 349055, "Deaths": 5783, "Recovered": 318154, "Active": 25118, "Date": "2020-12-25T00:00:00Z"}, {"Country": "Austria", "CountryCode": "", "Province": "", "City": "", "CityCode": "", "Lat": "0", "Lon": "0", "Confirmed": 350484, "Deaths": 5843, "Recovered": 320753, "Active": 23888, "Date": "2020-12-26T00:00:00Z"}, {"Country": "Austria", "CountryCode": "", "Province": "", "City": "", "CityCode": "", "Lat": "0", "Lon": "0", "Confirmed": 351892, "Deaths": 5881, "Recovered": 323002, "Active": 23009, "Date": "2020-12-27T00:00:00Z"}, {"Country": "Austria", "CountryCode": "", "Province": "", "City": "", "CityCode": "", "Lat": "0", "Lon": "0", "Confirmed": 353484, "Deaths": 5931, "Recovered": 326768, "Active": 20785, "Date": "2020-12-28T00:00:00Z"}, {"Country": "Austria", "CountryCode": "", "Province": "", "City": "", "CityCode": "", "Lat": "0", "Lon": "0", "Confirmed": 355352, "Deaths": 6059, "Recovered": 328974, "Active": 20319, "Date": "2020-12-29T00:00:00Z"}, {"Country": "Austria", "CountryCode": "", "Province": "", "City": "", "CityCode": "", "Lat": "0", "Lon": "0", "Confirmed": 357902, "Deaths": 6149, "Recovered": 330990, "Active": 20763, "Date": "2020-12-30T00:00:00Z"}, {"Country": "Austria", "CountryCode": "", "Province": "", "City": "", "CityCode": "", "Lat": "0", "Lon": "0", "Confirmed": 360815, "Deaths": 6222, "Recovered": 332952, "Active": 21641, "Date": "2020-12-31T00:00:00Z"}, {"Country": "Austria", "CountryCode": "", "Province": "", "City": "", "CityCode": "", "Lat": "0", "Lon": "0", "Confirmed": 362911, "Deaths": 6261, "Recovered": 334901, "Active": 21749, "Date": "2021-01-01T00:00:00Z"}, {"Country": "Austria", "CountryCode": "", "Province": "", "City": "", "CityCode": "", "Lat": "0", "Lon": "0", "Confirmed": 364302, "Deaths": 6275, "Recovered": 336922, "Active": 21105, "Date": "2021-01-02T00:00:00Z"}, {"Country": "Austria", "CountryCode": "", "Province": "", "City": "", "CityCode": "", "Lat": "0", "Lon": "0", "Confirmed": 365768, "Deaths": 6324, "Recovered": 338831, "Active": 20613, "Date": "2021-01-03T00:00:00Z"}, {"Country": "Austria", "CountryCode": "", "Province": "", "City": "", "CityCode": "", "Lat": "0", "Lon": "0", "Confirmed": 367410, "Deaths": 6357, "Recovered": 340273, "Active": 20780, "Date": "2021-01-04T00:00:00Z"}, {"Country": "Austria", "CountryCode": "", "Province": "", "City": "", "CityCode": "", "Lat": "0", "Lon": "0", "Confirmed": 369721, "Deaths": 6457, "Recovered": 343039, "Active": 20225, "Date": "2021-01-05T00:00:00Z"}, {"Country": "Austria", "CountryCode": "", "Province": "", "City": "", "CityCode": "", "Lat": "0", "Lon": "0", "Confirmed": 372190, "Deaths": 6525, "Recovered": 344974, "Active": 20691, "Date": "2021-01-06T00:00:00Z"}, {"Country": "Austria", "CountryCode": "", "Province": "", "City": "", "CityCode": "", "Lat": "0", "Lon": "0", "Confirmed": 374730, "Deaths": 6568, "Recovered": 346901, "Active": 21261, "Date": "2021-01-07T00:00:00Z"}, {"Country": "Austria", "CountryCode": "", "Province": "", "City": "", "CityCode": "", "Lat": "0", "Lon": "0", "Confirmed": 376793, "Deaths": 6641, "Recovered": 349215, "Active": 20937, "Date": "2021-01-08T00:00:00Z"}, {"Country": "Austria", "CountryCode": "", "Province": "", "City": "", "CityCode": "", "Lat": "0", "Lon": "0", "Confirmed": 379071, "Deaths": 6687, "Recovered": 351382, "Active": 21002, "Date": "2021-01-09T00:00:00Z"}, {"Country": "Austria", "CountryCode": "", "Province": "", "City": "", "CityCode": "", "Lat": "0", "Lon": "0", "Confirmed": 380722, "Deaths": 6723, "Recovered": 353749, "Active": 20250, "Date": "2021-01-10T00:00:00Z"}, {"Country": "Austria", "CountryCode": "", "Province": "", "City": "", "CityCode": "", "Lat": "0", "Lon": "0", "Confirmed": 382258, "Deaths": 6747, "Recovered": 355530, "Active": 19981, "Date": "2021-01-11T00:00:00Z"}, {"Country": "Austria", "CountryCode": "", "Province": "", "City": "", "CityCode": "", "Lat": "0", "Lon": "0", "Confirmed": 383833, "Deaths": 6819, "Recovered": 357562, "Active": 19452, "Date": "2021-01-12T00:00:00Z"}, {"Country": "Austria", "CountryCode": "", "Province": "", "City": "", "CityCode": "", "Lat": "0", "Lon": "0", "Confirmed": 385750, "Deaths": 6868, "Recovered": 359692, "Active": 19190, "Date": "2021-01-13T00:00:00Z"}, {"Country": "Austria", "CountryCode": "", "Province": "", "City": "", "CityCode": "", "Lat": "0", "Lon": "0", "Confirmed": 389260, "Deaths": 6921, "Recovered": 362931, "Active": 19408, "Date": "2021-01-14T00:00:00Z"}, {"Country": "Austria", "CountryCode": "", "Province": "", "City": "", "CityCode": "", "Lat": "0", "Lon": "0", "Confirmed": 390788, "Deaths": 6987, "Recovered": 365214, "Active": 18587, "Date": "2021-01-15T00:00:00Z"}, {"Country": "Austria", "CountryCode": "", "Province": "", "City": "", "CityCode": "", "Lat": "0", "Lon": "0", "Confirmed": 392511, "Deaths": 7053, "Recovered": 367785, "Active": 17673, "Date": "2021-01-16T00:00:00Z"}, {"Country": "Austria", "CountryCode": "", "Province": "", "City": "", "CityCode": "", "Lat": "0", "Lon": "0", "Confirmed": 393778, "Deaths": 7082, "Recovered": 369218, "Active": 17478, "Date": "2021-01-17T00:00:00Z"}, {"Country": "Austria", "CountryCode": "", "Province": "", "City": "", "CityCode": "", "Lat": "0", "Lon": "0", "Confirmed": 394939, "Deaths": 7122, "Recovered": 370865, "Active": 16952, "Date": "2021-01-18T00:00:00Z"}, {"Country": "Austria", "CountryCode": "", "Province": "", "City": "", "CityCode": "", "Lat": "0", "Lon": "0", "Confirmed": 396425, "Deaths": 7199, "Recovered": 373090, "Active": 16136, "Date": "2021-01-19T00:00:00Z"}, {"Country": "Austria", "CountryCode": "", "Province": "", "City": "", "CityCode": "", "Lat": "0", "Lon": "0", "Confirmed": 398096, "Deaths": 7237, "Recovered": 374824, "Active": 16035, "Date": "2021-01-20T00:00:00Z"}, {"Country": "Austria", "CountryCode": "", "Province": "", "City": "", "CityCode": "", "Lat": "0", "Lon": "0", "Confirmed": 399798, "Deaths": 7288, "Recovered": 376360, "Active": 16150, "Date": "2021-01-21T00:00:00Z"}, {"Country": "Austria", "CountryCode": "", "Province": "", "City": "", "CityCode": "", "Lat": "0", "Lon": "0", "Confirmed": 401886, "Deaths": 7330, "Recovered": 378408, "Active": 16148, "Date": "2021-01-22T00:00:00Z"}, {"Country": "Austria", "CountryCode": "", "Province": "", "City": "", "CityCode": "", "Lat": "0", "Lon": "0", "Confirmed": 403512, "Deaths": 7389, "Recovered": 380248, "Active": 15875, "Date": "2021-01-23T00:00:00Z"}, {"Country": "Austria", "CountryCode": "", "Province": "", "City": "", "CityCode": "", "Lat": "0", "Lon": "0", "Confirmed": 404714, "Deaths": 7418, "Recovered": 381654, "Active": 15642, "Date": "2021-01-24T00:00:00Z"}, {"Country": "Austria", "CountryCode": "", "Province": "", "City": "", "CityCode": "", "Lat": "0", "Lon": "0", "Confirmed": 405723, "Deaths": 7451, "Recovered": 383200, "Active": 15072, "Date": "2021-01-25T00:00:00Z"}, {"Country": "Austria", "CountryCode": "", "Province": "", "City": "", "CityCode": "", "Lat": "0", "Lon": "0", "Confirmed": 407140, "Deaths": 7515, "Recovered": 384926, "Active": 14699, "Date": "2021-01-26T00:00:00Z"}, {"Country": "Austria", "CountryCode": "", "Province": "", "City": "", "CityCode": "", "Lat": "0", "Lon": "0", "Confirmed": 408781, "Deaths": 7564, "Recovered": 386351, "Active": 14866, "Date": "2021-01-27T00:00:00Z"}, {"Country": "Austria", "CountryCode": "", "Province": "", "City": "", "CityCode": "", "Lat": "0", "Lon": "0", "Confirmed": 410230, "Deaths": 7607, "Recovered": 387787, "Active": 14836, "Date": "2021-01-28T00:00:00Z"}, {"Country": "Austria", "CountryCode": "", "Province": "", "City": "", "CityCode": "", "Lat": "0", "Lon": "0", "Confirmed": 411730, "Deaths": 7658, "Recovered": 389476, "Active": 14596, "Date": "2021-01-29T00:00:00Z"}, {"Country": "Austria", "CountryCode": "", "Province": "", "City": "", "CityCode": "", "Lat": "0", "Lon": "0", "Confirmed": 413208, "Deaths": 7703, "Recovered": 391076, "Active": 14429, "Date": "2021-01-30T00:00:00Z"}, {"Country": "Austria", "CountryCode": "", "Province": "", "City": "", "CityCode": "", "Lat": "0", "Lon": "0", "Confirmed": 414398, "Deaths": 7721, "Recovered": 392497, "Active": 14180, "Date": "2021-01-31T00:00:00Z"}, {"Country": "Austria", "CountryCode": "", "Province": "", "City": "", "CityCode": "", "Lat": "0", "Lon": "0", "Confirmed": 415522, "Deaths": 7778, "Recovered": 393747, "Active": 13997, "Date": "2021-02-01T00:00:00Z"}, {"Country": "Austria", "CountryCode": "", "Province": "", "City": "", "CityCode": "", "Lat": "0", "Lon": "0", "Confirmed": 416763, "Deaths": 7847, "Recovered": 395316, "Active": 13600, "Date": "2021-02-02T00:00:00Z"}, {"Country": "Austria", "CountryCode": "", "Province": "", "City": "", "CityCode": "", "Lat": "0", "Lon": "0", "Confirmed": 418283, "Deaths": 7902, "Recovered": 396709, "Active": 13672, "Date": "2021-02-03T00:00:00Z"}, {"Country": "Austria", "CountryCode": "", "Province": "", "City": "", "CityCode": "", "Lat": "0", "Lon": "0", "Confirmed": 419801, "Deaths": 7936, "Recovered": 397910, "Active": 13955, "Date": "2021-02-04T00:00:00Z"}, {"Country": "Austria", "CountryCode": "", "Province": "", "City": "", "CityCode": "", "Lat": "0", "Lon": "0", "Confirmed": 421189, "Deaths": 7973, "Recovered": 399329, "Active": 13887, "Date": "2021-02-05T00:00:00Z"}, {"Country": "Austria", "CountryCode": "", "Province": "", "City": "", "CityCode": "", "Lat": "0", "Lon": "0", "Confirmed": 422522, "Deaths": 7994, "Recovered": 400851, "Active": 13677, "Date": "2021-02-06T00:00:00Z"}, {"Country": "Austria", "CountryCode": "", "Province": "", "City": "", "CityCode": "", "Lat": "0", "Lon": "0", "Confirmed": 423839, "Deaths": 8012, "Recovered": 402053, "Active": 13774, "Date": "2021-02-07T00:00:00Z"}, {"Country": "Austria", "CountryCode": "", "Province": "", "City": "", "CityCode": "", "Lat": "0", "Lon": "0", "Confirmed": 424896, "Deaths": 8032, "Recovered": 403302, "Active": 13562, "Date": "2021-02-08T00:00:00Z"}, {"Country": "Austria", "CountryCode": "", "Province": "", "City": "", "CityCode": "", "Lat": "0", "Lon": "0", "Confirmed": 426093, "Deaths": 8071, "Recovered": 404676, "Active": 13346, "Date": "2021-02-09T00:00:00Z"}, {"Country": "Austria", "CountryCode": "", "Province": "", "City": "", "CityCode": "", "Lat": "0", "Lon": "0", "Confirmed": 427562, "Deaths": 8114, "Recovered": 405921, "Active": 13527, "Date": "2021-02-10T00:00:00Z"}, {"Country": "Austria", "CountryCode": "", "Province": "", "City": "", "CityCode": "", "Lat": "0", "Lon": "0", "Confirmed": 429139, "Deaths": 8138, "Recovered": 407155, "Active": 13846, "Date": "2021-02-11T00:00:00Z"}, {"Country": "Austria", "CountryCode": "", "Province": "", "City": "", "CityCode": "", "Lat": "0", "Lon": "0", "Confirmed": 430870, "Deaths": 8170, "Recovered": 408426, "Active": 14274, "Date": "2021-02-12T00:00:00Z"}, {"Country": "Austria", "CountryCode": "", "Province": "", "City": "", "CityCode": "", "Lat": "0", "Lon": "0", "Confirmed": 432303, "Deaths": 8195, "Recovered": 409877, "Active": 14231, "Date": "2021-02-13T00:00:00Z"}, {"Country": "Austria", "CountryCode": "", "Province": "", "City": "", "CityCode": "", "Lat": "0", "Lon": "0", "Confirmed": 433487, "Deaths": 8211, "Recovered": 411199, "Active": 14077, "Date": "2021-02-14T00:00:00Z"}, {"Country": "Austria", "CountryCode": "", "Province": "", "City": "", "CityCode": "", "Lat": "0", "Lon": "0", "Confirmed": 434712, "Deaths": 8221, "Recovered": 412457, "Active": 14034, "Date": "2021-02-15T00:00:00Z"}, {"Country": "Austria", "CountryCode": "", "Province": "", "City": "", "CityCode": "", "Lat": "0", "Lon": "0", "Confirmed": 436139, "Deaths": 8260, "Recovered": 413908, "Active": 13971, "Date": "2021-02-16T00:00:00Z"}, {"Country": "Austria", "CountryCode": "", "Province": "", "City": "", "CityCode": "", "Lat": "0", "Lon": "0", "Confirmed": 437874, "Deaths": 8290, "Recovered": 415221, "Active": 14363, "Date": "2021-02-17T00:00:00Z"}, {"Country": "Austria", "CountryCode": "", "Province": "", "City": "", "CityCode": "", "Lat": "0", "Lon": "0", "Confirmed": 439841, "Deaths": 8312, "Recovered": 416431, "Active": 15098, "Date": "2021-02-18T00:00:00Z"}, {"Country": "Austria", "CountryCode": "", "Province": "", "City": "", "CityCode": "", "Lat": "0", "Lon": "0", "Confirmed": 441659, "Deaths": 8348, "Recovered": 417654, "Active": 15657, "Date": "2021-02-19T00:00:00Z"}, {"Country": "Austria", "CountryCode": "", "Province": "", "City": "", "CityCode": "", "Lat": "0", "Lon": "0", "Confirmed": 443536, "Deaths": 8368, "Recovered": 419283, "Active": 15885, "Date": "2021-02-20T00:00:00Z"}, {"Country": "Austria", "CountryCode": "", "Province": "", "City": "", "CityCode": "", "Lat": "0", "Lon": "0", "Confirmed": 445374, "Deaths": 8386, "Recovered": 420509, "Active": 16479, "Date": "2021-02-21T00:00:00Z"}, {"Country": "Austria", "CountryCode": "", "Province": "", "City": "", "CityCode": "", "Lat": "0", "Lon": "0", "Confirmed": 446644, "Deaths": 8397, "Recovered": 421811, "Active": 16436, "Date": "2021-02-22T00:00:00Z"}, {"Country": "Austria", "CountryCode": "", "Province": "", "City": "", "CityCode": "", "Lat": "0", "Lon": "0", "Confirmed": 448371, "Deaths": 8434, "Recovered": 423014, "Active": 16923, "Date": "2021-02-23T00:00:00Z"}, {"Country": "Austria", "CountryCode": "", "Province": "", "City": "", "CityCode": "", "Lat": "0", "Lon": "0", "Confirmed": 450376, "Deaths": 8470, "Recovered": 424348, "Active": 17558, "Date": "2021-02-24T00:00:00Z"}, {"Country": "Austria", "CountryCode": "", "Province": "", "City": "", "CityCode": "", "Lat": "0", "Lon": "0", "Confirmed": 452767, "Deaths": 8493, "Recovered": 425786, "Active": 18488, "Date": "2021-02-25T00:00:00Z"}, {"Country": "Austria", "CountryCode": "", "Province": "", "City": "", "CityCode": "", "Lat": "0", "Lon": "0", "Confirmed": 454860, "Deaths": 8515, "Recovered": 427257, "Active": 19088, "Date": "2021-02-26T00:00:00Z"}, {"Country": "Austria", "CountryCode": "", "Province": "", "City": "", "CityCode": "", "Lat": "0", "Lon": "0", "Confirmed": 457317, "Deaths": 8538, "Recovered": 428904, "Active": 19875, "Date": "2021-02-27T00:00:00Z"}, {"Country": "Austria", "CountryCode": "", "Province": "", "City": "", "CityCode": "", "Lat": "0", "Lon": "0", "Confirmed": 459440, "Deaths": 8561, "Recovered": 430415, "Active": 20464, "Date": "2021-02-28T00:00:00Z"}, {"Country": "Austria", "CountryCode": "", "Province": "", "City": "", "CityCode": "", "Lat": "0", "Lon": "0", "Confirmed": 460849, "Deaths": 8574, "Recovered": 432016, "Active": 20259, "Date": "2021-03-01T00:00:00Z"}, {"Country": "Austria", "CountryCode": "", "Province": "", "City": "", "CityCode": "", "Lat": "0", "Lon": "0", "Confirmed": 462769, "Deaths": 8605, "Recovered": 433873, "Active": 20291, "Date": "2021-03-02T00:00:00Z"}, {"Country": "Austria", "CountryCode": "", "Province": "", "City": "", "CityCode": "", "Lat": "0", "Lon": "0", "Confirmed": 465322, "Deaths": 8625, "Recovered": 435669, "Active": 21028, "Date": "2021-03-03T00:00:00Z"}, {"Country": "Austria", "CountryCode": "", "Province": "", "City": "", "CityCode": "", "Lat": "0", "Lon": "0", "Confirmed": 467646, "Deaths": 8652, "Recovered": 437202, "Active": 21792, "Date": "2021-03-04T00:00:00Z"}, {"Country": "Austria", "CountryCode": "", "Province": "", "City": "", "CityCode": "", "Lat": "0", "Lon": "0", "Confirmed": 470314, "Deaths": 8669, "Recovered": 439101, "Active": 22544, "Date": "2021-03-05T00:00:00Z"}, {"Country": "Austria", "CountryCode": "", "Province": "", "City": "", "CityCode": "", "Lat": "0", "Lon": "0", "Confirmed": 472871, "Deaths": 8694, "Recovered": 441309, "Active": 22868, "Date": "2021-03-06T00:00:00Z"}, {"Country": "Austria", "CountryCode": "", "Province": "", "City": "", "CityCode": "", "Lat": "0", "Lon": "0", "Confirmed": 475070, "Deaths": 8713, "Recovered": 443152, "Active": 466357, "Date": "2021-03-07T00:00:00Z"}, {"Country": "Austria", "CountryCode": "", "Province": "", "City": "", "CityCode": "", "Lat": "0", "Lon": "0", "Confirmed": 476980, "Deaths": 8732, "Recovered": 445032, "Active": 23216, "Date": "2021-03-08T00:00:00Z"}, {"Country": "Austria", "CountryCode": "", "Province": "", "City": "", "CityCode": "", "Lat": "0", "Lon": "0", "Confirmed": 479391, "Deaths": 8757, "Recovered": 447041, "Active": 23593, "Date": "2021-03-09T00:00:00Z"}, {"Country": "Austria", "CountryCode": "", "Province": "", "City": "", "CityCode": "", "Lat": "0", "Lon": "0", "Confirmed": 481919, "Deaths": 8776, "Recovered": 449053, "Active": 24090, "Date": "2021-03-10T00:00:00Z"}, {"Country": "Austria", "CountryCode": "", "Province": "", "City": "", "CityCode": "", "Lat": "0", "Lon": "0", "Confirmed": 484916, "Deaths": 8798, "Recovered": 450862, "Active": 25256, "Date": "2021-03-11T00:00:00Z"}, {"Country": "Austria", "CountryCode": "", "Province": "", "City": "", "CityCode": "", "Lat": "0", "Lon": "0", "Confirmed": 488042, "Deaths": 8831, "Recovered": 453078, "Active": 26133, "Date": "2021-03-12T00:00:00Z"}, {"Country": "Austria", "CountryCode": "", "Province": "", "City": "", "CityCode": "", "Lat": "0", "Lon": "0", "Confirmed": 491065, "Deaths": 8856, "Recovered": 455271, "Active": 26938, "Date": "2021-03-13T00:00:00Z"}]