[{"Country": "Belgium", "CountryCode": "", "Province": "", "City": "", "CityCode": "", "Lat": "0", "Lon": "0", "Confirmed": 1, "Deaths": 0, "Recovered": 0, "Active": 1, "Date": "2020-02-04T00:00:00Z"}, {"Country": "Belgium", "CountryCode": "", "Province": "", "City": "", "CityCode": "", "Lat": "0", "Lon": "0", "Confirmed": 1, "Deaths": 0, "Recovered": 0, "Active": 1, "Date": "2020-02-05T00:00:00Z"}, {"Country": "Belgium", "CountryCode": "", "Province": "", "City": "", "CityCode": "", "Lat": "0", "Lon": "0", "Confirmed": 1, "Deaths": 0, "Recovered": 0, "Active": 1, "Date": "2020-02-06T00:00:00Z"}, {"Country": "Belgium", "CountryCode": "", "Province": "", "City": "", "CityCode": "", "Lat": "0", "Lon": "0", "Confirmed": 1, "Deaths": 0, "Recovered": 0, "Active": 1, "Date": "2020-02-07T00:00:00Z"}, {"Country": "Belgium", "CountryCode": "", "Province": "", "City": "", "CityCode": "", "Lat": "0", "Lon": "0", "Confirmed": 1, "Deaths": 0, "Recovered": 0, "Active": 1, "Date": "2020-02-08T00:00:00Z"}, {"Country": "Belgium", "CountryCode": "", "Province": "", "City": "", "CityCode": "", "Lat": "0", "Lon": "0", "Confirmed": 1, "Deaths": 0, "Recovered": 0, "Active": 1, "Date": "2020-02-09T00:00:00Z"}, {"Country": "Belgium", "CountryCode": "", "Province": "", "City": "", "CityCode": "", "Lat": "0", "Lon": "0", "Confirmed": 1, "Deaths": 0, "Recovered": 0, "Active": 1, "Date": "2020-02-10T00:00:00Z"}, {"Country": "Belgium", "CountryCode": "", "Province": "", "City": "", "CityCode": "", "Lat": "0", "Lon": "0", "Confirmed": 1, "Deaths": 0, "Recovered": 0, "Active": 1, "Date": "2020-02-11T00:00:00Z"}, {"Country": "Belgium", "CountryCode": "", "Province": "", "City": "", "CityCode": "", "Lat": "0", "Lon": "0", "Confirmed": 1, "Deaths": 0, "Recovered": 0, "Active": 1, "Date": "2020-02-12T00:00:00Z"}, {"Country": "Belgium", "CountryCode": "", "Province": "", "City": "", "CityCode": "", "Lat": "0", "Lon": "0", "Confirmed": 1, "Deaths": 0, "Recovered": 0, "Active": 1, "Date": "2020-02-13T00:00:00Z"}, {"Country": "Belgium", "CountryCode": "", "Province": "", "City": "", "CityCode": "", "Lat": "0", "Lon": "0", "Confirmed": 1, "Deaths": 0, "Recovered": 0, "Active": 1, "Date": "2020-02-14T00:00:00Z"}, {"Country": "Belgium", "CountryCode": "", "Province": "", "City": "", "CityCode": "", "Lat": "0", "Lon": "0", "Confirmed": 1, "Deaths": 0, "Recovered": 0, "Active": 1, "Date": "2020-02-15T00:00:00Z"}, {"Country": "Belgium", "CountryCode": "", "Province": "", "City": "", "CityCode": "", "Lat": "0", "Lon": "0", "Confirmed": 1, "Deaths": 0, "Recovered": 0, "Active": 1, "Date": "2020-02-16T00:00:00Z"}, {"Country": "Belgium", "CountryCode": "", "Province": "", "City": "", "CityCode": "", "Lat": "0", "Lon": "0", "Confirmed": 1, "Deaths": 0, "Recovered": 1, "Active": 0, "Date": "2020-02-17T00:00:00Z"}, {"Country": "Belgium", "CountryCode": "", "Province": "", "City": "", "CityCode": "", "Lat": "0", "Lon": "0", "Confirmed": 1, "Deaths": 0, "Recovered": 1, "Active": 0, "Date": "2020-02-18T00:00:00Z"}, {"Country": "Belgium", "CountryCode": "", "Province": "", "City": "", "CityCode": "", "Lat": "0", "Lon": "0", "Confirmed": 1, "Deaths": 0, "Recovered": 1, "Active": 0, "Date": "2020-02-19T00:00:00Z"}, {"Country": "Belgium", "CountryCode": "", "Province": "", "City": "", "CityCode": "", "Lat": "0", "Lon": "0", "Confirmed": 1, "Deaths": 0, "Recovered": 1, "Active": 0, "Date": "2020-02-20T00:00:00Z"}, {"Country": "Belgium", "CountryCode": "", "Province": "", "City": "", "CityCode": "", "Lat": "0", "Lon": "0", "Confirmed": 1, "Deaths": 0, "Recovered": 1, "Active": 0, "Date": "2020-02-21T00:00:00Z"}, {"Country": "Belgium", "CountryCode": "", "Province": "", "City": "", "CityCode": "", "Lat": "0", "Lon": "0", "Confirmed": 1, "Deaths": 0, "Recovered": 1, "Active": 0, "Date": "2020-02-22T00:00:00Z"}, {"Country": "Belgium", "CountryCode": "", "Province": "", "City": "", "CityCode": "", "Lat": "0", "Lon": "0", "Confirmed": 1, "Deaths": 0, "Recovered": 1, "Active": 0, "Date": "2020-02-23T00:00:00Z"}, {"Country": "Belgium", "CountryCode": "", "Province": "", "City": "", "CityCode": "", "Lat": "0", "Lon": "0", "Confirmed": 1, "Deaths": 0, "Recovered": 1, "Active": 0, "Date": "2020-02-24T00:00:00Z"}, {"Country": "Belgium", "CountryCode": "", "Province": "", "City": "", "CityCode": "", "Lat": "0", "Lon": "0", "Confirmed": 1, "Deaths": 0, "Recovered": 1, "Active": 0, "Date": "2020-02-25T00:00:00Z"}, {"Country": "Belgium", "CountryCode": "", "Province": "", "City": "", "CityCode": "", "Lat": "0", "Lon": "0", "Confirmed": 1, "Deaths": 0, "Recovered": 1, "Active": 0, "Date": "2020-02-26T00:00:00Z"}, {"Country": "Belgium", "CountryCode": "", "Province": "", "City": "", "CityCode": "", "Lat": "0", "Lon": "0", "Confirmed": 1, "Deaths": 0, "Recovered": 1, "Active": 0, "Date": "2020-02-27T00:00:00Z"}, {"Country": "Belgium", "CountryCode": "", "Province": "", "City": "", "CityCode": "", "Lat": "0", "Lon": "0", "Confirmed": 1, "Deaths": 0, "Recovered": 1, "Active": 0, "Date": "2020-02-28T00:00:00Z"}, {"Country": "Belgium", "CountryCode": "", "Province": "", "City": "", "CityCode": "", "Lat": "0", "Lon": "0", "Confirmed": 1, "Deaths": 0, "Recovered": 1, "Active": 0, "Date": "2020-02-29T00:00:00Z"}, {"Country": "Belgium", "CountryCode": "", "Province": "", "City": "", "CityCode": "", "Lat": "0", "Lon": "0", "Confirmed": 2, "Deaths": 0, "Recovered": 1, "Active": 1, "Date": "2020-03-01T00:00:00Z"}, {"Country": "Belgium", "CountryCode": "", "Province": "", "City": "", "CityCode": "", "Lat": "0", "Lon": "0", "Confirmed": 8, "Deaths": 0, "Recovered": 1, "Active": 7, "Date": "2020-03-02T00:00:00Z"}, {"Country": "Belgium", "CountryCode": "", "Province": "", "City": "", "CityCode": "", "Lat": "0", "Lon": "0", "Confirmed": 13, "Deaths": 0, "Recovered": 1, "Active": 12, "Date": "2020-03-03T00:00:00Z"}, {"Country": "Belgium", "CountryCode": "", "Province": "", "City": "", "CityCode": "", "Lat": "0", "Lon": "0", "Confirmed": 23, "Deaths": 0, "Recovered": 1, "Active": 22, "Date": "2020-03-04T00:00:00Z"}, {"Country": "Belgium", "CountryCode": "", "Province": "", "City": "", "CityCode": "", "Lat": "0", "Lon": "0", "Confirmed": 50, "Deaths": 0, "Recovered": 1, "Active": 49, "Date": "2020-03-05T00:00:00Z"}, {"Country": "Belgium", "CountryCode": "", "Province": "", "City": "", "CityCode": "", "Lat": "0", "Lon": "0", "Confirmed": 109, "Deaths": 0, "Recovered": 1, "Active": 108, "Date": "2020-03-06T00:00:00Z"}, {"Country": "Belgium", "CountryCode": "", "Province": "", "City": "", "CityCode": "", "Lat": "0", "Lon": "0", "Confirmed": 169, "Deaths": 0, "Recovered": 1, "Active": 168, "Date": "2020-03-07T00:00:00Z"}, {"Country": "Belgium", "CountryCode": "", "Province": "", "City": "", "CityCode": "", "Lat": "0", "Lon": "0", "Confirmed": 200, "Deaths": 0, "Recovered": 1, "Active": 199, "Date": "2020-03-08T00:00:00Z"}, {"Country": "Belgium", "CountryCode": "", "Province": "", "City": "", "CityCode": "", "Lat": "0", "Lon": "0", "Confirmed": 239, "Deaths": 0, "Recovered": 1, "Active": 238, "Date": "2020-03-09T00:00:00Z"}, {"Country": "Belgium", "CountryCode": "", "Province": "", "City": "", "CityCode": "", "Lat": "0", "Lon": "0", "Confirmed": 267, "Deaths": 0, "Recovered": 1, "Active": 266, "Date": "2020-03-10T00:00:00Z"}, {"Country": "Belgium", "CountryCode": "", "Province": "", "City": "", "CityCode": "", "Lat": "0", "Lon": "0", "Confirmed": 314, "Deaths": 3, "Recovered": 1, "Active": 310, "Date": "2020-03-11T00:00:00Z"}, {"Country": "Belgium", "CountryCode": "", "Province": "", "City": "", "CityCode": "", "Lat": "0", "Lon": "0", "Confirmed": 314, "Deaths": 3, "Recovered": 1, "Active": 310, "Date": "2020-03-12T00:00:00Z"}, {"Country": "Belgium", "CountryCode": "", "Province": "", "City": "", "CityCode": "", "Lat": "0", "Lon": "0", "Confirmed": 559, "Deaths": 3, "Recovered": 1, "Active": 555, "Date": "2020-03-13T00:00:00Z"}, {"Country": "Belgium", "CountryCode": "", "Province": "", "City": "", "CityCode": "", "Lat": "0", "Lon": "0", "Confirmed": 689, "Deaths": 4, "Recovered": 1, "Active": 684, "Date": "2020-03-14T00:00:00Z"}, {"Country": "Belgium", "CountryCode": "", "Province": "", "City": "", "CityCode": "", "Lat": "0", "Lon": "0", "Confirmed": 886, "Deaths": 4, "Recovered": 1, "Active": 881, "Date": "2020-03-15T00:00:00Z"}, {"Country": "Belgium", "CountryCode": "", "Province": "", "City": "", "CityCode": "", "Lat": "0", "Lon": "0", "Confirmed": 1058, "Deaths": 5, "Recovered": 1, "Active": 1052, "Date": "2020-03-16T00:00:00Z"}, {"Country": "Belgium", "CountryCode": "", "Province": "", "City": "", "CityCode": "", "Lat": "0", "Lon": "0", "Confirmed": 1243, "Deaths": 10, "Recovered": 1, "Active": 1232, "Date": "2020-03-17T00:00:00Z"}, {"Country": "Belgium", "CountryCode": "", "Province": "", "City": "", "CityCode": "", "Lat": "0", "Lon": "0", "Confirmed": 1486, "Deaths": 14, "Recovered": 31, "Active": 1441, "Date": "2020-03-18T00:00:00Z"}, {"Country": "Belgium", "CountryCode": "", "Province": "", "City": "", "CityCode": "", "Lat": "0", "Lon": "0", "Confirmed": 1795, "Deaths": 21, "Recovered": 31, "Active": 1743, "Date": "2020-03-19T00:00:00Z"}, {"Country": "Belgium", "CountryCode": "", "Province": "", "City": "", "CityCode": "", "Lat": "0", "Lon": "0", "Confirmed": 2257, "Deaths": 37, "Recovered": 1, "Active": 2219, "Date": "2020-03-20T00:00:00Z"}, {"Country": "Belgium", "CountryCode": "", "Province": "", "City": "", "CityCode": "", "Lat": "0", "Lon": "0", "Confirmed": 2815, "Deaths": 67, "Recovered": 263, "Active": 2485, "Date": "2020-03-21T00:00:00Z"}, {"Country": "Belgium", "CountryCode": "", "Province": "", "City": "", "CityCode": "", "Lat": "0", "Lon": "0", "Confirmed": 3401, "Deaths": 75, "Recovered": 263, "Active": 3063, "Date": "2020-03-22T00:00:00Z"}, {"Country": "Belgium", "CountryCode": "", "Province": "", "City": "", "CityCode": "", "Lat": "0", "Lon": "0", "Confirmed": 3743, "Deaths": 88, "Recovered": 263, "Active": 3392, "Date": "2020-03-23T00:00:00Z"}, {"Country": "Belgium", "CountryCode": "", "Province": "", "City": "", "CityCode": "", "Lat": "0", "Lon": "0", "Confirmed": 4269, "Deaths": 122, "Recovered": 461, "Active": 3686, "Date": "2020-03-24T00:00:00Z"}, {"Country": "Belgium", "CountryCode": "", "Province": "", "City": "", "CityCode": "", "Lat": "0", "Lon": "0", "Confirmed": 4937, "Deaths": 178, "Recovered": 547, "Active": 4212, "Date": "2020-03-25T00:00:00Z"}, {"Country": "Belgium", "CountryCode": "", "Province": "", "City": "", "CityCode": "", "Lat": "0", "Lon": "0", "Confirmed": 6235, "Deaths": 220, "Recovered": 675, "Active": 5340, "Date": "2020-03-26T00:00:00Z"}, {"Country": "Belgium", "CountryCode": "", "Province": "", "City": "", "CityCode": "", "Lat": "0", "Lon": "0", "Confirmed": 7284, "Deaths": 289, "Recovered": 858, "Active": 6137, "Date": "2020-03-27T00:00:00Z"}, {"Country": "Belgium", "CountryCode": "", "Province": "", "City": "", "CityCode": "", "Lat": "0", "Lon": "0", "Confirmed": 9134, "Deaths": 353, "Recovered": 1063, "Active": 7718, "Date": "2020-03-28T00:00:00Z"}, {"Country": "Belgium", "CountryCode": "", "Province": "", "City": "", "CityCode": "", "Lat": "0", "Lon": "0", "Confirmed": 10836, "Deaths": 431, "Recovered": 1359, "Active": 9046, "Date": "2020-03-29T00:00:00Z"}, {"Country": "Belgium", "CountryCode": "", "Province": "", "City": "", "CityCode": "", "Lat": "0", "Lon": "0", "Confirmed": 11899, "Deaths": 513, "Recovered": 1527, "Active": 9859, "Date": "2020-03-30T00:00:00Z"}, {"Country": "Belgium", "CountryCode": "", "Province": "", "City": "", "CityCode": "", "Lat": "0", "Lon": "0", "Confirmed": 12775, "Deaths": 705, "Recovered": 1696, "Active": 10374, "Date": "2020-03-31T00:00:00Z"}, {"Country": "Belgium", "CountryCode": "", "Province": "", "City": "", "CityCode": "", "Lat": "0", "Lon": "0", "Confirmed": 13964, "Deaths": 828, "Recovered": 2132, "Active": 11004, "Date": "2020-04-01T00:00:00Z"}, {"Country": "Belgium", "CountryCode": "", "Province": "", "City": "", "CityCode": "", "Lat": "0", "Lon": "0", "Confirmed": 15348, "Deaths": 1011, "Recovered": 2495, "Active": 11842, "Date": "2020-04-02T00:00:00Z"}, {"Country": "Belgium", "CountryCode": "", "Province": "", "City": "", "CityCode": "", "Lat": "0", "Lon": "0", "Confirmed": 16770, "Deaths": 1143, "Recovered": 2872, "Active": 12755, "Date": "2020-04-03T00:00:00Z"}, {"Country": "Belgium", "CountryCode": "", "Province": "", "City": "", "CityCode": "", "Lat": "0", "Lon": "0", "Confirmed": 18431, "Deaths": 1283, "Recovered": 3247, "Active": 13901, "Date": "2020-04-04T00:00:00Z"}, {"Country": "Belgium", "CountryCode": "", "Province": "", "City": "", "CityCode": "", "Lat": "0", "Lon": "0", "Confirmed": 19691, "Deaths": 1447, "Recovered": 3751, "Active": 14493, "Date": "2020-04-05T00:00:00Z"}, {"Country": "Belgium", "CountryCode": "", "Province": "", "City": "", "CityCode": "", "Lat": "0", "Lon": "0", "Confirmed": 20814, "Deaths": 1632, "Recovered": 3986, "Active": 15196, "Date": "2020-04-06T00:00:00Z"}, {"Country": "Belgium", "CountryCode": "", "Province": "", "City": "", "CityCode": "", "Lat": "0", "Lon": "0", "Confirmed": 22194, "Deaths": 2035, "Recovered": 4157, "Active": 16002, "Date": "2020-04-07T00:00:00Z"}, {"Country": "Belgium", "CountryCode": "", "Province": "", "City": "", "CityCode": "", "Lat": "0", "Lon": "0", "Confirmed": 23403, "Deaths": 2240, "Recovered": 4681, "Active": 16482, "Date": "2020-04-08T00:00:00Z"}, {"Country": "Belgium", "CountryCode": "", "Province": "", "City": "", "CityCode": "", "Lat": "0", "Lon": "0", "Confirmed": 24983, "Deaths": 2523, "Recovered": 5164, "Active": 17296, "Date": "2020-04-09T00:00:00Z"}, {"Country": "Belgium", "CountryCode": "", "Province": "", "City": "", "CityCode": "", "Lat": "0", "Lon": "0", "Confirmed": 26667, "Deaths": 3019, "Recovered": 5568, "Active": 18080, "Date": "2020-04-10T00:00:00Z"}, {"Country": "Belgium", "CountryCode": "", "Province": "", "City": "", "CityCode": "", "Lat": "0", "Lon": "0", "Confirmed": 28018, "Deaths": 3346, "Recovered": 5986, "Active": 18686, "Date": "2020-04-11T00:00:00Z"}, {"Country": "Belgium", "CountryCode": "", "Province": "", "City": "", "CityCode": "", "Lat": "0", "Lon": "0", "Confirmed": 29647, "Deaths": 3600, "Recovered": 6463, "Active": 19584, "Date": "2020-04-12T00:00:00Z"}, {"Country": "Belgium", "CountryCode": "", "Province": "", "City": "", "CityCode": "", "Lat": "0", "Lon": "0", "Confirmed": 30589, "Deaths": 3903, "Recovered": 6707, "Active": 19979, "Date": "2020-04-13T00:00:00Z"}, {"Country": "Belgium", "CountryCode": "", "Province": "", "City": "", "CityCode": "", "Lat": "0", "Lon": "0", "Confirmed": 31119, "Deaths": 4157, "Recovered": 6868, "Active": 20094, "Date": "2020-04-14T00:00:00Z"}, {"Country": "Belgium", "CountryCode": "", "Province": "", "City": "", "CityCode": "", "Lat": "0", "Lon": "0", "Confirmed": 33573, "Deaths": 4440, "Recovered": 7107, "Active": 22026, "Date": "2020-04-15T00:00:00Z"}, {"Country": "Belgium", "CountryCode": "", "Province": "", "City": "", "CityCode": "", "Lat": "0", "Lon": "0", "Confirmed": 34809, "Deaths": 4857, "Recovered": 7562, "Active": 22390, "Date": "2020-04-16T00:00:00Z"}, {"Country": "Belgium", "CountryCode": "", "Province": "", "City": "", "CityCode": "", "Lat": "0", "Lon": "0", "Confirmed": 36138, "Deaths": 5163, "Recovered": 7961, "Active": 23014, "Date": "2020-04-17T00:00:00Z"}, {"Country": "Belgium", "CountryCode": "", "Province": "", "City": "", "CityCode": "", "Lat": "0", "Lon": "0", "Confirmed": 37183, "Deaths": 5453, "Recovered": 8348, "Active": 23382, "Date": "2020-04-18T00:00:00Z"}, {"Country": "Belgium", "CountryCode": "", "Province": "", "City": "", "CityCode": "", "Lat": "0", "Lon": "0", "Confirmed": 38496, "Deaths": 5683, "Recovered": 8757, "Active": 24056, "Date": "2020-04-19T00:00:00Z"}, {"Country": "Belgium", "CountryCode": "", "Province": "", "City": "", "CityCode": "", "Lat": "0", "Lon": "0", "Confirmed": 39983, "Deaths": 5828, "Recovered": 8895, "Active": 25260, "Date": "2020-04-20T00:00:00Z"}, {"Country": "Belgium", "CountryCode": "", "Province": "", "City": "", "CityCode": "", "Lat": "0", "Lon": "0", "Confirmed": 40956, "Deaths": 5998, "Recovered": 9002, "Active": 25956, "Date": "2020-04-21T00:00:00Z"}, {"Country": "Belgium", "CountryCode": "", "Province": "", "City": "", "CityCode": "", "Lat": "0", "Lon": "0", "Confirmed": 41889, "Deaths": 6262, "Recovered": 9433, "Active": 26194, "Date": "2020-04-22T00:00:00Z"}, {"Country": "Belgium", "CountryCode": "", "Province": "", "City": "", "CityCode": "", "Lat": "0", "Lon": "0", "Confirmed": 42797, "Deaths": 6490, "Recovered": 9800, "Active": 26507, "Date": "2020-04-23T00:00:00Z"}, {"Country": "Belgium", "CountryCode": "", "Province": "", "City": "", "CityCode": "", "Lat": "0", "Lon": "0", "Confirmed": 44293, "Deaths": 6679, "Recovered": 10122, "Active": 27492, "Date": "2020-04-24T00:00:00Z"}, {"Country": "Belgium", "CountryCode": "", "Province": "", "City": "", "CityCode": "", "Lat": "0", "Lon": "0", "Confirmed": 45325, "Deaths": 6917, "Recovered": 10417, "Active": 27991, "Date": "2020-04-25T00:00:00Z"}, {"Country": "Belgium", "CountryCode": "", "Province": "", "City": "", "CityCode": "", "Lat": "0", "Lon": "0", "Confirmed": 46134, "Deaths": 7094, "Recovered": 10785, "Active": 28255, "Date": "2020-04-26T00:00:00Z"}, {"Country": "Belgium", "CountryCode": "", "Province": "", "City": "", "CityCode": "", "Lat": "0", "Lon": "0", "Confirmed": 46687, "Deaths": 7207, "Recovered": 10878, "Active": 28602, "Date": "2020-04-27T00:00:00Z"}, {"Country": "Belgium", "CountryCode": "", "Province": "", "City": "", "CityCode": "", "Lat": "0", "Lon": "0", "Confirmed": 47334, "Deaths": 7331, "Recovered": 10943, "Active": 29060, "Date": "2020-04-28T00:00:00Z"}, {"Country": "Belgium", "CountryCode": "", "Province": "", "City": "", "CityCode": "", "Lat": "0", "Lon": "0", "Confirmed": 47859, "Deaths": 7501, "Recovered": 11283, "Active": 29075, "Date": "2020-04-29T00:00:00Z"}, {"Country": "Belgium", "CountryCode": "", "Province": "", "City": "", "CityCode": "", "Lat": "0", "Lon": "0", "Confirmed": 48519, "Deaths": 7594, "Recovered": 11576, "Active": 29349, "Date": "2020-04-30T00:00:00Z"}, {"Country": "Belgium", "CountryCode": "", "Province": "", "City": "", "CityCode": "", "Lat": "0", "Lon": "0", "Confirmed": 49032, "Deaths": 7703, "Recovered": 11892, "Active": 29437, "Date": "2020-05-01T00:00:00Z"}, {"Country": "Belgium", "CountryCode": "", "Province": "", "City": "", "CityCode": "", "Lat": "0", "Lon": "0", "Confirmed": 49517, "Deaths": 7765, "Recovered": 12211, "Active": 29541, "Date": "2020-05-02T00:00:00Z"}, {"Country": "Belgium", "CountryCode": "", "Province": "", "City": "", "CityCode": "", "Lat": "0", "Lon": "0", "Confirmed": 49906, "Deaths": 7844, "Recovered": 12309, "Active": 29753, "Date": "2020-05-03T00:00:00Z"}, {"Country": "Belgium", "CountryCode": "", "Province": "", "City": "", "CityCode": "", "Lat": "0", "Lon": "0", "Confirmed": 50267, "Deaths": 7924, "Recovered": 12378, "Active": 29965, "Date": "2020-05-04T00:00:00Z"}, {"Country": "Belgium", "CountryCode": "", "Province": "", "City": "", "CityCode": "", "Lat": "0", "Lon": "0", "Confirmed": 50509, "Deaths": 8016, "Recovered": 12441, "Active": 30052, "Date": "2020-05-05T00:00:00Z"}, {"Country": "Belgium", "CountryCode": "", "Province": "", "City": "", "CityCode": "", "Lat": "0", "Lon": "0", "Confirmed": 50781, "Deaths": 8339, "Recovered": 12731, "Active": 29711, "Date": "2020-05-06T00:00:00Z"}, {"Country": "Belgium", "CountryCode": "", "Province": "", "City": "", "CityCode": "", "Lat": "0", "Lon": "0", "Confirmed": 51420, "Deaths": 8415, "Recovered": 12980, "Active": 30025, "Date": "2020-05-07T00:00:00Z"}, {"Country": "Belgium", "CountryCode": "", "Province": "", "City": "", "CityCode": "", "Lat": "0", "Lon": "0", "Confirmed": 52011, "Deaths": 8521, "Recovered": 13201, "Active": 30289, "Date": "2020-05-08T00:00:00Z"}, {"Country": "Belgium", "CountryCode": "", "Province": "", "City": "", "CityCode": "", "Lat": "0", "Lon": "0", "Confirmed": 52596, "Deaths": 8581, "Recovered": 13411, "Active": 30604, "Date": "2020-05-09T00:00:00Z"}, {"Country": "Belgium", "CountryCode": "", "Province": "", "City": "", "CityCode": "", "Lat": "0", "Lon": "0", "Confirmed": 53081, "Deaths": 8656, "Recovered": 13642, "Active": 30783, "Date": "2020-05-10T00:00:00Z"}, {"Country": "Belgium", "CountryCode": "", "Province": "", "City": "", "CityCode": "", "Lat": "0", "Lon": "0", "Confirmed": 53449, "Deaths": 8707, "Recovered": 13697, "Active": 31045, "Date": "2020-05-11T00:00:00Z"}, {"Country": "Belgium", "CountryCode": "", "Province": "", "City": "", "CityCode": "", "Lat": "0", "Lon": "0", "Confirmed": 53779, "Deaths": 8761, "Recovered": 13732, "Active": 31286, "Date": "2020-05-12T00:00:00Z"}, {"Country": "Belgium", "CountryCode": "", "Province": "", "City": "", "CityCode": "", "Lat": "0", "Lon": "0", "Confirmed": 53981, "Deaths": 8843, "Recovered": 13937, "Active": 31201, "Date": "2020-05-13T00:00:00Z"}, {"Country": "Belgium", "CountryCode": "", "Province": "", "City": "", "CityCode": "", "Lat": "0", "Lon": "0", "Confirmed": 54288, "Deaths": 8903, "Recovered": 14111, "Active": 31274, "Date": "2020-05-14T00:00:00Z"}, {"Country": "Belgium", "CountryCode": "", "Province": "", "City": "", "CityCode": "", "Lat": "0", "Lon": "0", "Confirmed": 54644, "Deaths": 8959, "Recovered": 14301, "Active": 31384, "Date": "2020-05-15T00:00:00Z"}, {"Country": "Belgium", "CountryCode": "", "Province": "", "City": "", "CityCode": "", "Lat": "0", "Lon": "0", "Confirmed": 54989, "Deaths": 9005, "Recovered": 14460, "Active": 31524, "Date": "2020-05-16T00:00:00Z"}, {"Country": "Belgium", "CountryCode": "", "Province": "", "City": "", "CityCode": "", "Lat": "0", "Lon": "0", "Confirmed": 55280, "Deaths": 9052, "Recovered": 14630, "Active": 31598, "Date": "2020-05-17T00:00:00Z"}, {"Country": "Belgium", "CountryCode": "", "Province": "", "City": "", "CityCode": "", "Lat": "0", "Lon": "0", "Confirmed": 55559, "Deaths": 9080, "Recovered": 14657, "Active": 31822, "Date": "2020-05-18T00:00:00Z"}, {"Country": "Belgium", "CountryCode": "", "Province": "", "City": "", "CityCode": "", "Lat": "0", "Lon": "0", "Confirmed": 55791, "Deaths": 9108, "Recovered": 14687, "Active": 31996, "Date": "2020-05-19T00:00:00Z"}, {"Country": "Belgium", "CountryCode": "", "Province": "", "City": "", "CityCode": "", "Lat": "0", "Lon": "0", "Confirmed": 55983, "Deaths": 9150, "Recovered": 14847, "Active": 31986, "Date": "2020-05-20T00:00:00Z"}, {"Country": "Belgium", "CountryCode": "", "Province": "", "City": "", "CityCode": "", "Lat": "0", "Lon": "0", "Confirmed": 56235, "Deaths": 9186, "Recovered": 14988, "Active": 32061, "Date": "2020-05-21T00:00:00Z"}, {"Country": "Belgium", "CountryCode": "", "Province": "", "City": "", "CityCode": "", "Lat": "0", "Lon": "0", "Confirmed": 56511, "Deaths": 9212, "Recovered": 15123, "Active": 32176, "Date": "2020-05-22T00:00:00Z"}, {"Country": "Belgium", "CountryCode": "", "Province": "", "City": "", "CityCode": "", "Lat": "0", "Lon": "0", "Confirmed": 56810, "Deaths": 9237, "Recovered": 15155, "Active": 32418, "Date": "2020-05-23T00:00:00Z"}, {"Country": "Belgium", "CountryCode": "", "Province": "", "City": "", "CityCode": "", "Lat": "0", "Lon": "0", "Confirmed": 57092, "Deaths": 9280, "Recovered": 15272, "Active": 32540, "Date": "2020-05-24T00:00:00Z"}, {"Country": "Belgium", "CountryCode": "", "Province": "", "City": "", "CityCode": "", "Lat": "0", "Lon": "0", "Confirmed": 57342, "Deaths": 9312, "Recovered": 15297, "Active": 32733, "Date": "2020-05-25T00:00:00Z"}, {"Country": "Belgium", "CountryCode": "", "Province": "", "City": "", "CityCode": "", "Lat": "0", "Lon": "0", "Confirmed": 57455, "Deaths": 9334, "Recovered": 15320, "Active": 32801, "Date": "2020-05-26T00:00:00Z"}, {"Country": "Belgium", "CountryCode": "", "Province": "", "City": "", "CityCode": "", "Lat": "0", "Lon": "0", "Confirmed": 57592, "Deaths": 9364, "Recovered": 15465, "Active": 32763, "Date": "2020-05-27T00:00:00Z"}, {"Country": "Belgium", "CountryCode": "", "Province": "", "City": "", "CityCode": "", "Lat": "0", "Lon": "0", "Confirmed": 57849, "Deaths": 9388, "Recovered": 15572, "Active": 32889, "Date": "2020-05-28T00:00:00Z"}, {"Country": "Belgium", "CountryCode": "", "Province": "", "City": "", "CityCode": "", "Lat": "0", "Lon": "0", "Confirmed": 58061, "Deaths": 9430, "Recovered": 15682, "Active": 32949, "Date": "2020-05-29T00:00:00Z"}, {"Country": "Belgium", "CountryCode": "", "Province": "", "City": "", "CityCode": "", "Lat": "0", "Lon": "0", "Confirmed": 58186, "Deaths": 9453, "Recovered": 15769, "Active": 32964, "Date": "2020-05-30T00:00:00Z"}, {"Country": "Belgium", "CountryCode": "", "Province": "", "City": "", "CityCode": "", "Lat": "0", "Lon": "0", "Confirmed": 58381, "Deaths": 9467, "Recovered": 15887, "Active": 33027, "Date": "2020-05-31T00:00:00Z"}, {"Country": "Belgium", "CountryCode": "", "Province": "", "City": "", "CityCode": "", "Lat": "0", "Lon": "0", "Confirmed": 58517, "Deaths": 9486, "Recovered": 15919, "Active": 33112, "Date": "2020-06-01T00:00:00Z"}, {"Country": "Belgium", "CountryCode": "", "Province": "", "City": "", "CityCode": "", "Lat": "0", "Lon": "0", "Confirmed": 58615, "Deaths": 9505, "Recovered": 15934, "Active": 33176, "Date": "2020-06-02T00:00:00Z"}, {"Country": "Belgium", "CountryCode": "", "Province": "", "City": "", "CityCode": "", "Lat": "0", "Lon": "0", "Confirmed": 58685, "Deaths": 9522, "Recovered": 15959, "Active": 33204, "Date": "2020-06-03T00:00:00Z"}, {"Country": "Belgium", "CountryCode": "", "Province": "", "City": "", "CityCode": "", "Lat": "0", "Lon": "0", "Confirmed": 58767, "Deaths": 9548, "Recovered": 16048, "Active": 33171, "Date": "2020-06-04T00:00:00Z"}, {"Country": "Belgium", "CountryCode": "", "Province": "", "City": "", "CityCode": "", "Lat": "0", "Lon": "0", "Confirmed": 58907, "Deaths": 9566, "Recovered": 16112, "Active": 33229, "Date": "2020-06-05T00:00:00Z"}, {"Country": "Belgium", "CountryCode": "", "Province": "", "City": "", "CityCode": "", "Lat": "0", "Lon": "0", "Confirmed": 59072, "Deaths": 9580, "Recovered": 16190, "Active": 33302, "Date": "2020-06-06T00:00:00Z"}, {"Country": "Belgium", "CountryCode": "", "Province": "", "City": "", "CityCode": "", "Lat": "0", "Lon": "0", "Confirmed": 59226, "Deaths": 9595, "Recovered": 16291, "Active": 33340, "Date": "2020-06-07T00:00:00Z"}, {"Country": "Belgium", "CountryCode": "", "Province": "", "City": "", "CityCode": "", "Lat": "0", "Lon": "0", "Confirmed": 59348, "Deaths": 9606, "Recovered": 16315, "Active": 33427, "Date": "2020-06-08T00:00:00Z"}, {"Country": "Belgium", "CountryCode": "", "Province": "", "City": "", "CityCode": "", "Lat": "0", "Lon": "0", "Confirmed": 59437, "Deaths": 9619, "Recovered": 16324, "Active": 33494, "Date": "2020-06-09T00:00:00Z"}, {"Country": "Belgium", "CountryCode": "", "Province": "", "City": "", "CityCode": "", "Lat": "0", "Lon": "0", "Confirmed": 59569, "Deaths": 9629, "Recovered": 16392, "Active": 33548, "Date": "2020-06-10T00:00:00Z"}, {"Country": "Belgium", "CountryCode": "", "Province": "", "City": "", "CityCode": "", "Lat": "0", "Lon": "0", "Confirmed": 59711, "Deaths": 9636, "Recovered": 16453, "Active": 33622, "Date": "2020-06-11T00:00:00Z"}, {"Country": "Belgium", "CountryCode": "", "Province": "", "City": "", "CityCode": "", "Lat": "0", "Lon": "0", "Confirmed": 59819, "Deaths": 9646, "Recovered": 16498, "Active": 33675, "Date": "2020-06-12T00:00:00Z"}, {"Country": "Belgium", "CountryCode": "", "Province": "", "City": "", "CityCode": "", "Lat": "0", "Lon": "0", "Confirmed": 59918, "Deaths": 9650, "Recovered": 16547, "Active": 33721, "Date": "2020-06-13T00:00:00Z"}, {"Country": "Belgium", "CountryCode": "", "Province": "", "City": "", "CityCode": "", "Lat": "0", "Lon": "0", "Confirmed": 60029, "Deaths": 9655, "Recovered": 16589, "Active": 33785, "Date": "2020-06-14T00:00:00Z"}, {"Country": "Belgium", "CountryCode": "", "Province": "", "City": "", "CityCode": "", "Lat": "0", "Lon": "0", "Confirmed": 60100, "Deaths": 9661, "Recovered": 16610, "Active": 33829, "Date": "2020-06-15T00:00:00Z"}, {"Country": "Belgium", "CountryCode": "", "Province": "", "City": "", "CityCode": "", "Lat": "0", "Lon": "0", "Confirmed": 60155, "Deaths": 9663, "Recovered": 16625, "Active": 33867, "Date": "2020-06-16T00:00:00Z"}, {"Country": "Belgium", "CountryCode": "", "Province": "", "City": "", "CityCode": "", "Lat": "0", "Lon": "0", "Confirmed": 60244, "Deaths": 9675, "Recovered": 16684, "Active": 33885, "Date": "2020-06-17T00:00:00Z"}, {"Country": "Belgium", "CountryCode": "", "Province": "", "City": "", "CityCode": "", "Lat": "0", "Lon": "0", "Confirmed": 60348, "Deaths": 9683, "Recovered": 16724, "Active": 33941, "Date": "2020-06-18T00:00:00Z"}, {"Country": "Belgium", "CountryCode": "", "Province": "", "City": "", "CityCode": "", "Lat": "0", "Lon": "0", "Confirmed": 60476, "Deaths": 9695, "Recovered": 16751, "Active": 34030, "Date": "2020-06-19T00:00:00Z"}, {"Country": "Belgium", "CountryCode": "", "Province": "", "City": "", "CityCode": "", "Lat": "0", "Lon": "0", "Confirmed": 60550, "Deaths": 9696, "Recovered": 16771, "Active": 34083, "Date": "2020-06-20T00:00:00Z"}, {"Country": "Belgium", "CountryCode": "", "Province": "", "City": "", "CityCode": "", "Lat": "0", "Lon": "0", "Confirmed": 60550, "Deaths": 9696, "Recovered": 16771, "Active": 34083, "Date": "2020-06-21T00:00:00Z"}, {"Country": "Belgium", "CountryCode": "", "Province": "", "City": "", "CityCode": "", "Lat": "0", "Lon": "0", "Confirmed": 60550, "Deaths": 9696, "Recovered": 16771, "Active": 34083, "Date": "2020-06-22T00:00:00Z"}, {"Country": "Belgium", "CountryCode": "", "Province": "", "City": "", "CityCode": "", "Lat": "0", "Lon": "0", "Confirmed": 60810, "Deaths": 9713, "Recovered": 16771, "Active": 34326, "Date": "2020-06-23T00:00:00Z"}, {"Country": "Belgium", "CountryCode": "", "Province": "", "City": "", "CityCode": "", "Lat": "0", "Lon": "0", "Confirmed": 60898, "Deaths": 9722, "Recovered": 16771, "Active": 34405, "Date": "2020-06-24T00:00:00Z"}, {"Country": "Belgium", "CountryCode": "", "Province": "", "City": "", "CityCode": "", "Lat": "0", "Lon": "0", "Confirmed": 61007, "Deaths": 9726, "Recovered": 16890, "Active": 34391, "Date": "2020-06-25T00:00:00Z"}, {"Country": "Belgium", "CountryCode": "", "Province": "", "City": "", "CityCode": "", "Lat": "0", "Lon": "0", "Confirmed": 61106, "Deaths": 9731, "Recovered": 16918, "Active": 34457, "Date": "2020-06-26T00:00:00Z"}, {"Country": "Belgium", "CountryCode": "", "Province": "", "City": "", "CityCode": "", "Lat": "0", "Lon": "0", "Confirmed": 61209, "Deaths": 9732, "Recovered": 16941, "Active": 34536, "Date": "2020-06-27T00:00:00Z"}, {"Country": "Belgium", "CountryCode": "", "Province": "", "City": "", "CityCode": "", "Lat": "0", "Lon": "0", "Confirmed": 61295, "Deaths": 9732, "Recovered": 16941, "Active": 34622, "Date": "2020-06-28T00:00:00Z"}, {"Country": "Belgium", "CountryCode": "", "Province": "", "City": "", "CityCode": "", "Lat": "0", "Lon": "0", "Confirmed": 61361, "Deaths": 9732, "Recovered": 16941, "Active": 34688, "Date": "2020-06-29T00:00:00Z"}, {"Country": "Belgium", "CountryCode": "", "Province": "", "City": "", "CityCode": "", "Lat": "0", "Lon": "0", "Confirmed": 61427, "Deaths": 9747, "Recovered": 16984, "Active": 34696, "Date": "2020-06-30T00:00:00Z"}, {"Country": "Belgium", "CountryCode": "", "Province": "", "City": "", "CityCode": "", "Lat": "0", "Lon": "0", "Confirmed": 61509, "Deaths": 9754, "Recovered": 17021, "Active": 34734, "Date": "2020-07-01T00:00:00Z"}, {"Country": "Belgium", "CountryCode": "", "Province": "", "City": "", "CityCode": "", "Lat": "0", "Lon": "0", "Confirmed": 61598, "Deaths": 9761, "Recovered": 17044, "Active": 34793, "Date": "2020-07-02T00:00:00Z"}, {"Country": "Belgium", "CountryCode": "", "Province": "", "City": "", "CityCode": "", "Lat": "0", "Lon": "0", "Confirmed": 61727, "Deaths": 9765, "Recovered": 17073, "Active": 34889, "Date": "2020-07-03T00:00:00Z"}, {"Country": "Belgium", "CountryCode": "", "Province": "", "City": "", "CityCode": "", "Lat": "0", "Lon": "0", "Confirmed": 61838, "Deaths": 9771, "Recovered": 17091, "Active": 34976, "Date": "2020-07-04T00:00:00Z"}, {"Country": "Belgium", "CountryCode": "", "Province": "", "City": "", "CityCode": "", "Lat": "0", "Lon": "0", "Confirmed": 62016, "Deaths": 9771, "Recovered": 17091, "Active": 35154, "Date": "2020-07-05T00:00:00Z"}, {"Country": "Belgium", "CountryCode": "", "Province": "", "City": "", "CityCode": "", "Lat": "0", "Lon": "0", "Confirmed": 62058, "Deaths": 9774, "Recovered": 17091, "Active": 35193, "Date": "2020-07-06T00:00:00Z"}, {"Country": "Belgium", "CountryCode": "", "Province": "", "City": "", "CityCode": "", "Lat": "0", "Lon": "0", "Confirmed": 62058, "Deaths": 9774, "Recovered": 17122, "Active": 35162, "Date": "2020-07-07T00:00:00Z"}, {"Country": "Belgium", "CountryCode": "", "Province": "", "City": "", "CityCode": "", "Lat": "0", "Lon": "0", "Confirmed": 62123, "Deaths": 9776, "Recovered": 17138, "Active": 35209, "Date": "2020-07-08T00:00:00Z"}, {"Country": "Belgium", "CountryCode": "", "Province": "", "City": "", "CityCode": "", "Lat": "0", "Lon": "0", "Confirmed": 62210, "Deaths": 9778, "Recovered": 17159, "Active": 35273, "Date": "2020-07-09T00:00:00Z"}, {"Country": "Belgium", "CountryCode": "", "Province": "", "City": "", "CityCode": "", "Lat": "0", "Lon": "0", "Confirmed": 62357, "Deaths": 9781, "Recovered": 17179, "Active": 35397, "Date": "2020-07-10T00:00:00Z"}, {"Country": "Belgium", "CountryCode": "", "Province": "", "City": "", "CityCode": "", "Lat": "0", "Lon": "0", "Confirmed": 62469, "Deaths": 9782, "Recovered": 17196, "Active": 35491, "Date": "2020-07-11T00:00:00Z"}, {"Country": "Belgium", "CountryCode": "", "Province": "", "City": "", "CityCode": "", "Lat": "0", "Lon": "0", "Confirmed": 62707, "Deaths": 9782, "Recovered": 17196, "Active": 35729, "Date": "2020-07-12T00:00:00Z"}, {"Country": "Belgium", "CountryCode": "", "Province": "", "City": "", "CityCode": "", "Lat": "0", "Lon": "0", "Confirmed": 62707, "Deaths": 9782, "Recovered": 17196, "Active": 35729, "Date": "2020-07-13T00:00:00Z"}, {"Country": "Belgium", "CountryCode": "", "Province": "", "City": "", "CityCode": "", "Lat": "0", "Lon": "0", "Confirmed": 62781, "Deaths": 9787, "Recovered": 17223, "Active": 35771, "Date": "2020-07-14T00:00:00Z"}, {"Country": "Belgium", "CountryCode": "", "Province": "", "City": "", "CityCode": "", "Lat": "0", "Lon": "0", "Confirmed": 62872, "Deaths": 9788, "Recovered": 17242, "Active": 35842, "Date": "2020-07-15T00:00:00Z"}, {"Country": "Belgium", "CountryCode": "", "Province": "", "City": "", "CityCode": "", "Lat": "0", "Lon": "0", "Confirmed": 63238, "Deaths": 9795, "Recovered": 17253, "Active": 36190, "Date": "2020-07-16T00:00:00Z"}, {"Country": "Belgium", "CountryCode": "", "Province": "", "City": "", "CityCode": "", "Lat": "0", "Lon": "0", "Confirmed": 63499, "Deaths": 9800, "Recovered": 17289, "Active": 36410, "Date": "2020-07-17T00:00:00Z"}, {"Country": "Belgium", "CountryCode": "", "Province": "", "City": "", "CityCode": "", "Lat": "0", "Lon": "0", "Confirmed": 63706, "Deaths": 9800, "Recovered": 17289, "Active": 36617, "Date": "2020-07-18T00:00:00Z"}, {"Country": "Belgium", "CountryCode": "", "Province": "", "City": "", "CityCode": "", "Lat": "0", "Lon": "0", "Confirmed": 63706, "Deaths": 9800, "Recovered": 17289, "Active": 36617, "Date": "2020-07-19T00:00:00Z"}, {"Country": "Belgium", "CountryCode": "", "Province": "", "City": "", "CityCode": "", "Lat": "0", "Lon": "0", "Confirmed": 64094, "Deaths": 9805, "Recovered": 17321, "Active": 36968, "Date": "2020-07-20T00:00:00Z"}, {"Country": "Belgium", "CountryCode": "", "Province": "", "City": "", "CityCode": "", "Lat": "0", "Lon": "0", "Confirmed": 64258, "Deaths": 9805, "Recovered": 17330, "Active": 37123, "Date": "2020-07-21T00:00:00Z"}, {"Country": "Belgium", "CountryCode": "", "Province": "", "City": "", "CityCode": "", "Lat": "0", "Lon": "0", "Confirmed": 64627, "Deaths": 9808, "Recovered": 17347, "Active": 37472, "Date": "2020-07-22T00:00:00Z"}, {"Country": "Belgium", "CountryCode": "", "Province": "", "City": "", "CityCode": "", "Lat": "0", "Lon": "0", "Confirmed": 64847, "Deaths": 9812, "Recovered": 17369, "Active": 37666, "Date": "2020-07-23T00:00:00Z"}, {"Country": "Belgium", "CountryCode": "", "Province": "", "City": "", "CityCode": "", "Lat": "0", "Lon": "0", "Confirmed": 65199, "Deaths": 9817, "Recovered": 17394, "Active": 37988, "Date": "2020-07-24T00:00:00Z"}, {"Country": "Belgium", "CountryCode": "", "Province": "", "City": "", "CityCode": "", "Lat": "0", "Lon": "0", "Confirmed": 65727, "Deaths": 9821, "Recovered": 17425, "Active": 38481, "Date": "2020-07-25T00:00:00Z"}, {"Country": "Belgium", "CountryCode": "", "Province": "", "City": "", "CityCode": "", "Lat": "0", "Lon": "0", "Confirmed": 66026, "Deaths": 9821, "Recovered": 17438, "Active": 38767, "Date": "2020-07-26T00:00:00Z"}, {"Country": "Belgium", "CountryCode": "", "Province": "", "City": "", "CityCode": "", "Lat": "0", "Lon": "0", "Confirmed": 66428, "Deaths": 9822, "Recovered": 17452, "Active": 39154, "Date": "2020-07-27T00:00:00Z"}, {"Country": "Belgium", "CountryCode": "", "Province": "", "City": "", "CityCode": "", "Lat": "0", "Lon": "0", "Confirmed": 66662, "Deaths": 9833, "Recovered": 17476, "Active": 39353, "Date": "2020-07-28T00:00:00Z"}, {"Country": "Belgium", "CountryCode": "", "Province": "", "City": "", "CityCode": "", "Lat": "0", "Lon": "0", "Confirmed": 67335, "Deaths": 9836, "Recovered": 17491, "Active": 40008, "Date": "2020-07-29T00:00:00Z"}, {"Country": "Belgium", "CountryCode": "", "Province": "", "City": "", "CityCode": "", "Lat": "0", "Lon": "0", "Confirmed": 68006, "Deaths": 9840, "Recovered": 17513, "Active": 40653, "Date": "2020-07-30T00:00:00Z"}, {"Country": "Belgium", "CountryCode": "", "Province": "", "City": "", "CityCode": "", "Lat": "0", "Lon": "0", "Confirmed": 68751, "Deaths": 9841, "Recovered": 17546, "Active": 41364, "Date": "2020-07-31T00:00:00Z"}, {"Country": "Belgium", "CountryCode": "", "Province": "", "City": "", "CityCode": "", "Lat": "0", "Lon": "0", "Confirmed": 69402, "Deaths": 9845, "Recovered": 17573, "Active": 41984, "Date": "2020-08-01T00:00:00Z"}, {"Country": "Belgium", "CountryCode": "", "Province": "", "City": "", "CityCode": "", "Lat": "0", "Lon": "0", "Confirmed": 69849, "Deaths": 9845, "Recovered": 17590, "Active": 42414, "Date": "2020-08-02T00:00:00Z"}, {"Country": "Belgium", "CountryCode": "", "Province": "", "City": "", "CityCode": "", "Lat": "0", "Lon": "0", "Confirmed": 70314, "Deaths": 9850, "Recovered": 17598, "Active": 42866, "Date": "2020-08-03T00:00:00Z"}, {"Country": "Belgium", "CountryCode": "", "Province": "", "City": "", "CityCode": "", "Lat": "0", "Lon": "0", "Confirmed": 70648, "Deaths": 9852, "Recovered": 17639, "Active": 43157, "Date": "2020-08-04T00:00:00Z"}, {"Country": "Belgium", "CountryCode": "", "Province": "", "City": "", "CityCode": "", "Lat": "0", "Lon": "0", "Confirmed": 71158, "Deaths": 9859, "Recovered": 17661, "Active": 43638, "Date": "2020-08-05T00:00:00Z"}, {"Country": "Belgium", "CountryCode": "", "Province": "", "City": "", "CityCode": "", "Lat": "0", "Lon": "0", "Confirmed": 72016, "Deaths": 9861, "Recovered": 17700, "Active": 44455, "Date": "2020-08-06T00:00:00Z"}, {"Country": "Belgium", "CountryCode": "", "Province": "", "City": "", "CityCode": "", "Lat": "0", "Lon": "0", "Confirmed": 72784, "Deaths": 9866, "Recovered": 17728, "Active": 45190, "Date": "2020-08-07T00:00:00Z"}, {"Country": "Belgium", "CountryCode": "", "Province": "", "City": "", "CityCode": "", "Lat": "0", "Lon": "0", "Confirmed": 73401, "Deaths": 9870, "Recovered": 17766, "Active": 45765, "Date": "2020-08-08T00:00:00Z"}, {"Country": "Belgium", "CountryCode": "", "Province": "", "City": "", "CityCode": "", "Lat": "0", "Lon": "0", "Confirmed": 74152, "Deaths": 9872, "Recovered": 17780, "Active": 46500, "Date": "2020-08-09T00:00:00Z"}, {"Country": "Belgium", "CountryCode": "", "Province": "", "City": "", "CityCode": "", "Lat": "0", "Lon": "0", "Confirmed": 74620, "Deaths": 9879, "Recovered": 17792, "Active": 46949, "Date": "2020-08-10T00:00:00Z"}, {"Country": "Belgium", "CountryCode": "", "Province": "", "City": "", "CityCode": "", "Lat": "0", "Lon": "0", "Confirmed": 75008, "Deaths": 9885, "Recovered": 17841, "Active": 47282, "Date": "2020-08-11T00:00:00Z"}, {"Country": "Belgium", "CountryCode": "", "Province": "", "City": "", "CityCode": "", "Lat": "0", "Lon": "0", "Confirmed": 75647, "Deaths": 9900, "Recovered": 17883, "Active": 47864, "Date": "2020-08-12T00:00:00Z"}, {"Country": "Belgium", "CountryCode": "", "Province": "", "City": "", "CityCode": "", "Lat": "0", "Lon": "0", "Confirmed": 76191, "Deaths": 9916, "Recovered": 17913, "Active": 48362, "Date": "2020-08-13T00:00:00Z"}, {"Country": "Belgium", "CountryCode": "", "Province": "", "City": "", "CityCode": "", "Lat": "0", "Lon": "0", "Confirmed": 77113, "Deaths": 9924, "Recovered": 17941, "Active": 49248, "Date": "2020-08-14T00:00:00Z"}, {"Country": "Belgium", "CountryCode": "", "Province": "", "City": "", "CityCode": "", "Lat": "0", "Lon": "0", "Confirmed": 77869, "Deaths": 9935, "Recovered": 17981, "Active": 49953, "Date": "2020-08-15T00:00:00Z"}, {"Country": "Belgium", "CountryCode": "", "Province": "", "City": "", "CityCode": "", "Lat": "0", "Lon": "0", "Confirmed": 78323, "Deaths": 9939, "Recovered": 17994, "Active": 50390, "Date": "2020-08-16T00:00:00Z"}, {"Country": "Belgium", "CountryCode": "", "Province": "", "City": "", "CityCode": "", "Lat": "0", "Lon": "0", "Confirmed": 78534, "Deaths": 9944, "Recovered": 18003, "Active": 50587, "Date": "2020-08-17T00:00:00Z"}, {"Country": "Belgium", "CountryCode": "", "Province": "", "City": "", "CityCode": "", "Lat": "0", "Lon": "0", "Confirmed": 78897, "Deaths": 9959, "Recovered": 18048, "Active": 50890, "Date": "2020-08-18T00:00:00Z"}, {"Country": "Belgium", "CountryCode": "", "Province": "", "City": "", "CityCode": "", "Lat": "0", "Lon": "0", "Confirmed": 79479, "Deaths": 9969, "Recovered": 18078, "Active": 51432, "Date": "2020-08-19T00:00:00Z"}, {"Country": "Belgium", "CountryCode": "", "Province": "", "City": "", "CityCode": "", "Lat": "0", "Lon": "0", "Confirmed": 80178, "Deaths": 9976, "Recovered": 18131, "Active": 52071, "Date": "2020-08-20T00:00:00Z"}, {"Country": "Belgium", "CountryCode": "", "Province": "", "City": "", "CityCode": "", "Lat": "0", "Lon": "0", "Confirmed": 80894, "Deaths": 9985, "Recovered": 18165, "Active": 52744, "Date": "2020-08-21T00:00:00Z"}, {"Country": "Belgium", "CountryCode": "", "Province": "", "City": "", "CityCode": "", "Lat": "0", "Lon": "0", "Confirmed": 81468, "Deaths": 9988, "Recovered": 18204, "Active": 53276, "Date": "2020-08-22T00:00:00Z"}, {"Country": "Belgium", "CountryCode": "", "Province": "", "City": "", "CityCode": "", "Lat": "0", "Lon": "0", "Confirmed": 81936, "Deaths": 9992, "Recovered": 18225, "Active": 53719, "Date": "2020-08-23T00:00:00Z"}, {"Country": "Belgium", "CountryCode": "", "Province": "", "City": "", "CityCode": "", "Lat": "0", "Lon": "0", "Confirmed": 82092, "Deaths": 9996, "Recovered": 18242, "Active": 53854, "Date": "2020-08-24T00:00:00Z"}, {"Country": "Belgium", "CountryCode": "", "Province": "", "City": "", "CityCode": "", "Lat": "0", "Lon": "0", "Confirmed": 82447, "Deaths": 9996, "Recovered": 18291, "Active": 54160, "Date": "2020-08-25T00:00:00Z"}, {"Country": "Belgium", "CountryCode": "", "Province": "", "City": "", "CityCode": "", "Lat": "0", "Lon": "0", "Confirmed": 83030, "Deaths": 9879, "Recovered": 18331, "Active": 54820, "Date": "2020-08-26T00:00:00Z"}, {"Country": "Belgium", "CountryCode": "", "Province": "", "City": "", "CityCode": "", "Lat": "0", "Lon": "0", "Confirmed": 83500, "Deaths": 9884, "Recovered": 18360, "Active": 55256, "Date": "2020-08-27T00:00:00Z"}, {"Country": "Belgium", "CountryCode": "", "Province": "", "City": "", "CityCode": "", "Lat": "0", "Lon": "0", "Confirmed": 83952, "Deaths": 9886, "Recovered": 18360, "Active": 55706, "Date": "2020-08-28T00:00:00Z"}, {"Country": "Belgium", "CountryCode": "", "Province": "", "City": "", "CityCode": "", "Lat": "0", "Lon": "0", "Confirmed": 84599, "Deaths": 9891, "Recovered": 18403, "Active": 56305, "Date": "2020-08-29T00:00:00Z"}, {"Country": "Belgium", "CountryCode": "", "Province": "", "City": "", "CityCode": "", "Lat": "0", "Lon": "0", "Confirmed": 85042, "Deaths": 9894, "Recovered": 18415, "Active": 56733, "Date": "2020-08-30T00:00:00Z"}, {"Country": "Belgium", "CountryCode": "", "Province": "", "City": "", "CityCode": "", "Lat": "0", "Lon": "0", "Confirmed": 85236, "Deaths": 9895, "Recovered": 18422, "Active": 56919, "Date": "2020-08-31T00:00:00Z"}, {"Country": "Belgium", "CountryCode": "", "Province": "", "City": "", "CityCode": "", "Lat": "0", "Lon": "0", "Confirmed": 85487, "Deaths": 9897, "Recovered": 18457, "Active": 57133, "Date": "2020-09-01T00:00:00Z"}, {"Country": "Belgium", "CountryCode": "", "Province": "", "City": "", "CityCode": "", "Lat": "0", "Lon": "0", "Confirmed": 85911, "Deaths": 9898, "Recovered": 18490, "Active": 57523, "Date": "2020-09-02T00:00:00Z"}, {"Country": "Belgium", "CountryCode": "", "Province": "", "City": "", "CityCode": "", "Lat": "0", "Lon": "0", "Confirmed": 86544, "Deaths": 9899, "Recovered": 18513, "Active": 58132, "Date": "2020-09-03T00:00:00Z"}, {"Country": "Belgium", "CountryCode": "", "Province": "", "City": "", "CityCode": "", "Lat": "0", "Lon": "0", "Confirmed": 87174, "Deaths": 9901, "Recovered": 18534, "Active": 58739, "Date": "2020-09-04T00:00:00Z"}, {"Country": "Belgium", "CountryCode": "", "Province": "", "City": "", "CityCode": "", "Lat": "0", "Lon": "0", "Confirmed": 87825, "Deaths": 9906, "Recovered": 18555, "Active": 59364, "Date": "2020-09-05T00:00:00Z"}, {"Country": "Belgium", "CountryCode": "", "Province": "", "City": "", "CityCode": "", "Lat": "0", "Lon": "0", "Confirmed": 88367, "Deaths": 9907, "Recovered": 18565, "Active": 59895, "Date": "2020-09-06T00:00:00Z"}, {"Country": "Belgium", "CountryCode": "", "Province": "", "City": "", "CityCode": "", "Lat": "0", "Lon": "0", "Confirmed": 88769, "Deaths": 9909, "Recovered": 18576, "Active": 60284, "Date": "2020-09-07T00:00:00Z"}, {"Country": "Belgium", "CountryCode": "", "Province": "", "City": "", "CityCode": "", "Lat": "0", "Lon": "0", "Confirmed": 89141, "Deaths": 9912, "Recovered": 18602, "Active": 60627, "Date": "2020-09-08T00:00:00Z"}, {"Country": "Belgium", "CountryCode": "", "Province": "", "City": "", "CityCode": "", "Lat": "0", "Lon": "0", "Confirmed": 89691, "Deaths": 9917, "Recovered": 18635, "Active": 61139, "Date": "2020-09-09T00:00:00Z"}, {"Country": "Belgium", "CountryCode": "", "Province": "", "City": "", "CityCode": "", "Lat": "0", "Lon": "0", "Confirmed": 90568, "Deaths": 9917, "Recovered": 18659, "Active": 61992, "Date": "2020-09-10T00:00:00Z"}, {"Country": "Belgium", "CountryCode": "", "Province": "", "City": "", "CityCode": "", "Lat": "0", "Lon": "0", "Confirmed": 91537, "Deaths": 9919, "Recovered": 18689, "Active": 62929, "Date": "2020-09-11T00:00:00Z"}, {"Country": "Belgium", "CountryCode": "", "Province": "", "City": "", "CityCode": "", "Lat": "0", "Lon": "0", "Confirmed": 92478, "Deaths": 9923, "Recovered": 18709, "Active": 63846, "Date": "2020-09-12T00:00:00Z"}, {"Country": "Belgium", "CountryCode": "", "Province": "", "City": "", "CityCode": "", "Lat": "0", "Lon": "0", "Confirmed": 93455, "Deaths": 9925, "Recovered": 18723, "Active": 64807, "Date": "2020-09-13T00:00:00Z"}, {"Country": "Belgium", "CountryCode": "", "Province": "", "City": "", "CityCode": "", "Lat": "0", "Lon": "0", "Confirmed": 94306, "Deaths": 9927, "Recovered": 18737, "Active": 65642, "Date": "2020-09-14T00:00:00Z"}, {"Country": "Belgium", "CountryCode": "", "Province": "", "City": "", "CityCode": "", "Lat": "0", "Lon": "0", "Confirmed": 94795, "Deaths": 9930, "Recovered": 18789, "Active": 66076, "Date": "2020-09-15T00:00:00Z"}, {"Country": "Belgium", "CountryCode": "", "Province": "", "City": "", "CityCode": "", "Lat": "0", "Lon": "0", "Confirmed": 95948, "Deaths": 9935, "Recovered": 18810, "Active": 67203, "Date": "2020-09-16T00:00:00Z"}, {"Country": "Belgium", "CountryCode": "", "Province": "", "City": "", "CityCode": "", "Lat": "0", "Lon": "0", "Confirmed": 97976, "Deaths": 9936, "Recovered": 18854, "Active": 69186, "Date": "2020-09-17T00:00:00Z"}, {"Country": "Belgium", "CountryCode": "", "Province": "", "City": "", "CityCode": "", "Lat": "0", "Lon": "0", "Confirmed": 99649, "Deaths": 9937, "Recovered": 18908, "Active": 70804, "Date": "2020-09-18T00:00:00Z"}, {"Country": "Belgium", "CountryCode": "", "Province": "", "City": "", "CityCode": "", "Lat": "0", "Lon": "0", "Confirmed": 100748, "Deaths": 9944, "Recovered": 18945, "Active": 71859, "Date": "2020-09-19T00:00:00Z"}, {"Country": "Belgium", "CountryCode": "", "Province": "", "City": "", "CityCode": "", "Lat": "0", "Lon": "0", "Confirmed": 102295, "Deaths": 9948, "Recovered": 18965, "Active": 73382, "Date": "2020-09-20T00:00:00Z"}, {"Country": "Belgium", "CountryCode": "", "Province": "", "City": "", "CityCode": "", "Lat": "0", "Lon": "0", "Confirmed": 103392, "Deaths": 9950, "Recovered": 18977, "Active": 74465, "Date": "2020-09-21T00:00:00Z"}, {"Country": "Belgium", "CountryCode": "", "Province": "", "City": "", "CityCode": "", "Lat": "0", "Lon": "0", "Confirmed": 105226, "Deaths": 9955, "Recovered": 19039, "Active": 76232, "Date": "2020-09-22T00:00:00Z"}, {"Country": "Belgium", "CountryCode": "", "Province": "", "City": "", "CityCode": "", "Lat": "0", "Lon": "0", "Confirmed": 106887, "Deaths": 9959, "Recovered": 19079, "Active": 77849, "Date": "2020-09-23T00:00:00Z"}, {"Country": "Belgium", "CountryCode": "", "Province": "", "City": "", "CityCode": "", "Lat": "0", "Lon": "0", "Confirmed": 108768, "Deaths": 9965, "Recovered": 19123, "Active": 79680, "Date": "2020-09-24T00:00:00Z"}, {"Country": "Belgium", "CountryCode": "", "Province": "", "City": "", "CityCode": "", "Lat": "0", "Lon": "0", "Confirmed": 110976, "Deaths": 9969, "Recovered": 19184, "Active": 81823, "Date": "2020-09-25T00:00:00Z"}, {"Country": "Belgium", "CountryCode": "", "Province": "", "City": "", "CityCode": "", "Lat": "0", "Lon": "0", "Confirmed": 112803, "Deaths": 9974, "Recovered": 19246, "Active": 83583, "Date": "2020-09-26T00:00:00Z"}, {"Country": "Belgium", "CountryCode": "", "Province": "", "City": "", "CityCode": "", "Lat": "0", "Lon": "0", "Confirmed": 114179, "Deaths": 9980, "Recovered": 19275, "Active": 84924, "Date": "2020-09-27T00:00:00Z"}, {"Country": "Belgium", "CountryCode": "", "Province": "", "City": "", "CityCode": "", "Lat": "0", "Lon": "0", "Confirmed": 115353, "Deaths": 9987, "Recovered": 19301, "Active": 86065, "Date": "2020-09-28T00:00:00Z"}, {"Country": "Belgium", "CountryCode": "", "Province": "", "City": "", "CityCode": "", "Lat": "0", "Lon": "0", "Confirmed": 117115, "Deaths": 10001, "Recovered": 19386, "Active": 87728, "Date": "2020-09-29T00:00:00Z"}, {"Country": "Belgium", "CountryCode": "", "Province": "", "City": "", "CityCode": "", "Lat": "0", "Lon": "0", "Confirmed": 118452, "Deaths": 10016, "Recovered": 19454, "Active": 88982, "Date": "2020-09-30T00:00:00Z"}, {"Country": "Belgium", "CountryCode": "", "Province": "", "City": "", "CityCode": "", "Lat": "0", "Lon": "0", "Confirmed": 121059, "Deaths": 10023, "Recovered": 19521, "Active": 91515, "Date": "2020-10-01T00:00:00Z"}, {"Country": "Belgium", "CountryCode": "", "Province": "", "City": "", "CityCode": "", "Lat": "0", "Lon": "0", "Confirmed": 124234, "Deaths": 10037, "Recovered": 19521, "Active": 94676, "Date": "2020-10-02T00:00:00Z"}, {"Country": "Belgium", "CountryCode": "", "Province": "", "City": "", "CityCode": "", "Lat": "0", "Lon": "0", "Confirmed": 127623, "Deaths": 10044, "Recovered": 19645, "Active": 97934, "Date": "2020-10-03T00:00:00Z"}, {"Country": "Belgium", "CountryCode": "", "Province": "", "City": "", "CityCode": "", "Lat": "0", "Lon": "0", "Confirmed": 130235, "Deaths": 10064, "Recovered": 19679, "Active": 100492, "Date": "2020-10-04T00:00:00Z"}, {"Country": "Belgium", "CountryCode": "", "Province": "", "City": "", "CityCode": "", "Lat": "0", "Lon": "0", "Confirmed": 132203, "Deaths": 10078, "Recovered": 19712, "Active": 102413, "Date": "2020-10-05T00:00:00Z"}, {"Country": "Belgium", "CountryCode": "", "Province": "", "City": "", "CityCode": "", "Lat": "0", "Lon": "0", "Confirmed": 134291, "Deaths": 10092, "Recovered": 19812, "Active": 104387, "Date": "2020-10-06T00:00:00Z"}, {"Country": "Belgium", "CountryCode": "", "Province": "", "City": "", "CityCode": "", "Lat": "0", "Lon": "0", "Confirmed": 137868, "Deaths": 10108, "Recovered": 19895, "Active": 107865, "Date": "2020-10-07T00:00:00Z"}, {"Country": "Belgium", "CountryCode": "", "Province": "", "City": "", "CityCode": "", "Lat": "0", "Lon": "0", "Confirmed": 143596, "Deaths": 10126, "Recovered": 19981, "Active": 113489, "Date": "2020-10-08T00:00:00Z"}, {"Country": "Belgium", "CountryCode": "", "Province": "", "City": "", "CityCode": "", "Lat": "0", "Lon": "0", "Confirmed": 148981, "Deaths": 10151, "Recovered": 20072, "Active": 118758, "Date": "2020-10-09T00:00:00Z"}, {"Country": "Belgium", "CountryCode": "", "Province": "", "City": "", "CityCode": "", "Lat": "0", "Lon": "0", "Confirmed": 156931, "Deaths": 10175, "Recovered": 20202, "Active": 126554, "Date": "2020-10-10T00:00:00Z"}, {"Country": "Belgium", "CountryCode": "", "Province": "", "City": "", "CityCode": "", "Lat": "0", "Lon": "0", "Confirmed": 162258, "Deaths": 10191, "Recovered": 20272, "Active": 131795, "Date": "2020-10-11T00:00:00Z"}, {"Country": "Belgium", "CountryCode": "", "Province": "", "City": "", "CityCode": "", "Lat": "0", "Lon": "0", "Confirmed": 165880, "Deaths": 10211, "Recovered": 20324, "Active": 135345, "Date": "2020-10-12T00:00:00Z"}, {"Country": "Belgium", "CountryCode": "", "Province": "", "City": "", "CityCode": "", "Lat": "0", "Lon": "0", "Confirmed": 173240, "Deaths": 10244, "Recovered": 20452, "Active": 142544, "Date": "2020-10-13T00:00:00Z"}, {"Country": "Belgium", "CountryCode": "", "Province": "", "City": "", "CityCode": "", "Lat": "0", "Lon": "0", "Confirmed": 181511, "Deaths": 10278, "Recovered": 20587, "Active": 150646, "Date": "2020-10-14T00:00:00Z"}, {"Country": "Belgium", "CountryCode": "", "Province": "", "City": "", "CityCode": "", "Lat": "0", "Lon": "0", "Confirmed": 191959, "Deaths": 10327, "Recovered": 20720, "Active": 160912, "Date": "2020-10-15T00:00:00Z"}, {"Country": "Belgium", "CountryCode": "", "Province": "", "City": "", "CityCode": "", "Lat": "0", "Lon": "0", "Confirmed": 202151, "Deaths": 10359, "Recovered": 20867, "Active": 170925, "Date": "2020-10-16T00:00:00Z"}, {"Country": "Belgium", "CountryCode": "", "Province": "", "City": "", "CityCode": "", "Lat": "0", "Lon": "0", "Confirmed": 213115, "Deaths": 10392, "Recovered": 21074, "Active": 181649, "Date": "2020-10-17T00:00:00Z"}, {"Country": "Belgium", "CountryCode": "", "Province": "", "City": "", "CityCode": "", "Lat": "0", "Lon": "0", "Confirmed": 222253, "Deaths": 10413, "Recovered": 21157, "Active": 190683, "Date": "2020-10-18T00:00:00Z"}, {"Country": "Belgium", "CountryCode": "", "Province": "", "City": "", "CityCode": "", "Lat": "0", "Lon": "0", "Confirmed": 230480, "Deaths": 10443, "Recovered": 21214, "Active": 198823, "Date": "2020-10-19T00:00:00Z"}, {"Country": "Belgium", "CountryCode": "", "Province": "", "City": "", "CityCode": "", "Lat": "0", "Lon": "0", "Confirmed": 240159, "Deaths": 10489, "Recovered": 21476, "Active": 208194, "Date": "2020-10-20T00:00:00Z"}, {"Country": "Belgium", "CountryCode": "", "Province": "", "City": "", "CityCode": "", "Lat": "0", "Lon": "0", "Confirmed": 253386, "Deaths": 10539, "Recovered": 21717, "Active": 221130, "Date": "2020-10-21T00:00:00Z"}, {"Country": "Belgium", "CountryCode": "", "Province": "", "City": "", "CityCode": "", "Lat": "0", "Lon": "0", "Confirmed": 270132, "Deaths": 10588, "Recovered": 22213, "Active": 237331, "Date": "2020-10-22T00:00:00Z"}, {"Country": "Belgium", "CountryCode": "", "Province": "", "City": "", "CityCode": "", "Lat": "0", "Lon": "0", "Confirmed": 287700, "Deaths": 10658, "Recovered": 22517, "Active": 254525, "Date": "2020-10-23T00:00:00Z"}, {"Country": "Belgium", "CountryCode": "", "Province": "", "City": "", "CityCode": "", "Lat": "0", "Lon": "0", "Confirmed": 305409, "Deaths": 10737, "Recovered": 22878, "Active": 271794, "Date": "2020-10-24T00:00:00Z"}, {"Country": "Belgium", "CountryCode": "", "Province": "", "City": "", "CityCode": "", "Lat": "0", "Lon": "0", "Confirmed": 321031, "Deaths": 10810, "Recovered": 23087, "Active": 287134, "Date": "2020-10-25T00:00:00Z"}, {"Country": "Belgium", "CountryCode": "", "Province": "", "City": "", "CityCode": "", "Lat": "0", "Lon": "0", "Confirmed": 333718, "Deaths": 10899, "Recovered": 23087, "Active": 299732, "Date": "2020-10-26T00:00:00Z"}, {"Country": "Belgium", "CountryCode": "", "Province": "", "City": "", "CityCode": "", "Lat": "0", "Lon": "0", "Confirmed": 347289, "Deaths": 11038, "Recovered": 23035, "Active": 313216, "Date": "2020-10-27T00:00:00Z"}, {"Country": "Belgium", "CountryCode": "", "Province": "", "City": "", "CityCode": "", "Lat": "0", "Lon": "0", "Confirmed": 368337, "Deaths": 11170, "Recovered": 23969, "Active": 333198, "Date": "2020-10-28T00:00:00Z"}, {"Country": "Belgium", "CountryCode": "", "Province": "", "City": "", "CityCode": "", "Lat": "0", "Lon": "0", "Confirmed": 392258, "Deaths": 11308, "Recovered": 24443, "Active": 356507, "Date": "2020-10-29T00:00:00Z"}, {"Country": "Belgium", "CountryCode": "", "Province": "", "City": "", "CityCode": "", "Lat": "0", "Lon": "0", "Confirmed": 412314, "Deaths": 11452, "Recovered": 24906, "Active": 375956, "Date": "2020-10-30T00:00:00Z"}, {"Country": "Belgium", "CountryCode": "", "Province": "", "City": "", "CityCode": "", "Lat": "0", "Lon": "0", "Confirmed": 429229, "Deaths": 11625, "Recovered": 25569, "Active": 392035, "Date": "2020-10-31T00:00:00Z"}, {"Country": "Belgium", "CountryCode": "", "Province": "", "City": "", "CityCode": "", "Lat": "0", "Lon": "0", "Confirmed": 441018, "Deaths": 11737, "Recovered": 25819, "Active": 403462, "Date": "2020-11-01T00:00:00Z"}, {"Country": "Belgium", "CountryCode": "", "Province": "", "City": "", "CityCode": "", "Lat": "0", "Lon": "0", "Confirmed": 447355, "Deaths": 11858, "Recovered": 25999, "Active": 409498, "Date": "2020-11-02T00:00:00Z"}, {"Country": "Belgium", "CountryCode": "", "Province": "", "City": "", "CityCode": "", "Lat": "0", "Lon": "0", "Confirmed": 452541, "Deaths": 12126, "Recovered": 26661, "Active": 413754, "Date": "2020-11-03T00:00:00Z"}, {"Country": "Belgium", "CountryCode": "", "Province": "", "City": "", "CityCode": "", "Lat": "0", "Lon": "0", "Confirmed": 468213, "Deaths": 12331, "Recovered": 27334, "Active": 428548, "Date": "2020-11-04T00:00:00Z"}, {"Country": "Belgium", "CountryCode": "", "Province": "", "City": "", "CityCode": "", "Lat": "0", "Lon": "0", "Confirmed": 479341, "Deaths": 12520, "Recovered": 27987, "Active": 438834, "Date": "2020-11-05T00:00:00Z"}, {"Country": "Belgium", "CountryCode": "", "Province": "", "City": "", "CityCode": "", "Lat": "0", "Lon": "0", "Confirmed": 488044, "Deaths": 12708, "Recovered": 28613, "Active": 446723, "Date": "2020-11-06T00:00:00Z"}, {"Country": "Belgium", "CountryCode": "", "Province": "", "City": "", "CityCode": "", "Lat": "0", "Lon": "0", "Confirmed": 494168, "Deaths": 12907, "Recovered": 29357, "Active": 451904, "Date": "2020-11-07T00:00:00Z"}, {"Country": "Belgium", "CountryCode": "", "Province": "", "City": "", "CityCode": "", "Lat": "0", "Lon": "0", "Confirmed": 500789, "Deaths": 13055, "Recovered": 29651, "Active": 458083, "Date": "2020-11-08T00:00:00Z"}, {"Country": "Belgium", "CountryCode": "", "Province": "", "City": "", "CityCode": "", "Lat": "0", "Lon": "0", "Confirmed": 503182, "Deaths": 13216, "Recovered": 29796, "Active": 460170, "Date": "2020-11-09T00:00:00Z"}, {"Country": "Belgium", "CountryCode": "", "Province": "", "City": "", "CityCode": "", "Lat": "0", "Lon": "0", "Confirmed": 507475, "Deaths": 13561, "Recovered": 30504, "Active": 463410, "Date": "2020-11-10T00:00:00Z"}, {"Country": "Belgium", "CountryCode": "", "Province": "", "City": "", "CityCode": "", "Lat": "0", "Lon": "0", "Confirmed": 515391, "Deaths": 13758, "Recovered": 31130, "Active": 470503, "Date": "2020-11-11T00:00:00Z"}, {"Country": "Belgium", "CountryCode": "", "Province": "", "City": "", "CityCode": "", "Lat": "0", "Lon": "0", "Confirmed": 520393, "Deaths": 13891, "Recovered": 0, "Active": 506502, "Date": "2020-11-12T00:00:00Z"}, {"Country": "Belgium", "CountryCode": "", "Province": "", "City": "", "CityCode": "", "Lat": "0", "Lon": "0", "Confirmed": 525012, "Deaths": 14106, "Recovered": 0, "Active": 510906, "Date": "2020-11-13T00:00:00Z"}, {"Country": "Belgium", "CountryCode": "", "Province": "", "City": "", "CityCode": "", "Lat": "0", "Lon": "0", "Confirmed": 531280, "Deaths": 14303, "Recovered": 0, "Active": 516977, "Date": "2020-11-14T00:00:00Z"}, {"Country": "Belgium", "CountryCode": "", "Province": "", "City": "", "CityCode": "", "Lat": "0", "Lon": "0", "Confirmed": 535939, "Deaths": 14421, "Recovered": 0, "Active": 521518, "Date": "2020-11-15T00:00:00Z"}, {"Country": "Belgium", "CountryCode": "", "Province": "", "City": "", "CityCode": "", "Lat": "0", "Lon": "0", "Confirmed": 537871, "Deaths": 14616, "Recovered": 0, "Active": 523255, "Date": "2020-11-16T00:00:00Z"}, {"Country": "Belgium", "CountryCode": "", "Province": "", "City": "", "CityCode": "", "Lat": "0", "Lon": "0", "Confirmed": 540605, "Deaths": 14839, "Recovered": 0, "Active": 525766, "Date": "2020-11-17T00:00:00Z"}, {"Country": "Belgium", "CountryCode": "", "Province": "", "City": "", "CityCode": "", "Lat": "0", "Lon": "0", "Confirmed": 545787, "Deaths": 15025, "Recovered": 0, "Active": 530762, "Date": "2020-11-18T00:00:00Z"}, {"Country": "Belgium", "CountryCode": "", "Province": "", "City": "", "CityCode": "", "Lat": "0", "Lon": "0", "Confirmed": 550264, "Deaths": 15196, "Recovered": 0, "Active": 535068, "Date": "2020-11-19T00:00:00Z"}, {"Country": "Belgium", "CountryCode": "", "Province": "", "City": "", "CityCode": "", "Lat": "0", "Lon": "0", "Confirmed": 553680, "Deaths": 15352, "Recovered": 0, "Active": 538328, "Date": "2020-11-20T00:00:00Z"}, {"Country": "Belgium", "CountryCode": "", "Province": "", "City": "", "CityCode": "", "Lat": "0", "Lon": "0", "Confirmed": 556904, "Deaths": 15522, "Recovered": 0, "Active": 541382, "Date": "2020-11-21T00:00:00Z"}, {"Country": "Belgium", "CountryCode": "", "Province": "", "City": "", "CityCode": "", "Lat": "0", "Lon": "0", "Confirmed": 558779, "Deaths": 15618, "Recovered": 0, "Active": 543161, "Date": "2020-11-22T00:00:00Z"}, {"Country": "Belgium", "CountryCode": "", "Province": "", "City": "", "CityCode": "", "Lat": "0", "Lon": "0", "Confirmed": 559902, "Deaths": 15755, "Recovered": 0, "Active": 544147, "Date": "2020-11-23T00:00:00Z"}, {"Country": "Belgium", "CountryCode": "", "Province": "", "City": "", "CityCode": "", "Lat": "0", "Lon": "0", "Confirmed": 561803, "Deaths": 15938, "Recovered": 0, "Active": 545865, "Date": "2020-11-24T00:00:00Z"}, {"Country": "Belgium", "CountryCode": "", "Province": "", "City": "", "CityCode": "", "Lat": "0", "Lon": "0", "Confirmed": 564967, "Deaths": 16077, "Recovered": 0, "Active": 548890, "Date": "2020-11-25T00:00:00Z"}, {"Country": "Belgium", "CountryCode": "", "Province": "", "City": "", "CityCode": "", "Lat": "0", "Lon": "0", "Confirmed": 567532, "Deaths": 16219, "Recovered": 0, "Active": 551313, "Date": "2020-11-26T00:00:00Z"}, {"Country": "Belgium", "CountryCode": "", "Province": "", "City": "", "CityCode": "", "Lat": "0", "Lon": "0", "Confirmed": 570829, "Deaths": 16339, "Recovered": 0, "Active": 554490, "Date": "2020-11-27T00:00:00Z"}, {"Country": "Belgium", "CountryCode": "", "Province": "", "City": "", "CityCode": "", "Lat": "0", "Lon": "0", "Confirmed": 574448, "Deaths": 16461, "Recovered": 0, "Active": 557987, "Date": "2020-11-28T00:00:00Z"}, {"Country": "Belgium", "CountryCode": "", "Province": "", "City": "", "CityCode": "", "Lat": "0", "Lon": "0", "Confirmed": 576599, "Deaths": 16547, "Recovered": 0, "Active": 560052, "Date": "2020-11-29T00:00:00Z"}, {"Country": "Belgium", "CountryCode": "", "Province": "", "City": "", "CityCode": "", "Lat": "0", "Lon": "0", "Confirmed": 577345, "Deaths": 16645, "Recovered": 0, "Active": 560700, "Date": "2020-11-30T00:00:00Z"}, {"Country": "Belgium", "CountryCode": "", "Province": "", "City": "", "CityCode": "", "Lat": "0", "Lon": "0", "Confirmed": 579212, "Deaths": 16786, "Recovered": 0, "Active": 562426, "Date": "2020-12-01T00:00:00Z"}, {"Country": "Belgium", "CountryCode": "", "Province": "", "City": "", "CityCode": "", "Lat": "0", "Lon": "0", "Confirmed": 582252, "Deaths": 16911, "Recovered": 0, "Active": 565341, "Date": "2020-12-02T00:00:00Z"}, {"Country": "Belgium", "CountryCode": "", "Province": "", "City": "", "CityCode": "", "Lat": "0", "Lon": "0", "Confirmed": 584857, "Deaths": 17033, "Recovered": 0, "Active": 567824, "Date": "2020-12-03T00:00:00Z"}, {"Country": "Belgium", "CountryCode": "", "Province": "", "City": "", "CityCode": "", "Lat": "0", "Lon": "0", "Confirmed": 587439, "Deaths": 17142, "Recovered": 0, "Active": 570297, "Date": "2020-12-04T00:00:00Z"}, {"Country": "Belgium", "CountryCode": "", "Province": "", "City": "", "CityCode": "", "Lat": "0", "Lon": "0", "Confirmed": 589942, "Deaths": 17254, "Recovered": 0, "Active": 572688, "Date": "2020-12-05T00:00:00Z"}, {"Country": "Belgium", "CountryCode": "", "Province": "", "City": "", "CityCode": "", "Lat": "0", "Lon": "0", "Confirmed": 591756, "Deaths": 17320, "Recovered": 0, "Active": 574436, "Date": "2020-12-06T00:00:00Z"}, {"Country": "Belgium", "CountryCode": "", "Province": "", "City": "", "CityCode": "", "Lat": "0", "Lon": "0", "Confirmed": 592615, "Deaths": 17386, "Recovered": 0, "Active": 575229, "Date": "2020-12-07T00:00:00Z"}, {"Country": "Belgium", "CountryCode": "", "Province": "", "City": "", "CityCode": "", "Lat": "0", "Lon": "0", "Confirmed": 594572, "Deaths": 17507, "Recovered": 0, "Active": 577065, "Date": "2020-12-08T00:00:00Z"}, {"Country": "Belgium", "CountryCode": "", "Province": "", "City": "", "CityCode": "", "Lat": "0", "Lon": "0", "Confirmed": 597643, "Deaths": 17603, "Recovered": 0, "Active": 580040, "Date": "2020-12-09T00:00:00Z"}, {"Country": "Belgium", "CountryCode": "", "Province": "", "City": "", "CityCode": "", "Lat": "0", "Lon": "0", "Confirmed": 600397, "Deaths": 17692, "Recovered": 0, "Active": 582705, "Date": "2020-12-10T00:00:00Z"}, {"Country": "Belgium", "CountryCode": "", "Province": "", "City": "", "CityCode": "", "Lat": "0", "Lon": "0", "Confirmed": 600397, "Deaths": 17692, "Recovered": 0, "Active": 582705, "Date": "2020-12-11T00:00:00Z"}, {"Country": "Belgium", "CountryCode": "", "Province": "", "City": "", "CityCode": "", "Lat": "0", "Lon": "0", "Confirmed": 603159, "Deaths": 17792, "Recovered": 0, "Active": 585367, "Date": "2020-12-12T00:00:00Z"}, {"Country": "Belgium", "CountryCode": "", "Province": "", "City": "", "CityCode": "", "Lat": "0", "Lon": "0", "Confirmed": 608137, "Deaths": 17951, "Recovered": 0, "Active": 590186, "Date": "2020-12-13T00:00:00Z"}, {"Country": "Belgium", "CountryCode": "", "Province": "", "City": "", "CityCode": "", "Lat": "0", "Lon": "0", "Confirmed": 609211, "Deaths": 18054, "Recovered": 0, "Active": 591157, "Date": "2020-12-14T00:00:00Z"}, {"Country": "Belgium", "CountryCode": "", "Province": "", "City": "", "CityCode": "", "Lat": "0", "Lon": "0", "Confirmed": 611422, "Deaths": 18178, "Recovered": 0, "Active": 593244, "Date": "2020-12-15T00:00:00Z"}, {"Country": "Belgium", "CountryCode": "", "Province": "", "City": "", "CityCode": "", "Lat": "0", "Lon": "0", "Confirmed": 615058, "Deaths": 18278, "Recovered": 0, "Active": 596780, "Date": "2020-12-16T00:00:00Z"}, {"Country": "Belgium", "CountryCode": "", "Province": "", "City": "", "CityCode": "", "Lat": "0", "Lon": "0", "Confirmed": 618204, "Deaths": 18371, "Recovered": 0, "Active": 599833, "Date": "2020-12-17T00:00:00Z"}, {"Country": "Belgium", "CountryCode": "", "Province": "", "City": "", "CityCode": "", "Lat": "0", "Lon": "0", "Confirmed": 621039, "Deaths": 18455, "Recovered": 0, "Active": 602584, "Date": "2020-12-18T00:00:00Z"}, {"Country": "Belgium", "CountryCode": "", "Province": "", "City": "", "CityCode": "", "Lat": "0", "Lon": "0", "Confirmed": 623760, "Deaths": 18545, "Recovered": 0, "Active": 605215, "Date": "2020-12-19T00:00:00Z"}, {"Country": "Belgium", "CountryCode": "", "Province": "", "City": "", "CityCode": "", "Lat": "0", "Lon": "0", "Confirmed": 625930, "Deaths": 18626, "Recovered": 0, "Active": 607304, "Date": "2020-12-20T00:00:00Z"}, {"Country": "Belgium", "CountryCode": "", "Province": "", "City": "", "CityCode": "", "Lat": "0", "Lon": "0", "Confirmed": 626911, "Deaths": 18697, "Recovered": 0, "Active": 608214, "Date": "2020-12-21T00:00:00Z"}, {"Country": "Belgium", "CountryCode": "", "Province": "", "City": "", "CityCode": "", "Lat": "0", "Lon": "0", "Confirmed": 629109, "Deaths": 18821, "Recovered": 0, "Active": 610288, "Date": "2020-12-22T00:00:00Z"}, {"Country": "Belgium", "CountryCode": "", "Province": "", "City": "", "CityCode": "", "Lat": "0", "Lon": "0", "Confirmed": 632321, "Deaths": 18939, "Recovered": 0, "Active": 613382, "Date": "2020-12-23T00:00:00Z"}, {"Country": "Belgium", "CountryCode": "", "Province": "", "City": "", "CityCode": "", "Lat": "0", "Lon": "0", "Confirmed": 634904, "Deaths": 19038, "Recovered": 0, "Active": 615866, "Date": "2020-12-24T00:00:00Z"}, {"Country": "Belgium", "CountryCode": "", "Province": "", "City": "", "CityCode": "", "Lat": "0", "Lon": "0", "Confirmed": 637246, "Deaths": 19089, "Recovered": 0, "Active": 618157, "Date": "2020-12-25T00:00:00Z"}, {"Country": "Belgium", "CountryCode": "", "Province": "", "City": "", "CityCode": "", "Lat": "0", "Lon": "0", "Confirmed": 638030, "Deaths": 19158, "Recovered": 0, "Active": 618872, "Date": "2020-12-26T00:00:00Z"}, {"Country": "Belgium", "CountryCode": "", "Province": "", "City": "", "CityCode": "", "Lat": "0", "Lon": "0", "Confirmed": 638877, "Deaths": 19200, "Recovered": 0, "Active": 619677, "Date": "2020-12-27T00:00:00Z"}, {"Country": "Belgium", "CountryCode": "", "Province": "", "City": "", "CityCode": "", "Lat": "0", "Lon": "0", "Confirmed": 639734, "Deaths": 19234, "Recovered": 0, "Active": 620500, "Date": "2020-12-28T00:00:00Z"}, {"Country": "Belgium", "CountryCode": "", "Province": "", "City": "", "CityCode": "", "Lat": "0", "Lon": "0", "Confirmed": 641411, "Deaths": 19361, "Recovered": 0, "Active": 622050, "Date": "2020-12-29T00:00:00Z"}, {"Country": "Belgium", "CountryCode": "", "Province": "", "City": "", "CityCode": "", "Lat": "0", "Lon": "0", "Confirmed": 644242, "Deaths": 19441, "Recovered": 0, "Active": 624801, "Date": "2020-12-30T00:00:00Z"}, {"Country": "Belgium", "CountryCode": "", "Province": "", "City": "", "CityCode": "", "Lat": "0", "Lon": "0", "Confirmed": 646496, "Deaths": 19528, "Recovered": 0, "Active": 626968, "Date": "2020-12-31T00:00:00Z"}, {"Country": "Belgium", "CountryCode": "", "Province": "", "City": "", "CityCode": "", "Lat": "0", "Lon": "0", "Confirmed": 648289, "Deaths": 19581, "Recovered": 0, "Active": 628708, "Date": "2021-01-01T00:00:00Z"}, {"Country": "Belgium", "CountryCode": "", "Province": "", "City": "", "CityCode": "", "Lat": "0", "Lon": "0", "Confirmed": 649169, "Deaths": 19644, "Recovered": 0, "Active": 629525, "Date": "2021-01-02T00:00:00Z"}, {"Country": "Belgium", "CountryCode": "", "Province": "", "City": "", "CityCode": "", "Lat": "0", "Lon": "0", "Confirmed": 650011, "Deaths": 19701, "Recovered": 0, "Active": 630310, "Date": "2021-01-03T00:00:00Z"}, {"Country": "Belgium", "CountryCode": "", "Province": "", "City": "", "CityCode": "", "Lat": "0", "Lon": "0", "Confirmed": 650887, "Deaths": 19750, "Recovered": 0, "Active": 631137, "Date": "2021-01-04T00:00:00Z"}, {"Country": "Belgium", "CountryCode": "", "Province": "", "City": "", "CityCode": "", "Lat": "0", "Lon": "0", "Confirmed": 652735, "Deaths": 19827, "Recovered": 0, "Active": 632908, "Date": "2021-01-05T00:00:00Z"}, {"Country": "Belgium", "CountryCode": "", "Province": "", "City": "", "CityCode": "", "Lat": "0", "Lon": "0", "Confirmed": 655732, "Deaths": 19883, "Recovered": 0, "Active": 635849, "Date": "2021-01-06T00:00:00Z"}, {"Country": "Belgium", "CountryCode": "", "Province": "", "City": "", "CityCode": "", "Lat": "0", "Lon": "0", "Confirmed": 658655, "Deaths": 19936, "Recovered": 0, "Active": 638719, "Date": "2021-01-07T00:00:00Z"}, {"Country": "Belgium", "CountryCode": "", "Province": "", "City": "", "CityCode": "", "Lat": "0", "Lon": "0", "Confirmed": 660703, "Deaths": 19992, "Recovered": 0, "Active": 640711, "Date": "2021-01-08T00:00:00Z"}, {"Country": "Belgium", "CountryCode": "", "Province": "", "City": "", "CityCode": "", "Lat": "0", "Lon": "0", "Confirmed": 662694, "Deaths": 20038, "Recovered": 0, "Active": 642656, "Date": "2021-01-09T00:00:00Z"}, {"Country": "Belgium", "CountryCode": "", "Province": "", "City": "", "CityCode": "", "Lat": "0", "Lon": "0", "Confirmed": 664263, "Deaths": 20078, "Recovered": 0, "Active": 644185, "Date": "2021-01-10T00:00:00Z"}, {"Country": "Belgium", "CountryCode": "", "Province": "", "City": "", "CityCode": "", "Lat": "0", "Lon": "0", "Confirmed": 665223, "Deaths": 20122, "Recovered": 0, "Active": 645101, "Date": "2021-01-11T00:00:00Z"}, {"Country": "Belgium", "CountryCode": "", "Province": "", "City": "", "CityCode": "", "Lat": "0", "Lon": "0", "Confirmed": 667322, "Deaths": 20194, "Recovered": 0, "Active": 647128, "Date": "2021-01-12T00:00:00Z"}, {"Country": "Belgium", "CountryCode": "", "Province": "", "City": "", "CityCode": "", "Lat": "0", "Lon": "0", "Confirmed": 670249, "Deaths": 20250, "Recovered": 0, "Active": 649999, "Date": "2021-01-13T00:00:00Z"}, {"Country": "Belgium", "CountryCode": "", "Province": "", "City": "", "CityCode": "", "Lat": "0", "Lon": "0", "Confirmed": 672886, "Deaths": 20294, "Recovered": 0, "Active": 652592, "Date": "2021-01-14T00:00:00Z"}, {"Country": "Belgium", "CountryCode": "", "Province": "", "City": "", "CityCode": "", "Lat": "0", "Lon": "0", "Confirmed": 675089, "Deaths": 20352, "Recovered": 0, "Active": 654737, "Date": "2021-01-15T00:00:00Z"}, {"Country": "Belgium", "CountryCode": "", "Province": "", "City": "", "CityCode": "", "Lat": "0", "Lon": "0", "Confirmed": 677209, "Deaths": 20396, "Recovered": 0, "Active": 656813, "Date": "2021-01-16T00:00:00Z"}, {"Country": "Belgium", "CountryCode": "", "Province": "", "City": "", "CityCode": "", "Lat": "0", "Lon": "0", "Confirmed": 678839, "Deaths": 20435, "Recovered": 0, "Active": 658404, "Date": "2021-01-17T00:00:00Z"}, {"Country": "Belgium", "CountryCode": "", "Province": "", "City": "", "CityCode": "", "Lat": "0", "Lon": "0", "Confirmed": 679771, "Deaths": 20472, "Recovered": 0, "Active": 659299, "Date": "2021-01-18T00:00:00Z"}, {"Country": "Belgium", "CountryCode": "", "Province": "", "City": "", "CityCode": "", "Lat": "0", "Lon": "0", "Confirmed": 681250, "Deaths": 20554, "Recovered": 0, "Active": 660696, "Date": "2021-01-19T00:00:00Z"}, {"Country": "Belgium", "CountryCode": "", "Province": "", "City": "", "CityCode": "", "Lat": "0", "Lon": "0", "Confirmed": 684256, "Deaths": 20572, "Recovered": 0, "Active": 663684, "Date": "2021-01-20T00:00:00Z"}, {"Country": "Belgium", "CountryCode": "", "Province": "", "City": "", "CityCode": "", "Lat": "0", "Lon": "0", "Confirmed": 686827, "Deaths": 20620, "Recovered": 0, "Active": 666207, "Date": "2021-01-21T00:00:00Z"}, {"Country": "Belgium", "CountryCode": "", "Province": "", "City": "", "CityCode": "", "Lat": "0", "Lon": "0", "Confirmed": 689271, "Deaths": 20675, "Recovered": 0, "Active": 668596, "Date": "2021-01-22T00:00:00Z"}, {"Country": "Belgium", "CountryCode": "", "Province": "", "City": "", "CityCode": "", "Lat": "0", "Lon": "0", "Confirmed": 691854, "Deaths": 20726, "Recovered": 0, "Active": 671128, "Date": "2021-01-23T00:00:00Z"}, {"Country": "Belgium", "CountryCode": "", "Province": "", "City": "", "CityCode": "", "Lat": "0", "Lon": "0", "Confirmed": 693666, "Deaths": 20779, "Recovered": 0, "Active": 672887, "Date": "2021-01-24T00:00:00Z"}, {"Country": "Belgium", "CountryCode": "", "Province": "", "City": "", "CityCode": "", "Lat": "0", "Lon": "0", "Confirmed": 694858, "Deaths": 20814, "Recovered": 0, "Active": 674044, "Date": "2021-01-25T00:00:00Z"}, {"Country": "Belgium", "CountryCode": "", "Province": "", "City": "", "CityCode": "", "Lat": "0", "Lon": "0", "Confirmed": 696642, "Deaths": 20879, "Recovered": 0, "Active": 675763, "Date": "2021-01-26T00:00:00Z"}, {"Country": "Belgium", "CountryCode": "", "Province": "", "City": "", "CityCode": "", "Lat": "0", "Lon": "0", "Confirmed": 699662, "Deaths": 20933, "Recovered": 0, "Active": 678729, "Date": "2021-01-27T00:00:00Z"}, {"Country": "Belgium", "CountryCode": "", "Province": "", "City": "", "CityCode": "", "Lat": "0", "Lon": "0", "Confirmed": 702437, "Deaths": 20982, "Recovered": 0, "Active": 681455, "Date": "2021-01-28T00:00:00Z"}, {"Country": "Belgium", "CountryCode": "", "Province": "", "City": "", "CityCode": "", "Lat": "0", "Lon": "0", "Confirmed": 705120, "Deaths": 21018, "Recovered": 0, "Active": 684102, "Date": "2021-01-29T00:00:00Z"}, {"Country": "Belgium", "CountryCode": "", "Province": "", "City": "", "CityCode": "", "Lat": "0", "Lon": "0", "Confirmed": 707837, "Deaths": 21066, "Recovered": 0, "Active": 686771, "Date": "2021-01-30T00:00:00Z"}, {"Country": "Belgium", "CountryCode": "", "Province": "", "City": "", "CityCode": "", "Lat": "0", "Lon": "0", "Confirmed": 710153, "Deaths": 21092, "Recovered": 0, "Active": 689061, "Date": "2021-01-31T00:00:00Z"}, {"Country": "Belgium", "CountryCode": "", "Province": "", "City": "", "CityCode": "", "Lat": "0", "Lon": "0", "Confirmed": 711417, "Deaths": 21124, "Recovered": 0, "Active": 690293, "Date": "2021-02-01T00:00:00Z"}, {"Country": "Belgium", "CountryCode": "", "Province": "", "City": "", "CityCode": "", "Lat": "0", "Lon": "0", "Confirmed": 713271, "Deaths": 21173, "Recovered": 0, "Active": 692098, "Date": "2021-02-02T00:00:00Z"}, {"Country": "Belgium", "CountryCode": "", "Province": "", "City": "", "CityCode": "", "Lat": "0", "Lon": "0", "Confirmed": 716395, "Deaths": 21216, "Recovered": 0, "Active": 695179, "Date": "2021-02-03T00:00:00Z"}, {"Country": "Belgium", "CountryCode": "", "Province": "", "City": "", "CityCode": "", "Lat": "0", "Lon": "0", "Confirmed": 718847, "Deaths": 21260, "Recovered": 0, "Active": 697587, "Date": "2021-02-04T00:00:00Z"}, {"Country": "Belgium", "CountryCode": "", "Province": "", "City": "", "CityCode": "", "Lat": "0", "Lon": "0", "Confirmed": 721432, "Deaths": 21295, "Recovered": 0, "Active": 700137, "Date": "2021-02-05T00:00:00Z"}, {"Country": "Belgium", "CountryCode": "", "Province": "", "City": "", "CityCode": "", "Lat": "0", "Lon": "0", "Confirmed": 723870, "Deaths": 21352, "Recovered": 0, "Active": 702518, "Date": "2021-02-06T00:00:00Z"}, {"Country": "Belgium", "CountryCode": "", "Province": "", "City": "", "CityCode": "", "Lat": "0", "Lon": "0", "Confirmed": 725610, "Deaths": 21389, "Recovered": 0, "Active": 704221, "Date": "2021-02-07T00:00:00Z"}, {"Country": "Belgium", "CountryCode": "", "Province": "", "City": "", "CityCode": "", "Lat": "0", "Lon": "0", "Confirmed": 726483, "Deaths": 21423, "Recovered": 0, "Active": 705060, "Date": "2021-02-08T00:00:00Z"}, {"Country": "Belgium", "CountryCode": "", "Province": "", "City": "", "CityCode": "", "Lat": "0", "Lon": "0", "Confirmed": 728334, "Deaths": 21472, "Recovered": 0, "Active": 706862, "Date": "2021-02-09T00:00:00Z"}, {"Country": "Belgium", "CountryCode": "", "Province": "", "City": "", "CityCode": "", "Lat": "0", "Lon": "0", "Confirmed": 730951, "Deaths": 21512, "Recovered": 0, "Active": 709439, "Date": "2021-02-10T00:00:00Z"}, {"Country": "Belgium", "CountryCode": "", "Province": "", "City": "", "CityCode": "", "Lat": "0", "Lon": "0", "Confirmed": 733100, "Deaths": 21551, "Recovered": 0, "Active": 711549, "Date": "2021-02-11T00:00:00Z"}, {"Country": "Belgium", "CountryCode": "", "Province": "", "City": "", "CityCode": "", "Lat": "0", "Lon": "0", "Confirmed": 735220, "Deaths": 21599, "Recovered": 0, "Active": 713621, "Date": "2021-02-12T00:00:00Z"}, {"Country": "Belgium", "CountryCode": "", "Province": "", "City": "", "CityCode": "", "Lat": "0", "Lon": "0", "Confirmed": 737115, "Deaths": 21634, "Recovered": 0, "Active": 715481, "Date": "2021-02-13T00:00:00Z"}, {"Country": "Belgium", "CountryCode": "", "Province": "", "City": "", "CityCode": "", "Lat": "0", "Lon": "0", "Confirmed": 738631, "Deaths": 21662, "Recovered": 0, "Active": 716969, "Date": "2021-02-14T00:00:00Z"}, {"Country": "Belgium", "CountryCode": "", "Province": "", "City": "", "CityCode": "", "Lat": "0", "Lon": "0", "Confirmed": 739488, "Deaths": 21702, "Recovered": 0, "Active": 717786, "Date": "2021-02-15T00:00:00Z"}, {"Country": "Belgium", "CountryCode": "", "Province": "", "City": "", "CityCode": "", "Lat": "0", "Lon": "0", "Confirmed": 741205, "Deaths": 21750, "Recovered": 0, "Active": 719455, "Date": "2021-02-16T00:00:00Z"}, {"Country": "Belgium", "CountryCode": "", "Province": "", "City": "", "CityCode": "", "Lat": "0", "Lon": "0", "Confirmed": 743882, "Deaths": 21793, "Recovered": 0, "Active": 722089, "Date": "2021-02-17T00:00:00Z"}, {"Country": "Belgium", "CountryCode": "", "Province": "", "City": "", "CityCode": "", "Lat": "0", "Lon": "0", "Confirmed": 746302, "Deaths": 21821, "Recovered": 0, "Active": 724481, "Date": "2021-02-18T00:00:00Z"}, {"Country": "Belgium", "CountryCode": "", "Province": "", "City": "", "CityCode": "", "Lat": "0", "Lon": "0", "Confirmed": 749739, "Deaths": 21859, "Recovered": 0, "Active": 727880, "Date": "2021-02-19T00:00:00Z"}, {"Country": "Belgium", "CountryCode": "", "Province": "", "City": "", "CityCode": "", "Lat": "0", "Lon": "0", "Confirmed": 752379, "Deaths": 21887, "Recovered": 0, "Active": 730492, "Date": "2021-02-20T00:00:00Z"}, {"Country": "Belgium", "CountryCode": "", "Province": "", "City": "", "CityCode": "", "Lat": "0", "Lon": "0", "Confirmed": 754473, "Deaths": 21903, "Recovered": 0, "Active": 732570, "Date": "2021-02-21T00:00:00Z"}, {"Country": "Belgium", "CountryCode": "", "Province": "", "City": "", "CityCode": "", "Lat": "0", "Lon": "0", "Confirmed": 755594, "Deaths": 21923, "Recovered": 0, "Active": 733671, "Date": "2021-02-22T00:00:00Z"}, {"Country": "Belgium", "CountryCode": "", "Province": "", "City": "", "CityCode": "", "Lat": "0", "Lon": "0", "Confirmed": 757696, "Deaths": 21956, "Recovered": 0, "Active": 735740, "Date": "2021-02-23T00:00:00Z"}, {"Country": "Belgium", "CountryCode": "", "Province": "", "City": "", "CityCode": "", "Lat": "0", "Lon": "0", "Confirmed": 760809, "Deaths": 21988, "Recovered": 0, "Active": 738821, "Date": "2021-02-24T00:00:00Z"}, {"Country": "Belgium", "CountryCode": "", "Province": "", "City": "", "CityCode": "", "Lat": "0", "Lon": "0", "Confirmed": 763885, "Deaths": 22006, "Recovered": 0, "Active": 741879, "Date": "2021-02-25T00:00:00Z"}, {"Country": "Belgium", "CountryCode": "", "Province": "", "City": "", "CityCode": "", "Lat": "0", "Lon": "0", "Confirmed": 766654, "Deaths": 22034, "Recovered": 0, "Active": 744620, "Date": "2021-02-26T00:00:00Z"}, {"Country": "Belgium", "CountryCode": "", "Province": "", "City": "", "CityCode": "", "Lat": "0", "Lon": "0", "Confirmed": 769414, "Deaths": 22052, "Recovered": 0, "Active": 747362, "Date": "2021-02-27T00:00:00Z"}, {"Country": "Belgium", "CountryCode": "", "Province": "", "City": "", "CityCode": "", "Lat": "0", "Lon": "0", "Confirmed": 771511, "Deaths": 22077, "Recovered": 0, "Active": 749434, "Date": "2021-02-28T00:00:00Z"}, {"Country": "Belgium", "CountryCode": "", "Province": "", "City": "", "CityCode": "", "Lat": "0", "Lon": "0", "Confirmed": 772294, "Deaths": 22106, "Recovered": 0, "Active": 750188, "Date": "2021-03-01T00:00:00Z"}, {"Country": "Belgium", "CountryCode": "", "Province": "", "City": "", "CityCode": "", "Lat": "0", "Lon": "0", "Confirmed": 774344, "Deaths": 22141, "Recovered": 0, "Active": 752203, "Date": "2021-03-02T00:00:00Z"}, {"Country": "Belgium", "CountryCode": "", "Province": "", "City": "", "CityCode": "", "Lat": "0", "Lon": "0", "Confirmed": 777608, "Deaths": 22169, "Recovered": 0, "Active": 755439, "Date": "2021-03-03T00:00:00Z"}, {"Country": "Belgium", "CountryCode": "", "Province": "", "City": "", "CityCode": "", "Lat": "0", "Lon": "0", "Confirmed": 780251, "Deaths": 22196, "Recovered": 0, "Active": 758055, "Date": "2021-03-04T00:00:00Z"}, {"Country": "Belgium", "CountryCode": "", "Province": "", "City": "", "CityCode": "", "Lat": "0", "Lon": "0", "Confirmed": 783010, "Deaths": 22215, "Recovered": 0, "Active": 760795, "Date": "2021-03-05T00:00:00Z"}, {"Country": "Belgium", "CountryCode": "", "Province": "", "City": "", "CityCode": "", "Lat": "0", "Lon": "0", "Confirmed": 785809, "Deaths": 22240, "Recovered": 0, "Active": 763569, "Date": "2021-03-06T00:00:00Z"}, {"Country": "Belgium", "CountryCode": "", "Province": "", "City": "", "CityCode": "", "Lat": "0", "Lon": "0", "Confirmed": 787891, "Deaths": 22261, "Recovered": 0, "Active": 765630, "Date": "2021-03-07T00:00:00Z"}, {"Country": "Belgium", "CountryCode": "", "Province": "", "City": "", "CityCode": "", "Lat": "0", "Lon": "0", "Confirmed": 789008, "Deaths": 22292, "Recovered": 0, "Active": 766716, "Date": "2021-03-08T00:00:00Z"}, {"Country": "Belgium", "CountryCode": "", "Province": "", "City": "", "CityCode": "", "Lat": "0", "Lon": "0", "Confirmed": 791171, "Deaths": 22327, "Recovered": 0, "Active": 768844, "Date": "2021-03-09T00:00:00Z"}, {"Country": "Belgium", "CountryCode": "", "Province": "", "City": "", "CityCode": "", "Lat": "0", "Lon": "0", "Confirmed": 794605, "Deaths": 22347, "Recovered": 0, "Active": 772258, "Date": "2021-03-10T00:00:00Z"}, {"Country": "Belgium", "CountryCode": "", "Province": "", "City": "", "CityCode": "", "Lat": "0", "Lon": "0", "Confirmed": 798108, "Deaths": 22370, "Recovered": 0, "Active": 775738, "Date": "2021-03-11T00:00:00Z"}, {"Country": "Belgium", "CountryCode": "", "Province": "", "City": "", "CityCode": "", "Lat": "0", "Lon": "0", "Confirmed": 801723, "Deaths": 22397, "Recovered": 0, "Active": 779326, "Date": "2021-03-12T00:00:00Z"}, {"Country": "Belgium", "CountryCode": "", "Province": "", "City": "", "CityCode": "", "Lat": "0", "Lon": "0", "Confirmed": 805321, "Deaths": 22421, "Recovered": 0, "Active": 782900, "Date": "2021-03-13T00:00:00Z"}]