[{"Country": "Bulgaria", "CountryCode": "", "Province": "", "City": "", "CityCode": "", "Lat": "0", "Lon": "0", "Confirmed": 4, "Deaths": 0, "Recovered": 0, "Active": 4, "Date": "2020-03-08T00:00:00Z"}, {"Country": "Bulgaria", "CountryCode": "", "Province": "", "City": "", "CityCode": "", "Lat": "0", "Lon": "0", "Confirmed": 4, "Deaths": 0, "Recovered": 0, "Active": 4, "Date": "2020-03-09T00:00:00Z"}, {"Country": "Bulgaria", "CountryCode": "", "Province": "", "City": "", "CityCode": "", "Lat": "0", "Lon": "0", "Confirmed": 4, "Deaths": 0, "Recovered": 0, "Active": 4, "Date": "2020-03-10T00:00:00Z"}, {"Country": "Bulgaria", "CountryCode": "", "Province": "", "City": "", "CityCode": "", "Lat": "0", "Lon": "0", "Confirmed": 7, "Deaths": 1, "Recovered": 0, "Active": 6, "Date": "2020-03-11T00:00:00Z"}, {"Country": "Bulgaria", "CountryCode": "", "Province": "", "City": "", "CityCode": "", "Lat": "0", "Lon": "0", "Confirmed": 7, "Deaths": 1, "Recovered": 0, "Active": 6, "Date": "2020-03-12T00:00:00Z"}, {"Country": "Bulgaria", "CountryCode": "", "Province": "", "City": "", "CityCode": "", "Lat": "0", "Lon": "0", "Confirmed": 23, "Deaths": 1, "Recovered": 0, "Active": 22, "Date": "2020-03-13T00:00:00Z"}, {"Country": "Bulgaria", "CountryCode": "", "Province": "", "City": "", "CityCode": "", "Lat": "0", "Lon": "0", "Confirmed": 41, "Deaths": 2, "Recovered": 0, "Active": 39, "Date": "2020-03-14T00:00:00Z"}, {"Country": "Bulgaria", "CountryCode": "", "Province": "", "City": "", "CityCode": "", "Lat": "0", "Lon": "0", "Confirmed": 51, "Deaths": 2, "Recovered": 0, "Active": 49, "Date": "2020-03-15T00:00:00Z"}, {"Country": "Bulgaria", "CountryCode": "", "Province": "", "City": "", "CityCode": "", "Lat": "0", "Lon": "0", "Confirmed": 52, "Deaths": 2, "Recovered": 0, "Active": 50, "Date": "2020-03-16T00:00:00Z"}, {"Country": "Bulgaria", "CountryCode": "", "Province": "", "City": "", "CityCode": "", "Lat": "0", "Lon": "0", "Confirmed": 67, "Deaths": 2, "Recovered": 0, "Active": 65, "Date": "2020-03-17T00:00:00Z"}, {"Country": "Bulgaria", "CountryCode": "", "Province": "", "City": "", "CityCode": "", "Lat": "0", "Lon": "0", "Confirmed": 92, "Deaths": 2, "Recovered": 0, "Active": 90, "Date": "2020-03-18T00:00:00Z"}, {"Country": "Bulgaria", "CountryCode": "", "Province": "", "City": "", "CityCode": "", "Lat": "0", "Lon": "0", "Confirmed": 94, "Deaths": 3, "Recovered": 0, "Active": 91, "Date": "2020-03-19T00:00:00Z"}, {"Country": "Bulgaria", "CountryCode": "", "Province": "", "City": "", "CityCode": "", "Lat": "0", "Lon": "0", "Confirmed": 127, "Deaths": 3, "Recovered": 0, "Active": 124, "Date": "2020-03-20T00:00:00Z"}, {"Country": "Bulgaria", "CountryCode": "", "Province": "", "City": "", "CityCode": "", "Lat": "0", "Lon": "0", "Confirmed": 163, "Deaths": 3, "Recovered": 3, "Active": 157, "Date": "2020-03-21T00:00:00Z"}, {"Country": "Bulgaria", "CountryCode": "", "Province": "", "City": "", "CityCode": "", "Lat": "0", "Lon": "0", "Confirmed": 187, "Deaths": 3, "Recovered": 3, "Active": 181, "Date": "2020-03-22T00:00:00Z"}, {"Country": "Bulgaria", "CountryCode": "", "Province": "", "City": "", "CityCode": "", "Lat": "0", "Lon": "0", "Confirmed": 201, "Deaths": 3, "Recovered": 3, "Active": 195, "Date": "2020-03-23T00:00:00Z"}, {"Country": "Bulgaria", "CountryCode": "", "Province": "", "City": "", "CityCode": "", "Lat": "0", "Lon": "0", "Confirmed": 218, "Deaths": 3, "Recovered": 3, "Active": 212, "Date": "2020-03-24T00:00:00Z"}, {"Country": "Bulgaria", "CountryCode": "", "Province": "", "City": "", "CityCode": "", "Lat": "0", "Lon": "0", "Confirmed": 242, "Deaths": 3, "Recovered": 4, "Active": 235, "Date": "2020-03-25T00:00:00Z"}, {"Country": "Bulgaria", "CountryCode": "", "Province": "", "City": "", "CityCode": "", "Lat": "0", "Lon": "0", "Confirmed": 264, "Deaths": 3, "Recovered": 8, "Active": 253, "Date": "2020-03-26T00:00:00Z"}, {"Country": "Bulgaria", "CountryCode": "", "Province": "", "City": "", "CityCode": "", "Lat": "0", "Lon": "0", "Confirmed": 293, "Deaths": 3, "Recovered": 9, "Active": 281, "Date": "2020-03-27T00:00:00Z"}, {"Country": "Bulgaria", "CountryCode": "", "Province": "", "City": "", "CityCode": "", "Lat": "0", "Lon": "0", "Confirmed": 331, "Deaths": 7, "Recovered": 11, "Active": 313, "Date": "2020-03-28T00:00:00Z"}, {"Country": "Bulgaria", "CountryCode": "", "Province": "", "City": "", "CityCode": "", "Lat": "0", "Lon": "0", "Confirmed": 346, "Deaths": 8, "Recovered": 14, "Active": 324, "Date": "2020-03-29T00:00:00Z"}, {"Country": "Bulgaria", "CountryCode": "", "Province": "", "City": "", "CityCode": "", "Lat": "0", "Lon": "0", "Confirmed": 359, "Deaths": 8, "Recovered": 17, "Active": 334, "Date": "2020-03-30T00:00:00Z"}, {"Country": "Bulgaria", "CountryCode": "", "Province": "", "City": "", "CityCode": "", "Lat": "0", "Lon": "0", "Confirmed": 399, "Deaths": 8, "Recovered": 17, "Active": 374, "Date": "2020-03-31T00:00:00Z"}, {"Country": "Bulgaria", "CountryCode": "", "Province": "", "City": "", "CityCode": "", "Lat": "0", "Lon": "0", "Confirmed": 422, "Deaths": 10, "Recovered": 20, "Active": 392, "Date": "2020-04-01T00:00:00Z"}, {"Country": "Bulgaria", "CountryCode": "", "Province": "", "City": "", "CityCode": "", "Lat": "0", "Lon": "0", "Confirmed": 457, "Deaths": 10, "Recovered": 25, "Active": 422, "Date": "2020-04-02T00:00:00Z"}, {"Country": "Bulgaria", "CountryCode": "", "Province": "", "City": "", "CityCode": "", "Lat": "0", "Lon": "0", "Confirmed": 485, "Deaths": 14, "Recovered": 30, "Active": 441, "Date": "2020-04-03T00:00:00Z"}, {"Country": "Bulgaria", "CountryCode": "", "Province": "", "City": "", "CityCode": "", "Lat": "0", "Lon": "0", "Confirmed": 503, "Deaths": 17, "Recovered": 34, "Active": 452, "Date": "2020-04-04T00:00:00Z"}, {"Country": "Bulgaria", "CountryCode": "", "Province": "", "City": "", "CityCode": "", "Lat": "0", "Lon": "0", "Confirmed": 531, "Deaths": 20, "Recovered": 37, "Active": 474, "Date": "2020-04-05T00:00:00Z"}, {"Country": "Bulgaria", "CountryCode": "", "Province": "", "City": "", "CityCode": "", "Lat": "0", "Lon": "0", "Confirmed": 549, "Deaths": 22, "Recovered": 39, "Active": 488, "Date": "2020-04-06T00:00:00Z"}, {"Country": "Bulgaria", "CountryCode": "", "Province": "", "City": "", "CityCode": "", "Lat": "0", "Lon": "0", "Confirmed": 577, "Deaths": 23, "Recovered": 42, "Active": 512, "Date": "2020-04-07T00:00:00Z"}, {"Country": "Bulgaria", "CountryCode": "", "Province": "", "City": "", "CityCode": "", "Lat": "0", "Lon": "0", "Confirmed": 593, "Deaths": 24, "Recovered": 42, "Active": 527, "Date": "2020-04-08T00:00:00Z"}, {"Country": "Bulgaria", "CountryCode": "", "Province": "", "City": "", "CityCode": "", "Lat": "0", "Lon": "0", "Confirmed": 618, "Deaths": 24, "Recovered": 48, "Active": 546, "Date": "2020-04-09T00:00:00Z"}, {"Country": "Bulgaria", "CountryCode": "", "Province": "", "City": "", "CityCode": "", "Lat": "0", "Lon": "0", "Confirmed": 635, "Deaths": 25, "Recovered": 54, "Active": 556, "Date": "2020-04-10T00:00:00Z"}, {"Country": "Bulgaria", "CountryCode": "", "Province": "", "City": "", "CityCode": "", "Lat": "0", "Lon": "0", "Confirmed": 661, "Deaths": 28, "Recovered": 62, "Active": 571, "Date": "2020-04-11T00:00:00Z"}, {"Country": "Bulgaria", "CountryCode": "", "Province": "", "City": "", "CityCode": "", "Lat": "0", "Lon": "0", "Confirmed": 675, "Deaths": 29, "Recovered": 68, "Active": 578, "Date": "2020-04-12T00:00:00Z"}, {"Country": "Bulgaria", "CountryCode": "", "Province": "", "City": "", "CityCode": "", "Lat": "0", "Lon": "0", "Confirmed": 685, "Deaths": 32, "Recovered": 71, "Active": 582, "Date": "2020-04-13T00:00:00Z"}, {"Country": "Bulgaria", "CountryCode": "", "Province": "", "City": "", "CityCode": "", "Lat": "0", "Lon": "0", "Confirmed": 713, "Deaths": 35, "Recovered": 81, "Active": 597, "Date": "2020-04-14T00:00:00Z"}, {"Country": "Bulgaria", "CountryCode": "", "Province": "", "City": "", "CityCode": "", "Lat": "0", "Lon": "0", "Confirmed": 747, "Deaths": 36, "Recovered": 105, "Active": 606, "Date": "2020-04-15T00:00:00Z"}, {"Country": "Bulgaria", "CountryCode": "", "Province": "", "City": "", "CityCode": "", "Lat": "0", "Lon": "0", "Confirmed": 800, "Deaths": 38, "Recovered": 122, "Active": 640, "Date": "2020-04-16T00:00:00Z"}, {"Country": "Bulgaria", "CountryCode": "", "Province": "", "City": "", "CityCode": "", "Lat": "0", "Lon": "0", "Confirmed": 846, "Deaths": 41, "Recovered": 141, "Active": 664, "Date": "2020-04-17T00:00:00Z"}, {"Country": "Bulgaria", "CountryCode": "", "Province": "", "City": "", "CityCode": "", "Lat": "0", "Lon": "0", "Confirmed": 878, "Deaths": 41, "Recovered": 153, "Active": 684, "Date": "2020-04-18T00:00:00Z"}, {"Country": "Bulgaria", "CountryCode": "", "Province": "", "City": "", "CityCode": "", "Lat": "0", "Lon": "0", "Confirmed": 894, "Deaths": 42, "Recovered": 161, "Active": 691, "Date": "2020-04-19T00:00:00Z"}, {"Country": "Bulgaria", "CountryCode": "", "Province": "", "City": "", "CityCode": "", "Lat": "0", "Lon": "0", "Confirmed": 929, "Deaths": 43, "Recovered": 167, "Active": 719, "Date": "2020-04-20T00:00:00Z"}, {"Country": "Bulgaria", "CountryCode": "", "Province": "", "City": "", "CityCode": "", "Lat": "0", "Lon": "0", "Confirmed": 975, "Deaths": 45, "Recovered": 170, "Active": 760, "Date": "2020-04-21T00:00:00Z"}, {"Country": "Bulgaria", "CountryCode": "", "Province": "", "City": "", "CityCode": "", "Lat": "0", "Lon": "0", "Confirmed": 1024, "Deaths": 49, "Recovered": 174, "Active": 801, "Date": "2020-04-22T00:00:00Z"}, {"Country": "Bulgaria", "CountryCode": "", "Province": "", "City": "", "CityCode": "", "Lat": "0", "Lon": "0", "Confirmed": 1097, "Deaths": 52, "Recovered": 190, "Active": 855, "Date": "2020-04-23T00:00:00Z"}, {"Country": "Bulgaria", "CountryCode": "", "Province": "", "City": "", "CityCode": "", "Lat": "0", "Lon": "0", "Confirmed": 1234, "Deaths": 54, "Recovered": 197, "Active": 983, "Date": "2020-04-24T00:00:00Z"}, {"Country": "Bulgaria", "CountryCode": "", "Province": "", "City": "", "CityCode": "", "Lat": "0", "Lon": "0", "Confirmed": 1247, "Deaths": 55, "Recovered": 197, "Active": 995, "Date": "2020-04-25T00:00:00Z"}, {"Country": "Bulgaria", "CountryCode": "", "Province": "", "City": "", "CityCode": "", "Lat": "0", "Lon": "0", "Confirmed": 1300, "Deaths": 56, "Recovered": 205, "Active": 1039, "Date": "2020-04-26T00:00:00Z"}, {"Country": "Bulgaria", "CountryCode": "", "Province": "", "City": "", "CityCode": "", "Lat": "0", "Lon": "0", "Confirmed": 1363, "Deaths": 58, "Recovered": 206, "Active": 1099, "Date": "2020-04-27T00:00:00Z"}, {"Country": "Bulgaria", "CountryCode": "", "Province": "", "City": "", "CityCode": "", "Lat": "0", "Lon": "0", "Confirmed": 1399, "Deaths": 58, "Recovered": 222, "Active": 1119, "Date": "2020-04-28T00:00:00Z"}, {"Country": "Bulgaria", "CountryCode": "", "Province": "", "City": "", "CityCode": "", "Lat": "0", "Lon": "0", "Confirmed": 1447, "Deaths": 64, "Recovered": 243, "Active": 1140, "Date": "2020-04-29T00:00:00Z"}, {"Country": "Bulgaria", "CountryCode": "", "Province": "", "City": "", "CityCode": "", "Lat": "0", "Lon": "0", "Confirmed": 1506, "Deaths": 66, "Recovered": 266, "Active": 1174, "Date": "2020-04-30T00:00:00Z"}, {"Country": "Bulgaria", "CountryCode": "", "Province": "", "City": "", "CityCode": "", "Lat": "0", "Lon": "0", "Confirmed": 1555, "Deaths": 68, "Recovered": 276, "Active": 1211, "Date": "2020-05-01T00:00:00Z"}, {"Country": "Bulgaria", "CountryCode": "", "Province": "", "City": "", "CityCode": "", "Lat": "0", "Lon": "0", "Confirmed": 1594, "Deaths": 72, "Recovered": 287, "Active": 1235, "Date": "2020-05-02T00:00:00Z"}, {"Country": "Bulgaria", "CountryCode": "", "Province": "", "City": "", "CityCode": "", "Lat": "0", "Lon": "0", "Confirmed": 1618, "Deaths": 73, "Recovered": 308, "Active": 1237, "Date": "2020-05-03T00:00:00Z"}, {"Country": "Bulgaria", "CountryCode": "", "Province": "", "City": "", "CityCode": "", "Lat": "0", "Lon": "0", "Confirmed": 1652, "Deaths": 78, "Recovered": 321, "Active": 1253, "Date": "2020-05-04T00:00:00Z"}, {"Country": "Bulgaria", "CountryCode": "", "Province": "", "City": "", "CityCode": "", "Lat": "0", "Lon": "0", "Confirmed": 1704, "Deaths": 80, "Recovered": 342, "Active": 1282, "Date": "2020-05-05T00:00:00Z"}, {"Country": "Bulgaria", "CountryCode": "", "Province": "", "City": "", "CityCode": "", "Lat": "0", "Lon": "0", "Confirmed": 1778, "Deaths": 84, "Recovered": 360, "Active": 1334, "Date": "2020-05-06T00:00:00Z"}, {"Country": "Bulgaria", "CountryCode": "", "Province": "", "City": "", "CityCode": "", "Lat": "0", "Lon": "0", "Confirmed": 1829, "Deaths": 84, "Recovered": 384, "Active": 1361, "Date": "2020-05-07T00:00:00Z"}, {"Country": "Bulgaria", "CountryCode": "", "Province": "", "City": "", "CityCode": "", "Lat": "0", "Lon": "0", "Confirmed": 1872, "Deaths": 86, "Recovered": 401, "Active": 1385, "Date": "2020-05-08T00:00:00Z"}, {"Country": "Bulgaria", "CountryCode": "", "Province": "", "City": "", "CityCode": "", "Lat": "0", "Lon": "0", "Confirmed": 1921, "Deaths": 90, "Recovered": 422, "Active": 1409, "Date": "2020-05-09T00:00:00Z"}, {"Country": "Bulgaria", "CountryCode": "", "Province": "", "City": "", "CityCode": "", "Lat": "0", "Lon": "0", "Confirmed": 1965, "Deaths": 91, "Recovered": 444, "Active": 1430, "Date": "2020-05-10T00:00:00Z"}, {"Country": "Bulgaria", "CountryCode": "", "Province": "", "City": "", "CityCode": "", "Lat": "0", "Lon": "0", "Confirmed": 1990, "Deaths": 93, "Recovered": 461, "Active": 1436, "Date": "2020-05-11T00:00:00Z"}, {"Country": "Bulgaria", "CountryCode": "", "Province": "", "City": "", "CityCode": "", "Lat": "0", "Lon": "0", "Confirmed": 2023, "Deaths": 95, "Recovered": 476, "Active": 1452, "Date": "2020-05-12T00:00:00Z"}, {"Country": "Bulgaria", "CountryCode": "", "Province": "", "City": "", "CityCode": "", "Lat": "0", "Lon": "0", "Confirmed": 2069, "Deaths": 96, "Recovered": 499, "Active": 1474, "Date": "2020-05-13T00:00:00Z"}, {"Country": "Bulgaria", "CountryCode": "", "Province": "", "City": "", "CityCode": "", "Lat": "0", "Lon": "0", "Confirmed": 2100, "Deaths": 99, "Recovered": 531, "Active": 1470, "Date": "2020-05-14T00:00:00Z"}, {"Country": "Bulgaria", "CountryCode": "", "Province": "", "City": "", "CityCode": "", "Lat": "0", "Lon": "0", "Confirmed": 2138, "Deaths": 102, "Recovered": 545, "Active": 1491, "Date": "2020-05-15T00:00:00Z"}, {"Country": "Bulgaria", "CountryCode": "", "Province": "", "City": "", "CityCode": "", "Lat": "0", "Lon": "0", "Confirmed": 2175, "Deaths": 105, "Recovered": 573, "Active": 1497, "Date": "2020-05-16T00:00:00Z"}, {"Country": "Bulgaria", "CountryCode": "", "Province": "", "City": "", "CityCode": "", "Lat": "0", "Lon": "0", "Confirmed": 2211, "Deaths": 108, "Recovered": 598, "Active": 1505, "Date": "2020-05-17T00:00:00Z"}, {"Country": "Bulgaria", "CountryCode": "", "Province": "", "City": "", "CityCode": "", "Lat": "0", "Lon": "0", "Confirmed": 2235, "Deaths": 110, "Recovered": 612, "Active": 1513, "Date": "2020-05-18T00:00:00Z"}, {"Country": "Bulgaria", "CountryCode": "", "Province": "", "City": "", "CityCode": "", "Lat": "0", "Lon": "0", "Confirmed": 2259, "Deaths": 112, "Recovered": 646, "Active": 1501, "Date": "2020-05-19T00:00:00Z"}, {"Country": "Bulgaria", "CountryCode": "", "Province": "", "City": "", "CityCode": "", "Lat": "0", "Lon": "0", "Confirmed": 2292, "Deaths": 116, "Recovered": 684, "Active": 1492, "Date": "2020-05-20T00:00:00Z"}, {"Country": "Bulgaria", "CountryCode": "", "Province": "", "City": "", "CityCode": "", "Lat": "0", "Lon": "0", "Confirmed": 2331, "Deaths": 120, "Recovered": 727, "Active": 1484, "Date": "2020-05-21T00:00:00Z"}, {"Country": "Bulgaria", "CountryCode": "", "Province": "", "City": "", "CityCode": "", "Lat": "0", "Lon": "0", "Confirmed": 2372, "Deaths": 125, "Recovered": 769, "Active": 1478, "Date": "2020-05-22T00:00:00Z"}, {"Country": "Bulgaria", "CountryCode": "", "Province": "", "City": "", "CityCode": "", "Lat": "0", "Lon": "0", "Confirmed": 2408, "Deaths": 126, "Recovered": 808, "Active": 1474, "Date": "2020-05-23T00:00:00Z"}, {"Country": "Bulgaria", "CountryCode": "", "Province": "", "City": "", "CityCode": "", "Lat": "0", "Lon": "0", "Confirmed": 2427, "Deaths": 130, "Recovered": 840, "Active": 1457, "Date": "2020-05-24T00:00:00Z"}, {"Country": "Bulgaria", "CountryCode": "", "Province": "", "City": "", "CityCode": "", "Lat": "0", "Lon": "0", "Confirmed": 2433, "Deaths": 130, "Recovered": 862, "Active": 1441, "Date": "2020-05-25T00:00:00Z"}, {"Country": "Bulgaria", "CountryCode": "", "Province": "", "City": "", "CityCode": "", "Lat": "0", "Lon": "0", "Confirmed": 2443, "Deaths": 130, "Recovered": 880, "Active": 1433, "Date": "2020-05-26T00:00:00Z"}, {"Country": "Bulgaria", "CountryCode": "", "Province": "", "City": "", "CityCode": "", "Lat": "0", "Lon": "0", "Confirmed": 2460, "Deaths": 133, "Recovered": 912, "Active": 1415, "Date": "2020-05-27T00:00:00Z"}, {"Country": "Bulgaria", "CountryCode": "", "Province": "", "City": "", "CityCode": "", "Lat": "0", "Lon": "0", "Confirmed": 2477, "Deaths": 134, "Recovered": 965, "Active": 1378, "Date": "2020-05-28T00:00:00Z"}, {"Country": "Bulgaria", "CountryCode": "", "Province": "", "City": "", "CityCode": "", "Lat": "0", "Lon": "0", "Confirmed": 2485, "Deaths": 136, "Recovered": 1016, "Active": 1333, "Date": "2020-05-29T00:00:00Z"}, {"Country": "Bulgaria", "CountryCode": "", "Province": "", "City": "", "CityCode": "", "Lat": "0", "Lon": "0", "Confirmed": 2499, "Deaths": 139, "Recovered": 1064, "Active": 1296, "Date": "2020-05-30T00:00:00Z"}, {"Country": "Bulgaria", "CountryCode": "", "Province": "", "City": "", "CityCode": "", "Lat": "0", "Lon": "0", "Confirmed": 2513, "Deaths": 140, "Recovered": 1074, "Active": 1299, "Date": "2020-05-31T00:00:00Z"}, {"Country": "Bulgaria", "CountryCode": "", "Province": "", "City": "", "CityCode": "", "Lat": "0", "Lon": "0", "Confirmed": 2519, "Deaths": 140, "Recovered": 1090, "Active": 1289, "Date": "2020-06-01T00:00:00Z"}, {"Country": "Bulgaria", "CountryCode": "", "Province": "", "City": "", "CityCode": "", "Lat": "0", "Lon": "0", "Confirmed": 2538, "Deaths": 144, "Recovered": 1123, "Active": 1271, "Date": "2020-06-02T00:00:00Z"}, {"Country": "Bulgaria", "CountryCode": "", "Province": "", "City": "", "CityCode": "", "Lat": "0", "Lon": "0", "Confirmed": 2560, "Deaths": 146, "Recovered": 1206, "Active": 1208, "Date": "2020-06-03T00:00:00Z"}, {"Country": "Bulgaria", "CountryCode": "", "Province": "", "City": "", "CityCode": "", "Lat": "0", "Lon": "0", "Confirmed": 2585, "Deaths": 147, "Recovered": 1322, "Active": 1116, "Date": "2020-06-04T00:00:00Z"}, {"Country": "Bulgaria", "CountryCode": "", "Province": "", "City": "", "CityCode": "", "Lat": "0", "Lon": "0", "Confirmed": 2627, "Deaths": 159, "Recovered": 1390, "Active": 1078, "Date": "2020-06-05T00:00:00Z"}, {"Country": "Bulgaria", "CountryCode": "", "Province": "", "City": "", "CityCode": "", "Lat": "0", "Lon": "0", "Confirmed": 2711, "Deaths": 160, "Recovered": 1545, "Active": 1006, "Date": "2020-06-06T00:00:00Z"}, {"Country": "Bulgaria", "CountryCode": "", "Province": "", "City": "", "CityCode": "", "Lat": "0", "Lon": "0", "Confirmed": 2727, "Deaths": 160, "Recovered": 1548, "Active": 1019, "Date": "2020-06-07T00:00:00Z"}, {"Country": "Bulgaria", "CountryCode": "", "Province": "", "City": "", "CityCode": "", "Lat": "0", "Lon": "0", "Confirmed": 2810, "Deaths": 164, "Recovered": 1587, "Active": 1059, "Date": "2020-06-08T00:00:00Z"}, {"Country": "Bulgaria", "CountryCode": "", "Province": "", "City": "", "CityCode": "", "Lat": "0", "Lon": "0", "Confirmed": 2889, "Deaths": 167, "Recovered": 1623, "Active": 1099, "Date": "2020-06-09T00:00:00Z"}, {"Country": "Bulgaria", "CountryCode": "", "Province": "", "City": "", "CityCode": "", "Lat": "0", "Lon": "0", "Confirmed": 2993, "Deaths": 167, "Recovered": 1664, "Active": 1162, "Date": "2020-06-10T00:00:00Z"}, {"Country": "Bulgaria", "CountryCode": "", "Province": "", "City": "", "CityCode": "", "Lat": "0", "Lon": "0", "Confirmed": 3086, "Deaths": 168, "Recovered": 1688, "Active": 1230, "Date": "2020-06-11T00:00:00Z"}, {"Country": "Bulgaria", "CountryCode": "", "Province": "", "City": "", "CityCode": "", "Lat": "0", "Lon": "0", "Confirmed": 3191, "Deaths": 172, "Recovered": 1716, "Active": 1303, "Date": "2020-06-12T00:00:00Z"}, {"Country": "Bulgaria", "CountryCode": "", "Province": "", "City": "", "CityCode": "", "Lat": "0", "Lon": "0", "Confirmed": 3266, "Deaths": 172, "Recovered": 1723, "Active": 1371, "Date": "2020-06-13T00:00:00Z"}, {"Country": "Bulgaria", "CountryCode": "", "Province": "", "City": "", "CityCode": "", "Lat": "0", "Lon": "0", "Confirmed": 3290, "Deaths": 174, "Recovered": 1730, "Active": 1386, "Date": "2020-06-14T00:00:00Z"}, {"Country": "Bulgaria", "CountryCode": "", "Province": "", "City": "", "CityCode": "", "Lat": "0", "Lon": "0", "Confirmed": 3341, "Deaths": 176, "Recovered": 1784, "Active": 1381, "Date": "2020-06-15T00:00:00Z"}, {"Country": "Bulgaria", "CountryCode": "", "Province": "", "City": "", "CityCode": "", "Lat": "0", "Lon": "0", "Confirmed": 3453, "Deaths": 181, "Recovered": 1817, "Active": 1455, "Date": "2020-06-16T00:00:00Z"}, {"Country": "Bulgaria", "CountryCode": "", "Province": "", "City": "", "CityCode": "", "Lat": "0", "Lon": "0", "Confirmed": 3542, "Deaths": 184, "Recovered": 1880, "Active": 1478, "Date": "2020-06-17T00:00:00Z"}, {"Country": "Bulgaria", "CountryCode": "", "Province": "", "City": "", "CityCode": "", "Lat": "0", "Lon": "0", "Confirmed": 3674, "Deaths": 190, "Recovered": 1941, "Active": 1543, "Date": "2020-06-18T00:00:00Z"}, {"Country": "Bulgaria", "CountryCode": "", "Province": "", "City": "", "CityCode": "", "Lat": "0", "Lon": "0", "Confirmed": 3755, "Deaths": 193, "Recovered": 2008, "Active": 1554, "Date": "2020-06-19T00:00:00Z"}, {"Country": "Bulgaria", "CountryCode": "", "Province": "", "City": "", "CityCode": "", "Lat": "0", "Lon": "0", "Confirmed": 3872, "Deaths": 199, "Recovered": 2027, "Active": 1646, "Date": "2020-06-20T00:00:00Z"}, {"Country": "Bulgaria", "CountryCode": "", "Province": "", "City": "", "CityCode": "", "Lat": "0", "Lon": "0", "Confirmed": 3905, "Deaths": 199, "Recovered": 2074, "Active": 1632, "Date": "2020-06-21T00:00:00Z"}, {"Country": "Bulgaria", "CountryCode": "", "Province": "", "City": "", "CityCode": "", "Lat": "0", "Lon": "0", "Confirmed": 3984, "Deaths": 207, "Recovered": 2171, "Active": 1606, "Date": "2020-06-22T00:00:00Z"}, {"Country": "Bulgaria", "CountryCode": "", "Province": "", "City": "", "CityCode": "", "Lat": "0", "Lon": "0", "Confirmed": 4114, "Deaths": 208, "Recovered": 2217, "Active": 1689, "Date": "2020-06-23T00:00:00Z"}, {"Country": "Bulgaria", "CountryCode": "", "Province": "", "City": "", "CityCode": "", "Lat": "0", "Lon": "0", "Confirmed": 4242, "Deaths": 209, "Recovered": 2263, "Active": 1770, "Date": "2020-06-24T00:00:00Z"}, {"Country": "Bulgaria", "CountryCode": "", "Province": "", "City": "", "CityCode": "", "Lat": "0", "Lon": "0", "Confirmed": 4408, "Deaths": 211, "Recovered": 2370, "Active": 1827, "Date": "2020-06-25T00:00:00Z"}, {"Country": "Bulgaria", "CountryCode": "", "Province": "", "City": "", "CityCode": "", "Lat": "0", "Lon": "0", "Confirmed": 4513, "Deaths": 215, "Recovered": 2457, "Active": 1841, "Date": "2020-06-26T00:00:00Z"}, {"Country": "Bulgaria", "CountryCode": "", "Province": "", "City": "", "CityCode": "", "Lat": "0", "Lon": "0", "Confirmed": 4625, "Deaths": 216, "Recovered": 2475, "Active": 1934, "Date": "2020-06-27T00:00:00Z"}, {"Country": "Bulgaria", "CountryCode": "", "Province": "", "City": "", "CityCode": "", "Lat": "0", "Lon": "0", "Confirmed": 4691, "Deaths": 219, "Recovered": 2508, "Active": 1964, "Date": "2020-06-28T00:00:00Z"}, {"Country": "Bulgaria", "CountryCode": "", "Province": "", "City": "", "CityCode": "", "Lat": "0", "Lon": "0", "Confirmed": 4831, "Deaths": 223, "Recovered": 2582, "Active": 2026, "Date": "2020-06-29T00:00:00Z"}, {"Country": "Bulgaria", "CountryCode": "", "Province": "", "City": "", "CityCode": "", "Lat": "0", "Lon": "0", "Confirmed": 4989, "Deaths": 230, "Recovered": 2676, "Active": 2083, "Date": "2020-06-30T00:00:00Z"}, {"Country": "Bulgaria", "CountryCode": "", "Province": "", "City": "", "CityCode": "", "Lat": "0", "Lon": "0", "Confirmed": 5154, "Deaths": 232, "Recovered": 2722, "Active": 2200, "Date": "2020-07-01T00:00:00Z"}, {"Country": "Bulgaria", "CountryCode": "", "Province": "", "City": "", "CityCode": "", "Lat": "0", "Lon": "0", "Confirmed": 5315, "Deaths": 232, "Recovered": 2802, "Active": 2281, "Date": "2020-07-02T00:00:00Z"}, {"Country": "Bulgaria", "CountryCode": "", "Province": "", "City": "", "CityCode": "", "Lat": "0", "Lon": "0", "Confirmed": 5497, "Deaths": 239, "Recovered": 2892, "Active": 2366, "Date": "2020-07-03T00:00:00Z"}, {"Country": "Bulgaria", "CountryCode": "", "Province": "", "City": "", "CityCode": "", "Lat": "0", "Lon": "0", "Confirmed": 5677, "Deaths": 241, "Recovered": 2898, "Active": 2538, "Date": "2020-07-04T00:00:00Z"}, {"Country": "Bulgaria", "CountryCode": "", "Province": "", "City": "", "CityCode": "", "Lat": "0", "Lon": "0", "Confirmed": 5740, "Deaths": 246, "Recovered": 2915, "Active": 2579, "Date": "2020-07-05T00:00:00Z"}, {"Country": "Bulgaria", "CountryCode": "", "Province": "", "City": "", "CityCode": "", "Lat": "0", "Lon": "0", "Confirmed": 5914, "Deaths": 250, "Recovered": 3000, "Active": 2664, "Date": "2020-07-06T00:00:00Z"}, {"Country": "Bulgaria", "CountryCode": "", "Province": "", "City": "", "CityCode": "", "Lat": "0", "Lon": "0", "Confirmed": 6102, "Deaths": 254, "Recovered": 3037, "Active": 2811, "Date": "2020-07-07T00:00:00Z"}, {"Country": "Bulgaria", "CountryCode": "", "Province": "", "City": "", "CityCode": "", "Lat": "0", "Lon": "0", "Confirmed": 6342, "Deaths": 259, "Recovered": 3166, "Active": 2917, "Date": "2020-07-08T00:00:00Z"}, {"Country": "Bulgaria", "CountryCode": "", "Province": "", "City": "", "CityCode": "", "Lat": "0", "Lon": "0", "Confirmed": 6672, "Deaths": 262, "Recovered": 3229, "Active": 3181, "Date": "2020-07-09T00:00:00Z"}, {"Country": "Bulgaria", "CountryCode": "", "Province": "", "City": "", "CityCode": "", "Lat": "0", "Lon": "0", "Confirmed": 6964, "Deaths": 267, "Recovered": 3308, "Active": 3389, "Date": "2020-07-10T00:00:00Z"}, {"Country": "Bulgaria", "CountryCode": "", "Province": "", "City": "", "CityCode": "", "Lat": "0", "Lon": "0", "Confirmed": 7175, "Deaths": 267, "Recovered": 3311, "Active": 3597, "Date": "2020-07-11T00:00:00Z"}, {"Country": "Bulgaria", "CountryCode": "", "Province": "", "City": "", "CityCode": "", "Lat": "0", "Lon": "0", "Confirmed": 7252, "Deaths": 268, "Recovered": 3319, "Active": 3665, "Date": "2020-07-12T00:00:00Z"}, {"Country": "Bulgaria", "CountryCode": "", "Province": "", "City": "", "CityCode": "", "Lat": "0", "Lon": "0", "Confirmed": 7411, "Deaths": 276, "Recovered": 3517, "Active": 3618, "Date": "2020-07-13T00:00:00Z"}, {"Country": "Bulgaria", "CountryCode": "", "Province": "", "City": "", "CityCode": "", "Lat": "0", "Lon": "0", "Confirmed": 7645, "Deaths": 283, "Recovered": 3663, "Active": 3699, "Date": "2020-07-14T00:00:00Z"}, {"Country": "Bulgaria", "CountryCode": "", "Province": "", "City": "", "CityCode": "", "Lat": "0", "Lon": "0", "Confirmed": 7877, "Deaths": 289, "Recovered": 3841, "Active": 3747, "Date": "2020-07-15T00:00:00Z"}, {"Country": "Bulgaria", "CountryCode": "", "Province": "", "City": "", "CityCode": "", "Lat": "0", "Lon": "0", "Confirmed": 8144, "Deaths": 293, "Recovered": 3927, "Active": 3924, "Date": "2020-07-16T00:00:00Z"}, {"Country": "Bulgaria", "CountryCode": "", "Province": "", "City": "", "CityCode": "", "Lat": "0", "Lon": "0", "Confirmed": 8442, "Deaths": 297, "Recovered": 4033, "Active": 4112, "Date": "2020-07-17T00:00:00Z"}, {"Country": "Bulgaria", "CountryCode": "", "Province": "", "City": "", "CityCode": "", "Lat": "0", "Lon": "0", "Confirmed": 8638, "Deaths": 299, "Recovered": 4081, "Active": 4258, "Date": "2020-07-18T00:00:00Z"}, {"Country": "Bulgaria", "CountryCode": "", "Province": "", "City": "", "CityCode": "", "Lat": "0", "Lon": "0", "Confirmed": 8733, "Deaths": 300, "Recovered": 4106, "Active": 4327, "Date": "2020-07-19T00:00:00Z"}, {"Country": "Bulgaria", "CountryCode": "", "Province": "", "City": "", "CityCode": "", "Lat": "0", "Lon": "0", "Confirmed": 8929, "Deaths": 308, "Recovered": 4205, "Active": 4416, "Date": "2020-07-20T00:00:00Z"}, {"Country": "Bulgaria", "CountryCode": "", "Province": "", "City": "", "CityCode": "", "Lat": "0", "Lon": "0", "Confirmed": 9254, "Deaths": 313, "Recovered": 4521, "Active": 4420, "Date": "2020-07-21T00:00:00Z"}, {"Country": "Bulgaria", "CountryCode": "", "Province": "", "City": "", "CityCode": "", "Lat": "0", "Lon": "0", "Confirmed": 9584, "Deaths": 321, "Recovered": 4643, "Active": 4620, "Date": "2020-07-22T00:00:00Z"}, {"Country": "Bulgaria", "CountryCode": "", "Province": "", "City": "", "CityCode": "", "Lat": "0", "Lon": "0", "Confirmed": 9853, "Deaths": 329, "Recovered": 5031, "Active": 4493, "Date": "2020-07-23T00:00:00Z"}, {"Country": "Bulgaria", "CountryCode": "", "Province": "", "City": "", "CityCode": "", "Lat": "0", "Lon": "0", "Confirmed": 10123, "Deaths": 337, "Recovered": 5252, "Active": 4534, "Date": "2020-07-24T00:00:00Z"}, {"Country": "Bulgaria", "CountryCode": "", "Province": "", "City": "", "CityCode": "", "Lat": "0", "Lon": "0", "Confirmed": 10312, "Deaths": 338, "Recovered": 5306, "Active": 4668, "Date": "2020-07-25T00:00:00Z"}, {"Country": "Bulgaria", "CountryCode": "", "Province": "", "City": "", "CityCode": "", "Lat": "0", "Lon": "0", "Confirmed": 10427, "Deaths": 340, "Recovered": 5355, "Active": 4732, "Date": "2020-07-26T00:00:00Z"}, {"Country": "Bulgaria", "CountryCode": "", "Province": "", "City": "", "CityCode": "", "Lat": "0", "Lon": "0", "Confirmed": 10621, "Deaths": 347, "Recovered": 5585, "Active": 4689, "Date": "2020-07-27T00:00:00Z"}, {"Country": "Bulgaria", "CountryCode": "", "Province": "", "City": "", "CityCode": "", "Lat": "0", "Lon": "0", "Confirmed": 10871, "Deaths": 355, "Recovered": 5766, "Active": 4750, "Date": "2020-07-28T00:00:00Z"}, {"Country": "Bulgaria", "CountryCode": "", "Province": "", "City": "", "CityCode": "", "Lat": "0", "Lon": "0", "Confirmed": 11155, "Deaths": 368, "Recovered": 5971, "Active": 4816, "Date": "2020-07-29T00:00:00Z"}, {"Country": "Bulgaria", "CountryCode": "", "Province": "", "City": "", "CityCode": "", "Lat": "0", "Lon": "0", "Confirmed": 11420, "Deaths": 374, "Recovered": 6173, "Active": 4873, "Date": "2020-07-30T00:00:00Z"}, {"Country": "Bulgaria", "CountryCode": "", "Province": "", "City": "", "CityCode": "", "Lat": "0", "Lon": "0", "Confirmed": 11690, "Deaths": 383, "Recovered": 6319, "Active": 4988, "Date": "2020-07-31T00:00:00Z"}, {"Country": "Bulgaria", "CountryCode": "", "Province": "", "City": "", "CityCode": "", "Lat": "0", "Lon": "0", "Confirmed": 11836, "Deaths": 385, "Recovered": 6396, "Active": 5055, "Date": "2020-08-01T00:00:00Z"}, {"Country": "Bulgaria", "CountryCode": "", "Province": "", "City": "", "CityCode": "", "Lat": "0", "Lon": "0", "Confirmed": 11955, "Deaths": 388, "Recovered": 6420, "Active": 5147, "Date": "2020-08-02T00:00:00Z"}, {"Country": "Bulgaria", "CountryCode": "", "Province": "", "City": "", "CityCode": "", "Lat": "0", "Lon": "0", "Confirmed": 12159, "Deaths": 404, "Recovered": 6684, "Active": 5071, "Date": "2020-08-03T00:00:00Z"}, {"Country": "Bulgaria", "CountryCode": "", "Province": "", "City": "", "CityCode": "", "Lat": "0", "Lon": "0", "Confirmed": 12414, "Deaths": 415, "Recovered": 6964, "Active": 5035, "Date": "2020-08-04T00:00:00Z"}, {"Country": "Bulgaria", "CountryCode": "", "Province": "", "City": "", "CityCode": "", "Lat": "0", "Lon": "0", "Confirmed": 12717, "Deaths": 424, "Recovered": 7154, "Active": 5139, "Date": "2020-08-05T00:00:00Z"}, {"Country": "Bulgaria", "CountryCode": "", "Province": "", "City": "", "CityCode": "", "Lat": "0", "Lon": "0", "Confirmed": 13014, "Deaths": 435, "Recovered": 7374, "Active": 5205, "Date": "2020-08-06T00:00:00Z"}, {"Country": "Bulgaria", "CountryCode": "", "Province": "", "City": "", "CityCode": "", "Lat": "0", "Lon": "0", "Confirmed": 13209, "Deaths": 442, "Recovered": 7622, "Active": 5145, "Date": "2020-08-07T00:00:00Z"}, {"Country": "Bulgaria", "CountryCode": "", "Province": "", "City": "", "CityCode": "", "Lat": "0", "Lon": "0", "Confirmed": 13343, "Deaths": 445, "Recovered": 7718, "Active": 5180, "Date": "2020-08-08T00:00:00Z"}, {"Country": "Bulgaria", "CountryCode": "", "Province": "", "City": "", "CityCode": "", "Lat": "0", "Lon": "0", "Confirmed": 13396, "Deaths": 447, "Recovered": 7772, "Active": 5177, "Date": "2020-08-09T00:00:00Z"}, {"Country": "Bulgaria", "CountryCode": "", "Province": "", "City": "", "CityCode": "", "Lat": "0", "Lon": "0", "Confirmed": 13512, "Deaths": 459, "Recovered": 7980, "Active": 5073, "Date": "2020-08-10T00:00:00Z"}, {"Country": "Bulgaria", "CountryCode": "", "Province": "", "City": "", "CityCode": "", "Lat": "0", "Lon": "0", "Confirmed": 13722, "Deaths": 471, "Recovered": 8154, "Active": 5097, "Date": "2020-08-11T00:00:00Z"}, {"Country": "Bulgaria", "CountryCode": "", "Province": "", "City": "", "CityCode": "", "Lat": "0", "Lon": "0", "Confirmed": 13893, "Deaths": 482, "Recovered": 8479, "Active": 4932, "Date": "2020-08-12T00:00:00Z"}, {"Country": "Bulgaria", "CountryCode": "", "Province": "", "City": "", "CityCode": "", "Lat": "0", "Lon": "0", "Confirmed": 13893, "Deaths": 482, "Recovered": 8479, "Active": 4932, "Date": "2020-08-13T00:00:00Z"}, {"Country": "Bulgaria", "CountryCode": "", "Province": "", "City": "", "CityCode": "", "Lat": "0", "Lon": "0", "Confirmed": 14243, "Deaths": 492, "Recovered": 9114, "Active": 4637, "Date": "2020-08-14T00:00:00Z"}, {"Country": "Bulgaria", "CountryCode": "", "Province": "", "City": "", "CityCode": "", "Lat": "0", "Lon": "0", "Confirmed": 14333, "Deaths": 495, "Recovered": 9161, "Active": 4677, "Date": "2020-08-15T00:00:00Z"}, {"Country": "Bulgaria", "CountryCode": "", "Province": "", "City": "", "CityCode": "", "Lat": "0", "Lon": "0", "Confirmed": 14365, "Deaths": 498, "Recovered": 9186, "Active": 4681, "Date": "2020-08-16T00:00:00Z"}, {"Country": "Bulgaria", "CountryCode": "", "Province": "", "City": "", "CityCode": "", "Lat": "0", "Lon": "0", "Confirmed": 14500, "Deaths": 512, "Recovered": 9442, "Active": 4546, "Date": "2020-08-17T00:00:00Z"}, {"Country": "Bulgaria", "CountryCode": "", "Province": "", "City": "", "CityCode": "", "Lat": "0", "Lon": "0", "Confirmed": 14669, "Deaths": 519, "Recovered": 9699, "Active": 4451, "Date": "2020-08-18T00:00:00Z"}, {"Country": "Bulgaria", "CountryCode": "", "Province": "", "City": "", "CityCode": "", "Lat": "0", "Lon": "0", "Confirmed": 14820, "Deaths": 527, "Recovered": 9931, "Active": 4362, "Date": "2020-08-19T00:00:00Z"}, {"Country": "Bulgaria", "CountryCode": "", "Province": "", "City": "", "CityCode": "", "Lat": "0", "Lon": "0", "Confirmed": 14962, "Deaths": 532, "Recovered": 10087, "Active": 4343, "Date": "2020-08-20T00:00:00Z"}, {"Country": "Bulgaria", "CountryCode": "", "Province": "", "City": "", "CityCode": "", "Lat": "0", "Lon": "0", "Confirmed": 15131, "Deaths": 539, "Recovered": 10282, "Active": 4310, "Date": "2020-08-21T00:00:00Z"}, {"Country": "Bulgaria", "CountryCode": "", "Province": "", "City": "", "CityCode": "", "Lat": "0", "Lon": "0", "Confirmed": 15131, "Deaths": 539, "Recovered": 10282, "Active": 4310, "Date": "2020-08-22T00:00:00Z"}, {"Country": "Bulgaria", "CountryCode": "", "Province": "", "City": "", "CityCode": "", "Lat": "0", "Lon": "0", "Confirmed": 15287, "Deaths": 545, "Recovered": 10338, "Active": 4404, "Date": "2020-08-23T00:00:00Z"}, {"Country": "Bulgaria", "CountryCode": "", "Province": "", "City": "", "CityCode": "", "Lat": "0", "Lon": "0", "Confirmed": 15386, "Deaths": 563, "Recovered": 10497, "Active": 4326, "Date": "2020-08-24T00:00:00Z"}, {"Country": "Bulgaria", "CountryCode": "", "Province": "", "City": "", "CityCode": "", "Lat": "0", "Lon": "0", "Confirmed": 15589, "Deaths": 572, "Recovered": 10601, "Active": 4416, "Date": "2020-08-25T00:00:00Z"}, {"Country": "Bulgaria", "CountryCode": "", "Province": "", "City": "", "CityCode": "", "Lat": "0", "Lon": "0", "Confirmed": 15751, "Deaths": 586, "Recovered": 10750, "Active": 4415, "Date": "2020-08-26T00:00:00Z"}, {"Country": "Bulgaria", "CountryCode": "", "Province": "", "City": "", "CityCode": "", "Lat": "0", "Lon": "0", "Confirmed": 15908, "Deaths": 594, "Recovered": 11044, "Active": 4270, "Date": "2020-08-27T00:00:00Z"}, {"Country": "Bulgaria", "CountryCode": "", "Province": "", "City": "", "CityCode": "", "Lat": "0", "Lon": "0", "Confirmed": 16065, "Deaths": 603, "Recovered": 11231, "Active": 4231, "Date": "2020-08-28T00:00:00Z"}, {"Country": "Bulgaria", "CountryCode": "", "Province": "", "City": "", "CityCode": "", "Lat": "0", "Lon": "0", "Confirmed": 16164, "Deaths": 605, "Recovered": 11253, "Active": 4306, "Date": "2020-08-29T00:00:00Z"}, {"Country": "Bulgaria", "CountryCode": "", "Province": "", "City": "", "CityCode": "", "Lat": "0", "Lon": "0", "Confirmed": 16190, "Deaths": 613, "Recovered": 11313, "Active": 4264, "Date": "2020-08-30T00:00:00Z"}, {"Country": "Bulgaria", "CountryCode": "", "Province": "", "City": "", "CityCode": "", "Lat": "0", "Lon": "0", "Confirmed": 16266, "Deaths": 629, "Recovered": 11483, "Active": 4154, "Date": "2020-08-31T00:00:00Z"}, {"Country": "Bulgaria", "CountryCode": "", "Province": "", "City": "", "CityCode": "", "Lat": "0", "Lon": "0", "Confirmed": 16454, "Deaths": 642, "Recovered": 11615, "Active": 4197, "Date": "2020-09-01T00:00:00Z"}, {"Country": "Bulgaria", "CountryCode": "", "Province": "", "City": "", "CityCode": "", "Lat": "0", "Lon": "0", "Confirmed": 16617, "Deaths": 648, "Recovered": 11760, "Active": 4209, "Date": "2020-09-02T00:00:00Z"}, {"Country": "Bulgaria", "CountryCode": "", "Province": "", "City": "", "CityCode": "", "Lat": "0", "Lon": "0", "Confirmed": 16775, "Deaths": 658, "Recovered": 11935, "Active": 4182, "Date": "2020-09-03T00:00:00Z"}, {"Country": "Bulgaria", "CountryCode": "", "Province": "", "City": "", "CityCode": "", "Lat": "0", "Lon": "0", "Confirmed": 16954, "Deaths": 665, "Recovered": 12046, "Active": 4243, "Date": "2020-09-04T00:00:00Z"}, {"Country": "Bulgaria", "CountryCode": "", "Province": "", "City": "", "CityCode": "", "Lat": "0", "Lon": "0", "Confirmed": 17050, "Deaths": 671, "Recovered": 12132, "Active": 4247, "Date": "2020-09-05T00:00:00Z"}, {"Country": "Bulgaria", "CountryCode": "", "Province": "", "City": "", "CityCode": "", "Lat": "0", "Lon": "0", "Confirmed": 17089, "Deaths": 676, "Recovered": 12157, "Active": 4256, "Date": "2020-09-06T00:00:00Z"}, {"Country": "Bulgaria", "CountryCode": "", "Province": "", "City": "", "CityCode": "", "Lat": "0", "Lon": "0", "Confirmed": 17146, "Deaths": 677, "Recovered": 12189, "Active": 4280, "Date": "2020-09-07T00:00:00Z"}, {"Country": "Bulgaria", "CountryCode": "", "Province": "", "City": "", "CityCode": "", "Lat": "0", "Lon": "0", "Confirmed": 17313, "Deaths": 692, "Recovered": 12297, "Active": 4324, "Date": "2020-09-08T00:00:00Z"}, {"Country": "Bulgaria", "CountryCode": "", "Province": "", "City": "", "CityCode": "", "Lat": "0", "Lon": "0", "Confirmed": 17435, "Deaths": 702, "Recovered": 12474, "Active": 4259, "Date": "2020-09-09T00:00:00Z"}, {"Country": "Bulgaria", "CountryCode": "", "Province": "", "City": "", "CityCode": "", "Lat": "0", "Lon": "0", "Confirmed": 17598, "Deaths": 706, "Recovered": 12619, "Active": 4273, "Date": "2020-09-10T00:00:00Z"}, {"Country": "Bulgaria", "CountryCode": "", "Province": "", "City": "", "CityCode": "", "Lat": "0", "Lon": "0", "Confirmed": 17799, "Deaths": 713, "Recovered": 12750, "Active": 4336, "Date": "2020-09-11T00:00:00Z"}, {"Country": "Bulgaria", "CountryCode": "", "Province": "", "City": "", "CityCode": "", "Lat": "0", "Lon": "0", "Confirmed": 17891, "Deaths": 717, "Recovered": 12758, "Active": 4416, "Date": "2020-09-12T00:00:00Z"}, {"Country": "Bulgaria", "CountryCode": "", "Province": "", "City": "", "CityCode": "", "Lat": "0", "Lon": "0", "Confirmed": 17918, "Deaths": 720, "Recovered": 12767, "Active": 4431, "Date": "2020-09-13T00:00:00Z"}, {"Country": "Bulgaria", "CountryCode": "", "Province": "", "City": "", "CityCode": "", "Lat": "0", "Lon": "0", "Confirmed": 18061, "Deaths": 729, "Recovered": 12930, "Active": 4402, "Date": "2020-09-14T00:00:00Z"}, {"Country": "Bulgaria", "CountryCode": "", "Province": "", "City": "", "CityCode": "", "Lat": "0", "Lon": "0", "Confirmed": 18216, "Deaths": 736, "Recovered": 13057, "Active": 4423, "Date": "2020-09-15T00:00:00Z"}, {"Country": "Bulgaria", "CountryCode": "", "Province": "", "City": "", "CityCode": "", "Lat": "0", "Lon": "0", "Confirmed": 18390, "Deaths": 739, "Recovered": 13241, "Active": 4410, "Date": "2020-09-16T00:00:00Z"}, {"Country": "Bulgaria", "CountryCode": "", "Province": "", "City": "", "CityCode": "", "Lat": "0", "Lon": "0", "Confirmed": 18544, "Deaths": 749, "Recovered": 13391, "Active": 4404, "Date": "2020-09-17T00:00:00Z"}, {"Country": "Bulgaria", "CountryCode": "", "Province": "", "City": "", "CityCode": "", "Lat": "0", "Lon": "0", "Confirmed": 18733, "Deaths": 753, "Recovered": 13510, "Active": 4470, "Date": "2020-09-18T00:00:00Z"}, {"Country": "Bulgaria", "CountryCode": "", "Province": "", "City": "", "CityCode": "", "Lat": "0", "Lon": "0", "Confirmed": 18819, "Deaths": 755, "Recovered": 13558, "Active": 4506, "Date": "2020-09-19T00:00:00Z"}, {"Country": "Bulgaria", "CountryCode": "", "Province": "", "City": "", "CityCode": "", "Lat": "0", "Lon": "0", "Confirmed": 18863, "Deaths": 761, "Recovered": 13580, "Active": 4522, "Date": "2020-09-20T00:00:00Z"}, {"Country": "Bulgaria", "CountryCode": "", "Province": "", "City": "", "CityCode": "", "Lat": "0", "Lon": "0", "Confirmed": 19014, "Deaths": 765, "Recovered": 13727, "Active": 4522, "Date": "2020-09-21T00:00:00Z"}, {"Country": "Bulgaria", "CountryCode": "", "Province": "", "City": "", "CityCode": "", "Lat": "0", "Lon": "0", "Confirmed": 19123, "Deaths": 767, "Recovered": 13748, "Active": 4608, "Date": "2020-09-22T00:00:00Z"}, {"Country": "Bulgaria", "CountryCode": "", "Province": "", "City": "", "CityCode": "", "Lat": "0", "Lon": "0", "Confirmed": 19283, "Deaths": 779, "Recovered": 13867, "Active": 4637, "Date": "2020-09-23T00:00:00Z"}, {"Country": "Bulgaria", "CountryCode": "", "Province": "", "City": "", "CityCode": "", "Lat": "0", "Lon": "0", "Confirmed": 19573, "Deaths": 785, "Recovered": 14013, "Active": 4775, "Date": "2020-09-24T00:00:00Z"}, {"Country": "Bulgaria", "CountryCode": "", "Province": "", "City": "", "CityCode": "", "Lat": "0", "Lon": "0", "Confirmed": 19828, "Deaths": 789, "Recovered": 14132, "Active": 4907, "Date": "2020-09-25T00:00:00Z"}, {"Country": "Bulgaria", "CountryCode": "", "Province": "", "City": "", "CityCode": "", "Lat": "0", "Lon": "0", "Confirmed": 19997, "Deaths": 789, "Recovered": 14160, "Active": 5048, "Date": "2020-09-26T00:00:00Z"}, {"Country": "Bulgaria", "CountryCode": "", "Province": "", "City": "", "CityCode": "", "Lat": "0", "Lon": "0", "Confirmed": 20055, "Deaths": 796, "Recovered": 14176, "Active": 5083, "Date": "2020-09-27T00:00:00Z"}, {"Country": "Bulgaria", "CountryCode": "", "Province": "", "City": "", "CityCode": "", "Lat": "0", "Lon": "0", "Confirmed": 20271, "Deaths": 807, "Recovered": 14339, "Active": 5125, "Date": "2020-09-28T00:00:00Z"}, {"Country": "Bulgaria", "CountryCode": "", "Province": "", "City": "", "CityCode": "", "Lat": "0", "Lon": "0", "Confirmed": 20547, "Deaths": 813, "Recovered": 14489, "Active": 5245, "Date": "2020-09-29T00:00:00Z"}, {"Country": "Bulgaria", "CountryCode": "", "Province": "", "City": "", "CityCode": "", "Lat": "0", "Lon": "0", "Confirmed": 20833, "Deaths": 825, "Recovered": 14634, "Active": 5374, "Date": "2020-09-30T00:00:00Z"}, {"Country": "Bulgaria", "CountryCode": "", "Province": "", "City": "", "CityCode": "", "Lat": "0", "Lon": "0", "Confirmed": 20833, "Deaths": 825, "Recovered": 14634, "Active": 5374, "Date": "2020-10-01T00:00:00Z"}, {"Country": "Bulgaria", "CountryCode": "", "Province": "", "City": "", "CityCode": "", "Lat": "0", "Lon": "0", "Confirmed": 21336, "Deaths": 838, "Recovered": 14939, "Active": 5559, "Date": "2020-10-02T00:00:00Z"}, {"Country": "Bulgaria", "CountryCode": "", "Province": "", "City": "", "CityCode": "", "Lat": "0", "Lon": "0", "Confirmed": 21518, "Deaths": 841, "Recovered": 14984, "Active": 5693, "Date": "2020-10-03T00:00:00Z"}, {"Country": "Bulgaria", "CountryCode": "", "Province": "", "City": "", "CityCode": "", "Lat": "0", "Lon": "0", "Confirmed": 21587, "Deaths": 844, "Recovered": 15014, "Active": 5729, "Date": "2020-10-04T00:00:00Z"}, {"Country": "Bulgaria", "CountryCode": "", "Province": "", "City": "", "CityCode": "", "Lat": "0", "Lon": "0", "Confirmed": 21870, "Deaths": 854, "Recovered": 15179, "Active": 5837, "Date": "2020-10-05T00:00:00Z"}, {"Country": "Bulgaria", "CountryCode": "", "Province": "", "City": "", "CityCode": "", "Lat": "0", "Lon": "0", "Confirmed": 22306, "Deaths": 862, "Recovered": 15310, "Active": 6134, "Date": "2020-10-06T00:00:00Z"}, {"Country": "Bulgaria", "CountryCode": "", "Province": "", "City": "", "CityCode": "", "Lat": "0", "Lon": "0", "Confirmed": 22743, "Deaths": 873, "Recovered": 15448, "Active": 6422, "Date": "2020-10-07T00:00:00Z"}, {"Country": "Bulgaria", "CountryCode": "", "Province": "", "City": "", "CityCode": "", "Lat": "0", "Lon": "0", "Confirmed": 23259, "Deaths": 880, "Recovered": 15563, "Active": 6816, "Date": "2020-10-08T00:00:00Z"}, {"Country": "Bulgaria", "CountryCode": "", "Province": "", "City": "", "CityCode": "", "Lat": "0", "Lon": "0", "Confirmed": 23871, "Deaths": 887, "Recovered": 15713, "Active": 7271, "Date": "2020-10-09T00:00:00Z"}, {"Country": "Bulgaria", "CountryCode": "", "Province": "", "City": "", "CityCode": "", "Lat": "0", "Lon": "0", "Confirmed": 24319, "Deaths": 891, "Recovered": 15818, "Active": 7610, "Date": "2020-10-10T00:00:00Z"}, {"Country": "Bulgaria", "CountryCode": "", "Province": "", "City": "", "CityCode": "", "Lat": "0", "Lon": "0", "Confirmed": 24402, "Deaths": 892, "Recovered": 15847, "Active": 7663, "Date": "2020-10-11T00:00:00Z"}, {"Country": "Bulgaria", "CountryCode": "", "Province": "", "City": "", "CityCode": "", "Lat": "0", "Lon": "0", "Confirmed": 24989, "Deaths": 915, "Recovered": 15975, "Active": 8099, "Date": "2020-10-12T00:00:00Z"}, {"Country": "Bulgaria", "CountryCode": "", "Province": "", "City": "", "CityCode": "", "Lat": "0", "Lon": "0", "Confirmed": 25774, "Deaths": 923, "Recovered": 16139, "Active": 8712, "Date": "2020-10-13T00:00:00Z"}, {"Country": "Bulgaria", "CountryCode": "", "Province": "", "City": "", "CityCode": "", "Lat": "0", "Lon": "0", "Confirmed": 26593, "Deaths": 929, "Recovered": 16489, "Active": 9175, "Date": "2020-10-14T00:00:00Z"}, {"Country": "Bulgaria", "CountryCode": "", "Province": "", "City": "", "CityCode": "", "Lat": "0", "Lon": "0", "Confirmed": 27507, "Deaths": 944, "Recovered": 16678, "Active": 9885, "Date": "2020-10-15T00:00:00Z"}, {"Country": "Bulgaria", "CountryCode": "", "Province": "", "City": "", "CityCode": "", "Lat": "0", "Lon": "0", "Confirmed": 28505, "Deaths": 958, "Recovered": 16875, "Active": 10672, "Date": "2020-10-16T00:00:00Z"}, {"Country": "Bulgaria", "CountryCode": "", "Province": "", "City": "", "CityCode": "", "Lat": "0", "Lon": "0", "Confirmed": 29108, "Deaths": 968, "Recovered": 16912, "Active": 11228, "Date": "2020-10-17T00:00:00Z"}, {"Country": "Bulgaria", "CountryCode": "", "Province": "", "City": "", "CityCode": "", "Lat": "0", "Lon": "0", "Confirmed": 29503, "Deaths": 986, "Recovered": 16943, "Active": 11574, "Date": "2020-10-18T00:00:00Z"}, {"Country": "Bulgaria", "CountryCode": "", "Province": "", "City": "", "CityCode": "", "Lat": "0", "Lon": "0", "Confirmed": 30527, "Deaths": 1008, "Recovered": 17153, "Active": 12366, "Date": "2020-10-19T00:00:00Z"}, {"Country": "Bulgaria", "CountryCode": "", "Province": "", "City": "", "CityCode": "", "Lat": "0", "Lon": "0", "Confirmed": 31863, "Deaths": 1019, "Recovered": 17414, "Active": 13430, "Date": "2020-10-20T00:00:00Z"}, {"Country": "Bulgaria", "CountryCode": "", "Province": "", "City": "", "CityCode": "", "Lat": "0", "Lon": "0", "Confirmed": 33335, "Deaths": 1048, "Recovered": 17598, "Active": 14689, "Date": "2020-10-21T00:00:00Z"}, {"Country": "Bulgaria", "CountryCode": "", "Province": "", "City": "", "CityCode": "", "Lat": "0", "Lon": "0", "Confirmed": 34930, "Deaths": 1064, "Recovered": 17833, "Active": 16033, "Date": "2020-10-22T00:00:00Z"}, {"Country": "Bulgaria", "CountryCode": "", "Province": "", "City": "", "CityCode": "", "Lat": "0", "Lon": "0", "Confirmed": 36519, "Deaths": 1077, "Recovered": 18102, "Active": 17340, "Date": "2020-10-23T00:00:00Z"}, {"Country": "Bulgaria", "CountryCode": "", "Province": "", "City": "", "CityCode": "", "Lat": "0", "Lon": "0", "Confirmed": 37562, "Deaths": 1084, "Recovered": 18232, "Active": 18246, "Date": "2020-10-24T00:00:00Z"}, {"Country": "Bulgaria", "CountryCode": "", "Province": "", "City": "", "CityCode": "", "Lat": "0", "Lon": "0", "Confirmed": 37889, "Deaths": 1094, "Recovered": 18354, "Active": 18441, "Date": "2020-10-25T00:00:00Z"}, {"Country": "Bulgaria", "CountryCode": "", "Province": "", "City": "", "CityCode": "", "Lat": "0", "Lon": "0", "Confirmed": 40132, "Deaths": 1136, "Recovered": 18650, "Active": 20346, "Date": "2020-10-26T00:00:00Z"}, {"Country": "Bulgaria", "CountryCode": "", "Province": "", "City": "", "CityCode": "", "Lat": "0", "Lon": "0", "Confirmed": 42701, "Deaths": 1161, "Recovered": 18943, "Active": 22597, "Date": "2020-10-27T00:00:00Z"}, {"Country": "Bulgaria", "CountryCode": "", "Province": "", "City": "", "CityCode": "", "Lat": "0", "Lon": "0", "Confirmed": 45461, "Deaths": 1197, "Recovered": 19159, "Active": 25105, "Date": "2020-10-28T00:00:00Z"}, {"Country": "Bulgaria", "CountryCode": "", "Province": "", "City": "", "CityCode": "", "Lat": "0", "Lon": "0", "Confirmed": 48150, "Deaths": 1225, "Recovered": 19695, "Active": 27230, "Date": "2020-10-29T00:00:00Z"}, {"Country": "Bulgaria", "CountryCode": "", "Province": "", "City": "", "CityCode": "", "Lat": "0", "Lon": "0", "Confirmed": 51041, "Deaths": 1254, "Recovered": 19877, "Active": 29910, "Date": "2020-10-30T00:00:00Z"}, {"Country": "Bulgaria", "CountryCode": "", "Province": "", "City": "", "CityCode": "", "Lat": "0", "Lon": "0", "Confirmed": 52844, "Deaths": 1279, "Recovered": 20045, "Active": 31520, "Date": "2020-10-31T00:00:00Z"}, {"Country": "Bulgaria", "CountryCode": "", "Province": "", "City": "", "CityCode": "", "Lat": "0", "Lon": "0", "Confirmed": 54069, "Deaths": 1298, "Recovered": 20530, "Active": 32241, "Date": "2020-11-01T00:00:00Z"}, {"Country": "Bulgaria", "CountryCode": "", "Province": "", "City": "", "CityCode": "", "Lat": "0", "Lon": "0", "Confirmed": 56496, "Deaths": 1349, "Recovered": 21037, "Active": 34110, "Date": "2020-11-02T00:00:00Z"}, {"Country": "Bulgaria", "CountryCode": "", "Province": "", "City": "", "CityCode": "", "Lat": "0", "Lon": "0", "Confirmed": 60537, "Deaths": 1412, "Recovered": 21544, "Active": 37581, "Date": "2020-11-03T00:00:00Z"}, {"Country": "Bulgaria", "CountryCode": "", "Province": "", "City": "", "CityCode": "", "Lat": "0", "Lon": "0", "Confirmed": 64591, "Deaths": 1466, "Recovered": 21947, "Active": 41178, "Date": "2020-11-04T00:00:00Z"}, {"Country": "Bulgaria", "CountryCode": "", "Province": "", "City": "", "CityCode": "", "Lat": "0", "Lon": "0", "Confirmed": 68345, "Deaths": 1518, "Recovered": 22709, "Active": 44118, "Date": "2020-11-05T00:00:00Z"}, {"Country": "Bulgaria", "CountryCode": "", "Province": "", "City": "", "CityCode": "", "Lat": "0", "Lon": "0", "Confirmed": 72184, "Deaths": 1576, "Recovered": 23436, "Active": 47172, "Date": "2020-11-06T00:00:00Z"}, {"Country": "Bulgaria", "CountryCode": "", "Province": "", "City": "", "CityCode": "", "Lat": "0", "Lon": "0", "Confirmed": 74485, "Deaths": 1632, "Recovered": 23805, "Active": 49048, "Date": "2020-11-07T00:00:00Z"}, {"Country": "Bulgaria", "CountryCode": "", "Province": "", "City": "", "CityCode": "", "Lat": "0", "Lon": "0", "Confirmed": 75160, "Deaths": 1665, "Recovered": 24408, "Active": 49087, "Date": "2020-11-08T00:00:00Z"}, {"Country": "Bulgaria", "CountryCode": "", "Province": "", "City": "", "CityCode": "", "Lat": "0", "Lon": "0", "Confirmed": 78976, "Deaths": 1771, "Recovered": 25283, "Active": 51922, "Date": "2020-11-09T00:00:00Z"}, {"Country": "Bulgaria", "CountryCode": "", "Province": "", "City": "", "CityCode": "", "Lat": "0", "Lon": "0", "Confirmed": 83366, "Deaths": 1851, "Recovered": 25799, "Active": 55716, "Date": "2020-11-10T00:00:00Z"}, {"Country": "Bulgaria", "CountryCode": "", "Province": "", "City": "", "CityCode": "", "Lat": "0", "Lon": "0", "Confirmed": 87311, "Deaths": 1898, "Recovered": 26714, "Active": 58699, "Date": "2020-11-11T00:00:00Z"}, {"Country": "Bulgaria", "CountryCode": "", "Province": "", "City": "", "CityCode": "", "Lat": "0", "Lon": "0", "Confirmed": 90725, "Deaths": 1970, "Recovered": 27587, "Active": 61168, "Date": "2020-11-12T00:00:00Z"}, {"Country": "Bulgaria", "CountryCode": "", "Province": "", "City": "", "CityCode": "", "Lat": "0", "Lon": "0", "Confirmed": 94937, "Deaths": 2055, "Recovered": 28269, "Active": 64613, "Date": "2020-11-13T00:00:00Z"}, {"Country": "Bulgaria", "CountryCode": "", "Province": "", "City": "", "CityCode": "", "Lat": "0", "Lon": "0", "Confirmed": 97435, "Deaths": 2091, "Recovered": 28805, "Active": 66539, "Date": "2020-11-14T00:00:00Z"}, {"Country": "Bulgaria", "CountryCode": "", "Province": "", "City": "", "CityCode": "", "Lat": "0", "Lon": "0", "Confirmed": 98251, "Deaths": 2130, "Recovered": 29375, "Active": 66746, "Date": "2020-11-15T00:00:00Z"}, {"Country": "Bulgaria", "CountryCode": "", "Province": "", "City": "", "CityCode": "", "Lat": "0", "Lon": "0", "Confirmed": 101770, "Deaths": 2282, "Recovered": 30317, "Active": 69171, "Date": "2020-11-16T00:00:00Z"}, {"Country": "Bulgaria", "CountryCode": "", "Province": "", "City": "", "CityCode": "", "Lat": "0", "Lon": "0", "Confirmed": 106598, "Deaths": 2413, "Recovered": 31536, "Active": 72649, "Date": "2020-11-17T00:00:00Z"}, {"Country": "Bulgaria", "CountryCode": "", "Province": "", "City": "", "CityCode": "", "Lat": "0", "Lon": "0", "Confirmed": 110536, "Deaths": 2530, "Recovered": 32480, "Active": 75526, "Date": "2020-11-18T00:00:00Z"}, {"Country": "Bulgaria", "CountryCode": "", "Province": "", "City": "", "CityCode": "", "Lat": "0", "Lon": "0", "Confirmed": 114435, "Deaths": 2649, "Recovered": 33327, "Active": 78459, "Date": "2020-11-19T00:00:00Z"}, {"Country": "Bulgaria", "CountryCode": "", "Province": "", "City": "", "CityCode": "", "Lat": "0", "Lon": "0", "Confirmed": 118418, "Deaths": 2778, "Recovered": 34388, "Active": 81252, "Date": "2020-11-20T00:00:00Z"}, {"Country": "Bulgaria", "CountryCode": "", "Province": "", "City": "", "CityCode": "", "Lat": "0", "Lon": "0", "Confirmed": 120697, "Deaths": 2820, "Recovered": 35752, "Active": 82125, "Date": "2020-11-21T00:00:00Z"}, {"Country": "Bulgaria", "CountryCode": "", "Province": "", "City": "", "CityCode": "", "Lat": "0", "Lon": "0", "Confirmed": 121820, "Deaths": 2880, "Recovered": 36524, "Active": 82416, "Date": "2020-11-22T00:00:00Z"}, {"Country": "Bulgaria", "CountryCode": "", "Province": "", "City": "", "CityCode": "", "Lat": "0", "Lon": "0", "Confirmed": 124966, "Deaths": 3069, "Recovered": 38226, "Active": 83671, "Date": "2020-11-23T00:00:00Z"}, {"Country": "Bulgaria", "CountryCode": "", "Province": "", "City": "", "CityCode": "", "Lat": "0", "Lon": "0", "Confirmed": 129348, "Deaths": 3226, "Recovered": 40102, "Active": 86020, "Date": "2020-11-24T00:00:00Z"}, {"Country": "Bulgaria", "CountryCode": "", "Province": "", "City": "", "CityCode": "", "Lat": "0", "Lon": "0", "Confirmed": 133060, "Deaths": 3367, "Recovered": 42620, "Active": 87073, "Date": "2020-11-25T00:00:00Z"}, {"Country": "Bulgaria", "CountryCode": "", "Province": "", "City": "", "CityCode": "", "Lat": "0", "Lon": "0", "Confirmed": 136628, "Deaths": 3529, "Recovered": 44875, "Active": 88224, "Date": "2020-11-26T00:00:00Z"}, {"Country": "Bulgaria", "CountryCode": "", "Province": "", "City": "", "CityCode": "", "Lat": "0", "Lon": "0", "Confirmed": 139955, "Deaths": 3680, "Recovered": 46740, "Active": 89535, "Date": "2020-11-27T00:00:00Z"}, {"Country": "Bulgaria", "CountryCode": "", "Province": "", "City": "", "CityCode": "", "Lat": "0", "Lon": "0", "Confirmed": 141747, "Deaths": 3749, "Recovered": 47779, "Active": 90219, "Date": "2020-11-28T00:00:00Z"}, {"Country": "Bulgaria", "CountryCode": "", "Province": "", "City": "", "CityCode": "", "Lat": "0", "Lon": "0", "Confirmed": 142486, "Deaths": 3814, "Recovered": 48594, "Active": 90078, "Date": "2020-11-29T00:00:00Z"}, {"Country": "Bulgaria", "CountryCode": "", "Province": "", "City": "", "CityCode": "", "Lat": "0", "Lon": "0", "Confirmed": 145300, "Deaths": 4035, "Recovered": 50565, "Active": 90700, "Date": "2020-11-30T00:00:00Z"}, {"Country": "Bulgaria", "CountryCode": "", "Province": "", "City": "", "CityCode": "", "Lat": "0", "Lon": "0", "Confirmed": 148775, "Deaths": 4188, "Recovered": 53000, "Active": 91587, "Date": "2020-12-01T00:00:00Z"}, {"Country": "Bulgaria", "CountryCode": "", "Province": "", "City": "", "CityCode": "", "Lat": "0", "Lon": "0", "Confirmed": 151913, "Deaths": 4347, "Recovered": 55206, "Active": 92360, "Date": "2020-12-02T00:00:00Z"}, {"Country": "Bulgaria", "CountryCode": "", "Province": "", "City": "", "CityCode": "", "Lat": "0", "Lon": "0", "Confirmed": 155193, "Deaths": 4503, "Recovered": 57141, "Active": 93549, "Date": "2020-12-03T00:00:00Z"}, {"Country": "Bulgaria", "CountryCode": "", "Province": "", "City": "", "CityCode": "", "Lat": "0", "Lon": "0", "Confirmed": 158807, "Deaths": 4650, "Recovered": 59677, "Active": 94480, "Date": "2020-12-04T00:00:00Z"}, {"Country": "Bulgaria", "CountryCode": "", "Province": "", "City": "", "CityCode": "", "Lat": "0", "Lon": "0", "Confirmed": 160844, "Deaths": 4729, "Recovered": 60673, "Active": 95442, "Date": "2020-12-05T00:00:00Z"}, {"Country": "Bulgaria", "CountryCode": "", "Province": "", "City": "", "CityCode": "", "Lat": "0", "Lon": "0", "Confirmed": 161421, "Deaths": 4797, "Recovered": 62246, "Active": 94378, "Date": "2020-12-06T00:00:00Z"}, {"Country": "Bulgaria", "CountryCode": "", "Province": "", "City": "", "CityCode": "", "Lat": "0", "Lon": "0", "Confirmed": 164185, "Deaths": 5010, "Recovered": 65616, "Active": 93559, "Date": "2020-12-07T00:00:00Z"}, {"Country": "Bulgaria", "CountryCode": "", "Province": "", "City": "", "CityCode": "", "Lat": "0", "Lon": "0", "Confirmed": 168165, "Deaths": 5156, "Recovered": 69028, "Active": 93981, "Date": "2020-12-08T00:00:00Z"}, {"Country": "Bulgaria", "CountryCode": "", "Province": "", "City": "", "CityCode": "", "Lat": "0", "Lon": "0", "Confirmed": 171493, "Deaths": 5283, "Recovered": 72078, "Active": 94132, "Date": "2020-12-09T00:00:00Z"}, {"Country": "Bulgaria", "CountryCode": "", "Province": "", "City": "", "CityCode": "", "Lat": "0", "Lon": "0", "Confirmed": 174568, "Deaths": 5405, "Recovered": 75232, "Active": 93931, "Date": "2020-12-10T00:00:00Z"}, {"Country": "Bulgaria", "CountryCode": "", "Province": "", "City": "", "CityCode": "", "Lat": "0", "Lon": "0", "Confirmed": 177665, "Deaths": 5562, "Recovered": 79522, "Active": 92581, "Date": "2020-12-11T00:00:00Z"}, {"Country": "Bulgaria", "CountryCode": "", "Province": "", "City": "", "CityCode": "", "Lat": "0", "Lon": "0", "Confirmed": 178952, "Deaths": 5626, "Recovered": 81757, "Active": 91569, "Date": "2020-12-12T00:00:00Z"}, {"Country": "Bulgaria", "CountryCode": "", "Province": "", "City": "", "CityCode": "", "Lat": "0", "Lon": "0", "Confirmed": 179449, "Deaths": 5688, "Recovered": 83720, "Active": 90041, "Date": "2020-12-13T00:00:00Z"}, {"Country": "Bulgaria", "CountryCode": "", "Province": "", "City": "", "CityCode": "", "Lat": "0", "Lon": "0", "Confirmed": 181544, "Deaths": 5838, "Recovered": 85578, "Active": 90128, "Date": "2020-12-14T00:00:00Z"}, {"Country": "Bulgaria", "CountryCode": "", "Province": "", "City": "", "CityCode": "", "Lat": "0", "Lon": "0", "Confirmed": 184287, "Deaths": 6005, "Recovered": 87935, "Active": 90347, "Date": "2020-12-15T00:00:00Z"}, {"Country": "Bulgaria", "CountryCode": "", "Province": "", "City": "", "CityCode": "", "Lat": "0", "Lon": "0", "Confirmed": 186246, "Deaths": 6196, "Recovered": 90510, "Active": 89540, "Date": "2020-12-16T00:00:00Z"}, {"Country": "Bulgaria", "CountryCode": "", "Province": "", "City": "", "CityCode": "", "Lat": "0", "Lon": "0", "Confirmed": 188288, "Deaths": 6339, "Recovered": 93728, "Active": 88221, "Date": "2020-12-17T00:00:00Z"}, {"Country": "Bulgaria", "CountryCode": "", "Province": "", "City": "", "CityCode": "", "Lat": "0", "Lon": "0", "Confirmed": 190027, "Deaths": 6496, "Recovered": 96622, "Active": 86909, "Date": "2020-12-18T00:00:00Z"}, {"Country": "Bulgaria", "CountryCode": "", "Province": "", "City": "", "CityCode": "", "Lat": "0", "Lon": "0", "Confirmed": 191029, "Deaths": 6551, "Recovered": 98026, "Active": 86452, "Date": "2020-12-19T00:00:00Z"}, {"Country": "Bulgaria", "CountryCode": "", "Province": "", "City": "", "CityCode": "", "Lat": "0", "Lon": "0", "Confirmed": 191195, "Deaths": 6609, "Recovered": 99758, "Active": 84828, "Date": "2020-12-20T00:00:00Z"}, {"Country": "Bulgaria", "CountryCode": "", "Province": "", "City": "", "CityCode": "", "Lat": "0", "Lon": "0", "Confirmed": 192472, "Deaths": 6765, "Recovered": 102666, "Active": 83041, "Date": "2020-12-21T00:00:00Z"}, {"Country": "Bulgaria", "CountryCode": "", "Province": "", "City": "", "CityCode": "", "Lat": "0", "Lon": "0", "Confirmed": 194271, "Deaths": 6879, "Recovered": 105090, "Active": 82302, "Date": "2020-12-22T00:00:00Z"}, {"Country": "Bulgaria", "CountryCode": "", "Province": "", "City": "", "CityCode": "", "Lat": "0", "Lon": "0", "Confirmed": 195886, "Deaths": 6978, "Recovered": 106465, "Active": 82443, "Date": "2020-12-23T00:00:00Z"}, {"Country": "Bulgaria", "CountryCode": "", "Province": "", "City": "", "CityCode": "", "Lat": "0", "Lon": "0", "Confirmed": 196658, "Deaths": 7023, "Recovered": 107680, "Active": 81955, "Date": "2020-12-24T00:00:00Z"}, {"Country": "Bulgaria", "CountryCode": "", "Province": "", "City": "", "CityCode": "", "Lat": "0", "Lon": "0", "Confirmed": 196915, "Deaths": 7073, "Recovered": 108866, "Active": 80976, "Date": "2020-12-25T00:00:00Z"}, {"Country": "Bulgaria", "CountryCode": "", "Province": "", "City": "", "CityCode": "", "Lat": "0", "Lon": "0", "Confirmed": 197384, "Deaths": 7123, "Recovered": 109742, "Active": 80519, "Date": "2020-12-26T00:00:00Z"}, {"Country": "Bulgaria", "CountryCode": "", "Province": "", "City": "", "CityCode": "", "Lat": "0", "Lon": "0", "Confirmed": 197716, "Deaths": 7164, "Recovered": 111008, "Active": 79544, "Date": "2020-12-27T00:00:00Z"}, {"Country": "Bulgaria", "CountryCode": "", "Province": "", "City": "", "CityCode": "", "Lat": "0", "Lon": "0", "Confirmed": 198053, "Deaths": 7251, "Recovered": 112483, "Active": 78319, "Date": "2020-12-28T00:00:00Z"}, {"Country": "Bulgaria", "CountryCode": "", "Province": "", "City": "", "CityCode": "", "Lat": "0", "Lon": "0", "Confirmed": 199491, "Deaths": 7405, "Recovered": 115402, "Active": 76684, "Date": "2020-12-29T00:00:00Z"}, {"Country": "Bulgaria", "CountryCode": "", "Province": "", "City": "", "CityCode": "", "Lat": "0", "Lon": "0", "Confirmed": 201220, "Deaths": 7515, "Recovered": 118335, "Active": 75370, "Date": "2020-12-30T00:00:00Z"}, {"Country": "Bulgaria", "CountryCode": "", "Province": "", "City": "", "CityCode": "", "Lat": "0", "Lon": "0", "Confirmed": 202266, "Deaths": 7576, "Recovered": 119527, "Active": 75163, "Date": "2020-12-31T00:00:00Z"}, {"Country": "Bulgaria", "CountryCode": "", "Province": "", "City": "", "CityCode": "", "Lat": "0", "Lon": "0", "Confirmed": 202540, "Deaths": 7604, "Recovered": 120343, "Active": 74593, "Date": "2021-01-01T00:00:00Z"}, {"Country": "Bulgaria", "CountryCode": "", "Province": "", "City": "", "CityCode": "", "Lat": "0", "Lon": "0", "Confirmed": 202880, "Deaths": 7644, "Recovered": 121467, "Active": 73769, "Date": "2021-01-02T00:00:00Z"}, {"Country": "Bulgaria", "CountryCode": "", "Province": "", "City": "", "CityCode": "", "Lat": "0", "Lon": "0", "Confirmed": 203051, "Deaths": 7678, "Recovered": 122411, "Active": 72962, "Date": "2021-01-03T00:00:00Z"}, {"Country": "Bulgaria", "CountryCode": "", "Province": "", "City": "", "CityCode": "", "Lat": "0", "Lon": "0", "Confirmed": 204080, "Deaths": 7835, "Recovered": 124624, "Active": 71621, "Date": "2021-01-04T00:00:00Z"}, {"Country": "Bulgaria", "CountryCode": "", "Province": "", "City": "", "CityCode": "", "Lat": "0", "Lon": "0", "Confirmed": 205390, "Deaths": 7902, "Recovered": 126766, "Active": 70722, "Date": "2021-01-05T00:00:00Z"}, {"Country": "Bulgaria", "CountryCode": "", "Province": "", "City": "", "CityCode": "", "Lat": "0", "Lon": "0", "Confirmed": 206392, "Deaths": 7961, "Recovered": 128789, "Active": 69642, "Date": "2021-01-06T00:00:00Z"}, {"Country": "Bulgaria", "CountryCode": "", "Province": "", "City": "", "CityCode": "", "Lat": "0", "Lon": "0", "Confirmed": 207259, "Deaths": 8017, "Recovered": 130191, "Active": 69051, "Date": "2021-01-07T00:00:00Z"}, {"Country": "Bulgaria", "CountryCode": "", "Province": "", "City": "", "CityCode": "", "Lat": "0", "Lon": "0", "Confirmed": 208012, "Deaths": 8078, "Recovered": 134022, "Active": 65912, "Date": "2021-01-08T00:00:00Z"}, {"Country": "Bulgaria", "CountryCode": "", "Province": "", "City": "", "CityCode": "", "Lat": "0", "Lon": "0", "Confirmed": 208406, "Deaths": 8097, "Recovered": 134564, "Active": 65745, "Date": "2021-01-09T00:00:00Z"}, {"Country": "Bulgaria", "CountryCode": "", "Province": "", "City": "", "CityCode": "", "Lat": "0", "Lon": "0", "Confirmed": 208511, "Deaths": 8126, "Recovered": 135259, "Active": 65126, "Date": "2021-01-10T00:00:00Z"}, {"Country": "Bulgaria", "CountryCode": "", "Province": "", "City": "", "CityCode": "", "Lat": "0", "Lon": "0", "Confirmed": 209131, "Deaths": 8232, "Recovered": 137842, "Active": 63057, "Date": "2021-01-11T00:00:00Z"}, {"Country": "Bulgaria", "CountryCode": "", "Province": "", "City": "", "CityCode": "", "Lat": "0", "Lon": "0", "Confirmed": 209881, "Deaths": 8279, "Recovered": 140548, "Active": 61054, "Date": "2021-01-12T00:00:00Z"}, {"Country": "Bulgaria", "CountryCode": "", "Province": "", "City": "", "CityCode": "", "Lat": "0", "Lon": "0", "Confirmed": 210416, "Deaths": 8349, "Recovered": 143642, "Active": 58425, "Date": "2021-01-13T00:00:00Z"}, {"Country": "Bulgaria", "CountryCode": "", "Province": "", "City": "", "CityCode": "", "Lat": "0", "Lon": "0", "Confirmed": 210951, "Deaths": 8396, "Recovered": 150370, "Active": 52185, "Date": "2021-01-14T00:00:00Z"}, {"Country": "Bulgaria", "CountryCode": "", "Province": "", "City": "", "CityCode": "", "Lat": "0", "Lon": "0", "Confirmed": 211503, "Deaths": 8457, "Recovered": 156030, "Active": 47016, "Date": "2021-01-15T00:00:00Z"}, {"Country": "Bulgaria", "CountryCode": "", "Province": "", "City": "", "CityCode": "", "Lat": "0", "Lon": "0", "Confirmed": 211736, "Deaths": 8474, "Recovered": 156326, "Active": 46936, "Date": "2021-01-16T00:00:00Z"}, {"Country": "Bulgaria", "CountryCode": "", "Province": "", "City": "", "CityCode": "", "Lat": "0", "Lon": "0", "Confirmed": 211813, "Deaths": 8483, "Recovered": 156722, "Active": 46608, "Date": "2021-01-17T00:00:00Z"}, {"Country": "Bulgaria", "CountryCode": "", "Province": "", "City": "", "CityCode": "", "Lat": "0", "Lon": "0", "Confirmed": 212383, "Deaths": 8565, "Recovered": 164255, "Active": 39563, "Date": "2021-01-18T00:00:00Z"}, {"Country": "Bulgaria", "CountryCode": "", "Province": "", "City": "", "CityCode": "", "Lat": "0", "Lon": "0", "Confirmed": 212927, "Deaths": 8614, "Recovered": 170498, "Active": 33815, "Date": "2021-01-19T00:00:00Z"}, {"Country": "Bulgaria", "CountryCode": "", "Province": "", "City": "", "CityCode": "", "Lat": "0", "Lon": "0", "Confirmed": 213409, "Deaths": 8651, "Recovered": 175098, "Active": 29660, "Date": "2021-01-20T00:00:00Z"}, {"Country": "Bulgaria", "CountryCode": "", "Province": "", "City": "", "CityCode": "", "Lat": "0", "Lon": "0", "Confirmed": 213864, "Deaths": 8741, "Recovered": 177354, "Active": 27769, "Date": "2021-01-21T00:00:00Z"}, {"Country": "Bulgaria", "CountryCode": "", "Province": "", "City": "", "CityCode": "", "Lat": "0", "Lon": "0", "Confirmed": 214430, "Deaths": 8799, "Recovered": 178602, "Active": 27029, "Date": "2021-01-22T00:00:00Z"}, {"Country": "Bulgaria", "CountryCode": "", "Province": "", "City": "", "CityCode": "", "Lat": "0", "Lon": "0", "Confirmed": 214696, "Deaths": 8811, "Recovered": 178888, "Active": 26997, "Date": "2021-01-23T00:00:00Z"}, {"Country": "Bulgaria", "CountryCode": "", "Province": "", "City": "", "CityCode": "", "Lat": "0", "Lon": "0", "Confirmed": 214817, "Deaths": 8820, "Recovered": 179068, "Active": 26929, "Date": "2021-01-24T00:00:00Z"}, {"Country": "Bulgaria", "CountryCode": "", "Province": "", "City": "", "CityCode": "", "Lat": "0", "Lon": "0", "Confirmed": 215589, "Deaths": 8880, "Recovered": 180127, "Active": 26582, "Date": "2021-01-25T00:00:00Z"}, {"Country": "Bulgaria", "CountryCode": "", "Province": "", "City": "", "CityCode": "", "Lat": "0", "Lon": "0", "Confirmed": 216416, "Deaths": 8916, "Recovered": 180995, "Active": 26505, "Date": "2021-01-26T00:00:00Z"}, {"Country": "Bulgaria", "CountryCode": "", "Province": "", "City": "", "CityCode": "", "Lat": "0", "Lon": "0", "Confirmed": 217014, "Deaths": 8944, "Recovered": 181622, "Active": 26448, "Date": "2021-01-27T00:00:00Z"}, {"Country": "Bulgaria", "CountryCode": "", "Province": "", "City": "", "CityCode": "", "Lat": "0", "Lon": "0", "Confirmed": 217574, "Deaths": 8973, "Recovered": 182925, "Active": 25676, "Date": "2021-01-28T00:00:00Z"}, {"Country": "Bulgaria", "CountryCode": "", "Province": "", "City": "", "CityCode": "", "Lat": "0", "Lon": "0", "Confirmed": 218269, "Deaths": 9008, "Recovered": 184249, "Active": 25012, "Date": "2021-01-29T00:00:00Z"}, {"Country": "Bulgaria", "CountryCode": "", "Province": "", "City": "", "CityCode": "", "Lat": "0", "Lon": "0", "Confirmed": 218618, "Deaths": 9028, "Recovered": 185603, "Active": 23987, "Date": "2021-01-30T00:00:00Z"}, {"Country": "Bulgaria", "CountryCode": "", "Province": "", "City": "", "CityCode": "", "Lat": "0", "Lon": "0", "Confirmed": 218748, "Deaths": 9045, "Recovered": 187052, "Active": 22651, "Date": "2021-01-31T00:00:00Z"}, {"Country": "Bulgaria", "CountryCode": "", "Province": "", "City": "", "CityCode": "", "Lat": "0", "Lon": "0", "Confirmed": 219580, "Deaths": 9142, "Recovered": 188972, "Active": 21466, "Date": "2021-02-01T00:00:00Z"}, {"Country": "Bulgaria", "CountryCode": "", "Province": "", "City": "", "CityCode": "", "Lat": "0", "Lon": "0", "Confirmed": 220547, "Deaths": 9178, "Recovered": 190484, "Active": 20885, "Date": "2021-02-02T00:00:00Z"}, {"Country": "Bulgaria", "CountryCode": "", "Province": "", "City": "", "CityCode": "", "Lat": "0", "Lon": "0", "Confirmed": 221266, "Deaths": 9218, "Recovered": 191552, "Active": 20496, "Date": "2021-02-03T00:00:00Z"}, {"Country": "Bulgaria", "CountryCode": "", "Province": "", "City": "", "CityCode": "", "Lat": "0", "Lon": "0", "Confirmed": 222149, "Deaths": 9272, "Recovered": 192332, "Active": 20545, "Date": "2021-02-04T00:00:00Z"}, {"Country": "Bulgaria", "CountryCode": "", "Province": "", "City": "", "CityCode": "", "Lat": "0", "Lon": "0", "Confirmed": 223059, "Deaths": 9302, "Recovered": 193030, "Active": 20727, "Date": "2021-02-05T00:00:00Z"}, {"Country": "Bulgaria", "CountryCode": "", "Province": "", "City": "", "CityCode": "", "Lat": "0", "Lon": "0", "Confirmed": 223552, "Deaths": 9311, "Recovered": 193191, "Active": 21050, "Date": "2021-02-06T00:00:00Z"}, {"Country": "Bulgaria", "CountryCode": "", "Province": "", "City": "", "CityCode": "", "Lat": "0", "Lon": "0", "Confirmed": 223734, "Deaths": 9331, "Recovered": 193251, "Active": 21152, "Date": "2021-02-07T00:00:00Z"}, {"Country": "Bulgaria", "CountryCode": "", "Province": "", "City": "", "CityCode": "", "Lat": "0", "Lon": "0", "Confirmed": 224849, "Deaths": 9420, "Recovered": 194055, "Active": 21374, "Date": "2021-02-08T00:00:00Z"}, {"Country": "Bulgaria", "CountryCode": "", "Province": "", "City": "", "CityCode": "", "Lat": "0", "Lon": "0", "Confirmed": 226061, "Deaths": 9482, "Recovered": 194514, "Active": 22065, "Date": "2021-02-09T00:00:00Z"}, {"Country": "Bulgaria", "CountryCode": "", "Province": "", "City": "", "CityCode": "", "Lat": "0", "Lon": "0", "Confirmed": 226974, "Deaths": 9527, "Recovered": 195211, "Active": 22236, "Date": "2021-02-10T00:00:00Z"}, {"Country": "Bulgaria", "CountryCode": "", "Province": "", "City": "", "CityCode": "", "Lat": "0", "Lon": "0", "Confirmed": 228044, "Deaths": 9561, "Recovered": 195682, "Active": 22801, "Date": "2021-02-11T00:00:00Z"}, {"Country": "Bulgaria", "CountryCode": "", "Province": "", "City": "", "CityCode": "", "Lat": "0", "Lon": "0", "Confirmed": 229010, "Deaths": 9594, "Recovered": 196204, "Active": 23212, "Date": "2021-02-12T00:00:00Z"}, {"Country": "Bulgaria", "CountryCode": "", "Province": "", "City": "", "CityCode": "", "Lat": "0", "Lon": "0", "Confirmed": 229516, "Deaths": 9608, "Recovered": 196593, "Active": 23315, "Date": "2021-02-13T00:00:00Z"}, {"Country": "Bulgaria", "CountryCode": "", "Province": "", "City": "", "CityCode": "", "Lat": "0", "Lon": "0", "Confirmed": 229679, "Deaths": 9624, "Recovered": 196920, "Active": 23135, "Date": "2021-02-14T00:00:00Z"}, {"Country": "Bulgaria", "CountryCode": "", "Province": "", "City": "", "CityCode": "", "Lat": "0", "Lon": "0", "Confirmed": 230747, "Deaths": 9671, "Recovered": 197576, "Active": 23500, "Date": "2021-02-15T00:00:00Z"}, {"Country": "Bulgaria", "CountryCode": "", "Province": "", "City": "", "CityCode": "", "Lat": "0", "Lon": "0", "Confirmed": 232096, "Deaths": 9703, "Recovered": 198324, "Active": 24069, "Date": "2021-02-16T00:00:00Z"}, {"Country": "Bulgaria", "CountryCode": "", "Province": "", "City": "", "CityCode": "", "Lat": "0", "Lon": "0", "Confirmed": 233342, "Deaths": 9744, "Recovered": 198888, "Active": 24710, "Date": "2021-02-17T00:00:00Z"}, {"Country": "Bulgaria", "CountryCode": "", "Province": "", "City": "", "CityCode": "", "Lat": "0", "Lon": "0", "Confirmed": 234428, "Deaths": 9786, "Recovered": 199632, "Active": 25010, "Date": "2021-02-18T00:00:00Z"}, {"Country": "Bulgaria", "CountryCode": "", "Province": "", "City": "", "CityCode": "", "Lat": "0", "Lon": "0", "Confirmed": 235891, "Deaths": 9821, "Recovered": 199978, "Active": 26092, "Date": "2021-02-19T00:00:00Z"}, {"Country": "Bulgaria", "CountryCode": "", "Province": "", "City": "", "CityCode": "", "Lat": "0", "Lon": "0", "Confirmed": 236439, "Deaths": 9839, "Recovered": 200138, "Active": 26462, "Date": "2021-02-20T00:00:00Z"}, {"Country": "Bulgaria", "CountryCode": "", "Province": "", "City": "", "CityCode": "", "Lat": "0", "Lon": "0", "Confirmed": 236666, "Deaths": 9854, "Recovered": 200252, "Active": 26560, "Date": "2021-02-21T00:00:00Z"}, {"Country": "Bulgaria", "CountryCode": "", "Province": "", "City": "", "CityCode": "", "Lat": "0", "Lon": "0", "Confirmed": 238591, "Deaths": 9933, "Recovered": 201029, "Active": 27629, "Date": "2021-02-22T00:00:00Z"}, {"Country": "Bulgaria", "CountryCode": "", "Province": "", "City": "", "CityCode": "", "Lat": "0", "Lon": "0", "Confirmed": 240391, "Deaths": 9978, "Recovered": 201500, "Active": 28913, "Date": "2021-02-23T00:00:00Z"}, {"Country": "Bulgaria", "CountryCode": "", "Province": "", "City": "", "CityCode": "", "Lat": "0", "Lon": "0", "Confirmed": 242124, "Deaths": 10026, "Recovered": 202005, "Active": 30093, "Date": "2021-02-24T00:00:00Z"}, {"Country": "Bulgaria", "CountryCode": "", "Province": "", "City": "", "CityCode": "", "Lat": "0", "Lon": "0", "Confirmed": 243946, "Deaths": 10079, "Recovered": 202694, "Active": 31173, "Date": "2021-02-25T00:00:00Z"}, {"Country": "Bulgaria", "CountryCode": "", "Province": "", "City": "", "CityCode": "", "Lat": "0", "Lon": "0", "Confirmed": 245627, "Deaths": 10128, "Recovered": 203494, "Active": 32005, "Date": "2021-02-26T00:00:00Z"}, {"Country": "Bulgaria", "CountryCode": "", "Province": "", "City": "", "CityCode": "", "Lat": "0", "Lon": "0", "Confirmed": 246706, "Deaths": 10167, "Recovered": 205137, "Active": 31402, "Date": "2021-02-27T00:00:00Z"}, {"Country": "Bulgaria", "CountryCode": "", "Province": "", "City": "", "CityCode": "", "Lat": "0", "Lon": "0", "Confirmed": 247038, "Deaths": 10191, "Recovered": 205545, "Active": 31302, "Date": "2021-02-28T00:00:00Z"}, {"Country": "Bulgaria", "CountryCode": "", "Province": "", "City": "", "CityCode": "", "Lat": "0", "Lon": "0", "Confirmed": 249626, "Deaths": 10308, "Recovered": 206630, "Active": 32688, "Date": "2021-03-01T00:00:00Z"}, {"Country": "Bulgaria", "CountryCode": "", "Province": "", "City": "", "CityCode": "", "Lat": "0", "Lon": "0", "Confirmed": 252029, "Deaths": 10391, "Recovered": 208411, "Active": 33227, "Date": "2021-03-02T00:00:00Z"}, {"Country": "Bulgaria", "CountryCode": "", "Province": "", "City": "", "CityCode": "", "Lat": "0", "Lon": "0", "Confirmed": 253183, "Deaths": 10413, "Recovered": 209000, "Active": 33770, "Date": "2021-03-03T00:00:00Z"}, {"Country": "Bulgaria", "CountryCode": "", "Province": "", "City": "", "CityCode": "", "Lat": "0", "Lon": "0", "Confirmed": 255381, "Deaths": 10506, "Recovered": 210638, "Active": 34237, "Date": "2021-03-04T00:00:00Z"}, {"Country": "Bulgaria", "CountryCode": "", "Province": "", "City": "", "CityCode": "", "Lat": "0", "Lon": "0", "Confirmed": 258385, "Deaths": 10571, "Recovered": 211918, "Active": 35896, "Date": "2021-03-05T00:00:00Z"}, {"Country": "Bulgaria", "CountryCode": "", "Province": "", "City": "", "CityCode": "", "Lat": "0", "Lon": "0", "Confirmed": 259811, "Deaths": 10593, "Recovered": 212502, "Active": 36716, "Date": "2021-03-06T00:00:00Z"}, {"Country": "Bulgaria", "CountryCode": "", "Province": "", "City": "", "CityCode": "", "Lat": "0", "Lon": "0", "Confirmed": 260308, "Deaths": 10614, "Recovered": 212887, "Active": 249694, "Date": "2021-03-07T00:00:00Z"}, {"Country": "Bulgaria", "CountryCode": "", "Province": "", "City": "", "CityCode": "", "Lat": "0", "Lon": "0", "Confirmed": 263303, "Deaths": 10764, "Recovered": 214115, "Active": 38424, "Date": "2021-03-08T00:00:00Z"}, {"Country": "Bulgaria", "CountryCode": "", "Province": "", "City": "", "CityCode": "", "Lat": "0", "Lon": "0", "Confirmed": 266805, "Deaths": 10902, "Recovered": 217518, "Active": 38385, "Date": "2021-03-09T00:00:00Z"}, {"Country": "Bulgaria", "CountryCode": "", "Province": "", "City": "", "CityCode": "", "Lat": "0", "Lon": "0", "Confirmed": 269579, "Deaths": 10999, "Recovered": 220049, "Active": 38531, "Date": "2021-03-10T00:00:00Z"}, {"Country": "Bulgaria", "CountryCode": "", "Province": "", "City": "", "CityCode": "", "Lat": "0", "Lon": "0", "Confirmed": 272700, "Deaths": 11094, "Recovered": 221783, "Active": 39823, "Date": "2021-03-11T00:00:00Z"}, {"Country": "Bulgaria", "CountryCode": "", "Province": "", "City": "", "CityCode": "", "Lat": "0", "Lon": "0", "Confirmed": 275859, "Deaths": 11196, "Recovered": 223480, "Active": 41183, "Date": "2021-03-12T00:00:00Z"}, {"Country": "Bulgaria", "CountryCode": "", "Province": "", "City": "", "CityCode": "", "Lat": "0", "Lon": "0", "Confirmed": 277878, "Deaths": 11234, "Recovered": 224598, "Active": 42046, "Date": "2021-03-13T00:00:00Z"}]