[{"Country": "Croatia", "CountryCode": "", "Province": "", "City": "", "CityCode": "", "Lat": "0", "Lon": "0", "Confirmed": 1, "Deaths": 0, "Recovered": 0, "Active": 1, "Date": "2020-02-25T00:00:00Z"}, {"Country": "Croatia", "CountryCode": "", "Province": "", "City": "", "CityCode": "", "Lat": "0", "Lon": "0", "Confirmed": 3, "Deaths": 0, "Recovered": 0, "Active": 3, "Date": "2020-02-26T00:00:00Z"}, {"Country": "Croatia", "CountryCode": "", "Province": "", "City": "", "CityCode": "", "Lat": "0", "Lon": "0", "Confirmed": 3, "Deaths": 0, "Recovered": 0, "Active": 3, "Date": "2020-02-27T00:00:00Z"}, {"Country": "Croatia", "CountryCode": "", "Province": "", "City": "", "CityCode": "", "Lat": "0", "Lon": "0", "Confirmed": 5, "Deaths": 0, "Recovered": 0, "Active": 5, "Date": "2020-02-28T00:00:00Z"}, {"Country": "Croatia", "CountryCode": "", "Province": "", "City": "", "CityCode": "", "Lat": "0", "Lon": "0", "Confirmed": 6, "Deaths": 0, "Recovered": 0, "Active": 6, "Date": "2020-02-29T00:00:00Z"}, {"Country": "Croatia", "CountryCode": "", "Province": "", "City": "", "CityCode": "", "Lat": "0", "Lon": "0", "Confirmed": 7, "Deaths": 0, "Recovered": 0, "Active": 7, "Date": "2020-03-01T00:00:00Z"}, {"Country": "Croatia", "CountryCode": "", "Province": "", "City": "", "CityCode": "", "Lat": "0", "Lon": "0", "Confirmed": 7, "Deaths": 0, "Recovered": 0, "Active": 7, "Date": "2020-03-02T00:00:00Z"}, {"Country": "Croatia", "CountryCode": "", "Province": "", "City": "", "CityCode": "", "Lat": "0", "Lon": "0", "Confirmed": 9, "Deaths": 0, "Recovered": 0, "Active": 9, "Date": "2020-03-03T00:00:00Z"}, {"Country": "Croatia", "CountryCode": "", "Province": "", "City": "", "CityCode": "", "Lat": "0", "Lon": "0", "Confirmed": 10, "Deaths": 0, "Recovered": 0, "Active": 10, "Date": "2020-03-04T00:00:00Z"}, {"Country": "Croatia", "CountryCode": "", "Province": "", "City": "", "CityCode": "", "Lat": "0", "Lon": "0", "Confirmed": 10, "Deaths": 0, "Recovered": 0, "Active": 10, "Date": "2020-03-05T00:00:00Z"}, {"Country": "Croatia", "CountryCode": "", "Province": "", "City": "", "CityCode": "", "Lat": "0", "Lon": "0", "Confirmed": 11, "Deaths": 0, "Recovered": 0, "Active": 11, "Date": "2020-03-06T00:00:00Z"}, {"Country": "Croatia", "CountryCode": "", "Province": "", "City": "", "CityCode": "", "Lat": "0", "Lon": "0", "Confirmed": 12, "Deaths": 0, "Recovered": 0, "Active": 12, "Date": "2020-03-07T00:00:00Z"}, {"Country": "Croatia", "CountryCode": "", "Province": "", "City": "", "CityCode": "", "Lat": "0", "Lon": "0", "Confirmed": 12, "Deaths": 0, "Recovered": 0, "Active": 12, "Date": "2020-03-08T00:00:00Z"}, {"Country": "Croatia", "CountryCode": "", "Province": "", "City": "", "CityCode": "", "Lat": "0", "Lon": "0", "Confirmed": 12, "Deaths": 0, "Recovered": 0, "Active": 12, "Date": "2020-03-09T00:00:00Z"}, {"Country": "Croatia", "CountryCode": "", "Province": "", "City": "", "CityCode": "", "Lat": "0", "Lon": "0", "Confirmed": 14, "Deaths": 0, "Recovered": 0, "Active": 14, "Date": "2020-03-10T00:00:00Z"}, {"Country": "Croatia", "CountryCode": "", "Province": "", "City": "", "CityCode": "", "Lat": "0", "Lon": "0", "Confirmed": 19, "Deaths": 0, "Recovered": 0, "Active": 19, "Date": "2020-03-11T00:00:00Z"}, {"Country": "Croatia", "CountryCode": "", "Province": "", "City": "", "CityCode": "", "Lat": "0", "Lon": "0", "Confirmed": 19, "Deaths": 0, "Recovered": 0, "Active": 19, "Date": "2020-03-12T00:00:00Z"}, {"Country": "Croatia", "CountryCode": "", "Province": "", "City": "", "CityCode": "", "Lat": "0", "Lon": "0", "Confirmed": 32, "Deaths": 0, "Recovered": 1, "Active": 31, "Date": "2020-03-13T00:00:00Z"}, {"Country": "Croatia", "CountryCode": "", "Province": "", "City": "", "CityCode": "", "Lat": "0", "Lon": "0", "Confirmed": 38, "Deaths": 0, "Recovered": 1, "Active": 37, "Date": "2020-03-14T00:00:00Z"}, {"Country": "Croatia", "CountryCode": "", "Province": "", "City": "", "CityCode": "", "Lat": "0", "Lon": "0", "Confirmed": 49, "Deaths": 0, "Recovered": 1, "Active": 48, "Date": "2020-03-15T00:00:00Z"}, {"Country": "Croatia", "CountryCode": "", "Province": "", "City": "", "CityCode": "", "Lat": "0", "Lon": "0", "Confirmed": 57, "Deaths": 0, "Recovered": 2, "Active": 55, "Date": "2020-03-16T00:00:00Z"}, {"Country": "Croatia", "CountryCode": "", "Province": "", "City": "", "CityCode": "", "Lat": "0", "Lon": "0", "Confirmed": 65, "Deaths": 0, "Recovered": 4, "Active": 61, "Date": "2020-03-17T00:00:00Z"}, {"Country": "Croatia", "CountryCode": "", "Province": "", "City": "", "CityCode": "", "Lat": "0", "Lon": "0", "Confirmed": 81, "Deaths": 0, "Recovered": 4, "Active": 77, "Date": "2020-03-18T00:00:00Z"}, {"Country": "Croatia", "CountryCode": "", "Province": "", "City": "", "CityCode": "", "Lat": "0", "Lon": "0", "Confirmed": 105, "Deaths": 1, "Recovered": 5, "Active": 99, "Date": "2020-03-19T00:00:00Z"}, {"Country": "Croatia", "CountryCode": "", "Province": "", "City": "", "CityCode": "", "Lat": "0", "Lon": "0", "Confirmed": 128, "Deaths": 1, "Recovered": 5, "Active": 122, "Date": "2020-03-20T00:00:00Z"}, {"Country": "Croatia", "CountryCode": "", "Province": "", "City": "", "CityCode": "", "Lat": "0", "Lon": "0", "Confirmed": 206, "Deaths": 1, "Recovered": 5, "Active": 200, "Date": "2020-03-21T00:00:00Z"}, {"Country": "Croatia", "CountryCode": "", "Province": "", "City": "", "CityCode": "", "Lat": "0", "Lon": "0", "Confirmed": 254, "Deaths": 1, "Recovered": 5, "Active": 248, "Date": "2020-03-22T00:00:00Z"}, {"Country": "Croatia", "CountryCode": "", "Province": "", "City": "", "CityCode": "", "Lat": "0", "Lon": "0", "Confirmed": 315, "Deaths": 1, "Recovered": 5, "Active": 309, "Date": "2020-03-23T00:00:00Z"}, {"Country": "Croatia", "CountryCode": "", "Province": "", "City": "", "CityCode": "", "Lat": "0", "Lon": "0", "Confirmed": 382, "Deaths": 1, "Recovered": 5, "Active": 376, "Date": "2020-03-24T00:00:00Z"}, {"Country": "Croatia", "CountryCode": "", "Province": "", "City": "", "CityCode": "", "Lat": "0", "Lon": "0", "Confirmed": 442, "Deaths": 1, "Recovered": 22, "Active": 419, "Date": "2020-03-25T00:00:00Z"}, {"Country": "Croatia", "CountryCode": "", "Province": "", "City": "", "CityCode": "", "Lat": "0", "Lon": "0", "Confirmed": 495, "Deaths": 3, "Recovered": 22, "Active": 470, "Date": "2020-03-26T00:00:00Z"}, {"Country": "Croatia", "CountryCode": "", "Province": "", "City": "", "CityCode": "", "Lat": "0", "Lon": "0", "Confirmed": 586, "Deaths": 3, "Recovered": 37, "Active": 546, "Date": "2020-03-27T00:00:00Z"}, {"Country": "Croatia", "CountryCode": "", "Province": "", "City": "", "CityCode": "", "Lat": "0", "Lon": "0", "Confirmed": 657, "Deaths": 5, "Recovered": 45, "Active": 607, "Date": "2020-03-28T00:00:00Z"}, {"Country": "Croatia", "CountryCode": "", "Province": "", "City": "", "CityCode": "", "Lat": "0", "Lon": "0", "Confirmed": 713, "Deaths": 6, "Recovered": 52, "Active": 655, "Date": "2020-03-29T00:00:00Z"}, {"Country": "Croatia", "CountryCode": "", "Province": "", "City": "", "CityCode": "", "Lat": "0", "Lon": "0", "Confirmed": 790, "Deaths": 6, "Recovered": 67, "Active": 717, "Date": "2020-03-30T00:00:00Z"}, {"Country": "Croatia", "CountryCode": "", "Province": "", "City": "", "CityCode": "", "Lat": "0", "Lon": "0", "Confirmed": 867, "Deaths": 6, "Recovered": 67, "Active": 794, "Date": "2020-03-31T00:00:00Z"}, {"Country": "Croatia", "CountryCode": "", "Province": "", "City": "", "CityCode": "", "Lat": "0", "Lon": "0", "Confirmed": 963, "Deaths": 6, "Recovered": 73, "Active": 884, "Date": "2020-04-01T00:00:00Z"}, {"Country": "Croatia", "CountryCode": "", "Province": "", "City": "", "CityCode": "", "Lat": "0", "Lon": "0", "Confirmed": 1011, "Deaths": 7, "Recovered": 88, "Active": 916, "Date": "2020-04-02T00:00:00Z"}, {"Country": "Croatia", "CountryCode": "", "Province": "", "City": "", "CityCode": "", "Lat": "0", "Lon": "0", "Confirmed": 1079, "Deaths": 8, "Recovered": 92, "Active": 979, "Date": "2020-04-03T00:00:00Z"}, {"Country": "Croatia", "CountryCode": "", "Province": "", "City": "", "CityCode": "", "Lat": "0", "Lon": "0", "Confirmed": 1126, "Deaths": 12, "Recovered": 119, "Active": 995, "Date": "2020-04-04T00:00:00Z"}, {"Country": "Croatia", "CountryCode": "", "Province": "", "City": "", "CityCode": "", "Lat": "0", "Lon": "0", "Confirmed": 1182, "Deaths": 15, "Recovered": 125, "Active": 1042, "Date": "2020-04-05T00:00:00Z"}, {"Country": "Croatia", "CountryCode": "", "Province": "", "City": "", "CityCode": "", "Lat": "0", "Lon": "0", "Confirmed": 1222, "Deaths": 16, "Recovered": 130, "Active": 1076, "Date": "2020-04-06T00:00:00Z"}, {"Country": "Croatia", "CountryCode": "", "Province": "", "City": "", "CityCode": "", "Lat": "0", "Lon": "0", "Confirmed": 1282, "Deaths": 18, "Recovered": 167, "Active": 1097, "Date": "2020-04-07T00:00:00Z"}, {"Country": "Croatia", "CountryCode": "", "Province": "", "City": "", "CityCode": "", "Lat": "0", "Lon": "0", "Confirmed": 1343, "Deaths": 19, "Recovered": 179, "Active": 1145, "Date": "2020-04-08T00:00:00Z"}, {"Country": "Croatia", "CountryCode": "", "Province": "", "City": "", "CityCode": "", "Lat": "0", "Lon": "0", "Confirmed": 1407, "Deaths": 20, "Recovered": 219, "Active": 1168, "Date": "2020-04-09T00:00:00Z"}, {"Country": "Croatia", "CountryCode": "", "Province": "", "City": "", "CityCode": "", "Lat": "0", "Lon": "0", "Confirmed": 1495, "Deaths": 21, "Recovered": 231, "Active": 1243, "Date": "2020-04-10T00:00:00Z"}, {"Country": "Croatia", "CountryCode": "", "Province": "", "City": "", "CityCode": "", "Lat": "0", "Lon": "0", "Confirmed": 1534, "Deaths": 21, "Recovered": 323, "Active": 1190, "Date": "2020-04-11T00:00:00Z"}, {"Country": "Croatia", "CountryCode": "", "Province": "", "City": "", "CityCode": "", "Lat": "0", "Lon": "0", "Confirmed": 1600, "Deaths": 23, "Recovered": 373, "Active": 1204, "Date": "2020-04-12T00:00:00Z"}, {"Country": "Croatia", "CountryCode": "", "Province": "", "City": "", "CityCode": "", "Lat": "0", "Lon": "0", "Confirmed": 1650, "Deaths": 25, "Recovered": 400, "Active": 1225, "Date": "2020-04-13T00:00:00Z"}, {"Country": "Croatia", "CountryCode": "", "Province": "", "City": "", "CityCode": "", "Lat": "0", "Lon": "0", "Confirmed": 1704, "Deaths": 31, "Recovered": 415, "Active": 1258, "Date": "2020-04-14T00:00:00Z"}, {"Country": "Croatia", "CountryCode": "", "Province": "", "City": "", "CityCode": "", "Lat": "0", "Lon": "0", "Confirmed": 1741, "Deaths": 33, "Recovered": 473, "Active": 1235, "Date": "2020-04-15T00:00:00Z"}, {"Country": "Croatia", "CountryCode": "", "Province": "", "City": "", "CityCode": "", "Lat": "0", "Lon": "0", "Confirmed": 1791, "Deaths": 35, "Recovered": 529, "Active": 1227, "Date": "2020-04-16T00:00:00Z"}, {"Country": "Croatia", "CountryCode": "", "Province": "", "City": "", "CityCode": "", "Lat": "0", "Lon": "0", "Confirmed": 1814, "Deaths": 36, "Recovered": 600, "Active": 1178, "Date": "2020-04-17T00:00:00Z"}, {"Country": "Croatia", "CountryCode": "", "Province": "", "City": "", "CityCode": "", "Lat": "0", "Lon": "0", "Confirmed": 1832, "Deaths": 39, "Recovered": 615, "Active": 1178, "Date": "2020-04-18T00:00:00Z"}, {"Country": "Croatia", "CountryCode": "", "Province": "", "City": "", "CityCode": "", "Lat": "0", "Lon": "0", "Confirmed": 1871, "Deaths": 47, "Recovered": 709, "Active": 1115, "Date": "2020-04-19T00:00:00Z"}, {"Country": "Croatia", "CountryCode": "", "Province": "", "City": "", "CityCode": "", "Lat": "0", "Lon": "0", "Confirmed": 1881, "Deaths": 47, "Recovered": 771, "Active": 1063, "Date": "2020-04-20T00:00:00Z"}, {"Country": "Croatia", "CountryCode": "", "Province": "", "City": "", "CityCode": "", "Lat": "0", "Lon": "0", "Confirmed": 1908, "Deaths": 48, "Recovered": 801, "Active": 1059, "Date": "2020-04-21T00:00:00Z"}, {"Country": "Croatia", "CountryCode": "", "Province": "", "City": "", "CityCode": "", "Lat": "0", "Lon": "0", "Confirmed": 1950, "Deaths": 48, "Recovered": 869, "Active": 1033, "Date": "2020-04-22T00:00:00Z"}, {"Country": "Croatia", "CountryCode": "", "Province": "", "City": "", "CityCode": "", "Lat": "0", "Lon": "0", "Confirmed": 1981, "Deaths": 50, "Recovered": 883, "Active": 1048, "Date": "2020-04-23T00:00:00Z"}, {"Country": "Croatia", "CountryCode": "", "Province": "", "City": "", "CityCode": "", "Lat": "0", "Lon": "0", "Confirmed": 2009, "Deaths": 51, "Recovered": 982, "Active": 976, "Date": "2020-04-24T00:00:00Z"}, {"Country": "Croatia", "CountryCode": "", "Province": "", "City": "", "CityCode": "", "Lat": "0", "Lon": "0", "Confirmed": 2016, "Deaths": 54, "Recovered": 1034, "Active": 928, "Date": "2020-04-25T00:00:00Z"}, {"Country": "Croatia", "CountryCode": "", "Province": "", "City": "", "CityCode": "", "Lat": "0", "Lon": "0", "Confirmed": 2030, "Deaths": 55, "Recovered": 1103, "Active": 872, "Date": "2020-04-26T00:00:00Z"}, {"Country": "Croatia", "CountryCode": "", "Province": "", "City": "", "CityCode": "", "Lat": "0", "Lon": "0", "Confirmed": 2039, "Deaths": 59, "Recovered": 1166, "Active": 814, "Date": "2020-04-27T00:00:00Z"}, {"Country": "Croatia", "CountryCode": "", "Province": "", "City": "", "CityCode": "", "Lat": "0", "Lon": "0", "Confirmed": 2047, "Deaths": 63, "Recovered": 1232, "Active": 752, "Date": "2020-04-28T00:00:00Z"}, {"Country": "Croatia", "CountryCode": "", "Province": "", "City": "", "CityCode": "", "Lat": "0", "Lon": "0", "Confirmed": 2062, "Deaths": 67, "Recovered": 1288, "Active": 707, "Date": "2020-04-29T00:00:00Z"}, {"Country": "Croatia", "CountryCode": "", "Province": "", "City": "", "CityCode": "", "Lat": "0", "Lon": "0", "Confirmed": 2076, "Deaths": 69, "Recovered": 1348, "Active": 659, "Date": "2020-04-30T00:00:00Z"}, {"Country": "Croatia", "CountryCode": "", "Province": "", "City": "", "CityCode": "", "Lat": "0", "Lon": "0", "Confirmed": 2085, "Deaths": 75, "Recovered": 1421, "Active": 589, "Date": "2020-05-01T00:00:00Z"}, {"Country": "Croatia", "CountryCode": "", "Province": "", "City": "", "CityCode": "", "Lat": "0", "Lon": "0", "Confirmed": 2088, "Deaths": 77, "Recovered": 1463, "Active": 548, "Date": "2020-05-02T00:00:00Z"}, {"Country": "Croatia", "CountryCode": "", "Province": "", "City": "", "CityCode": "", "Lat": "0", "Lon": "0", "Confirmed": 2096, "Deaths": 79, "Recovered": 1489, "Active": 528, "Date": "2020-05-03T00:00:00Z"}, {"Country": "Croatia", "CountryCode": "", "Province": "", "City": "", "CityCode": "", "Lat": "0", "Lon": "0", "Confirmed": 2101, "Deaths": 80, "Recovered": 1522, "Active": 499, "Date": "2020-05-04T00:00:00Z"}, {"Country": "Croatia", "CountryCode": "", "Province": "", "City": "", "CityCode": "", "Lat": "0", "Lon": "0", "Confirmed": 2112, "Deaths": 83, "Recovered": 1560, "Active": 469, "Date": "2020-05-05T00:00:00Z"}, {"Country": "Croatia", "CountryCode": "", "Province": "", "City": "", "CityCode": "", "Lat": "0", "Lon": "0", "Confirmed": 2119, "Deaths": 85, "Recovered": 1601, "Active": 433, "Date": "2020-05-06T00:00:00Z"}, {"Country": "Croatia", "CountryCode": "", "Province": "", "City": "", "CityCode": "", "Lat": "0", "Lon": "0", "Confirmed": 2125, "Deaths": 86, "Recovered": 1641, "Active": 398, "Date": "2020-05-07T00:00:00Z"}, {"Country": "Croatia", "CountryCode": "", "Province": "", "City": "", "CityCode": "", "Lat": "0", "Lon": "0", "Confirmed": 2161, "Deaths": 86, "Recovered": 1689, "Active": 386, "Date": "2020-05-08T00:00:00Z"}, {"Country": "Croatia", "CountryCode": "", "Province": "", "City": "", "CityCode": "", "Lat": "0", "Lon": "0", "Confirmed": 2176, "Deaths": 87, "Recovered": 1726, "Active": 363, "Date": "2020-05-09T00:00:00Z"}, {"Country": "Croatia", "CountryCode": "", "Province": "", "City": "", "CityCode": "", "Lat": "0", "Lon": "0", "Confirmed": 2187, "Deaths": 90, "Recovered": 1764, "Active": 333, "Date": "2020-05-10T00:00:00Z"}, {"Country": "Croatia", "CountryCode": "", "Province": "", "City": "", "CityCode": "", "Lat": "0", "Lon": "0", "Confirmed": 2196, "Deaths": 91, "Recovered": 1784, "Active": 321, "Date": "2020-05-11T00:00:00Z"}, {"Country": "Croatia", "CountryCode": "", "Province": "", "City": "", "CityCode": "", "Lat": "0", "Lon": "0", "Confirmed": 2207, "Deaths": 91, "Recovered": 1808, "Active": 308, "Date": "2020-05-12T00:00:00Z"}, {"Country": "Croatia", "CountryCode": "", "Province": "", "City": "", "CityCode": "", "Lat": "0", "Lon": "0", "Confirmed": 2213, "Deaths": 94, "Recovered": 1834, "Active": 285, "Date": "2020-05-13T00:00:00Z"}, {"Country": "Croatia", "CountryCode": "", "Province": "", "City": "", "CityCode": "", "Lat": "0", "Lon": "0", "Confirmed": 2221, "Deaths": 94, "Recovered": 1850, "Active": 277, "Date": "2020-05-14T00:00:00Z"}, {"Country": "Croatia", "CountryCode": "", "Province": "", "City": "", "CityCode": "", "Lat": "0", "Lon": "0", "Confirmed": 2222, "Deaths": 95, "Recovered": 1869, "Active": 258, "Date": "2020-05-15T00:00:00Z"}, {"Country": "Croatia", "CountryCode": "", "Province": "", "City": "", "CityCode": "", "Lat": "0", "Lon": "0", "Confirmed": 2224, "Deaths": 95, "Recovered": 1913, "Active": 216, "Date": "2020-05-16T00:00:00Z"}, {"Country": "Croatia", "CountryCode": "", "Province": "", "City": "", "CityCode": "", "Lat": "0", "Lon": "0", "Confirmed": 2226, "Deaths": 95, "Recovered": 1936, "Active": 195, "Date": "2020-05-17T00:00:00Z"}, {"Country": "Croatia", "CountryCode": "", "Province": "", "City": "", "CityCode": "", "Lat": "0", "Lon": "0", "Confirmed": 2228, "Deaths": 95, "Recovered": 1946, "Active": 187, "Date": "2020-05-18T00:00:00Z"}, {"Country": "Croatia", "CountryCode": "", "Province": "", "City": "", "CityCode": "", "Lat": "0", "Lon": "0", "Confirmed": 2232, "Deaths": 96, "Recovered": 1967, "Active": 169, "Date": "2020-05-19T00:00:00Z"}, {"Country": "Croatia", "CountryCode": "", "Province": "", "City": "", "CityCode": "", "Lat": "0", "Lon": "0", "Confirmed": 2234, "Deaths": 96, "Recovered": 1978, "Active": 160, "Date": "2020-05-20T00:00:00Z"}, {"Country": "Croatia", "CountryCode": "", "Province": "", "City": "", "CityCode": "", "Lat": "0", "Lon": "0", "Confirmed": 2237, "Deaths": 97, "Recovered": 1978, "Active": 162, "Date": "2020-05-21T00:00:00Z"}, {"Country": "Croatia", "CountryCode": "", "Province": "", "City": "", "CityCode": "", "Lat": "0", "Lon": "0", "Confirmed": 2243, "Deaths": 99, "Recovered": 2011, "Active": 133, "Date": "2020-05-22T00:00:00Z"}, {"Country": "Croatia", "CountryCode": "", "Province": "", "City": "", "CityCode": "", "Lat": "0", "Lon": "0", "Confirmed": 2243, "Deaths": 99, "Recovered": 2023, "Active": 121, "Date": "2020-05-23T00:00:00Z"}, {"Country": "Croatia", "CountryCode": "", "Province": "", "City": "", "CityCode": "", "Lat": "0", "Lon": "0", "Confirmed": 2244, "Deaths": 99, "Recovered": 2027, "Active": 118, "Date": "2020-05-24T00:00:00Z"}, {"Country": "Croatia", "CountryCode": "", "Province": "", "City": "", "CityCode": "", "Lat": "0", "Lon": "0", "Confirmed": 2244, "Deaths": 100, "Recovered": 2035, "Active": 109, "Date": "2020-05-25T00:00:00Z"}, {"Country": "Croatia", "CountryCode": "", "Province": "", "City": "", "CityCode": "", "Lat": "0", "Lon": "0", "Confirmed": 2244, "Deaths": 101, "Recovered": 2046, "Active": 97, "Date": "2020-05-26T00:00:00Z"}, {"Country": "Croatia", "CountryCode": "", "Province": "", "City": "", "CityCode": "", "Lat": "0", "Lon": "0", "Confirmed": 2244, "Deaths": 101, "Recovered": 2047, "Active": 96, "Date": "2020-05-27T00:00:00Z"}, {"Country": "Croatia", "CountryCode": "", "Province": "", "City": "", "CityCode": "", "Lat": "0", "Lon": "0", "Confirmed": 2245, "Deaths": 102, "Recovered": 2051, "Active": 92, "Date": "2020-05-28T00:00:00Z"}, {"Country": "Croatia", "CountryCode": "", "Province": "", "City": "", "CityCode": "", "Lat": "0", "Lon": "0", "Confirmed": 2245, "Deaths": 103, "Recovered": 2059, "Active": 83, "Date": "2020-05-29T00:00:00Z"}, {"Country": "Croatia", "CountryCode": "", "Province": "", "City": "", "CityCode": "", "Lat": "0", "Lon": "0", "Confirmed": 2246, "Deaths": 103, "Recovered": 2063, "Active": 80, "Date": "2020-05-30T00:00:00Z"}, {"Country": "Croatia", "CountryCode": "", "Province": "", "City": "", "CityCode": "", "Lat": "0", "Lon": "0", "Confirmed": 2246, "Deaths": 103, "Recovered": 2072, "Active": 71, "Date": "2020-05-31T00:00:00Z"}, {"Country": "Croatia", "CountryCode": "", "Province": "", "City": "", "CityCode": "", "Lat": "0", "Lon": "0", "Confirmed": 2246, "Deaths": 103, "Recovered": 2077, "Active": 66, "Date": "2020-06-01T00:00:00Z"}, {"Country": "Croatia", "CountryCode": "", "Province": "", "City": "", "CityCode": "", "Lat": "0", "Lon": "0", "Confirmed": 2246, "Deaths": 103, "Recovered": 2088, "Active": 55, "Date": "2020-06-02T00:00:00Z"}, {"Country": "Croatia", "CountryCode": "", "Province": "", "City": "", "CityCode": "", "Lat": "0", "Lon": "0", "Confirmed": 2246, "Deaths": 103, "Recovered": 2095, "Active": 48, "Date": "2020-06-03T00:00:00Z"}, {"Country": "Croatia", "CountryCode": "", "Province": "", "City": "", "CityCode": "", "Lat": "0", "Lon": "0", "Confirmed": 2247, "Deaths": 103, "Recovered": 2105, "Active": 39, "Date": "2020-06-04T00:00:00Z"}, {"Country": "Croatia", "CountryCode": "", "Province": "", "City": "", "CityCode": "", "Lat": "0", "Lon": "0", "Confirmed": 2247, "Deaths": 103, "Recovered": 2113, "Active": 31, "Date": "2020-06-05T00:00:00Z"}, {"Country": "Croatia", "CountryCode": "", "Province": "", "City": "", "CityCode": "", "Lat": "0", "Lon": "0", "Confirmed": 2247, "Deaths": 104, "Recovered": 2121, "Active": 22, "Date": "2020-06-06T00:00:00Z"}, {"Country": "Croatia", "CountryCode": "", "Province": "", "City": "", "CityCode": "", "Lat": "0", "Lon": "0", "Confirmed": 2247, "Deaths": 104, "Recovered": 2126, "Active": 17, "Date": "2020-06-07T00:00:00Z"}, {"Country": "Croatia", "CountryCode": "", "Province": "", "City": "", "CityCode": "", "Lat": "0", "Lon": "0", "Confirmed": 2247, "Deaths": 104, "Recovered": 2128, "Active": 15, "Date": "2020-06-08T00:00:00Z"}, {"Country": "Croatia", "CountryCode": "", "Province": "", "City": "", "CityCode": "", "Lat": "0", "Lon": "0", "Confirmed": 2247, "Deaths": 106, "Recovered": 2130, "Active": 11, "Date": "2020-06-09T00:00:00Z"}, {"Country": "Croatia", "CountryCode": "", "Province": "", "City": "", "CityCode": "", "Lat": "0", "Lon": "0", "Confirmed": 2249, "Deaths": 106, "Recovered": 2130, "Active": 13, "Date": "2020-06-10T00:00:00Z"}, {"Country": "Croatia", "CountryCode": "", "Province": "", "City": "", "CityCode": "", "Lat": "0", "Lon": "0", "Confirmed": 2249, "Deaths": 106, "Recovered": 2132, "Active": 11, "Date": "2020-06-11T00:00:00Z"}, {"Country": "Croatia", "CountryCode": "", "Province": "", "City": "", "CityCode": "", "Lat": "0", "Lon": "0", "Confirmed": 2249, "Deaths": 107, "Recovered": 2133, "Active": 9, "Date": "2020-06-12T00:00:00Z"}, {"Country": "Croatia", "CountryCode": "", "Province": "", "City": "", "CityCode": "", "Lat": "0", "Lon": "0", "Confirmed": 2251, "Deaths": 107, "Recovered": 2134, "Active": 10, "Date": "2020-06-13T00:00:00Z"}, {"Country": "Croatia", "CountryCode": "", "Province": "", "City": "", "CityCode": "", "Lat": "0", "Lon": "0", "Confirmed": 2252, "Deaths": 107, "Recovered": 2134, "Active": 11, "Date": "2020-06-14T00:00:00Z"}, {"Country": "Croatia", "CountryCode": "", "Province": "", "City": "", "CityCode": "", "Lat": "0", "Lon": "0", "Confirmed": 2254, "Deaths": 107, "Recovered": 2140, "Active": 7, "Date": "2020-06-15T00:00:00Z"}, {"Country": "Croatia", "CountryCode": "", "Province": "", "City": "", "CityCode": "", "Lat": "0", "Lon": "0", "Confirmed": 2255, "Deaths": 107, "Recovered": 2140, "Active": 8, "Date": "2020-06-16T00:00:00Z"}, {"Country": "Croatia", "CountryCode": "", "Province": "", "City": "", "CityCode": "", "Lat": "0", "Lon": "0", "Confirmed": 2258, "Deaths": 107, "Recovered": 2141, "Active": 10, "Date": "2020-06-17T00:00:00Z"}, {"Country": "Croatia", "CountryCode": "", "Province": "", "City": "", "CityCode": "", "Lat": "0", "Lon": "0", "Confirmed": 2269, "Deaths": 107, "Recovered": 2142, "Active": 20, "Date": "2020-06-18T00:00:00Z"}, {"Country": "Croatia", "CountryCode": "", "Province": "", "City": "", "CityCode": "", "Lat": "0", "Lon": "0", "Confirmed": 2280, "Deaths": 107, "Recovered": 2142, "Active": 31, "Date": "2020-06-19T00:00:00Z"}, {"Country": "Croatia", "CountryCode": "", "Province": "", "City": "", "CityCode": "", "Lat": "0", "Lon": "0", "Confirmed": 2299, "Deaths": 107, "Recovered": 2142, "Active": 50, "Date": "2020-06-20T00:00:00Z"}, {"Country": "Croatia", "CountryCode": "", "Province": "", "City": "", "CityCode": "", "Lat": "0", "Lon": "0", "Confirmed": 2317, "Deaths": 107, "Recovered": 2142, "Active": 68, "Date": "2020-06-21T00:00:00Z"}, {"Country": "Croatia", "CountryCode": "", "Province": "", "City": "", "CityCode": "", "Lat": "0", "Lon": "0", "Confirmed": 2336, "Deaths": 107, "Recovered": 2142, "Active": 87, "Date": "2020-06-22T00:00:00Z"}, {"Country": "Croatia", "CountryCode": "", "Province": "", "City": "", "CityCode": "", "Lat": "0", "Lon": "0", "Confirmed": 2366, "Deaths": 107, "Recovered": 2142, "Active": 117, "Date": "2020-06-23T00:00:00Z"}, {"Country": "Croatia", "CountryCode": "", "Province": "", "City": "", "CityCode": "", "Lat": "0", "Lon": "0", "Confirmed": 2388, "Deaths": 107, "Recovered": 2145, "Active": 136, "Date": "2020-06-24T00:00:00Z"}, {"Country": "Croatia", "CountryCode": "", "Province": "", "City": "", "CityCode": "", "Lat": "0", "Lon": "0", "Confirmed": 2483, "Deaths": 107, "Recovered": 2149, "Active": 227, "Date": "2020-06-25T00:00:00Z"}, {"Country": "Croatia", "CountryCode": "", "Province": "", "City": "", "CityCode": "", "Lat": "0", "Lon": "0", "Confirmed": 2539, "Deaths": 107, "Recovered": 2150, "Active": 282, "Date": "2020-06-26T00:00:00Z"}, {"Country": "Croatia", "CountryCode": "", "Province": "", "City": "", "CityCode": "", "Lat": "0", "Lon": "0", "Confirmed": 2624, "Deaths": 107, "Recovered": 2152, "Active": 365, "Date": "2020-06-27T00:00:00Z"}, {"Country": "Croatia", "CountryCode": "", "Province": "", "City": "", "CityCode": "", "Lat": "0", "Lon": "0", "Confirmed": 2691, "Deaths": 107, "Recovered": 2152, "Active": 432, "Date": "2020-06-28T00:00:00Z"}, {"Country": "Croatia", "CountryCode": "", "Province": "", "City": "", "CityCode": "", "Lat": "0", "Lon": "0", "Confirmed": 2725, "Deaths": 107, "Recovered": 2155, "Active": 463, "Date": "2020-06-29T00:00:00Z"}, {"Country": "Croatia", "CountryCode": "", "Province": "", "City": "", "CityCode": "", "Lat": "0", "Lon": "0", "Confirmed": 2777, "Deaths": 107, "Recovered": 2155, "Active": 515, "Date": "2020-06-30T00:00:00Z"}, {"Country": "Croatia", "CountryCode": "", "Province": "", "City": "", "CityCode": "", "Lat": "0", "Lon": "0", "Confirmed": 2831, "Deaths": 108, "Recovered": 2155, "Active": 568, "Date": "2020-07-01T00:00:00Z"}, {"Country": "Croatia", "CountryCode": "", "Province": "", "City": "", "CityCode": "", "Lat": "0", "Lon": "0", "Confirmed": 2912, "Deaths": 110, "Recovered": 2155, "Active": 647, "Date": "2020-07-02T00:00:00Z"}, {"Country": "Croatia", "CountryCode": "", "Province": "", "City": "", "CityCode": "", "Lat": "0", "Lon": "0", "Confirmed": 3008, "Deaths": 112, "Recovered": 2168, "Active": 728, "Date": "2020-07-03T00:00:00Z"}, {"Country": "Croatia", "CountryCode": "", "Province": "", "City": "", "CityCode": "", "Lat": "0", "Lon": "0", "Confirmed": 3094, "Deaths": 113, "Recovered": 2183, "Active": 798, "Date": "2020-07-04T00:00:00Z"}, {"Country": "Croatia", "CountryCode": "", "Province": "", "City": "", "CityCode": "", "Lat": "0", "Lon": "0", "Confirmed": 3151, "Deaths": 113, "Recovered": 2196, "Active": 842, "Date": "2020-07-05T00:00:00Z"}, {"Country": "Croatia", "CountryCode": "", "Province": "", "City": "", "CityCode": "", "Lat": "0", "Lon": "0", "Confirmed": 3220, "Deaths": 113, "Recovered": 2210, "Active": 897, "Date": "2020-07-06T00:00:00Z"}, {"Country": "Croatia", "CountryCode": "", "Province": "", "City": "", "CityCode": "", "Lat": "0", "Lon": "0", "Confirmed": 3272, "Deaths": 113, "Recovered": 2229, "Active": 930, "Date": "2020-07-07T00:00:00Z"}, {"Country": "Croatia", "CountryCode": "", "Province": "", "City": "", "CityCode": "", "Lat": "0", "Lon": "0", "Confirmed": 3325, "Deaths": 114, "Recovered": 2277, "Active": 934, "Date": "2020-07-08T00:00:00Z"}, {"Country": "Croatia", "CountryCode": "", "Province": "", "City": "", "CityCode": "", "Lat": "0", "Lon": "0", "Confirmed": 3416, "Deaths": 115, "Recovered": 2323, "Active": 978, "Date": "2020-07-09T00:00:00Z"}, {"Country": "Croatia", "CountryCode": "", "Province": "", "City": "", "CityCode": "", "Lat": "0", "Lon": "0", "Confirmed": 3532, "Deaths": 117, "Recovered": 2377, "Active": 1038, "Date": "2020-07-10T00:00:00Z"}, {"Country": "Croatia", "CountryCode": "", "Province": "", "City": "", "CityCode": "", "Lat": "0", "Lon": "0", "Confirmed": 3672, "Deaths": 118, "Recovered": 2466, "Active": 1088, "Date": "2020-07-11T00:00:00Z"}, {"Country": "Croatia", "CountryCode": "", "Province": "", "City": "", "CityCode": "", "Lat": "0", "Lon": "0", "Confirmed": 3722, "Deaths": 119, "Recovered": 2486, "Active": 1117, "Date": "2020-07-12T00:00:00Z"}, {"Country": "Croatia", "CountryCode": "", "Province": "", "City": "", "CityCode": "", "Lat": "0", "Lon": "0", "Confirmed": 3775, "Deaths": 119, "Recovered": 2514, "Active": 1142, "Date": "2020-07-13T00:00:00Z"}, {"Country": "Croatia", "CountryCode": "", "Province": "", "City": "", "CityCode": "", "Lat": "0", "Lon": "0", "Confirmed": 3827, "Deaths": 120, "Recovered": 2558, "Active": 1149, "Date": "2020-07-14T00:00:00Z"}, {"Country": "Croatia", "CountryCode": "", "Province": "", "City": "", "CityCode": "", "Lat": "0", "Lon": "0", "Confirmed": 3953, "Deaths": 120, "Recovered": 2629, "Active": 1204, "Date": "2020-07-15T00:00:00Z"}, {"Country": "Croatia", "CountryCode": "", "Province": "", "City": "", "CityCode": "", "Lat": "0", "Lon": "0", "Confirmed": 4039, "Deaths": 120, "Recovered": 2729, "Active": 1190, "Date": "2020-07-16T00:00:00Z"}, {"Country": "Croatia", "CountryCode": "", "Province": "", "City": "", "CityCode": "", "Lat": "0", "Lon": "0", "Confirmed": 4137, "Deaths": 120, "Recovered": 2825, "Active": 1192, "Date": "2020-07-17T00:00:00Z"}, {"Country": "Croatia", "CountryCode": "", "Province": "", "City": "", "CityCode": "", "Lat": "0", "Lon": "0", "Confirmed": 4253, "Deaths": 120, "Recovered": 2929, "Active": 1204, "Date": "2020-07-18T00:00:00Z"}, {"Country": "Croatia", "CountryCode": "", "Province": "", "City": "", "CityCode": "", "Lat": "0", "Lon": "0", "Confirmed": 4345, "Deaths": 120, "Recovered": 3018, "Active": 1207, "Date": "2020-07-19T00:00:00Z"}, {"Country": "Croatia", "CountryCode": "", "Province": "", "City": "", "CityCode": "", "Lat": "0", "Lon": "0", "Confirmed": 4370, "Deaths": 122, "Recovered": 3101, "Active": 1147, "Date": "2020-07-20T00:00:00Z"}, {"Country": "Croatia", "CountryCode": "", "Province": "", "City": "", "CityCode": "", "Lat": "0", "Lon": "0", "Confirmed": 4422, "Deaths": 123, "Recovered": 3183, "Active": 1116, "Date": "2020-07-21T00:00:00Z"}, {"Country": "Croatia", "CountryCode": "", "Province": "", "City": "", "CityCode": "", "Lat": "0", "Lon": "0", "Confirmed": 4530, "Deaths": 125, "Recovered": 3278, "Active": 1127, "Date": "2020-07-22T00:00:00Z"}, {"Country": "Croatia", "CountryCode": "", "Province": "", "City": "", "CityCode": "", "Lat": "0", "Lon": "0", "Confirmed": 4634, "Deaths": 128, "Recovered": 3394, "Active": 1112, "Date": "2020-07-23T00:00:00Z"}, {"Country": "Croatia", "CountryCode": "", "Province": "", "City": "", "CityCode": "", "Lat": "0", "Lon": "0", "Confirmed": 4715, "Deaths": 128, "Recovered": 3555, "Active": 1032, "Date": "2020-07-24T00:00:00Z"}, {"Country": "Croatia", "CountryCode": "", "Province": "", "City": "", "CityCode": "", "Lat": "0", "Lon": "0", "Confirmed": 4792, "Deaths": 133, "Recovered": 3778, "Active": 881, "Date": "2020-07-25T00:00:00Z"}, {"Country": "Croatia", "CountryCode": "", "Province": "", "City": "", "CityCode": "", "Lat": "0", "Lon": "0", "Confirmed": 4857, "Deaths": 136, "Recovered": 3866, "Active": 855, "Date": "2020-07-26T00:00:00Z"}, {"Country": "Croatia", "CountryCode": "", "Province": "", "City": "", "CityCode": "", "Lat": "0", "Lon": "0", "Confirmed": 4881, "Deaths": 139, "Recovered": 3936, "Active": 806, "Date": "2020-07-27T00:00:00Z"}, {"Country": "Croatia", "CountryCode": "", "Province": "", "City": "", "CityCode": "", "Lat": "0", "Lon": "0", "Confirmed": 4923, "Deaths": 140, "Recovered": 4034, "Active": 749, "Date": "2020-07-28T00:00:00Z"}, {"Country": "Croatia", "CountryCode": "", "Province": "", "City": "", "CityCode": "", "Lat": "0", "Lon": "0", "Confirmed": 4993, "Deaths": 141, "Recovered": 4099, "Active": 753, "Date": "2020-07-29T00:00:00Z"}, {"Country": "Croatia", "CountryCode": "", "Province": "", "City": "", "CityCode": "", "Lat": "0", "Lon": "0", "Confirmed": 5071, "Deaths": 144, "Recovered": 4178, "Active": 749, "Date": "2020-07-30T00:00:00Z"}, {"Country": "Croatia", "CountryCode": "", "Province": "", "City": "", "CityCode": "", "Lat": "0", "Lon": "0", "Confirmed": 5139, "Deaths": 145, "Recovered": 4267, "Active": 727, "Date": "2020-07-31T00:00:00Z"}, {"Country": "Croatia", "CountryCode": "", "Province": "", "City": "", "CityCode": "", "Lat": "0", "Lon": "0", "Confirmed": 5224, "Deaths": 145, "Recovered": 4341, "Active": 738, "Date": "2020-08-01T00:00:00Z"}, {"Country": "Croatia", "CountryCode": "", "Province": "", "City": "", "CityCode": "", "Lat": "0", "Lon": "0", "Confirmed": 5260, "Deaths": 149, "Recovered": 4373, "Active": 738, "Date": "2020-08-02T00:00:00Z"}, {"Country": "Croatia", "CountryCode": "", "Province": "", "City": "", "CityCode": "", "Lat": "0", "Lon": "0", "Confirmed": 5294, "Deaths": 153, "Recovered": 4438, "Active": 703, "Date": "2020-08-03T00:00:00Z"}, {"Country": "Croatia", "CountryCode": "", "Province": "", "City": "", "CityCode": "", "Lat": "0", "Lon": "0", "Confirmed": 5318, "Deaths": 154, "Recovered": 4517, "Active": 647, "Date": "2020-08-04T00:00:00Z"}, {"Country": "Croatia", "CountryCode": "", "Province": "", "City": "", "CityCode": "", "Lat": "0", "Lon": "0", "Confirmed": 5376, "Deaths": 154, "Recovered": 4589, "Active": 633, "Date": "2020-08-05T00:00:00Z"}, {"Country": "Croatia", "CountryCode": "", "Province": "", "City": "", "CityCode": "", "Lat": "0", "Lon": "0", "Confirmed": 5404, "Deaths": 155, "Recovered": 4688, "Active": 561, "Date": "2020-08-06T00:00:00Z"}, {"Country": "Croatia", "CountryCode": "", "Province": "", "City": "", "CityCode": "", "Lat": "0", "Lon": "0", "Confirmed": 5466, "Deaths": 155, "Recovered": 4758, "Active": 553, "Date": "2020-08-07T00:00:00Z"}, {"Country": "Croatia", "CountryCode": "", "Province": "", "City": "", "CityCode": "", "Lat": "0", "Lon": "0", "Confirmed": 5543, "Deaths": 157, "Recovered": 4817, "Active": 569, "Date": "2020-08-08T00:00:00Z"}, {"Country": "Croatia", "CountryCode": "", "Province": "", "City": "", "CityCode": "", "Lat": "0", "Lon": "0", "Confirmed": 5604, "Deaths": 157, "Recovered": 4861, "Active": 586, "Date": "2020-08-09T00:00:00Z"}, {"Country": "Croatia", "CountryCode": "", "Province": "", "City": "", "CityCode": "", "Lat": "0", "Lon": "0", "Confirmed": 5649, "Deaths": 158, "Recovered": 4906, "Active": 585, "Date": "2020-08-10T00:00:00Z"}, {"Country": "Croatia", "CountryCode": "", "Province": "", "City": "", "CityCode": "", "Lat": "0", "Lon": "0", "Confirmed": 5740, "Deaths": 160, "Recovered": 4962, "Active": 618, "Date": "2020-08-11T00:00:00Z"}, {"Country": "Croatia", "CountryCode": "", "Province": "", "City": "", "CityCode": "", "Lat": "0", "Lon": "0", "Confirmed": 5870, "Deaths": 160, "Recovered": 5024, "Active": 686, "Date": "2020-08-12T00:00:00Z"}, {"Country": "Croatia", "CountryCode": "", "Province": "", "City": "", "CityCode": "", "Lat": "0", "Lon": "0", "Confirmed": 6050, "Deaths": 161, "Recovered": 5078, "Active": 811, "Date": "2020-08-13T00:00:00Z"}, {"Country": "Croatia", "CountryCode": "", "Province": "", "City": "", "CityCode": "", "Lat": "0", "Lon": "0", "Confirmed": 6258, "Deaths": 163, "Recovered": 5134, "Active": 961, "Date": "2020-08-14T00:00:00Z"}, {"Country": "Croatia", "CountryCode": "", "Province": "", "City": "", "CityCode": "", "Lat": "0", "Lon": "0", "Confirmed": 6420, "Deaths": 165, "Recovered": 5193, "Active": 1062, "Date": "2020-08-15T00:00:00Z"}, {"Country": "Croatia", "CountryCode": "", "Province": "", "City": "", "CityCode": "", "Lat": "0", "Lon": "0", "Confirmed": 6571, "Deaths": 166, "Recovered": 5220, "Active": 1185, "Date": "2020-08-16T00:00:00Z"}, {"Country": "Croatia", "CountryCode": "", "Province": "", "City": "", "CityCode": "", "Lat": "0", "Lon": "0", "Confirmed": 6656, "Deaths": 166, "Recovered": 5254, "Active": 1236, "Date": "2020-08-17T00:00:00Z"}, {"Country": "Croatia", "CountryCode": "", "Province": "", "City": "", "CityCode": "", "Lat": "0", "Lon": "0", "Confirmed": 6855, "Deaths": 166, "Recovered": 5318, "Active": 1371, "Date": "2020-08-18T00:00:00Z"}, {"Country": "Croatia", "CountryCode": "", "Province": "", "City": "", "CityCode": "", "Lat": "0", "Lon": "0", "Confirmed": 7074, "Deaths": 168, "Recovered": 5386, "Active": 1520, "Date": "2020-08-19T00:00:00Z"}, {"Country": "Croatia", "CountryCode": "", "Province": "", "City": "", "CityCode": "", "Lat": "0", "Lon": "0", "Confirmed": 7329, "Deaths": 168, "Recovered": 5472, "Active": 1689, "Date": "2020-08-20T00:00:00Z"}, {"Country": "Croatia", "CountryCode": "", "Province": "", "City": "", "CityCode": "", "Lat": "0", "Lon": "0", "Confirmed": 7594, "Deaths": 169, "Recovered": 5584, "Active": 1841, "Date": "2020-08-21T00:00:00Z"}, {"Country": "Croatia", "CountryCode": "", "Province": "", "City": "", "CityCode": "", "Lat": "0", "Lon": "0", "Confirmed": 7900, "Deaths": 170, "Recovered": 5678, "Active": 2052, "Date": "2020-08-22T00:00:00Z"}, {"Country": "Croatia", "CountryCode": "", "Province": "", "City": "", "CityCode": "", "Lat": "0", "Lon": "0", "Confirmed": 8175, "Deaths": 171, "Recovered": 5801, "Active": 2203, "Date": "2020-08-23T00:00:00Z"}, {"Country": "Croatia", "CountryCode": "", "Province": "", "City": "", "CityCode": "", "Lat": "0", "Lon": "0", "Confirmed": 8311, "Deaths": 173, "Recovered": 5926, "Active": 2212, "Date": "2020-08-24T00:00:00Z"}, {"Country": "Croatia", "CountryCode": "", "Province": "", "City": "", "CityCode": "", "Lat": "0", "Lon": "0", "Confirmed": 8530, "Deaths": 175, "Recovered": 6124, "Active": 2231, "Date": "2020-08-25T00:00:00Z"}, {"Country": "Croatia", "CountryCode": "", "Province": "", "City": "", "CityCode": "", "Lat": "0", "Lon": "0", "Confirmed": 8888, "Deaths": 175, "Recovered": 6362, "Active": 2351, "Date": "2020-08-26T00:00:00Z"}, {"Country": "Croatia", "CountryCode": "", "Province": "", "City": "", "CityCode": "", "Lat": "0", "Lon": "0", "Confirmed": 9192, "Deaths": 177, "Recovered": 6595, "Active": 2420, "Date": "2020-08-27T00:00:00Z"}, {"Country": "Croatia", "CountryCode": "", "Province": "", "City": "", "CityCode": "", "Lat": "0", "Lon": "0", "Confirmed": 9549, "Deaths": 180, "Recovered": 6809, "Active": 2560, "Date": "2020-08-28T00:00:00Z"}, {"Country": "Croatia", "CountryCode": "", "Province": "", "City": "", "CityCode": "", "Lat": "0", "Lon": "0", "Confirmed": 9861, "Deaths": 183, "Recovered": 7024, "Active": 2654, "Date": "2020-08-29T00:00:00Z"}, {"Country": "Croatia", "CountryCode": "", "Province": "", "City": "", "CityCode": "", "Lat": "0", "Lon": "0", "Confirmed": 10123, "Deaths": 184, "Recovered": 7212, "Active": 2727, "Date": "2020-08-30T00:00:00Z"}, {"Country": "Croatia", "CountryCode": "", "Province": "", "City": "", "CityCode": "", "Lat": "0", "Lon": "0", "Confirmed": 10269, "Deaths": 186, "Recovered": 7434, "Active": 2649, "Date": "2020-08-31T00:00:00Z"}, {"Country": "Croatia", "CountryCode": "", "Province": "", "City": "", "CityCode": "", "Lat": "0", "Lon": "0", "Confirmed": 10414, "Deaths": 187, "Recovered": 7735, "Active": 2492, "Date": "2020-09-01T00:00:00Z"}, {"Country": "Croatia", "CountryCode": "", "Province": "", "City": "", "CityCode": "", "Lat": "0", "Lon": "0", "Confirmed": 10725, "Deaths": 191, "Recovered": 7968, "Active": 2566, "Date": "2020-09-02T00:00:00Z"}, {"Country": "Croatia", "CountryCode": "", "Province": "", "City": "", "CityCode": "", "Lat": "0", "Lon": "0", "Confirmed": 11094, "Deaths": 194, "Recovered": 8266, "Active": 2634, "Date": "2020-09-03T00:00:00Z"}, {"Country": "Croatia", "CountryCode": "", "Province": "", "City": "", "CityCode": "", "Lat": "0", "Lon": "0", "Confirmed": 11428, "Deaths": 195, "Recovered": 8530, "Active": 2703, "Date": "2020-09-04T00:00:00Z"}, {"Country": "Croatia", "CountryCode": "", "Province": "", "City": "", "CityCode": "", "Lat": "0", "Lon": "0", "Confirmed": 11739, "Deaths": 197, "Recovered": 8771, "Active": 2771, "Date": "2020-09-05T00:00:00Z"}, {"Country": "Croatia", "CountryCode": "", "Province": "", "City": "", "CityCode": "", "Lat": "0", "Lon": "0", "Confirmed": 11964, "Deaths": 198, "Recovered": 9008, "Active": 2758, "Date": "2020-09-06T00:00:00Z"}, {"Country": "Croatia", "CountryCode": "", "Province": "", "City": "", "CityCode": "", "Lat": "0", "Lon": "0", "Confirmed": 12081, "Deaths": 201, "Recovered": 9266, "Active": 2614, "Date": "2020-09-07T00:00:00Z"}, {"Country": "Croatia", "CountryCode": "", "Province": "", "City": "", "CityCode": "", "Lat": "0", "Lon": "0", "Confirmed": 12285, "Deaths": 203, "Recovered": 9553, "Active": 2529, "Date": "2020-09-08T00:00:00Z"}, {"Country": "Croatia", "CountryCode": "", "Province": "", "City": "", "CityCode": "", "Lat": "0", "Lon": "0", "Confirmed": 12626, "Deaths": 206, "Recovered": 9833, "Active": 2587, "Date": "2020-09-09T00:00:00Z"}, {"Country": "Croatia", "CountryCode": "", "Province": "", "City": "", "CityCode": "", "Lat": "0", "Lon": "0", "Confirmed": 12917, "Deaths": 208, "Recovered": 10142, "Active": 2567, "Date": "2020-09-10T00:00:00Z"}, {"Country": "Croatia", "CountryCode": "", "Province": "", "City": "", "CityCode": "", "Lat": "0", "Lon": "0", "Confirmed": 13107, "Deaths": 211, "Recovered": 10466, "Active": 2430, "Date": "2020-09-11T00:00:00Z"}, {"Country": "Croatia", "CountryCode": "", "Province": "", "City": "", "CityCode": "", "Lat": "0", "Lon": "0", "Confirmed": 13368, "Deaths": 218, "Recovered": 10721, "Active": 2429, "Date": "2020-09-12T00:00:00Z"}, {"Country": "Croatia", "CountryCode": "", "Province": "", "City": "", "CityCode": "", "Lat": "0", "Lon": "0", "Confirmed": 13533, "Deaths": 224, "Recovered": 10899, "Active": 2410, "Date": "2020-09-13T00:00:00Z"}, {"Country": "Croatia", "CountryCode": "", "Province": "", "City": "", "CityCode": "", "Lat": "0", "Lon": "0", "Confirmed": 13598, "Deaths": 227, "Recovered": 11151, "Active": 2220, "Date": "2020-09-14T00:00:00Z"}, {"Country": "Croatia", "CountryCode": "", "Province": "", "City": "", "CityCode": "", "Lat": "0", "Lon": "0", "Confirmed": 13749, "Deaths": 230, "Recovered": 11412, "Active": 2107, "Date": "2020-09-15T00:00:00Z"}, {"Country": "Croatia", "CountryCode": "", "Province": "", "City": "", "CityCode": "", "Lat": "0", "Lon": "0", "Confirmed": 14029, "Deaths": 236, "Recovered": 11690, "Active": 2103, "Date": "2020-09-16T00:00:00Z"}, {"Country": "Croatia", "CountryCode": "", "Province": "", "City": "", "CityCode": "", "Lat": "0", "Lon": "0", "Confirmed": 14279, "Deaths": 238, "Recovered": 11933, "Active": 2108, "Date": "2020-09-17T00:00:00Z"}, {"Country": "Croatia", "CountryCode": "", "Province": "", "City": "", "CityCode": "", "Lat": "0", "Lon": "0", "Confirmed": 14513, "Deaths": 244, "Recovered": 12169, "Active": 2100, "Date": "2020-09-18T00:00:00Z"}, {"Country": "Croatia", "CountryCode": "", "Province": "", "City": "", "CityCode": "", "Lat": "0", "Lon": "0", "Confirmed": 14725, "Deaths": 244, "Recovered": 12353, "Active": 2128, "Date": "2020-09-19T00:00:00Z"}, {"Country": "Croatia", "CountryCode": "", "Province": "", "City": "", "CityCode": "", "Lat": "0", "Lon": "0", "Confirmed": 14922, "Deaths": 248, "Recovered": 12536, "Active": 2138, "Date": "2020-09-20T00:00:00Z"}, {"Country": "Croatia", "CountryCode": "", "Province": "", "City": "", "CityCode": "", "Lat": "0", "Lon": "0", "Confirmed": 14992, "Deaths": 253, "Recovered": 12737, "Active": 2002, "Date": "2020-09-21T00:00:00Z"}, {"Country": "Croatia", "CountryCode": "", "Province": "", "City": "", "CityCode": "", "Lat": "0", "Lon": "0", "Confirmed": 15136, "Deaths": 255, "Recovered": 12987, "Active": 1894, "Date": "2020-09-22T00:00:00Z"}, {"Country": "Croatia", "CountryCode": "", "Province": "", "City": "", "CityCode": "", "Lat": "0", "Lon": "0", "Confirmed": 15340, "Deaths": 257, "Recovered": 13815, "Active": 1268, "Date": "2020-09-23T00:00:00Z"}, {"Country": "Croatia", "CountryCode": "", "Province": "", "City": "", "CityCode": "", "Lat": "0", "Lon": "0", "Confirmed": 15572, "Deaths": 261, "Recovered": 14111, "Active": 1200, "Date": "2020-09-24T00:00:00Z"}, {"Country": "Croatia", "CountryCode": "", "Province": "", "City": "", "CityCode": "", "Lat": "0", "Lon": "0", "Confirmed": 15795, "Deaths": 266, "Recovered": 14303, "Active": 1226, "Date": "2020-09-25T00:00:00Z"}, {"Country": "Croatia", "CountryCode": "", "Province": "", "City": "", "CityCode": "", "Lat": "0", "Lon": "0", "Confirmed": 16007, "Deaths": 269, "Recovered": 14405, "Active": 1333, "Date": "2020-09-26T00:00:00Z"}, {"Country": "Croatia", "CountryCode": "", "Province": "", "City": "", "CityCode": "", "Lat": "0", "Lon": "0", "Confirmed": 16197, "Deaths": 272, "Recovered": 14609, "Active": 1316, "Date": "2020-09-27T00:00:00Z"}, {"Country": "Croatia", "CountryCode": "", "Province": "", "City": "", "CityCode": "", "Lat": "0", "Lon": "0", "Confirmed": 16245, "Deaths": 272, "Recovered": 14793, "Active": 1180, "Date": "2020-09-28T00:00:00Z"}, {"Country": "Croatia", "CountryCode": "", "Province": "", "City": "", "CityCode": "", "Lat": "0", "Lon": "0", "Confirmed": 16380, "Deaths": 275, "Recovered": 14947, "Active": 1158, "Date": "2020-09-29T00:00:00Z"}, {"Country": "Croatia", "CountryCode": "", "Province": "", "City": "", "CityCode": "", "Lat": "0", "Lon": "0", "Confirmed": 16593, "Deaths": 280, "Recovered": 15057, "Active": 1256, "Date": "2020-09-30T00:00:00Z"}, {"Country": "Croatia", "CountryCode": "", "Province": "", "City": "", "CityCode": "", "Lat": "0", "Lon": "0", "Confirmed": 16827, "Deaths": 284, "Recovered": 15218, "Active": 1325, "Date": "2020-10-01T00:00:00Z"}, {"Country": "Croatia", "CountryCode": "", "Province": "", "City": "", "CityCode": "", "Lat": "0", "Lon": "0", "Confirmed": 17160, "Deaths": 291, "Recovered": 15423, "Active": 1446, "Date": "2020-10-02T00:00:00Z"}, {"Country": "Croatia", "CountryCode": "", "Province": "", "City": "", "CityCode": "", "Lat": "0", "Lon": "0", "Confirmed": 17401, "Deaths": 293, "Recovered": 15661, "Active": 1447, "Date": "2020-10-03T00:00:00Z"}, {"Country": "Croatia", "CountryCode": "", "Province": "", "City": "", "CityCode": "", "Lat": "0", "Lon": "0", "Confirmed": 17659, "Deaths": 298, "Recovered": 15849, "Active": 1512, "Date": "2020-10-04T00:00:00Z"}, {"Country": "Croatia", "CountryCode": "", "Province": "", "City": "", "CityCode": "", "Lat": "0", "Lon": "0", "Confirmed": 17797, "Deaths": 300, "Recovered": 16031, "Active": 1466, "Date": "2020-10-05T00:00:00Z"}, {"Country": "Croatia", "CountryCode": "", "Province": "", "City": "", "CityCode": "", "Lat": "0", "Lon": "0", "Confirmed": 18084, "Deaths": 304, "Recovered": 16192, "Active": 1588, "Date": "2020-10-06T00:00:00Z"}, {"Country": "Croatia", "CountryCode": "", "Province": "", "City": "", "CityCode": "", "Lat": "0", "Lon": "0", "Confirmed": 18447, "Deaths": 309, "Recovered": 16308, "Active": 1830, "Date": "2020-10-07T00:00:00Z"}, {"Country": "Croatia", "CountryCode": "", "Province": "", "City": "", "CityCode": "", "Lat": "0", "Lon": "0", "Confirmed": 18989, "Deaths": 310, "Recovered": 16473, "Active": 2206, "Date": "2020-10-08T00:00:00Z"}, {"Country": "Croatia", "CountryCode": "", "Province": "", "City": "", "CityCode": "", "Lat": "0", "Lon": "0", "Confirmed": 19446, "Deaths": 313, "Recovered": 16695, "Active": 2438, "Date": "2020-10-09T00:00:00Z"}, {"Country": "Croatia", "CountryCode": "", "Province": "", "City": "", "CityCode": "", "Lat": "0", "Lon": "0", "Confirmed": 19932, "Deaths": 317, "Recovered": 16953, "Active": 2662, "Date": "2020-10-10T00:00:00Z"}, {"Country": "Croatia", "CountryCode": "", "Province": "", "City": "", "CityCode": "", "Lat": "0", "Lon": "0", "Confirmed": 20440, "Deaths": 324, "Recovered": 17298, "Active": 2818, "Date": "2020-10-11T00:00:00Z"}, {"Country": "Croatia", "CountryCode": "", "Province": "", "City": "", "CityCode": "", "Lat": "0", "Lon": "0", "Confirmed": 20621, "Deaths": 327, "Recovered": 17582, "Active": 2712, "Date": "2020-10-12T00:00:00Z"}, {"Country": "Croatia", "CountryCode": "", "Province": "", "City": "", "CityCode": "", "Lat": "0", "Lon": "0", "Confirmed": 20993, "Deaths": 330, "Recovered": 17889, "Active": 2774, "Date": "2020-10-13T00:00:00Z"}, {"Country": "Croatia", "CountryCode": "", "Province": "", "City": "", "CityCode": "", "Lat": "0", "Lon": "0", "Confirmed": 21741, "Deaths": 334, "Recovered": 18197, "Active": 3210, "Date": "2020-10-14T00:00:00Z"}, {"Country": "Croatia", "CountryCode": "", "Province": "", "City": "", "CityCode": "", "Lat": "0", "Lon": "0", "Confirmed": 22534, "Deaths": 344, "Recovered": 18628, "Active": 3562, "Date": "2020-10-15T00:00:00Z"}, {"Country": "Croatia", "CountryCode": "", "Province": "", "City": "", "CityCode": "", "Lat": "0", "Lon": "0", "Confirmed": 23665, "Deaths": 345, "Recovered": 19087, "Active": 4233, "Date": "2020-10-16T00:00:00Z"}, {"Country": "Croatia", "CountryCode": "", "Province": "", "City": "", "CityCode": "", "Lat": "0", "Lon": "0", "Confirmed": 24761, "Deaths": 355, "Recovered": 19562, "Active": 4844, "Date": "2020-10-17T00:00:00Z"}, {"Country": "Croatia", "CountryCode": "", "Province": "", "City": "", "CityCode": "", "Lat": "0", "Lon": "0", "Confirmed": 25580, "Deaths": 363, "Recovered": 20053, "Active": 5164, "Date": "2020-10-18T00:00:00Z"}, {"Country": "Croatia", "CountryCode": "", "Province": "", "City": "", "CityCode": "", "Lat": "0", "Lon": "0", "Confirmed": 25973, "Deaths": 374, "Recovered": 20529, "Active": 5070, "Date": "2020-10-19T00:00:00Z"}, {"Country": "Croatia", "CountryCode": "", "Province": "", "City": "", "CityCode": "", "Lat": "0", "Lon": "0", "Confirmed": 26863, "Deaths": 382, "Recovered": 20962, "Active": 5519, "Date": "2020-10-20T00:00:00Z"}, {"Country": "Croatia", "CountryCode": "", "Province": "", "City": "", "CityCode": "", "Lat": "0", "Lon": "0", "Confirmed": 28287, "Deaths": 393, "Recovered": 21435, "Active": 6459, "Date": "2020-10-21T00:00:00Z"}, {"Country": "Croatia", "CountryCode": "", "Province": "", "City": "", "CityCode": "", "Lat": "0", "Lon": "0", "Confirmed": 29850, "Deaths": 406, "Recovered": 22064, "Active": 7380, "Date": "2020-10-22T00:00:00Z"}, {"Country": "Croatia", "CountryCode": "", "Province": "", "City": "", "CityCode": "", "Lat": "0", "Lon": "0", "Confirmed": 31717, "Deaths": 413, "Recovered": 22910, "Active": 8394, "Date": "2020-10-23T00:00:00Z"}, {"Country": "Croatia", "CountryCode": "", "Province": "", "City": "", "CityCode": "", "Lat": "0", "Lon": "0", "Confirmed": 33959, "Deaths": 429, "Recovered": 23785, "Active": 9745, "Date": "2020-10-24T00:00:00Z"}, {"Country": "Croatia", "CountryCode": "", "Province": "", "City": "", "CityCode": "", "Lat": "0", "Lon": "0", "Confirmed": 36380, "Deaths": 437, "Recovered": 24799, "Active": 11144, "Date": "2020-10-25T00:00:00Z"}, {"Country": "Croatia", "CountryCode": "", "Province": "", "City": "", "CityCode": "", "Lat": "0", "Lon": "0", "Confirmed": 37208, "Deaths": 452, "Recovered": 25837, "Active": 10919, "Date": "2020-10-26T00:00:00Z"}, {"Country": "Croatia", "CountryCode": "", "Province": "", "City": "", "CityCode": "", "Lat": "0", "Lon": "0", "Confirmed": 38621, "Deaths": 470, "Recovered": 26840, "Active": 11311, "Date": "2020-10-27T00:00:00Z"}, {"Country": "Croatia", "CountryCode": "", "Province": "", "City": "", "CityCode": "", "Lat": "0", "Lon": "0", "Confirmed": 40999, "Deaths": 493, "Recovered": 27770, "Active": 12736, "Date": "2020-10-28T00:00:00Z"}, {"Country": "Croatia", "CountryCode": "", "Province": "", "City": "", "CityCode": "", "Lat": "0", "Lon": "0", "Confirmed": 43775, "Deaths": 511, "Recovered": 29233, "Active": 14031, "Date": "2020-10-29T00:00:00Z"}, {"Country": "Croatia", "CountryCode": "", "Province": "", "City": "", "CityCode": "", "Lat": "0", "Lon": "0", "Confirmed": 46547, "Deaths": 531, "Recovered": 30910, "Active": 15106, "Date": "2020-10-30T00:00:00Z"}, {"Country": "Croatia", "CountryCode": "", "Province": "", "City": "", "CityCode": "", "Lat": "0", "Lon": "0", "Confirmed": 49316, "Deaths": 546, "Recovered": 32818, "Active": 15952, "Date": "2020-10-31T00:00:00Z"}, {"Country": "Croatia", "CountryCode": "", "Province": "", "City": "", "CityCode": "", "Lat": "0", "Lon": "0", "Confirmed": 51495, "Deaths": 562, "Recovered": 35039, "Active": 15894, "Date": "2020-11-01T00:00:00Z"}, {"Country": "Croatia", "CountryCode": "", "Province": "", "City": "", "CityCode": "", "Lat": "0", "Lon": "0", "Confirmed": 52660, "Deaths": 594, "Recovered": 37332, "Active": 14734, "Date": "2020-11-02T00:00:00Z"}, {"Country": "Croatia", "CountryCode": "", "Province": "", "City": "", "CityCode": "", "Lat": "0", "Lon": "0", "Confirmed": 54087, "Deaths": 628, "Recovered": 39380, "Active": 14079, "Date": "2020-11-03T00:00:00Z"}, {"Country": "Croatia", "CountryCode": "", "Province": "", "City": "", "CityCode": "", "Lat": "0", "Lon": "0", "Confirmed": 56567, "Deaths": 654, "Recovered": 41070, "Active": 14843, "Date": "2020-11-04T00:00:00Z"}, {"Country": "Croatia", "CountryCode": "", "Province": "", "City": "", "CityCode": "", "Lat": "0", "Lon": "0", "Confirmed": 59415, "Deaths": 683, "Recovered": 43376, "Active": 15356, "Date": "2020-11-05T00:00:00Z"}, {"Country": "Croatia", "CountryCode": "", "Province": "", "City": "", "CityCode": "", "Lat": "0", "Lon": "0", "Confirmed": 62305, "Deaths": 717, "Recovered": 46021, "Active": 15567, "Date": "2020-11-06T00:00:00Z"}, {"Country": "Croatia", "CountryCode": "", "Province": "", "City": "", "CityCode": "", "Lat": "0", "Lon": "0", "Confirmed": 64704, "Deaths": 752, "Recovered": 48410, "Active": 15542, "Date": "2020-11-07T00:00:00Z"}, {"Country": "Croatia", "CountryCode": "", "Province": "", "City": "", "CityCode": "", "Lat": "0", "Lon": "0", "Confirmed": 67247, "Deaths": 794, "Recovered": 50775, "Active": 15678, "Date": "2020-11-08T00:00:00Z"}, {"Country": "Croatia", "CountryCode": "", "Province": "", "City": "", "CityCode": "", "Lat": "0", "Lon": "0", "Confirmed": 68776, "Deaths": 832, "Recovered": 53002, "Active": 14942, "Date": "2020-11-09T00:00:00Z"}, {"Country": "Croatia", "CountryCode": "", "Province": "", "City": "", "CityCode": "", "Lat": "0", "Lon": "0", "Confirmed": 70243, "Deaths": 865, "Recovered": 54854, "Active": 14524, "Date": "2020-11-10T00:00:00Z"}, {"Country": "Croatia", "CountryCode": "", "Province": "", "City": "", "CityCode": "", "Lat": "0", "Lon": "0", "Confirmed": 72840, "Deaths": 893, "Recovered": 56434, "Active": 15513, "Date": "2020-11-11T00:00:00Z"}, {"Country": "Croatia", "CountryCode": "", "Province": "", "City": "", "CityCode": "", "Lat": "0", "Lon": "0", "Confirmed": 75922, "Deaths": 925, "Recovered": 58649, "Active": 16348, "Date": "2020-11-12T00:00:00Z"}, {"Country": "Croatia", "CountryCode": "", "Province": "", "City": "", "CityCode": "", "Lat": "0", "Lon": "0", "Confirmed": 78978, "Deaths": 968, "Recovered": 61264, "Active": 16746, "Date": "2020-11-13T00:00:00Z"}, {"Country": "Croatia", "CountryCode": "", "Province": "", "City": "", "CityCode": "", "Lat": "0", "Lon": "0", "Confirmed": 81844, "Deaths": 1006, "Recovered": 63748, "Active": 17090, "Date": "2020-11-14T00:00:00Z"}, {"Country": "Croatia", "CountryCode": "", "Province": "", "City": "", "CityCode": "", "Lat": "0", "Lon": "0", "Confirmed": 84206, "Deaths": 1049, "Recovered": 66231, "Active": 16926, "Date": "2020-11-15T00:00:00Z"}, {"Country": "Croatia", "CountryCode": "", "Province": "", "City": "", "CityCode": "", "Lat": "0", "Lon": "0", "Confirmed": 85519, "Deaths": 1082, "Recovered": 68738, "Active": 15699, "Date": "2020-11-16T00:00:00Z"}, {"Country": "Croatia", "CountryCode": "", "Province": "", "City": "", "CityCode": "", "Lat": "0", "Lon": "0", "Confirmed": 87464, "Deaths": 1113, "Recovered": 70980, "Active": 15371, "Date": "2020-11-17T00:00:00Z"}, {"Country": "Croatia", "CountryCode": "", "Province": "", "City": "", "CityCode": "", "Lat": "0", "Lon": "0", "Confirmed": 90715, "Deaths": 1151, "Recovered": 72673, "Active": 16891, "Date": "2020-11-18T00:00:00Z"}, {"Country": "Croatia", "CountryCode": "", "Province": "", "City": "", "CityCode": "", "Lat": "0", "Lon": "0", "Confirmed": 93879, "Deaths": 1200, "Recovered": 74865, "Active": 17814, "Date": "2020-11-19T00:00:00Z"}, {"Country": "Croatia", "CountryCode": "", "Province": "", "City": "", "CityCode": "", "Lat": "0", "Lon": "0", "Confirmed": 96837, "Deaths": 1257, "Recovered": 77387, "Active": 18193, "Date": "2020-11-20T00:00:00Z"}, {"Country": "Croatia", "CountryCode": "", "Province": "", "City": "", "CityCode": "", "Lat": "0", "Lon": "0", "Confirmed": 100410, "Deaths": 1304, "Recovered": 80027, "Active": 19079, "Date": "2020-11-21T00:00:00Z"}, {"Country": "Croatia", "CountryCode": "", "Province": "", "City": "", "CityCode": "", "Lat": "0", "Lon": "0", "Confirmed": 103718, "Deaths": 1353, "Recovered": 82380, "Active": 19985, "Date": "2020-11-22T00:00:00Z"}, {"Country": "Croatia", "CountryCode": "", "Province": "", "City": "", "CityCode": "", "Lat": "0", "Lon": "0", "Confirmed": 105691, "Deaths": 1398, "Recovered": 85018, "Active": 19275, "Date": "2020-11-23T00:00:00Z"}, {"Country": "Croatia", "CountryCode": "", "Province": "", "City": "", "CityCode": "", "Lat": "0", "Lon": "0", "Confirmed": 108014, "Deaths": 1445, "Recovered": 87408, "Active": 19161, "Date": "2020-11-24T00:00:00Z"}, {"Country": "Croatia", "CountryCode": "", "Province": "", "City": "", "CityCode": "", "Lat": "0", "Lon": "0", "Confirmed": 111617, "Deaths": 1501, "Recovered": 89425, "Active": 20691, "Date": "2020-11-25T00:00:00Z"}, {"Country": "Croatia", "CountryCode": "", "Province": "", "City": "", "CityCode": "", "Lat": "0", "Lon": "0", "Confirmed": 115626, "Deaths": 1552, "Recovered": 92349, "Active": 21725, "Date": "2020-11-26T00:00:00Z"}, {"Country": "Croatia", "CountryCode": "", "Province": "", "City": "", "CityCode": "", "Lat": "0", "Lon": "0", "Confirmed": 119706, "Deaths": 1600, "Recovered": 95698, "Active": 22408, "Date": "2020-11-27T00:00:00Z"}, {"Country": "Croatia", "CountryCode": "", "Province": "", "City": "", "CityCode": "", "Lat": "0", "Lon": "0", "Confirmed": 123693, "Deaths": 1655, "Recovered": 98465, "Active": 23573, "Date": "2020-11-28T00:00:00Z"}, {"Country": "Croatia", "CountryCode": "", "Province": "", "City": "", "CityCode": "", "Lat": "0", "Lon": "0", "Confirmed": 126612, "Deaths": 1712, "Recovered": 101838, "Active": 23062, "Date": "2020-11-29T00:00:00Z"}, {"Country": "Croatia", "CountryCode": "", "Province": "", "City": "", "CityCode": "", "Lat": "0", "Lon": "0", "Confirmed": 128442, "Deaths": 1786, "Recovered": 105199, "Active": 21457, "Date": "2020-11-30T00:00:00Z"}, {"Country": "Croatia", "CountryCode": "", "Province": "", "City": "", "CityCode": "", "Lat": "0", "Lon": "0", "Confirmed": 131342, "Deaths": 1861, "Recovered": 108231, "Active": 21250, "Date": "2020-12-01T00:00:00Z"}, {"Country": "Croatia", "CountryCode": "", "Province": "", "City": "", "CityCode": "", "Lat": "0", "Lon": "0", "Confirmed": 134881, "Deaths": 1916, "Recovered": 110355, "Active": 22610, "Date": "2020-12-02T00:00:00Z"}, {"Country": "Croatia", "CountryCode": "", "Province": "", "City": "", "CityCode": "", "Lat": "0", "Lon": "0", "Confirmed": 139415, "Deaths": 1964, "Recovered": 113509, "Active": 23942, "Date": "2020-12-03T00:00:00Z"}, {"Country": "Croatia", "CountryCode": "", "Province": "", "City": "", "CityCode": "", "Lat": "0", "Lon": "0", "Confirmed": 143370, "Deaths": 2032, "Recovered": 117148, "Active": 24190, "Date": "2020-12-04T00:00:00Z"}, {"Country": "Croatia", "CountryCode": "", "Province": "", "City": "", "CityCode": "", "Lat": "0", "Lon": "0", "Confirmed": 147454, "Deaths": 2102, "Recovered": 120857, "Active": 24495, "Date": "2020-12-05T00:00:00Z"}, {"Country": "Croatia", "CountryCode": "", "Province": "", "City": "", "CityCode": "", "Lat": "0", "Lon": "0", "Confirmed": 150353, "Deaths": 2174, "Recovered": 124439, "Active": 23740, "Date": "2020-12-06T00:00:00Z"}, {"Country": "Croatia", "CountryCode": "", "Province": "", "City": "", "CityCode": "", "Lat": "0", "Lon": "0", "Confirmed": 152239, "Deaths": 2233, "Recovered": 127882, "Active": 22124, "Date": "2020-12-07T00:00:00Z"}, {"Country": "Croatia", "CountryCode": "", "Province": "", "City": "", "CityCode": "", "Lat": "0", "Lon": "0", "Confirmed": 154852, "Deaths": 2298, "Recovered": 130869, "Active": 21685, "Date": "2020-12-08T00:00:00Z"}, {"Country": "Croatia", "CountryCode": "", "Province": "", "City": "", "CityCode": "", "Lat": "0", "Lon": "0", "Confirmed": 159372, "Deaths": 2367, "Recovered": 133255, "Active": 23750, "Date": "2020-12-09T00:00:00Z"}, {"Country": "Croatia", "CountryCode": "", "Province": "", "City": "", "CityCode": "", "Lat": "0", "Lon": "0", "Confirmed": 163992, "Deaths": 2420, "Recovered": 136721, "Active": 24851, "Date": "2020-12-10T00:00:00Z"}, {"Country": "Croatia", "CountryCode": "", "Province": "", "City": "", "CityCode": "", "Lat": "0", "Lon": "0", "Confirmed": 168388, "Deaths": 2484, "Recovered": 140898, "Active": 25006, "Date": "2020-12-11T00:00:00Z"}, {"Country": "Croatia", "CountryCode": "", "Province": "", "City": "", "CityCode": "", "Lat": "0", "Lon": "0", "Confirmed": 172523, "Deaths": 2562, "Recovered": 144691, "Active": 25270, "Date": "2020-12-12T00:00:00Z"}, {"Country": "Croatia", "CountryCode": "", "Province": "", "City": "", "CityCode": "", "Lat": "0", "Lon": "0", "Confirmed": 175886, "Deaths": 2640, "Recovered": 148211, "Active": 25035, "Date": "2020-12-13T00:00:00Z"}, {"Country": "Croatia", "CountryCode": "", "Province": "", "City": "", "CityCode": "", "Lat": "0", "Lon": "0", "Confirmed": 177358, "Deaths": 2705, "Recovered": 151884, "Active": 22769, "Date": "2020-12-14T00:00:00Z"}, {"Country": "Croatia", "CountryCode": "", "Province": "", "City": "", "CityCode": "", "Lat": "0", "Lon": "0", "Confirmed": 179718, "Deaths": 2778, "Recovered": 155079, "Active": 21861, "Date": "2020-12-15T00:00:00Z"}, {"Country": "Croatia", "CountryCode": "", "Province": "", "City": "", "CityCode": "", "Lat": "0", "Lon": "0", "Confirmed": 183045, "Deaths": 2870, "Recovered": 157773, "Active": 22402, "Date": "2020-12-16T00:00:00Z"}, {"Country": "Croatia", "CountryCode": "", "Province": "", "City": "", "CityCode": "", "Lat": "0", "Lon": "0", "Confirmed": 186963, "Deaths": 2955, "Recovered": 161563, "Active": 22445, "Date": "2020-12-17T00:00:00Z"}, {"Country": "Croatia", "CountryCode": "", "Province": "", "City": "", "CityCode": "", "Lat": "0", "Lon": "0", "Confirmed": 190235, "Deaths": 3023, "Recovered": 165915, "Active": 21297, "Date": "2020-12-18T00:00:00Z"}, {"Country": "Croatia", "CountryCode": "", "Province": "", "City": "", "CityCode": "", "Lat": "0", "Lon": "0", "Confirmed": 192987, "Deaths": 3101, "Recovered": 169768, "Active": 20118, "Date": "2020-12-19T00:00:00Z"}, {"Country": "Croatia", "CountryCode": "", "Province": "", "City": "", "CityCode": "", "Lat": "0", "Lon": "0", "Confirmed": 194962, "Deaths": 3177, "Recovered": 173158, "Active": 18627, "Date": "2020-12-20T00:00:00Z"}, {"Country": "Croatia", "CountryCode": "", "Province": "", "City": "", "CityCode": "", "Lat": "0", "Lon": "0", "Confirmed": 195728, "Deaths": 3257, "Recovered": 176366, "Active": 16105, "Date": "2020-12-21T00:00:00Z"}, {"Country": "Croatia", "CountryCode": "", "Province": "", "City": "", "CityCode": "", "Lat": "0", "Lon": "0", "Confirmed": 197323, "Deaths": 3328, "Recovered": 178880, "Active": 15115, "Date": "2020-12-22T00:00:00Z"}, {"Country": "Croatia", "CountryCode": "", "Province": "", "City": "", "CityCode": "", "Lat": "0", "Lon": "0", "Confirmed": 200086, "Deaths": 3394, "Recovered": 180735, "Active": 15957, "Date": "2020-12-23T00:00:00Z"}, {"Country": "Croatia", "CountryCode": "", "Province": "", "City": "", "CityCode": "", "Lat": "0", "Lon": "0", "Confirmed": 202319, "Deaths": 3464, "Recovered": 183532, "Active": 15323, "Date": "2020-12-24T00:00:00Z"}, {"Country": "Croatia", "CountryCode": "", "Province": "", "City": "", "CityCode": "", "Lat": "0", "Lon": "0", "Confirmed": 203962, "Deaths": 3548, "Recovered": 186553, "Active": 13861, "Date": "2020-12-25T00:00:00Z"}, {"Country": "Croatia", "CountryCode": "", "Province": "", "City": "", "CityCode": "", "Lat": "0", "Lon": "0", "Confirmed": 204312, "Deaths": 3613, "Recovered": 189055, "Active": 11644, "Date": "2020-12-26T00:00:00Z"}, {"Country": "Croatia", "CountryCode": "", "Province": "", "City": "", "CityCode": "", "Lat": "0", "Lon": "0", "Confirmed": 204930, "Deaths": 3671, "Recovered": 191226, "Active": 10033, "Date": "2020-12-27T00:00:00Z"}, {"Country": "Croatia", "CountryCode": "", "Province": "", "City": "", "CityCode": "", "Lat": "0", "Lon": "0", "Confirmed": 205246, "Deaths": 3739, "Recovered": 193471, "Active": 8036, "Date": "2020-12-28T00:00:00Z"}, {"Country": "Croatia", "CountryCode": "", "Province": "", "City": "", "CityCode": "", "Lat": "0", "Lon": "0", "Confirmed": 206596, "Deaths": 3795, "Recovered": 195128, "Active": 7673, "Date": "2020-12-29T00:00:00Z"}, {"Country": "Croatia", "CountryCode": "", "Province": "", "City": "", "CityCode": "", "Lat": "0", "Lon": "0", "Confirmed": 208446, "Deaths": 3860, "Recovered": 196285, "Active": 8301, "Date": "2020-12-30T00:00:00Z"}, {"Country": "Croatia", "CountryCode": "", "Province": "", "City": "", "CityCode": "", "Lat": "0", "Lon": "0", "Confirmed": 210837, "Deaths": 3920, "Recovered": 198018, "Active": 8899, "Date": "2020-12-31T00:00:00Z"}, {"Country": "Croatia", "CountryCode": "", "Province": "", "City": "", "CityCode": "", "Lat": "0", "Lon": "0", "Confirmed": 212007, "Deaths": 3961, "Recovered": 199820, "Active": 8226, "Date": "2021-01-01T00:00:00Z"}, {"Country": "Croatia", "CountryCode": "", "Province": "", "City": "", "CityCode": "", "Lat": "0", "Lon": "0", "Confirmed": 212262, "Deaths": 4016, "Recovered": 201300, "Active": 6946, "Date": "2021-01-02T00:00:00Z"}, {"Country": "Croatia", "CountryCode": "", "Province": "", "City": "", "CityCode": "", "Lat": "0", "Lon": "0", "Confirmed": 212958, "Deaths": 4072, "Recovered": 202442, "Active": 6444, "Date": "2021-01-03T00:00:00Z"}, {"Country": "Croatia", "CountryCode": "", "Province": "", "City": "", "CityCode": "", "Lat": "0", "Lon": "0", "Confirmed": 213319, "Deaths": 4126, "Recovered": 203294, "Active": 5899, "Date": "2021-01-04T00:00:00Z"}, {"Country": "Croatia", "CountryCode": "", "Province": "", "City": "", "CityCode": "", "Lat": "0", "Lon": "0", "Confirmed": 214390, "Deaths": 4179, "Recovered": 204303, "Active": 5908, "Date": "2021-01-05T00:00:00Z"}, {"Country": "Croatia", "CountryCode": "", "Province": "", "City": "", "CityCode": "", "Lat": "0", "Lon": "0", "Confirmed": 216286, "Deaths": 4223, "Recovered": 205078, "Active": 6985, "Date": "2021-01-06T00:00:00Z"}, {"Country": "Croatia", "CountryCode": "", "Province": "", "City": "", "CityCode": "", "Lat": "0", "Lon": "0", "Confirmed": 216848, "Deaths": 4266, "Recovered": 206310, "Active": 6272, "Date": "2021-01-07T00:00:00Z"}, {"Country": "Croatia", "CountryCode": "", "Province": "", "City": "", "CityCode": "", "Lat": "0", "Lon": "0", "Confirmed": 217946, "Deaths": 4304, "Recovered": 207848, "Active": 5794, "Date": "2021-01-08T00:00:00Z"}, {"Country": "Croatia", "CountryCode": "", "Province": "", "City": "", "CityCode": "", "Lat": "0", "Lon": "0", "Confirmed": 219347, "Deaths": 4342, "Recovered": 209207, "Active": 5798, "Date": "2021-01-09T00:00:00Z"}, {"Country": "Croatia", "CountryCode": "", "Province": "", "City": "", "CityCode": "", "Lat": "0", "Lon": "0", "Confirmed": 219993, "Deaths": 4368, "Recovered": 210126, "Active": 5499, "Date": "2021-01-10T00:00:00Z"}, {"Country": "Croatia", "CountryCode": "", "Province": "", "City": "", "CityCode": "", "Lat": "0", "Lon": "0", "Confirmed": 220223, "Deaths": 4403, "Recovered": 210844, "Active": 4976, "Date": "2021-01-11T00:00:00Z"}, {"Country": "Croatia", "CountryCode": "", "Province": "", "City": "", "CityCode": "", "Lat": "0", "Lon": "0", "Confirmed": 220982, "Deaths": 4446, "Recovered": 211633, "Active": 4903, "Date": "2021-01-12T00:00:00Z"}, {"Country": "Croatia", "CountryCode": "", "Province": "", "City": "", "CityCode": "", "Lat": "0", "Lon": "0", "Confirmed": 222117, "Deaths": 4472, "Recovered": 212345, "Active": 5300, "Date": "2021-01-13T00:00:00Z"}, {"Country": "Croatia", "CountryCode": "", "Province": "", "City": "", "CityCode": "", "Lat": "0", "Lon": "0", "Confirmed": 223097, "Deaths": 4517, "Recovered": 213370, "Active": 5210, "Date": "2021-01-14T00:00:00Z"}, {"Country": "Croatia", "CountryCode": "", "Province": "", "City": "", "CityCode": "", "Lat": "0", "Lon": "0", "Confirmed": 223812, "Deaths": 4550, "Recovered": 214609, "Active": 4653, "Date": "2021-01-15T00:00:00Z"}, {"Country": "Croatia", "CountryCode": "", "Province": "", "City": "", "CityCode": "", "Lat": "0", "Lon": "0", "Confirmed": 224575, "Deaths": 4588, "Recovered": 215276, "Active": 4711, "Date": "2021-01-16T00:00:00Z"}, {"Country": "Croatia", "CountryCode": "", "Province": "", "City": "", "CityCode": "", "Lat": "0", "Lon": "0", "Confirmed": 224954, "Deaths": 4616, "Recovered": 216280, "Active": 4058, "Date": "2021-01-17T00:00:00Z"}, {"Country": "Croatia", "CountryCode": "", "Province": "", "City": "", "CityCode": "", "Lat": "0", "Lon": "0", "Confirmed": 225128, "Deaths": 4655, "Recovered": 217197, "Active": 3276, "Date": "2021-01-18T00:00:00Z"}, {"Country": "Croatia", "CountryCode": "", "Province": "", "City": "", "CityCode": "", "Lat": "0", "Lon": "0", "Confirmed": 225648, "Deaths": 4684, "Recovered": 217880, "Active": 3084, "Date": "2021-01-19T00:00:00Z"}, {"Country": "Croatia", "CountryCode": "", "Province": "", "City": "", "CityCode": "", "Lat": "0", "Lon": "0", "Confirmed": 226550, "Deaths": 4711, "Recovered": 218358, "Active": 3481, "Date": "2021-01-20T00:00:00Z"}, {"Country": "Croatia", "CountryCode": "", "Province": "", "City": "", "CityCode": "", "Lat": "0", "Lon": "0", "Confirmed": 227326, "Deaths": 4738, "Recovered": 219082, "Active": 3506, "Date": "2021-01-21T00:00:00Z"}, {"Country": "Croatia", "CountryCode": "", "Province": "", "City": "", "CityCode": "", "Lat": "0", "Lon": "0", "Confirmed": 227969, "Deaths": 4770, "Recovered": 219878, "Active": 3321, "Date": "2021-01-22T00:00:00Z"}, {"Country": "Croatia", "CountryCode": "", "Province": "", "City": "", "CityCode": "", "Lat": "0", "Lon": "0", "Confirmed": 228568, "Deaths": 4799, "Recovered": 220537, "Active": 3232, "Date": "2021-01-23T00:00:00Z"}, {"Country": "Croatia", "CountryCode": "", "Province": "", "City": "", "CityCode": "", "Lat": "0", "Lon": "0", "Confirmed": 228920, "Deaths": 4827, "Recovered": 221097, "Active": 2996, "Date": "2021-01-24T00:00:00Z"}, {"Country": "Croatia", "CountryCode": "", "Province": "", "City": "", "CityCode": "", "Lat": "0", "Lon": "0", "Confirmed": 229054, "Deaths": 4859, "Recovered": 221676, "Active": 2519, "Date": "2021-01-25T00:00:00Z"}, {"Country": "Croatia", "CountryCode": "", "Province": "", "City": "", "CityCode": "", "Lat": "0", "Lon": "0", "Confirmed": 229502, "Deaths": 4882, "Recovered": 222110, "Active": 2510, "Date": "2021-01-26T00:00:00Z"}, {"Country": "Croatia", "CountryCode": "", "Province": "", "City": "", "CityCode": "", "Lat": "0", "Lon": "0", "Confirmed": 230359, "Deaths": 4913, "Recovered": 222396, "Active": 3050, "Date": "2021-01-27T00:00:00Z"}, {"Country": "Croatia", "CountryCode": "", "Province": "", "City": "", "CityCode": "", "Lat": "0", "Lon": "0", "Confirmed": 230978, "Deaths": 4943, "Recovered": 222862, "Active": 3173, "Date": "2021-01-28T00:00:00Z"}, {"Country": "Croatia", "CountryCode": "", "Province": "", "City": "", "CityCode": "", "Lat": "0", "Lon": "0", "Confirmed": 231539, "Deaths": 4972, "Recovered": 223450, "Active": 3117, "Date": "2021-01-29T00:00:00Z"}, {"Country": "Croatia", "CountryCode": "", "Province": "", "City": "", "CityCode": "", "Lat": "0", "Lon": "0", "Confirmed": 232090, "Deaths": 4998, "Recovered": 224017, "Active": 3075, "Date": "2021-01-30T00:00:00Z"}, {"Country": "Croatia", "CountryCode": "", "Province": "", "City": "", "CityCode": "", "Lat": "0", "Lon": "0", "Confirmed": 232426, "Deaths": 5027, "Recovered": 224476, "Active": 2923, "Date": "2021-01-31T00:00:00Z"}, {"Country": "Croatia", "CountryCode": "", "Province": "", "City": "", "CityCode": "", "Lat": "0", "Lon": "0", "Confirmed": 232520, "Deaths": 5054, "Recovered": 224915, "Active": 2551, "Date": "2021-02-01T00:00:00Z"}, {"Country": "Croatia", "CountryCode": "", "Province": "", "City": "", "CityCode": "", "Lat": "0", "Lon": "0", "Confirmed": 232907, "Deaths": 5071, "Recovered": 225300, "Active": 2536, "Date": "2021-02-02T00:00:00Z"}, {"Country": "Croatia", "CountryCode": "", "Province": "", "City": "", "CityCode": "", "Lat": "0", "Lon": "0", "Confirmed": 233637, "Deaths": 5088, "Recovered": 225623, "Active": 2926, "Date": "2021-02-03T00:00:00Z"}, {"Country": "Croatia", "CountryCode": "", "Province": "", "City": "", "CityCode": "", "Lat": "0", "Lon": "0", "Confirmed": 234153, "Deaths": 5106, "Recovered": 226073, "Active": 2974, "Date": "2021-02-04T00:00:00Z"}, {"Country": "Croatia", "CountryCode": "", "Province": "", "City": "", "CityCode": "", "Lat": "0", "Lon": "0", "Confirmed": 234702, "Deaths": 5122, "Recovered": 226625, "Active": 2955, "Date": "2021-02-05T00:00:00Z"}, {"Country": "Croatia", "CountryCode": "", "Province": "", "City": "", "CityCode": "", "Lat": "0", "Lon": "0", "Confirmed": 235126, "Deaths": 5144, "Recovered": 227078, "Active": 2904, "Date": "2021-02-06T00:00:00Z"}, {"Country": "Croatia", "CountryCode": "", "Province": "", "City": "", "CityCode": "", "Lat": "0", "Lon": "0", "Confirmed": 235402, "Deaths": 5169, "Recovered": 227485, "Active": 2748, "Date": "2021-02-07T00:00:00Z"}, {"Country": "Croatia", "CountryCode": "", "Province": "", "City": "", "CityCode": "", "Lat": "0", "Lon": "0", "Confirmed": 235473, "Deaths": 5198, "Recovered": 227868, "Active": 2407, "Date": "2021-02-08T00:00:00Z"}, {"Country": "Croatia", "CountryCode": "", "Province": "", "City": "", "CityCode": "", "Lat": "0", "Lon": "0", "Confirmed": 235756, "Deaths": 5224, "Recovered": 228203, "Active": 2329, "Date": "2021-02-09T00:00:00Z"}, {"Country": "Croatia", "CountryCode": "", "Province": "", "City": "", "CityCode": "", "Lat": "0", "Lon": "0", "Confirmed": 236333, "Deaths": 5238, "Recovered": 228499, "Active": 2596, "Date": "2021-02-10T00:00:00Z"}, {"Country": "Croatia", "CountryCode": "", "Province": "", "City": "", "CityCode": "", "Lat": "0", "Lon": "0", "Confirmed": 236709, "Deaths": 5263, "Recovered": 228896, "Active": 2550, "Date": "2021-02-11T00:00:00Z"}, {"Country": "Croatia", "CountryCode": "", "Province": "", "City": "", "CityCode": "", "Lat": "0", "Lon": "0", "Confirmed": 237080, "Deaths": 5282, "Recovered": 229327, "Active": 2471, "Date": "2021-02-12T00:00:00Z"}, {"Country": "Croatia", "CountryCode": "", "Province": "", "City": "", "CityCode": "", "Lat": "0", "Lon": "0", "Confirmed": 237459, "Deaths": 5299, "Recovered": 229709, "Active": 2451, "Date": "2021-02-13T00:00:00Z"}, {"Country": "Croatia", "CountryCode": "", "Province": "", "City": "", "CityCode": "", "Lat": "0", "Lon": "0", "Confirmed": 237657, "Deaths": 5318, "Recovered": 230041, "Active": 2298, "Date": "2021-02-14T00:00:00Z"}, {"Country": "Croatia", "CountryCode": "", "Province": "", "City": "", "CityCode": "", "Lat": "0", "Lon": "0", "Confirmed": 237725, "Deaths": 5339, "Recovered": 230384, "Active": 2002, "Date": "2021-02-15T00:00:00Z"}, {"Country": "Croatia", "CountryCode": "", "Province": "", "City": "", "CityCode": "", "Lat": "0", "Lon": "0", "Confirmed": 237999, "Deaths": 5357, "Recovered": 230683, "Active": 1959, "Date": "2021-02-16T00:00:00Z"}, {"Country": "Croatia", "CountryCode": "", "Province": "", "City": "", "CityCode": "", "Lat": "0", "Lon": "0", "Confirmed": 238501, "Deaths": 5375, "Recovered": 230907, "Active": 2219, "Date": "2021-02-17T00:00:00Z"}, {"Country": "Croatia", "CountryCode": "", "Province": "", "City": "", "CityCode": "", "Lat": "0", "Lon": "0", "Confirmed": 238866, "Deaths": 5399, "Recovered": 231176, "Active": 2291, "Date": "2021-02-18T00:00:00Z"}, {"Country": "Croatia", "CountryCode": "", "Province": "", "City": "", "CityCode": "", "Lat": "0", "Lon": "0", "Confirmed": 239254, "Deaths": 5407, "Recovered": 231534, "Active": 2313, "Date": "2021-02-19T00:00:00Z"}, {"Country": "Croatia", "CountryCode": "", "Province": "", "City": "", "CityCode": "", "Lat": "0", "Lon": "0", "Confirmed": 239685, "Deaths": 5420, "Recovered": 231844, "Active": 2421, "Date": "2021-02-20T00:00:00Z"}, {"Country": "Croatia", "CountryCode": "", "Province": "", "City": "", "CityCode": "", "Lat": "0", "Lon": "0", "Confirmed": 239945, "Deaths": 5429, "Recovered": 232145, "Active": 2371, "Date": "2021-02-21T00:00:00Z"}, {"Country": "Croatia", "CountryCode": "", "Province": "", "City": "", "CityCode": "", "Lat": "0", "Lon": "0", "Confirmed": 240017, "Deaths": 5449, "Recovered": 232457, "Active": 2111, "Date": "2021-02-22T00:00:00Z"}, {"Country": "Croatia", "CountryCode": "", "Province": "", "City": "", "CityCode": "", "Lat": "0", "Lon": "0", "Confirmed": 240360, "Deaths": 5462, "Recovered": 232697, "Active": 2201, "Date": "2021-02-23T00:00:00Z"}, {"Country": "Croatia", "CountryCode": "", "Province": "", "City": "", "CityCode": "", "Lat": "0", "Lon": "0", "Confirmed": 241048, "Deaths": 5477, "Recovered": 232892, "Active": 2679, "Date": "2021-02-24T00:00:00Z"}, {"Country": "Croatia", "CountryCode": "", "Province": "", "City": "", "CityCode": "", "Lat": "0", "Lon": "0", "Confirmed": 241592, "Deaths": 5489, "Recovered": 233170, "Active": 2933, "Date": "2021-02-25T00:00:00Z"}, {"Country": "Croatia", "CountryCode": "", "Province": "", "City": "", "CityCode": "", "Lat": "0", "Lon": "0", "Confirmed": 242097, "Deaths": 5503, "Recovered": 233548, "Active": 3046, "Date": "2021-02-26T00:00:00Z"}, {"Country": "Croatia", "CountryCode": "", "Province": "", "City": "", "CityCode": "", "Lat": "0", "Lon": "0", "Confirmed": 242617, "Deaths": 5511, "Recovered": 233890, "Active": 3216, "Date": "2021-02-27T00:00:00Z"}, {"Country": "Croatia", "CountryCode": "", "Province": "", "City": "", "CityCode": "", "Lat": "0", "Lon": "0", "Confirmed": 242973, "Deaths": 5526, "Recovered": 234234, "Active": 3213, "Date": "2021-02-28T00:00:00Z"}, {"Country": "Croatia", "CountryCode": "", "Province": "", "City": "", "CityCode": "", "Lat": "0", "Lon": "0", "Confirmed": 243064, "Deaths": 5537, "Recovered": 234635, "Active": 2892, "Date": "2021-03-01T00:00:00Z"}, {"Country": "Croatia", "CountryCode": "", "Province": "", "City": "", "CityCode": "", "Lat": "0", "Lon": "0", "Confirmed": 243458, "Deaths": 5548, "Recovered": 235017, "Active": 2893, "Date": "2021-03-02T00:00:00Z"}, {"Country": "Croatia", "CountryCode": "", "Province": "", "City": "", "CityCode": "", "Lat": "0", "Lon": "0", "Confirmed": 244205, "Deaths": 5555, "Recovered": 235328, "Active": 3322, "Date": "2021-03-03T00:00:00Z"}, {"Country": "Croatia", "CountryCode": "", "Province": "", "City": "", "CityCode": "", "Lat": "0", "Lon": "0", "Confirmed": 244872, "Deaths": 5564, "Recovered": 235750, "Active": 3558, "Date": "2021-03-04T00:00:00Z"}, {"Country": "Croatia", "CountryCode": "", "Province": "", "City": "", "CityCode": "", "Lat": "0", "Lon": "0", "Confirmed": 245462, "Deaths": 5570, "Recovered": 236283, "Active": 3609, "Date": "2021-03-05T00:00:00Z"}, {"Country": "Croatia", "CountryCode": "", "Province": "", "City": "", "CityCode": "", "Lat": "0", "Lon": "0", "Confirmed": 246120, "Deaths": 5585, "Recovered": 236765, "Active": 3770, "Date": "2021-03-06T00:00:00Z"}, {"Country": "Croatia", "CountryCode": "", "Province": "", "City": "", "CityCode": "", "Lat": "0", "Lon": "0", "Confirmed": 246514, "Deaths": 5590, "Recovered": 237181, "Active": 240924, "Date": "2021-03-07T00:00:00Z"}, {"Country": "Croatia", "CountryCode": "", "Province": "", "City": "", "CityCode": "", "Lat": "0", "Lon": "0", "Confirmed": 246608, "Deaths": 5609, "Recovered": 237645, "Active": 3354, "Date": "2021-03-08T00:00:00Z"}, {"Country": "Croatia", "CountryCode": "", "Province": "", "City": "", "CityCode": "", "Lat": "0", "Lon": "0", "Confirmed": 247099, "Deaths": 5621, "Recovered": 238121, "Active": 3357, "Date": "2021-03-09T00:00:00Z"}, {"Country": "Croatia", "CountryCode": "", "Province": "", "City": "", "CityCode": "", "Lat": "0", "Lon": "0", "Confirmed": 248061, "Deaths": 5625, "Recovered": 238455, "Active": 3981, "Date": "2021-03-10T00:00:00Z"}, {"Country": "Croatia", "CountryCode": "", "Province": "", "City": "", "CityCode": "", "Lat": "0", "Lon": "0", "Confirmed": 248838, "Deaths": 5635, "Recovered": 238914, "Active": 4289, "Date": "2021-03-11T00:00:00Z"}, {"Country": "Croatia", "CountryCode": "", "Province": "", "City": "", "CityCode": "", "Lat": "0", "Lon": "0", "Confirmed": 249661, "Deaths": 5647, "Recovered": 239492, "Active": 4522, "Date": "2021-03-12T00:00:00Z"}, {"Country": "Croatia", "CountryCode": "", "Province": "", "City": "", "CityCode": "", "Lat": "0", "Lon": "0", "Confirmed": 250484, "Deaths": 5670, "Recovered": 240022, "Active": 4792, "Date": "2021-03-13T00:00:00Z"}]