[{"Country": "Cyprus", "CountryCode": "", "Province": "", "City": "", "CityCode": "", "Lat": "0", "Lon": "0", "Confirmed": 2, "Deaths": 0, "Recovered": 0, "Active": 2, "Date": "2020-03-09T00:00:00Z"}, {"Country": "Cyprus", "CountryCode": "", "Province": "", "City": "", "CityCode": "", "Lat": "0", "Lon": "0", "Confirmed": 3, "Deaths": 0, "Recovered": 0, "Active": 3, "Date": "2020-03-10T00:00:00Z"}, {"Country": "Cyprus", "CountryCode": "", "Province": "", "City": "", "CityCode": "", "Lat": "0", "Lon": "0", "Confirmed": 6, "Deaths": 0, "Recovered": 0, "Active": 6, "Date": "2020-03-11T00:00:00Z"}, {"Country": "Cyprus", "CountryCode": "", "Province": "", "City": "", "CityCode": "", "Lat": "0", "Lon": "0", "Confirmed": 6, "Deaths": 0, "Recovered": 0, "Active": 6, "Date": "2020-03-12T00:00:00Z"}, {"Country": "Cyprus", "CountryCode": "", "Province": "", "City": "", "CityCode": "", "Lat": "0", "Lon": "0", "Confirmed": 14, "Deaths": 0, "Recovered": 0, "Active": 14, "Date": "2020-03-13T00:00:00Z"}, {"Country": "Cyprus", "CountryCode": "", "Province": "", "City": "", "CityCode": "", "Lat": "0", "Lon": "0", "Confirmed": 26, "Deaths": 0, "Recovered": 0, "Active": 26, "Date": "2020-03-14T00:00:00Z"}, {"Country": "Cyprus", "CountryCode": "", "Province": "", "City": "", "CityCode": "", "Lat": "0", "Lon": "0", "Confirmed": 26, "Deaths": 0, "Recovered": 0, "Active": 26, "Date": "2020-03-15T00:00:00Z"}, {"Country": "Cyprus", "CountryCode": "", "Province": "", "City": "", "CityCode": "", "Lat": "0", "Lon": "0", "Confirmed": 33, "Deaths": 0, "Recovered": 0, "Active": 33, "Date": "2020-03-16T00:00:00Z"}, {"Country": "Cyprus", "CountryCode": "", "Province": "", "City": "", "CityCode": "", "Lat": "0", "Lon": "0", "Confirmed": 46, "Deaths": 0, "Recovered": 0, "Active": 46, "Date": "2020-03-17T00:00:00Z"}, {"Country": "Cyprus", "CountryCode": "", "Province": "", "City": "", "CityCode": "", "Lat": "0", "Lon": "0", "Confirmed": 49, "Deaths": 0, "Recovered": 0, "Active": 49, "Date": "2020-03-18T00:00:00Z"}, {"Country": "Cyprus", "CountryCode": "", "Province": "", "City": "", "CityCode": "", "Lat": "0", "Lon": "0", "Confirmed": 67, "Deaths": 0, "Recovered": 0, "Active": 67, "Date": "2020-03-19T00:00:00Z"}, {"Country": "Cyprus", "CountryCode": "", "Province": "", "City": "", "CityCode": "", "Lat": "0", "Lon": "0", "Confirmed": 67, "Deaths": 0, "Recovered": 0, "Active": 67, "Date": "2020-03-20T00:00:00Z"}, {"Country": "Cyprus", "CountryCode": "", "Province": "", "City": "", "CityCode": "", "Lat": "0", "Lon": "0", "Confirmed": 84, "Deaths": 0, "Recovered": 0, "Active": 84, "Date": "2020-03-21T00:00:00Z"}, {"Country": "Cyprus", "CountryCode": "", "Province": "", "City": "", "CityCode": "", "Lat": "0", "Lon": "0", "Confirmed": 95, "Deaths": 1, "Recovered": 3, "Active": 91, "Date": "2020-03-22T00:00:00Z"}, {"Country": "Cyprus", "CountryCode": "", "Province": "", "City": "", "CityCode": "", "Lat": "0", "Lon": "0", "Confirmed": 116, "Deaths": 1, "Recovered": 3, "Active": 112, "Date": "2020-03-23T00:00:00Z"}, {"Country": "Cyprus", "CountryCode": "", "Province": "", "City": "", "CityCode": "", "Lat": "0", "Lon": "0", "Confirmed": 124, "Deaths": 3, "Recovered": 3, "Active": 118, "Date": "2020-03-24T00:00:00Z"}, {"Country": "Cyprus", "CountryCode": "", "Province": "", "City": "", "CityCode": "", "Lat": "0", "Lon": "0", "Confirmed": 132, "Deaths": 3, "Recovered": 3, "Active": 126, "Date": "2020-03-25T00:00:00Z"}, {"Country": "Cyprus", "CountryCode": "", "Province": "", "City": "", "CityCode": "", "Lat": "0", "Lon": "0", "Confirmed": 146, "Deaths": 3, "Recovered": 4, "Active": 139, "Date": "2020-03-26T00:00:00Z"}, {"Country": "Cyprus", "CountryCode": "", "Province": "", "City": "", "CityCode": "", "Lat": "0", "Lon": "0", "Confirmed": 162, "Deaths": 5, "Recovered": 15, "Active": 142, "Date": "2020-03-27T00:00:00Z"}, {"Country": "Cyprus", "CountryCode": "", "Province": "", "City": "", "CityCode": "", "Lat": "0", "Lon": "0", "Confirmed": 179, "Deaths": 5, "Recovered": 15, "Active": 159, "Date": "2020-03-28T00:00:00Z"}, {"Country": "Cyprus", "CountryCode": "", "Province": "", "City": "", "CityCode": "", "Lat": "0", "Lon": "0", "Confirmed": 214, "Deaths": 5, "Recovered": 15, "Active": 194, "Date": "2020-03-29T00:00:00Z"}, {"Country": "Cyprus", "CountryCode": "", "Province": "", "City": "", "CityCode": "", "Lat": "0", "Lon": "0", "Confirmed": 230, "Deaths": 7, "Recovered": 22, "Active": 201, "Date": "2020-03-30T00:00:00Z"}, {"Country": "Cyprus", "CountryCode": "", "Province": "", "City": "", "CityCode": "", "Lat": "0", "Lon": "0", "Confirmed": 262, "Deaths": 8, "Recovered": 23, "Active": 231, "Date": "2020-03-31T00:00:00Z"}, {"Country": "Cyprus", "CountryCode": "", "Province": "", "City": "", "CityCode": "", "Lat": "0", "Lon": "0", "Confirmed": 320, "Deaths": 9, "Recovered": 28, "Active": 283, "Date": "2020-04-01T00:00:00Z"}, {"Country": "Cyprus", "CountryCode": "", "Province": "", "City": "", "CityCode": "", "Lat": "0", "Lon": "0", "Confirmed": 356, "Deaths": 10, "Recovered": 28, "Active": 318, "Date": "2020-04-02T00:00:00Z"}, {"Country": "Cyprus", "CountryCode": "", "Province": "", "City": "", "CityCode": "", "Lat": "0", "Lon": "0", "Confirmed": 396, "Deaths": 11, "Recovered": 28, "Active": 357, "Date": "2020-04-03T00:00:00Z"}, {"Country": "Cyprus", "CountryCode": "", "Province": "", "City": "", "CityCode": "", "Lat": "0", "Lon": "0", "Confirmed": 426, "Deaths": 11, "Recovered": 33, "Active": 382, "Date": "2020-04-04T00:00:00Z"}, {"Country": "Cyprus", "CountryCode": "", "Province": "", "City": "", "CityCode": "", "Lat": "0", "Lon": "0", "Confirmed": 446, "Deaths": 9, "Recovered": 37, "Active": 400, "Date": "2020-04-05T00:00:00Z"}, {"Country": "Cyprus", "CountryCode": "", "Province": "", "City": "", "CityCode": "", "Lat": "0", "Lon": "0", "Confirmed": 465, "Deaths": 9, "Recovered": 45, "Active": 411, "Date": "2020-04-06T00:00:00Z"}, {"Country": "Cyprus", "CountryCode": "", "Province": "", "City": "", "CityCode": "", "Lat": "0", "Lon": "0", "Confirmed": 494, "Deaths": 9, "Recovered": 47, "Active": 438, "Date": "2020-04-07T00:00:00Z"}, {"Country": "Cyprus", "CountryCode": "", "Province": "", "City": "", "CityCode": "", "Lat": "0", "Lon": "0", "Confirmed": 526, "Deaths": 9, "Recovered": 52, "Active": 465, "Date": "2020-04-08T00:00:00Z"}, {"Country": "Cyprus", "CountryCode": "", "Province": "", "City": "", "CityCode": "", "Lat": "0", "Lon": "0", "Confirmed": 564, "Deaths": 10, "Recovered": 53, "Active": 501, "Date": "2020-04-09T00:00:00Z"}, {"Country": "Cyprus", "CountryCode": "", "Province": "", "City": "", "CityCode": "", "Lat": "0", "Lon": "0", "Confirmed": 595, "Deaths": 10, "Recovered": 58, "Active": 527, "Date": "2020-04-10T00:00:00Z"}, {"Country": "Cyprus", "CountryCode": "", "Province": "", "City": "", "CityCode": "", "Lat": "0", "Lon": "0", "Confirmed": 616, "Deaths": 10, "Recovered": 61, "Active": 545, "Date": "2020-04-11T00:00:00Z"}, {"Country": "Cyprus", "CountryCode": "", "Province": "", "City": "", "CityCode": "", "Lat": "0", "Lon": "0", "Confirmed": 633, "Deaths": 11, "Recovered": 65, "Active": 557, "Date": "2020-04-12T00:00:00Z"}, {"Country": "Cyprus", "CountryCode": "", "Province": "", "City": "", "CityCode": "", "Lat": "0", "Lon": "0", "Confirmed": 662, "Deaths": 12, "Recovered": 65, "Active": 585, "Date": "2020-04-13T00:00:00Z"}, {"Country": "Cyprus", "CountryCode": "", "Province": "", "City": "", "CityCode": "", "Lat": "0", "Lon": "0", "Confirmed": 695, "Deaths": 12, "Recovered": 65, "Active": 618, "Date": "2020-04-14T00:00:00Z"}, {"Country": "Cyprus", "CountryCode": "", "Province": "", "City": "", "CityCode": "", "Lat": "0", "Lon": "0", "Confirmed": 715, "Deaths": 12, "Recovered": 65, "Active": 638, "Date": "2020-04-15T00:00:00Z"}, {"Country": "Cyprus", "CountryCode": "", "Province": "", "City": "", "CityCode": "", "Lat": "0", "Lon": "0", "Confirmed": 735, "Deaths": 12, "Recovered": 77, "Active": 646, "Date": "2020-04-16T00:00:00Z"}, {"Country": "Cyprus", "CountryCode": "", "Province": "", "City": "", "CityCode": "", "Lat": "0", "Lon": "0", "Confirmed": 750, "Deaths": 12, "Recovered": 77, "Active": 661, "Date": "2020-04-17T00:00:00Z"}, {"Country": "Cyprus", "CountryCode": "", "Province": "", "City": "", "CityCode": "", "Lat": "0", "Lon": "0", "Confirmed": 761, "Deaths": 12, "Recovered": 79, "Active": 670, "Date": "2020-04-18T00:00:00Z"}, {"Country": "Cyprus", "CountryCode": "", "Province": "", "City": "", "CityCode": "", "Lat": "0", "Lon": "0", "Confirmed": 767, "Deaths": 12, "Recovered": 81, "Active": 674, "Date": "2020-04-19T00:00:00Z"}, {"Country": "Cyprus", "CountryCode": "", "Province": "", "City": "", "CityCode": "", "Lat": "0", "Lon": "0", "Confirmed": 772, "Deaths": 12, "Recovered": 81, "Active": 679, "Date": "2020-04-20T00:00:00Z"}, {"Country": "Cyprus", "CountryCode": "", "Province": "", "City": "", "CityCode": "", "Lat": "0", "Lon": "0", "Confirmed": 784, "Deaths": 12, "Recovered": 98, "Active": 674, "Date": "2020-04-21T00:00:00Z"}, {"Country": "Cyprus", "CountryCode": "", "Province": "", "City": "", "CityCode": "", "Lat": "0", "Lon": "0", "Confirmed": 790, "Deaths": 13, "Recovered": 98, "Active": 679, "Date": "2020-04-22T00:00:00Z"}, {"Country": "Cyprus", "CountryCode": "", "Province": "", "City": "", "CityCode": "", "Lat": "0", "Lon": "0", "Confirmed": 795, "Deaths": 13, "Recovered": 98, "Active": 684, "Date": "2020-04-23T00:00:00Z"}, {"Country": "Cyprus", "CountryCode": "", "Province": "", "City": "", "CityCode": "", "Lat": "0", "Lon": "0", "Confirmed": 804, "Deaths": 14, "Recovered": 98, "Active": 692, "Date": "2020-04-24T00:00:00Z"}, {"Country": "Cyprus", "CountryCode": "", "Province": "", "City": "", "CityCode": "", "Lat": "0", "Lon": "0", "Confirmed": 810, "Deaths": 14, "Recovered": 148, "Active": 648, "Date": "2020-04-25T00:00:00Z"}, {"Country": "Cyprus", "CountryCode": "", "Province": "", "City": "", "CityCode": "", "Lat": "0", "Lon": "0", "Confirmed": 817, "Deaths": 14, "Recovered": 148, "Active": 655, "Date": "2020-04-26T00:00:00Z"}, {"Country": "Cyprus", "CountryCode": "", "Province": "", "City": "", "CityCode": "", "Lat": "0", "Lon": "0", "Confirmed": 822, "Deaths": 15, "Recovered": 148, "Active": 659, "Date": "2020-04-27T00:00:00Z"}, {"Country": "Cyprus", "CountryCode": "", "Province": "", "City": "", "CityCode": "", "Lat": "0", "Lon": "0", "Confirmed": 837, "Deaths": 15, "Recovered": 148, "Active": 674, "Date": "2020-04-28T00:00:00Z"}, {"Country": "Cyprus", "CountryCode": "", "Province": "", "City": "", "CityCode": "", "Lat": "0", "Lon": "0", "Confirmed": 843, "Deaths": 15, "Recovered": 148, "Active": 680, "Date": "2020-04-29T00:00:00Z"}, {"Country": "Cyprus", "CountryCode": "", "Province": "", "City": "", "CityCode": "", "Lat": "0", "Lon": "0", "Confirmed": 850, "Deaths": 15, "Recovered": 296, "Active": 539, "Date": "2020-04-30T00:00:00Z"}, {"Country": "Cyprus", "CountryCode": "", "Province": "", "City": "", "CityCode": "", "Lat": "0", "Lon": "0", "Confirmed": 857, "Deaths": 15, "Recovered": 296, "Active": 546, "Date": "2020-05-01T00:00:00Z"}, {"Country": "Cyprus", "CountryCode": "", "Province": "", "City": "", "CityCode": "", "Lat": "0", "Lon": "0", "Confirmed": 864, "Deaths": 15, "Recovered": 296, "Active": 553, "Date": "2020-05-02T00:00:00Z"}, {"Country": "Cyprus", "CountryCode": "", "Province": "", "City": "", "CityCode": "", "Lat": "0", "Lon": "0", "Confirmed": 872, "Deaths": 15, "Recovered": 296, "Active": 561, "Date": "2020-05-03T00:00:00Z"}, {"Country": "Cyprus", "CountryCode": "", "Province": "", "City": "", "CityCode": "", "Lat": "0", "Lon": "0", "Confirmed": 874, "Deaths": 15, "Recovered": 296, "Active": 563, "Date": "2020-05-04T00:00:00Z"}, {"Country": "Cyprus", "CountryCode": "", "Province": "", "City": "", "CityCode": "", "Lat": "0", "Lon": "0", "Confirmed": 878, "Deaths": 15, "Recovered": 296, "Active": 567, "Date": "2020-05-05T00:00:00Z"}, {"Country": "Cyprus", "CountryCode": "", "Province": "", "City": "", "CityCode": "", "Lat": "0", "Lon": "0", "Confirmed": 883, "Deaths": 15, "Recovered": 296, "Active": 572, "Date": "2020-05-06T00:00:00Z"}, {"Country": "Cyprus", "CountryCode": "", "Province": "", "City": "", "CityCode": "", "Lat": "0", "Lon": "0", "Confirmed": 889, "Deaths": 15, "Recovered": 400, "Active": 474, "Date": "2020-05-07T00:00:00Z"}, {"Country": "Cyprus", "CountryCode": "", "Province": "", "City": "", "CityCode": "", "Lat": "0", "Lon": "0", "Confirmed": 891, "Deaths": 15, "Recovered": 400, "Active": 476, "Date": "2020-05-08T00:00:00Z"}, {"Country": "Cyprus", "CountryCode": "", "Province": "", "City": "", "CityCode": "", "Lat": "0", "Lon": "0", "Confirmed": 892, "Deaths": 15, "Recovered": 401, "Active": 476, "Date": "2020-05-09T00:00:00Z"}, {"Country": "Cyprus", "CountryCode": "", "Province": "", "City": "", "CityCode": "", "Lat": "0", "Lon": "0", "Confirmed": 898, "Deaths": 16, "Recovered": 401, "Active": 481, "Date": "2020-05-10T00:00:00Z"}, {"Country": "Cyprus", "CountryCode": "", "Province": "", "City": "", "CityCode": "", "Lat": "0", "Lon": "0", "Confirmed": 901, "Deaths": 16, "Recovered": 401, "Active": 484, "Date": "2020-05-11T00:00:00Z"}, {"Country": "Cyprus", "CountryCode": "", "Province": "", "City": "", "CityCode": "", "Lat": "0", "Lon": "0", "Confirmed": 903, "Deaths": 16, "Recovered": 449, "Active": 438, "Date": "2020-05-12T00:00:00Z"}, {"Country": "Cyprus", "CountryCode": "", "Province": "", "City": "", "CityCode": "", "Lat": "0", "Lon": "0", "Confirmed": 905, "Deaths": 17, "Recovered": 449, "Active": 439, "Date": "2020-05-13T00:00:00Z"}, {"Country": "Cyprus", "CountryCode": "", "Province": "", "City": "", "CityCode": "", "Lat": "0", "Lon": "0", "Confirmed": 907, "Deaths": 17, "Recovered": 481, "Active": 409, "Date": "2020-05-14T00:00:00Z"}, {"Country": "Cyprus", "CountryCode": "", "Province": "", "City": "", "CityCode": "", "Lat": "0", "Lon": "0", "Confirmed": 910, "Deaths": 17, "Recovered": 481, "Active": 412, "Date": "2020-05-15T00:00:00Z"}, {"Country": "Cyprus", "CountryCode": "", "Province": "", "City": "", "CityCode": "", "Lat": "0", "Lon": "0", "Confirmed": 914, "Deaths": 17, "Recovered": 515, "Active": 382, "Date": "2020-05-16T00:00:00Z"}, {"Country": "Cyprus", "CountryCode": "", "Province": "", "City": "", "CityCode": "", "Lat": "0", "Lon": "0", "Confirmed": 916, "Deaths": 17, "Recovered": 515, "Active": 384, "Date": "2020-05-17T00:00:00Z"}, {"Country": "Cyprus", "CountryCode": "", "Province": "", "City": "", "CityCode": "", "Lat": "0", "Lon": "0", "Confirmed": 917, "Deaths": 17, "Recovered": 515, "Active": 385, "Date": "2020-05-18T00:00:00Z"}, {"Country": "Cyprus", "CountryCode": "", "Province": "", "City": "", "CityCode": "", "Lat": "0", "Lon": "0", "Confirmed": 918, "Deaths": 17, "Recovered": 515, "Active": 386, "Date": "2020-05-19T00:00:00Z"}, {"Country": "Cyprus", "CountryCode": "", "Province": "", "City": "", "CityCode": "", "Lat": "0", "Lon": "0", "Confirmed": 922, "Deaths": 17, "Recovered": 516, "Active": 389, "Date": "2020-05-20T00:00:00Z"}, {"Country": "Cyprus", "CountryCode": "", "Province": "", "City": "", "CityCode": "", "Lat": "0", "Lon": "0", "Confirmed": 923, "Deaths": 17, "Recovered": 561, "Active": 345, "Date": "2020-05-21T00:00:00Z"}, {"Country": "Cyprus", "CountryCode": "", "Province": "", "City": "", "CityCode": "", "Lat": "0", "Lon": "0", "Confirmed": 927, "Deaths": 17, "Recovered": 561, "Active": 349, "Date": "2020-05-22T00:00:00Z"}, {"Country": "Cyprus", "CountryCode": "", "Province": "", "City": "", "CityCode": "", "Lat": "0", "Lon": "0", "Confirmed": 927, "Deaths": 17, "Recovered": 594, "Active": 316, "Date": "2020-05-23T00:00:00Z"}, {"Country": "Cyprus", "CountryCode": "", "Province": "", "City": "", "CityCode": "", "Lat": "0", "Lon": "0", "Confirmed": 935, "Deaths": 17, "Recovered": 594, "Active": 324, "Date": "2020-05-24T00:00:00Z"}, {"Country": "Cyprus", "CountryCode": "", "Province": "", "City": "", "CityCode": "", "Lat": "0", "Lon": "0", "Confirmed": 937, "Deaths": 17, "Recovered": 594, "Active": 326, "Date": "2020-05-25T00:00:00Z"}, {"Country": "Cyprus", "CountryCode": "", "Province": "", "City": "", "CityCode": "", "Lat": "0", "Lon": "0", "Confirmed": 939, "Deaths": 17, "Recovered": 594, "Active": 328, "Date": "2020-05-26T00:00:00Z"}, {"Country": "Cyprus", "CountryCode": "", "Province": "", "City": "", "CityCode": "", "Lat": "0", "Lon": "0", "Confirmed": 939, "Deaths": 17, "Recovered": 594, "Active": 328, "Date": "2020-05-27T00:00:00Z"}, {"Country": "Cyprus", "CountryCode": "", "Province": "", "City": "", "CityCode": "", "Lat": "0", "Lon": "0", "Confirmed": 941, "Deaths": 17, "Recovered": 784, "Active": 140, "Date": "2020-05-28T00:00:00Z"}, {"Country": "Cyprus", "CountryCode": "", "Province": "", "City": "", "CityCode": "", "Lat": "0", "Lon": "0", "Confirmed": 942, "Deaths": 17, "Recovered": 784, "Active": 141, "Date": "2020-05-29T00:00:00Z"}, {"Country": "Cyprus", "CountryCode": "", "Province": "", "City": "", "CityCode": "", "Lat": "0", "Lon": "0", "Confirmed": 944, "Deaths": 17, "Recovered": 790, "Active": 137, "Date": "2020-05-30T00:00:00Z"}, {"Country": "Cyprus", "CountryCode": "", "Province": "", "City": "", "CityCode": "", "Lat": "0", "Lon": "0", "Confirmed": 944, "Deaths": 17, "Recovered": 790, "Active": 137, "Date": "2020-05-31T00:00:00Z"}, {"Country": "Cyprus", "CountryCode": "", "Province": "", "City": "", "CityCode": "", "Lat": "0", "Lon": "0", "Confirmed": 949, "Deaths": 17, "Recovered": 790, "Active": 142, "Date": "2020-06-01T00:00:00Z"}, {"Country": "Cyprus", "CountryCode": "", "Province": "", "City": "", "CityCode": "", "Lat": "0", "Lon": "0", "Confirmed": 952, "Deaths": 17, "Recovered": 790, "Active": 145, "Date": "2020-06-02T00:00:00Z"}, {"Country": "Cyprus", "CountryCode": "", "Province": "", "City": "", "CityCode": "", "Lat": "0", "Lon": "0", "Confirmed": 958, "Deaths": 17, "Recovered": 790, "Active": 151, "Date": "2020-06-03T00:00:00Z"}, {"Country": "Cyprus", "CountryCode": "", "Province": "", "City": "", "CityCode": "", "Lat": "0", "Lon": "0", "Confirmed": 958, "Deaths": 17, "Recovered": 790, "Active": 151, "Date": "2020-06-04T00:00:00Z"}, {"Country": "Cyprus", "CountryCode": "", "Province": "", "City": "", "CityCode": "", "Lat": "0", "Lon": "0", "Confirmed": 960, "Deaths": 17, "Recovered": 807, "Active": 136, "Date": "2020-06-05T00:00:00Z"}, {"Country": "Cyprus", "CountryCode": "", "Province": "", "City": "", "CityCode": "", "Lat": "0", "Lon": "0", "Confirmed": 960, "Deaths": 18, "Recovered": 807, "Active": 135, "Date": "2020-06-06T00:00:00Z"}, {"Country": "Cyprus", "CountryCode": "", "Province": "", "City": "", "CityCode": "", "Lat": "0", "Lon": "0", "Confirmed": 964, "Deaths": 18, "Recovered": 807, "Active": 139, "Date": "2020-06-07T00:00:00Z"}, {"Country": "Cyprus", "CountryCode": "", "Province": "", "City": "", "CityCode": "", "Lat": "0", "Lon": "0", "Confirmed": 970, "Deaths": 18, "Recovered": 807, "Active": 145, "Date": "2020-06-08T00:00:00Z"}, {"Country": "Cyprus", "CountryCode": "", "Province": "", "City": "", "CityCode": "", "Lat": "0", "Lon": "0", "Confirmed": 972, "Deaths": 18, "Recovered": 807, "Active": 147, "Date": "2020-06-09T00:00:00Z"}, {"Country": "Cyprus", "CountryCode": "", "Province": "", "City": "", "CityCode": "", "Lat": "0", "Lon": "0", "Confirmed": 974, "Deaths": 18, "Recovered": 807, "Active": 149, "Date": "2020-06-10T00:00:00Z"}, {"Country": "Cyprus", "CountryCode": "", "Province": "", "City": "", "CityCode": "", "Lat": "0", "Lon": "0", "Confirmed": 975, "Deaths": 18, "Recovered": 807, "Active": 150, "Date": "2020-06-11T00:00:00Z"}, {"Country": "Cyprus", "CountryCode": "", "Province": "", "City": "", "CityCode": "", "Lat": "0", "Lon": "0", "Confirmed": 980, "Deaths": 18, "Recovered": 807, "Active": 155, "Date": "2020-06-12T00:00:00Z"}, {"Country": "Cyprus", "CountryCode": "", "Province": "", "City": "", "CityCode": "", "Lat": "0", "Lon": "0", "Confirmed": 980, "Deaths": 18, "Recovered": 807, "Active": 155, "Date": "2020-06-13T00:00:00Z"}, {"Country": "Cyprus", "CountryCode": "", "Province": "", "City": "", "CityCode": "", "Lat": "0", "Lon": "0", "Confirmed": 983, "Deaths": 18, "Recovered": 807, "Active": 158, "Date": "2020-06-14T00:00:00Z"}, {"Country": "Cyprus", "CountryCode": "", "Province": "", "City": "", "CityCode": "", "Lat": "0", "Lon": "0", "Confirmed": 985, "Deaths": 18, "Recovered": 807, "Active": 160, "Date": "2020-06-15T00:00:00Z"}, {"Country": "Cyprus", "CountryCode": "", "Province": "", "City": "", "CityCode": "", "Lat": "0", "Lon": "0", "Confirmed": 985, "Deaths": 18, "Recovered": 816, "Active": 151, "Date": "2020-06-16T00:00:00Z"}, {"Country": "Cyprus", "CountryCode": "", "Province": "", "City": "", "CityCode": "", "Lat": "0", "Lon": "0", "Confirmed": 985, "Deaths": 18, "Recovered": 816, "Active": 151, "Date": "2020-06-17T00:00:00Z"}, {"Country": "Cyprus", "CountryCode": "", "Province": "", "City": "", "CityCode": "", "Lat": "0", "Lon": "0", "Confirmed": 985, "Deaths": 19, "Recovered": 818, "Active": 148, "Date": "2020-06-18T00:00:00Z"}, {"Country": "Cyprus", "CountryCode": "", "Province": "", "City": "", "CityCode": "", "Lat": "0", "Lon": "0", "Confirmed": 985, "Deaths": 19, "Recovered": 818, "Active": 148, "Date": "2020-06-19T00:00:00Z"}, {"Country": "Cyprus", "CountryCode": "", "Province": "", "City": "", "CityCode": "", "Lat": "0", "Lon": "0", "Confirmed": 985, "Deaths": 19, "Recovered": 824, "Active": 142, "Date": "2020-06-20T00:00:00Z"}, {"Country": "Cyprus", "CountryCode": "", "Province": "", "City": "", "CityCode": "", "Lat": "0", "Lon": "0", "Confirmed": 986, "Deaths": 19, "Recovered": 824, "Active": 143, "Date": "2020-06-21T00:00:00Z"}, {"Country": "Cyprus", "CountryCode": "", "Province": "", "City": "", "CityCode": "", "Lat": "0", "Lon": "0", "Confirmed": 988, "Deaths": 19, "Recovered": 824, "Active": 145, "Date": "2020-06-22T00:00:00Z"}, {"Country": "Cyprus", "CountryCode": "", "Province": "", "City": "", "CityCode": "", "Lat": "0", "Lon": "0", "Confirmed": 990, "Deaths": 19, "Recovered": 824, "Active": 147, "Date": "2020-06-23T00:00:00Z"}, {"Country": "Cyprus", "CountryCode": "", "Province": "", "City": "", "CityCode": "", "Lat": "0", "Lon": "0", "Confirmed": 991, "Deaths": 19, "Recovered": 824, "Active": 148, "Date": "2020-06-24T00:00:00Z"}, {"Country": "Cyprus", "CountryCode": "", "Province": "", "City": "", "CityCode": "", "Lat": "0", "Lon": "0", "Confirmed": 992, "Deaths": 19, "Recovered": 824, "Active": 149, "Date": "2020-06-25T00:00:00Z"}, {"Country": "Cyprus", "CountryCode": "", "Province": "", "City": "", "CityCode": "", "Lat": "0", "Lon": "0", "Confirmed": 992, "Deaths": 19, "Recovered": 824, "Active": 149, "Date": "2020-06-26T00:00:00Z"}, {"Country": "Cyprus", "CountryCode": "", "Province": "", "City": "", "CityCode": "", "Lat": "0", "Lon": "0", "Confirmed": 994, "Deaths": 19, "Recovered": 824, "Active": 151, "Date": "2020-06-27T00:00:00Z"}, {"Country": "Cyprus", "CountryCode": "", "Province": "", "City": "", "CityCode": "", "Lat": "0", "Lon": "0", "Confirmed": 994, "Deaths": 19, "Recovered": 833, "Active": 142, "Date": "2020-06-28T00:00:00Z"}, {"Country": "Cyprus", "CountryCode": "", "Province": "", "City": "", "CityCode": "", "Lat": "0", "Lon": "0", "Confirmed": 996, "Deaths": 19, "Recovered": 833, "Active": 144, "Date": "2020-06-29T00:00:00Z"}, {"Country": "Cyprus", "CountryCode": "", "Province": "", "City": "", "CityCode": "", "Lat": "0", "Lon": "0", "Confirmed": 998, "Deaths": 19, "Recovered": 833, "Active": 146, "Date": "2020-06-30T00:00:00Z"}, {"Country": "Cyprus", "CountryCode": "", "Province": "", "City": "", "CityCode": "", "Lat": "0", "Lon": "0", "Confirmed": 999, "Deaths": 19, "Recovered": 833, "Active": 147, "Date": "2020-07-01T00:00:00Z"}, {"Country": "Cyprus", "CountryCode": "", "Province": "", "City": "", "CityCode": "", "Lat": "0", "Lon": "0", "Confirmed": 999, "Deaths": 19, "Recovered": 833, "Active": 147, "Date": "2020-07-02T00:00:00Z"}, {"Country": "Cyprus", "CountryCode": "", "Province": "", "City": "", "CityCode": "", "Lat": "0", "Lon": "0", "Confirmed": 999, "Deaths": 19, "Recovered": 839, "Active": 141, "Date": "2020-07-03T00:00:00Z"}, {"Country": "Cyprus", "CountryCode": "", "Province": "", "City": "", "CityCode": "", "Lat": "0", "Lon": "0", "Confirmed": 1002, "Deaths": 19, "Recovered": 839, "Active": 144, "Date": "2020-07-04T00:00:00Z"}, {"Country": "Cyprus", "CountryCode": "", "Province": "", "City": "", "CityCode": "", "Lat": "0", "Lon": "0", "Confirmed": 1003, "Deaths": 19, "Recovered": 839, "Active": 145, "Date": "2020-07-05T00:00:00Z"}, {"Country": "Cyprus", "CountryCode": "", "Province": "", "City": "", "CityCode": "", "Lat": "0", "Lon": "0", "Confirmed": 1004, "Deaths": 19, "Recovered": 839, "Active": 146, "Date": "2020-07-06T00:00:00Z"}, {"Country": "Cyprus", "CountryCode": "", "Province": "", "City": "", "CityCode": "", "Lat": "0", "Lon": "0", "Confirmed": 1005, "Deaths": 19, "Recovered": 839, "Active": 147, "Date": "2020-07-07T00:00:00Z"}, {"Country": "Cyprus", "CountryCode": "", "Province": "", "City": "", "CityCode": "", "Lat": "0", "Lon": "0", "Confirmed": 1008, "Deaths": 19, "Recovered": 839, "Active": 150, "Date": "2020-07-08T00:00:00Z"}, {"Country": "Cyprus", "CountryCode": "", "Province": "", "City": "", "CityCode": "", "Lat": "0", "Lon": "0", "Confirmed": 1010, "Deaths": 19, "Recovered": 839, "Active": 152, "Date": "2020-07-09T00:00:00Z"}, {"Country": "Cyprus", "CountryCode": "", "Province": "", "City": "", "CityCode": "", "Lat": "0", "Lon": "0", "Confirmed": 1013, "Deaths": 19, "Recovered": 839, "Active": 155, "Date": "2020-07-10T00:00:00Z"}, {"Country": "Cyprus", "CountryCode": "", "Province": "", "City": "", "CityCode": "", "Lat": "0", "Lon": "0", "Confirmed": 1014, "Deaths": 19, "Recovered": 839, "Active": 156, "Date": "2020-07-11T00:00:00Z"}, {"Country": "Cyprus", "CountryCode": "", "Province": "", "City": "", "CityCode": "", "Lat": "0", "Lon": "0", "Confirmed": 1021, "Deaths": 19, "Recovered": 839, "Active": 163, "Date": "2020-07-12T00:00:00Z"}, {"Country": "Cyprus", "CountryCode": "", "Province": "", "City": "", "CityCode": "", "Lat": "0", "Lon": "0", "Confirmed": 1022, "Deaths": 19, "Recovered": 839, "Active": 164, "Date": "2020-07-13T00:00:00Z"}, {"Country": "Cyprus", "CountryCode": "", "Province": "", "City": "", "CityCode": "", "Lat": "0", "Lon": "0", "Confirmed": 1023, "Deaths": 19, "Recovered": 839, "Active": 165, "Date": "2020-07-14T00:00:00Z"}, {"Country": "Cyprus", "CountryCode": "", "Province": "", "City": "", "CityCode": "", "Lat": "0", "Lon": "0", "Confirmed": 1025, "Deaths": 19, "Recovered": 839, "Active": 167, "Date": "2020-07-15T00:00:00Z"}, {"Country": "Cyprus", "CountryCode": "", "Province": "", "City": "", "CityCode": "", "Lat": "0", "Lon": "0", "Confirmed": 1031, "Deaths": 19, "Recovered": 845, "Active": 167, "Date": "2020-07-16T00:00:00Z"}, {"Country": "Cyprus", "CountryCode": "", "Province": "", "City": "", "CityCode": "", "Lat": "0", "Lon": "0", "Confirmed": 1033, "Deaths": 19, "Recovered": 845, "Active": 169, "Date": "2020-07-17T00:00:00Z"}, {"Country": "Cyprus", "CountryCode": "", "Province": "", "City": "", "CityCode": "", "Lat": "0", "Lon": "0", "Confirmed": 1037, "Deaths": 19, "Recovered": 845, "Active": 173, "Date": "2020-07-18T00:00:00Z"}, {"Country": "Cyprus", "CountryCode": "", "Province": "", "City": "", "CityCode": "", "Lat": "0", "Lon": "0", "Confirmed": 1038, "Deaths": 19, "Recovered": 845, "Active": 174, "Date": "2020-07-19T00:00:00Z"}, {"Country": "Cyprus", "CountryCode": "", "Province": "", "City": "", "CityCode": "", "Lat": "0", "Lon": "0", "Confirmed": 1038, "Deaths": 19, "Recovered": 847, "Active": 172, "Date": "2020-07-20T00:00:00Z"}, {"Country": "Cyprus", "CountryCode": "", "Province": "", "City": "", "CityCode": "", "Lat": "0", "Lon": "0", "Confirmed": 1040, "Deaths": 19, "Recovered": 847, "Active": 174, "Date": "2020-07-21T00:00:00Z"}, {"Country": "Cyprus", "CountryCode": "", "Province": "", "City": "", "CityCode": "", "Lat": "0", "Lon": "0", "Confirmed": 1040, "Deaths": 19, "Recovered": 847, "Active": 174, "Date": "2020-07-22T00:00:00Z"}, {"Country": "Cyprus", "CountryCode": "", "Province": "", "City": "", "CityCode": "", "Lat": "0", "Lon": "0", "Confirmed": 1045, "Deaths": 19, "Recovered": 847, "Active": 179, "Date": "2020-07-23T00:00:00Z"}, {"Country": "Cyprus", "CountryCode": "", "Province": "", "City": "", "CityCode": "", "Lat": "0", "Lon": "0", "Confirmed": 1047, "Deaths": 19, "Recovered": 847, "Active": 181, "Date": "2020-07-24T00:00:00Z"}, {"Country": "Cyprus", "CountryCode": "", "Province": "", "City": "", "CityCode": "", "Lat": "0", "Lon": "0", "Confirmed": 1053, "Deaths": 19, "Recovered": 852, "Active": 182, "Date": "2020-07-25T00:00:00Z"}, {"Country": "Cyprus", "CountryCode": "", "Province": "", "City": "", "CityCode": "", "Lat": "0", "Lon": "0", "Confirmed": 1057, "Deaths": 19, "Recovered": 852, "Active": 186, "Date": "2020-07-26T00:00:00Z"}, {"Country": "Cyprus", "CountryCode": "", "Province": "", "City": "", "CityCode": "", "Lat": "0", "Lon": "0", "Confirmed": 1060, "Deaths": 19, "Recovered": 852, "Active": 189, "Date": "2020-07-27T00:00:00Z"}, {"Country": "Cyprus", "CountryCode": "", "Province": "", "City": "", "CityCode": "", "Lat": "0", "Lon": "0", "Confirmed": 1067, "Deaths": 19, "Recovered": 852, "Active": 196, "Date": "2020-07-28T00:00:00Z"}, {"Country": "Cyprus", "CountryCode": "", "Province": "", "City": "", "CityCode": "", "Lat": "0", "Lon": "0", "Confirmed": 1080, "Deaths": 19, "Recovered": 852, "Active": 209, "Date": "2020-07-29T00:00:00Z"}, {"Country": "Cyprus", "CountryCode": "", "Province": "", "City": "", "CityCode": "", "Lat": "0", "Lon": "0", "Confirmed": 1090, "Deaths": 19, "Recovered": 852, "Active": 219, "Date": "2020-07-30T00:00:00Z"}, {"Country": "Cyprus", "CountryCode": "", "Province": "", "City": "", "CityCode": "", "Lat": "0", "Lon": "0", "Confirmed": 1114, "Deaths": 19, "Recovered": 852, "Active": 243, "Date": "2020-07-31T00:00:00Z"}, {"Country": "Cyprus", "CountryCode": "", "Province": "", "City": "", "CityCode": "", "Lat": "0", "Lon": "0", "Confirmed": 1124, "Deaths": 19, "Recovered": 852, "Active": 253, "Date": "2020-08-01T00:00:00Z"}, {"Country": "Cyprus", "CountryCode": "", "Province": "", "City": "", "CityCode": "", "Lat": "0", "Lon": "0", "Confirmed": 1150, "Deaths": 19, "Recovered": 856, "Active": 275, "Date": "2020-08-02T00:00:00Z"}, {"Country": "Cyprus", "CountryCode": "", "Province": "", "City": "", "CityCode": "", "Lat": "0", "Lon": "0", "Confirmed": 1155, "Deaths": 19, "Recovered": 856, "Active": 280, "Date": "2020-08-03T00:00:00Z"}, {"Country": "Cyprus", "CountryCode": "", "Province": "", "City": "", "CityCode": "", "Lat": "0", "Lon": "0", "Confirmed": 1180, "Deaths": 19, "Recovered": 856, "Active": 305, "Date": "2020-08-04T00:00:00Z"}, {"Country": "Cyprus", "CountryCode": "", "Province": "", "City": "", "CityCode": "", "Lat": "0", "Lon": "0", "Confirmed": 1195, "Deaths": 19, "Recovered": 856, "Active": 320, "Date": "2020-08-05T00:00:00Z"}, {"Country": "Cyprus", "CountryCode": "", "Province": "", "City": "", "CityCode": "", "Lat": "0", "Lon": "0", "Confirmed": 1208, "Deaths": 19, "Recovered": 856, "Active": 333, "Date": "2020-08-06T00:00:00Z"}, {"Country": "Cyprus", "CountryCode": "", "Province": "", "City": "", "CityCode": "", "Lat": "0", "Lon": "0", "Confirmed": 1222, "Deaths": 19, "Recovered": 856, "Active": 347, "Date": "2020-08-07T00:00:00Z"}, {"Country": "Cyprus", "CountryCode": "", "Province": "", "City": "", "CityCode": "", "Lat": "0", "Lon": "0", "Confirmed": 1233, "Deaths": 19, "Recovered": 856, "Active": 358, "Date": "2020-08-08T00:00:00Z"}, {"Country": "Cyprus", "CountryCode": "", "Province": "", "City": "", "CityCode": "", "Lat": "0", "Lon": "0", "Confirmed": 1242, "Deaths": 19, "Recovered": 870, "Active": 353, "Date": "2020-08-09T00:00:00Z"}, {"Country": "Cyprus", "CountryCode": "", "Province": "", "City": "", "CityCode": "", "Lat": "0", "Lon": "0", "Confirmed": 1252, "Deaths": 19, "Recovered": 870, "Active": 363, "Date": "2020-08-10T00:00:00Z"}, {"Country": "Cyprus", "CountryCode": "", "Province": "", "City": "", "CityCode": "", "Lat": "0", "Lon": "0", "Confirmed": 1277, "Deaths": 20, "Recovered": 870, "Active": 387, "Date": "2020-08-11T00:00:00Z"}, {"Country": "Cyprus", "CountryCode": "", "Province": "", "City": "", "CityCode": "", "Lat": "0", "Lon": "0", "Confirmed": 1291, "Deaths": 20, "Recovered": 870, "Active": 401, "Date": "2020-08-12T00:00:00Z"}, {"Country": "Cyprus", "CountryCode": "", "Province": "", "City": "", "CityCode": "", "Lat": "0", "Lon": "0", "Confirmed": 1305, "Deaths": 20, "Recovered": 870, "Active": 415, "Date": "2020-08-13T00:00:00Z"}, {"Country": "Cyprus", "CountryCode": "", "Province": "", "City": "", "CityCode": "", "Lat": "0", "Lon": "0", "Confirmed": 1318, "Deaths": 20, "Recovered": 870, "Active": 428, "Date": "2020-08-14T00:00:00Z"}, {"Country": "Cyprus", "CountryCode": "", "Province": "", "City": "", "CityCode": "", "Lat": "0", "Lon": "0", "Confirmed": 1332, "Deaths": 20, "Recovered": 870, "Active": 442, "Date": "2020-08-15T00:00:00Z"}, {"Country": "Cyprus", "CountryCode": "", "Province": "", "City": "", "CityCode": "", "Lat": "0", "Lon": "0", "Confirmed": 1339, "Deaths": 20, "Recovered": 870, "Active": 449, "Date": "2020-08-16T00:00:00Z"}, {"Country": "Cyprus", "CountryCode": "", "Province": "", "City": "", "CityCode": "", "Lat": "0", "Lon": "0", "Confirmed": 1351, "Deaths": 20, "Recovered": 870, "Active": 461, "Date": "2020-08-17T00:00:00Z"}, {"Country": "Cyprus", "CountryCode": "", "Province": "", "City": "", "CityCode": "", "Lat": "0", "Lon": "0", "Confirmed": 1359, "Deaths": 20, "Recovered": 878, "Active": 461, "Date": "2020-08-18T00:00:00Z"}, {"Country": "Cyprus", "CountryCode": "", "Province": "", "City": "", "CityCode": "", "Lat": "0", "Lon": "0", "Confirmed": 1385, "Deaths": 20, "Recovered": 878, "Active": 487, "Date": "2020-08-19T00:00:00Z"}, {"Country": "Cyprus", "CountryCode": "", "Province": "", "City": "", "CityCode": "", "Lat": "0", "Lon": "0", "Confirmed": 1395, "Deaths": 20, "Recovered": 878, "Active": 497, "Date": "2020-08-20T00:00:00Z"}, {"Country": "Cyprus", "CountryCode": "", "Province": "", "City": "", "CityCode": "", "Lat": "0", "Lon": "0", "Confirmed": 1406, "Deaths": 20, "Recovered": 878, "Active": 508, "Date": "2020-08-21T00:00:00Z"}, {"Country": "Cyprus", "CountryCode": "", "Province": "", "City": "", "CityCode": "", "Lat": "0", "Lon": "0", "Confirmed": 1417, "Deaths": 20, "Recovered": 878, "Active": 519, "Date": "2020-08-22T00:00:00Z"}, {"Country": "Cyprus", "CountryCode": "", "Province": "", "City": "", "CityCode": "", "Lat": "0", "Lon": "0", "Confirmed": 1421, "Deaths": 20, "Recovered": 878, "Active": 523, "Date": "2020-08-23T00:00:00Z"}, {"Country": "Cyprus", "CountryCode": "", "Province": "", "City": "", "CityCode": "", "Lat": "0", "Lon": "0", "Confirmed": 1451, "Deaths": 20, "Recovered": 878, "Active": 553, "Date": "2020-08-24T00:00:00Z"}, {"Country": "Cyprus", "CountryCode": "", "Province": "", "City": "", "CityCode": "", "Lat": "0", "Lon": "0", "Confirmed": 1474, "Deaths": 20, "Recovered": 935, "Active": 519, "Date": "2020-08-25T00:00:00Z"}, {"Country": "Cyprus", "CountryCode": "", "Province": "", "City": "", "CityCode": "", "Lat": "0", "Lon": "0", "Confirmed": 1484, "Deaths": 20, "Recovered": 935, "Active": 529, "Date": "2020-08-26T00:00:00Z"}, {"Country": "Cyprus", "CountryCode": "", "Province": "", "City": "", "CityCode": "", "Lat": "0", "Lon": "0", "Confirmed": 1467, "Deaths": 20, "Recovered": 935, "Active": 512, "Date": "2020-08-27T00:00:00Z"}, {"Country": "Cyprus", "CountryCode": "", "Province": "", "City": "", "CityCode": "", "Lat": "0", "Lon": "0", "Confirmed": 1481, "Deaths": 20, "Recovered": 935, "Active": 526, "Date": "2020-08-28T00:00:00Z"}, {"Country": "Cyprus", "CountryCode": "", "Province": "", "City": "", "CityCode": "", "Lat": "0", "Lon": "0", "Confirmed": 1483, "Deaths": 20, "Recovered": 935, "Active": 528, "Date": "2020-08-29T00:00:00Z"}, {"Country": "Cyprus", "CountryCode": "", "Province": "", "City": "", "CityCode": "", "Lat": "0", "Lon": "0", "Confirmed": 1487, "Deaths": 20, "Recovered": 935, "Active": 532, "Date": "2020-08-30T00:00:00Z"}, {"Country": "Cyprus", "CountryCode": "", "Province": "", "City": "", "CityCode": "", "Lat": "0", "Lon": "0", "Confirmed": 1488, "Deaths": 20, "Recovered": 1139, "Active": 329, "Date": "2020-08-31T00:00:00Z"}, {"Country": "Cyprus", "CountryCode": "", "Province": "", "City": "", "CityCode": "", "Lat": "0", "Lon": "0", "Confirmed": 1490, "Deaths": 21, "Recovered": 1139, "Active": 330, "Date": "2020-09-01T00:00:00Z"}, {"Country": "Cyprus", "CountryCode": "", "Province": "", "City": "", "CityCode": "", "Lat": "0", "Lon": "0", "Confirmed": 1495, "Deaths": 21, "Recovered": 1139, "Active": 335, "Date": "2020-09-02T00:00:00Z"}, {"Country": "Cyprus", "CountryCode": "", "Province": "", "City": "", "CityCode": "", "Lat": "0", "Lon": "0", "Confirmed": 1498, "Deaths": 21, "Recovered": 1139, "Active": 338, "Date": "2020-09-03T00:00:00Z"}, {"Country": "Cyprus", "CountryCode": "", "Province": "", "City": "", "CityCode": "", "Lat": "0", "Lon": "0", "Confirmed": 1502, "Deaths": 21, "Recovered": 1139, "Active": 342, "Date": "2020-09-04T00:00:00Z"}, {"Country": "Cyprus", "CountryCode": "", "Province": "", "City": "", "CityCode": "", "Lat": "0", "Lon": "0", "Confirmed": 1507, "Deaths": 21, "Recovered": 1237, "Active": 249, "Date": "2020-09-05T00:00:00Z"}, {"Country": "Cyprus", "CountryCode": "", "Province": "", "City": "", "CityCode": "", "Lat": "0", "Lon": "0", "Confirmed": 1509, "Deaths": 21, "Recovered": 1237, "Active": 251, "Date": "2020-09-06T00:00:00Z"}, {"Country": "Cyprus", "CountryCode": "", "Province": "", "City": "", "CityCode": "", "Lat": "0", "Lon": "0", "Confirmed": 1510, "Deaths": 22, "Recovered": 1237, "Active": 251, "Date": "2020-09-07T00:00:00Z"}, {"Country": "Cyprus", "CountryCode": "", "Province": "", "City": "", "CityCode": "", "Lat": "0", "Lon": "0", "Confirmed": 1511, "Deaths": 22, "Recovered": 1237, "Active": 252, "Date": "2020-09-08T00:00:00Z"}, {"Country": "Cyprus", "CountryCode": "", "Province": "", "City": "", "CityCode": "", "Lat": "0", "Lon": "0", "Confirmed": 1514, "Deaths": 22, "Recovered": 1237, "Active": 255, "Date": "2020-09-09T00:00:00Z"}, {"Country": "Cyprus", "CountryCode": "", "Province": "", "City": "", "CityCode": "", "Lat": "0", "Lon": "0", "Confirmed": 1517, "Deaths": 22, "Recovered": 1237, "Active": 258, "Date": "2020-09-10T00:00:00Z"}, {"Country": "Cyprus", "CountryCode": "", "Province": "", "City": "", "CityCode": "", "Lat": "0", "Lon": "0", "Confirmed": 1520, "Deaths": 22, "Recovered": 1237, "Active": 261, "Date": "2020-09-11T00:00:00Z"}, {"Country": "Cyprus", "CountryCode": "", "Province": "", "City": "", "CityCode": "", "Lat": "0", "Lon": "0", "Confirmed": 1523, "Deaths": 22, "Recovered": 1281, "Active": 220, "Date": "2020-09-12T00:00:00Z"}, {"Country": "Cyprus", "CountryCode": "", "Province": "", "City": "", "CityCode": "", "Lat": "0", "Lon": "0", "Confirmed": 1526, "Deaths": 22, "Recovered": 1281, "Active": 223, "Date": "2020-09-13T00:00:00Z"}, {"Country": "Cyprus", "CountryCode": "", "Province": "", "City": "", "CityCode": "", "Lat": "0", "Lon": "0", "Confirmed": 1534, "Deaths": 22, "Recovered": 1282, "Active": 230, "Date": "2020-09-14T00:00:00Z"}, {"Country": "Cyprus", "CountryCode": "", "Province": "", "City": "", "CityCode": "", "Lat": "0", "Lon": "0", "Confirmed": 1540, "Deaths": 22, "Recovered": 1282, "Active": 236, "Date": "2020-09-15T00:00:00Z"}, {"Country": "Cyprus", "CountryCode": "", "Province": "", "City": "", "CityCode": "", "Lat": "0", "Lon": "0", "Confirmed": 1548, "Deaths": 22, "Recovered": 1282, "Active": 244, "Date": "2020-09-16T00:00:00Z"}, {"Country": "Cyprus", "CountryCode": "", "Province": "", "City": "", "CityCode": "", "Lat": "0", "Lon": "0", "Confirmed": 1558, "Deaths": 22, "Recovered": 1282, "Active": 254, "Date": "2020-09-17T00:00:00Z"}, {"Country": "Cyprus", "CountryCode": "", "Province": "", "City": "", "CityCode": "", "Lat": "0", "Lon": "0", "Confirmed": 1565, "Deaths": 22, "Recovered": 1282, "Active": 261, "Date": "2020-09-18T00:00:00Z"}, {"Country": "Cyprus", "CountryCode": "", "Province": "", "City": "", "CityCode": "", "Lat": "0", "Lon": "0", "Confirmed": 1590, "Deaths": 22, "Recovered": 1282, "Active": 286, "Date": "2020-09-19T00:00:00Z"}, {"Country": "Cyprus", "CountryCode": "", "Province": "", "City": "", "CityCode": "", "Lat": "0", "Lon": "0", "Confirmed": 1600, "Deaths": 22, "Recovered": 1282, "Active": 296, "Date": "2020-09-20T00:00:00Z"}, {"Country": "Cyprus", "CountryCode": "", "Province": "", "City": "", "CityCode": "", "Lat": "0", "Lon": "0", "Confirmed": 1603, "Deaths": 22, "Recovered": 1369, "Active": 212, "Date": "2020-09-21T00:00:00Z"}, {"Country": "Cyprus", "CountryCode": "", "Province": "", "City": "", "CityCode": "", "Lat": "0", "Lon": "0", "Confirmed": 1618, "Deaths": 22, "Recovered": 1369, "Active": 227, "Date": "2020-09-22T00:00:00Z"}, {"Country": "Cyprus", "CountryCode": "", "Province": "", "City": "", "CityCode": "", "Lat": "0", "Lon": "0", "Confirmed": 1654, "Deaths": 22, "Recovered": 1369, "Active": 263, "Date": "2020-09-23T00:00:00Z"}, {"Country": "Cyprus", "CountryCode": "", "Province": "", "City": "", "CityCode": "", "Lat": "0", "Lon": "0", "Confirmed": 1663, "Deaths": 22, "Recovered": 1369, "Active": 272, "Date": "2020-09-24T00:00:00Z"}, {"Country": "Cyprus", "CountryCode": "", "Province": "", "City": "", "CityCode": "", "Lat": "0", "Lon": "0", "Confirmed": 1671, "Deaths": 22, "Recovered": 1369, "Active": 280, "Date": "2020-09-25T00:00:00Z"}, {"Country": "Cyprus", "CountryCode": "", "Province": "", "City": "", "CityCode": "", "Lat": "0", "Lon": "0", "Confirmed": 1684, "Deaths": 22, "Recovered": 1369, "Active": 293, "Date": "2020-09-26T00:00:00Z"}, {"Country": "Cyprus", "CountryCode": "", "Province": "", "City": "", "CityCode": "", "Lat": "0", "Lon": "0", "Confirmed": 1696, "Deaths": 22, "Recovered": 1369, "Active": 305, "Date": "2020-09-27T00:00:00Z"}, {"Country": "Cyprus", "CountryCode": "", "Province": "", "City": "", "CityCode": "", "Lat": "0", "Lon": "0", "Confirmed": 1713, "Deaths": 22, "Recovered": 1369, "Active": 322, "Date": "2020-09-28T00:00:00Z"}, {"Country": "Cyprus", "CountryCode": "", "Province": "", "City": "", "CityCode": "", "Lat": "0", "Lon": "0", "Confirmed": 1743, "Deaths": 22, "Recovered": 1369, "Active": 352, "Date": "2020-09-29T00:00:00Z"}, {"Country": "Cyprus", "CountryCode": "", "Province": "", "City": "", "CityCode": "", "Lat": "0", "Lon": "0", "Confirmed": 1755, "Deaths": 22, "Recovered": 1369, "Active": 364, "Date": "2020-09-30T00:00:00Z"}, {"Country": "Cyprus", "CountryCode": "", "Province": "", "City": "", "CityCode": "", "Lat": "0", "Lon": "0", "Confirmed": 1772, "Deaths": 22, "Recovered": 1369, "Active": 381, "Date": "2020-10-01T00:00:00Z"}, {"Country": "Cyprus", "CountryCode": "", "Province": "", "City": "", "CityCode": "", "Lat": "0", "Lon": "0", "Confirmed": 1789, "Deaths": 22, "Recovered": 1369, "Active": 398, "Date": "2020-10-02T00:00:00Z"}, {"Country": "Cyprus", "CountryCode": "", "Province": "", "City": "", "CityCode": "", "Lat": "0", "Lon": "0", "Confirmed": 1811, "Deaths": 22, "Recovered": 1369, "Active": 420, "Date": "2020-10-03T00:00:00Z"}, {"Country": "Cyprus", "CountryCode": "", "Province": "", "City": "", "CityCode": "", "Lat": "0", "Lon": "0", "Confirmed": 1824, "Deaths": 22, "Recovered": 1369, "Active": 433, "Date": "2020-10-04T00:00:00Z"}, {"Country": "Cyprus", "CountryCode": "", "Province": "", "City": "", "CityCode": "", "Lat": "0", "Lon": "0", "Confirmed": 1847, "Deaths": 22, "Recovered": 1369, "Active": 456, "Date": "2020-10-05T00:00:00Z"}, {"Country": "Cyprus", "CountryCode": "", "Province": "", "City": "", "CityCode": "", "Lat": "0", "Lon": "0", "Confirmed": 1876, "Deaths": 23, "Recovered": 1369, "Active": 484, "Date": "2020-10-06T00:00:00Z"}, {"Country": "Cyprus", "CountryCode": "", "Province": "", "City": "", "CityCode": "", "Lat": "0", "Lon": "0", "Confirmed": 1897, "Deaths": 24, "Recovered": 1369, "Active": 504, "Date": "2020-10-07T00:00:00Z"}, {"Country": "Cyprus", "CountryCode": "", "Province": "", "City": "", "CityCode": "", "Lat": "0", "Lon": "0", "Confirmed": 1918, "Deaths": 24, "Recovered": 1369, "Active": 525, "Date": "2020-10-08T00:00:00Z"}, {"Country": "Cyprus", "CountryCode": "", "Province": "", "City": "", "CityCode": "", "Lat": "0", "Lon": "0", "Confirmed": 1951, "Deaths": 25, "Recovered": 1369, "Active": 557, "Date": "2020-10-09T00:00:00Z"}, {"Country": "Cyprus", "CountryCode": "", "Province": "", "City": "", "CityCode": "", "Lat": "0", "Lon": "0", "Confirmed": 1986, "Deaths": 25, "Recovered": 1444, "Active": 517, "Date": "2020-10-10T00:00:00Z"}, {"Country": "Cyprus", "CountryCode": "", "Province": "", "City": "", "CityCode": "", "Lat": "0", "Lon": "0", "Confirmed": 2006, "Deaths": 25, "Recovered": 1444, "Active": 537, "Date": "2020-10-11T00:00:00Z"}, {"Country": "Cyprus", "CountryCode": "", "Province": "", "City": "", "CityCode": "", "Lat": "0", "Lon": "0", "Confirmed": 2047, "Deaths": 25, "Recovered": 1444, "Active": 578, "Date": "2020-10-12T00:00:00Z"}, {"Country": "Cyprus", "CountryCode": "", "Province": "", "City": "", "CityCode": "", "Lat": "0", "Lon": "0", "Confirmed": 2130, "Deaths": 25, "Recovered": 1444, "Active": 661, "Date": "2020-10-13T00:00:00Z"}, {"Country": "Cyprus", "CountryCode": "", "Province": "", "City": "", "CityCode": "", "Lat": "0", "Lon": "0", "Confirmed": 2181, "Deaths": 25, "Recovered": 1444, "Active": 712, "Date": "2020-10-14T00:00:00Z"}, {"Country": "Cyprus", "CountryCode": "", "Province": "", "City": "", "CityCode": "", "Lat": "0", "Lon": "0", "Confirmed": 2285, "Deaths": 25, "Recovered": 1444, "Active": 816, "Date": "2020-10-15T00:00:00Z"}, {"Country": "Cyprus", "CountryCode": "", "Province": "", "City": "", "CityCode": "", "Lat": "0", "Lon": "0", "Confirmed": 2379, "Deaths": 25, "Recovered": 1444, "Active": 910, "Date": "2020-10-16T00:00:00Z"}, {"Country": "Cyprus", "CountryCode": "", "Province": "", "City": "", "CityCode": "", "Lat": "0", "Lon": "0", "Confirmed": 2581, "Deaths": 25, "Recovered": 1444, "Active": 1112, "Date": "2020-10-17T00:00:00Z"}, {"Country": "Cyprus", "CountryCode": "", "Province": "", "City": "", "CityCode": "", "Lat": "0", "Lon": "0", "Confirmed": 2644, "Deaths": 25, "Recovered": 1444, "Active": 1175, "Date": "2020-10-18T00:00:00Z"}, {"Country": "Cyprus", "CountryCode": "", "Province": "", "City": "", "CityCode": "", "Lat": "0", "Lon": "0", "Confirmed": 2687, "Deaths": 25, "Recovered": 1444, "Active": 1218, "Date": "2020-10-19T00:00:00Z"}, {"Country": "Cyprus", "CountryCode": "", "Province": "", "City": "", "CityCode": "", "Lat": "0", "Lon": "0", "Confirmed": 2839, "Deaths": 25, "Recovered": 1444, "Active": 1370, "Date": "2020-10-20T00:00:00Z"}, {"Country": "Cyprus", "CountryCode": "", "Province": "", "City": "", "CityCode": "", "Lat": "0", "Lon": "0", "Confirmed": 2966, "Deaths": 25, "Recovered": 1444, "Active": 1497, "Date": "2020-10-21T00:00:00Z"}, {"Country": "Cyprus", "CountryCode": "", "Province": "", "City": "", "CityCode": "", "Lat": "0", "Lon": "0", "Confirmed": 3154, "Deaths": 25, "Recovered": 1444, "Active": 1685, "Date": "2020-10-22T00:00:00Z"}, {"Country": "Cyprus", "CountryCode": "", "Province": "", "City": "", "CityCode": "", "Lat": "0", "Lon": "0", "Confirmed": 3314, "Deaths": 25, "Recovered": 1444, "Active": 1845, "Date": "2020-10-23T00:00:00Z"}, {"Country": "Cyprus", "CountryCode": "", "Province": "", "City": "", "CityCode": "", "Lat": "0", "Lon": "0", "Confirmed": 3444, "Deaths": 25, "Recovered": 1882, "Active": 1537, "Date": "2020-10-24T00:00:00Z"}, {"Country": "Cyprus", "CountryCode": "", "Province": "", "City": "", "CityCode": "", "Lat": "0", "Lon": "0", "Confirmed": 3545, "Deaths": 25, "Recovered": 1882, "Active": 1638, "Date": "2020-10-25T00:00:00Z"}, {"Country": "Cyprus", "CountryCode": "", "Province": "", "City": "", "CityCode": "", "Lat": "0", "Lon": "0", "Confirmed": 3636, "Deaths": 25, "Recovered": 1882, "Active": 1729, "Date": "2020-10-26T00:00:00Z"}, {"Country": "Cyprus", "CountryCode": "", "Province": "", "City": "", "CityCode": "", "Lat": "0", "Lon": "0", "Confirmed": 3817, "Deaths": 25, "Recovered": 1882, "Active": 1910, "Date": "2020-10-27T00:00:00Z"}, {"Country": "Cyprus", "CountryCode": "", "Province": "", "City": "", "CityCode": "", "Lat": "0", "Lon": "0", "Confirmed": 3930, "Deaths": 25, "Recovered": 1882, "Active": 2023, "Date": "2020-10-28T00:00:00Z"}, {"Country": "Cyprus", "CountryCode": "", "Province": "", "City": "", "CityCode": "", "Lat": "0", "Lon": "0", "Confirmed": 4051, "Deaths": 25, "Recovered": 1882, "Active": 2144, "Date": "2020-10-29T00:00:00Z"}, {"Country": "Cyprus", "CountryCode": "", "Province": "", "City": "", "CityCode": "", "Lat": "0", "Lon": "0", "Confirmed": 4217, "Deaths": 25, "Recovered": 1882, "Active": 2310, "Date": "2020-10-30T00:00:00Z"}, {"Country": "Cyprus", "CountryCode": "", "Province": "", "City": "", "CityCode": "", "Lat": "0", "Lon": "0", "Confirmed": 4366, "Deaths": 26, "Recovered": 1882, "Active": 2458, "Date": "2020-10-31T00:00:00Z"}, {"Country": "Cyprus", "CountryCode": "", "Province": "", "City": "", "CityCode": "", "Lat": "0", "Lon": "0", "Confirmed": 4563, "Deaths": 26, "Recovered": 1882, "Active": 2655, "Date": "2020-11-01T00:00:00Z"}, {"Country": "Cyprus", "CountryCode": "", "Province": "", "City": "", "CityCode": "", "Lat": "0", "Lon": "0", "Confirmed": 4760, "Deaths": 27, "Recovered": 1882, "Active": 2851, "Date": "2020-11-02T00:00:00Z"}, {"Country": "Cyprus", "CountryCode": "", "Province": "", "City": "", "CityCode": "", "Lat": "0", "Lon": "0", "Confirmed": 4934, "Deaths": 27, "Recovered": 1882, "Active": 3025, "Date": "2020-11-03T00:00:00Z"}, {"Country": "Cyprus", "CountryCode": "", "Province": "", "City": "", "CityCode": "", "Lat": "0", "Lon": "0", "Confirmed": 5100, "Deaths": 27, "Recovered": 1882, "Active": 3191, "Date": "2020-11-04T00:00:00Z"}, {"Country": "Cyprus", "CountryCode": "", "Province": "", "City": "", "CityCode": "", "Lat": "0", "Lon": "0", "Confirmed": 5333, "Deaths": 27, "Recovered": 1882, "Active": 3424, "Date": "2020-11-05T00:00:00Z"}, {"Country": "Cyprus", "CountryCode": "", "Province": "", "City": "", "CityCode": "", "Lat": "0", "Lon": "0", "Confirmed": 5557, "Deaths": 27, "Recovered": 1882, "Active": 3648, "Date": "2020-11-06T00:00:00Z"}, {"Country": "Cyprus", "CountryCode": "", "Province": "", "City": "", "CityCode": "", "Lat": "0", "Lon": "0", "Confirmed": 5871, "Deaths": 35, "Recovered": 1882, "Active": 3954, "Date": "2020-11-07T00:00:00Z"}, {"Country": "Cyprus", "CountryCode": "", "Province": "", "City": "", "CityCode": "", "Lat": "0", "Lon": "0", "Confirmed": 5987, "Deaths": 28, "Recovered": 1882, "Active": 4077, "Date": "2020-11-08T00:00:00Z"}, {"Country": "Cyprus", "CountryCode": "", "Province": "", "City": "", "CityCode": "", "Lat": "0", "Lon": "0", "Confirmed": 6098, "Deaths": 28, "Recovered": 1882, "Active": 4188, "Date": "2020-11-09T00:00:00Z"}, {"Country": "Cyprus", "CountryCode": "", "Province": "", "City": "", "CityCode": "", "Lat": "0", "Lon": "0", "Confirmed": 6296, "Deaths": 29, "Recovered": 1882, "Active": 4385, "Date": "2020-11-10T00:00:00Z"}, {"Country": "Cyprus", "CountryCode": "", "Province": "", "City": "", "CityCode": "", "Lat": "0", "Lon": "0", "Confirmed": 6461, "Deaths": 33, "Recovered": 1882, "Active": 4546, "Date": "2020-11-11T00:00:00Z"}, {"Country": "Cyprus", "CountryCode": "", "Province": "", "City": "", "CityCode": "", "Lat": "0", "Lon": "0", "Confirmed": 6646, "Deaths": 34, "Recovered": 1882, "Active": 4730, "Date": "2020-11-12T00:00:00Z"}, {"Country": "Cyprus", "CountryCode": "", "Province": "", "City": "", "CityCode": "", "Lat": "0", "Lon": "0", "Confirmed": 6853, "Deaths": 38, "Recovered": 2021, "Active": 4794, "Date": "2020-11-13T00:00:00Z"}, {"Country": "Cyprus", "CountryCode": "", "Province": "", "City": "", "CityCode": "", "Lat": "0", "Lon": "0", "Confirmed": 7051, "Deaths": 39, "Recovered": 2021, "Active": 4991, "Date": "2020-11-14T00:00:00Z"}, {"Country": "Cyprus", "CountryCode": "", "Province": "", "City": "", "CityCode": "", "Lat": "0", "Lon": "0", "Confirmed": 7178, "Deaths": 39, "Recovered": 2021, "Active": 5118, "Date": "2020-11-15T00:00:00Z"}, {"Country": "Cyprus", "CountryCode": "", "Province": "", "City": "", "CityCode": "", "Lat": "0", "Lon": "0", "Confirmed": 7285, "Deaths": 40, "Recovered": 2021, "Active": 5224, "Date": "2020-11-16T00:00:00Z"}, {"Country": "Cyprus", "CountryCode": "", "Province": "", "City": "", "CityCode": "", "Lat": "0", "Lon": "0", "Confirmed": 7513, "Deaths": 40, "Recovered": 2021, "Active": 5452, "Date": "2020-11-17T00:00:00Z"}, {"Country": "Cyprus", "CountryCode": "", "Province": "", "City": "", "CityCode": "", "Lat": "0", "Lon": "0", "Confirmed": 7711, "Deaths": 41, "Recovered": 2021, "Active": 5649, "Date": "2020-11-18T00:00:00Z"}, {"Country": "Cyprus", "CountryCode": "", "Province": "", "City": "", "CityCode": "", "Lat": "0", "Lon": "0", "Confirmed": 7979, "Deaths": 41, "Recovered": 2021, "Active": 5917, "Date": "2020-11-19T00:00:00Z"}, {"Country": "Cyprus", "CountryCode": "", "Province": "", "City": "", "CityCode": "", "Lat": "0", "Lon": "0", "Confirmed": 8211, "Deaths": 43, "Recovered": 2055, "Active": 6113, "Date": "2020-11-20T00:00:00Z"}, {"Country": "Cyprus", "CountryCode": "", "Province": "", "City": "", "CityCode": "", "Lat": "0", "Lon": "0", "Confirmed": 8456, "Deaths": 43, "Recovered": 2055, "Active": 6358, "Date": "2020-11-21T00:00:00Z"}, {"Country": "Cyprus", "CountryCode": "", "Province": "", "City": "", "CityCode": "", "Lat": "0", "Lon": "0", "Confirmed": 8643, "Deaths": 44, "Recovered": 2055, "Active": 6544, "Date": "2020-11-22T00:00:00Z"}, {"Country": "Cyprus", "CountryCode": "", "Province": "", "City": "", "CityCode": "", "Lat": "0", "Lon": "0", "Confirmed": 8947, "Deaths": 44, "Recovered": 2055, "Active": 6848, "Date": "2020-11-23T00:00:00Z"}, {"Country": "Cyprus", "CountryCode": "", "Province": "", "City": "", "CityCode": "", "Lat": "0", "Lon": "0", "Confirmed": 9199, "Deaths": 46, "Recovered": 2055, "Active": 7098, "Date": "2020-11-24T00:00:00Z"}, {"Country": "Cyprus", "CountryCode": "", "Province": "", "City": "", "CityCode": "", "Lat": "0", "Lon": "0", "Confirmed": 9453, "Deaths": 47, "Recovered": 2055, "Active": 7351, "Date": "2020-11-25T00:00:00Z"}, {"Country": "Cyprus", "CountryCode": "", "Province": "", "City": "", "CityCode": "", "Lat": "0", "Lon": "0", "Confirmed": 9673, "Deaths": 48, "Recovered": 2055, "Active": 7570, "Date": "2020-11-26T00:00:00Z"}, {"Country": "Cyprus", "CountryCode": "", "Province": "", "City": "", "CityCode": "", "Lat": "0", "Lon": "0", "Confirmed": 9983, "Deaths": 48, "Recovered": 2057, "Active": 7878, "Date": "2020-11-27T00:00:00Z"}, {"Country": "Cyprus", "CountryCode": "", "Province": "", "City": "", "CityCode": "", "Lat": "0", "Lon": "0", "Confirmed": 10231, "Deaths": 48, "Recovered": 2057, "Active": 8126, "Date": "2020-11-28T00:00:00Z"}, {"Country": "Cyprus", "CountryCode": "", "Province": "", "City": "", "CityCode": "", "Lat": "0", "Lon": "0", "Confirmed": 10383, "Deaths": 48, "Recovered": 2057, "Active": 8278, "Date": "2020-11-29T00:00:00Z"}, {"Country": "Cyprus", "CountryCode": "", "Province": "", "City": "", "CityCode": "", "Lat": "0", "Lon": "0", "Confirmed": 10565, "Deaths": 49, "Recovered": 2057, "Active": 8459, "Date": "2020-11-30T00:00:00Z"}, {"Country": "Cyprus", "CountryCode": "", "Province": "", "City": "", "CityCode": "", "Lat": "0", "Lon": "0", "Confirmed": 10883, "Deaths": 49, "Recovered": 2057, "Active": 8777, "Date": "2020-12-01T00:00:00Z"}, {"Country": "Cyprus", "CountryCode": "", "Province": "", "City": "", "CityCode": "", "Lat": "0", "Lon": "0", "Confirmed": 11175, "Deaths": 52, "Recovered": 2057, "Active": 9066, "Date": "2020-12-02T00:00:00Z"}, {"Country": "Cyprus", "CountryCode": "", "Province": "", "City": "", "CityCode": "", "Lat": "0", "Lon": "0", "Confirmed": 11523, "Deaths": 54, "Recovered": 2057, "Active": 9412, "Date": "2020-12-03T00:00:00Z"}, {"Country": "Cyprus", "CountryCode": "", "Province": "", "City": "", "CityCode": "", "Lat": "0", "Lon": "0", "Confirmed": 11812, "Deaths": 57, "Recovered": 2057, "Active": 9698, "Date": "2020-12-04T00:00:00Z"}, {"Country": "Cyprus", "CountryCode": "", "Province": "", "City": "", "CityCode": "", "Lat": "0", "Lon": "0", "Confirmed": 12181, "Deaths": 57, "Recovered": 2057, "Active": 10067, "Date": "2020-12-05T00:00:00Z"}, {"Country": "Cyprus", "CountryCode": "", "Province": "", "City": "", "CityCode": "", "Lat": "0", "Lon": "0", "Confirmed": 12451, "Deaths": 61, "Recovered": 2057, "Active": 10333, "Date": "2020-12-06T00:00:00Z"}, {"Country": "Cyprus", "CountryCode": "", "Province": "", "City": "", "CityCode": "", "Lat": "0", "Lon": "0", "Confirmed": 12867, "Deaths": 63, "Recovered": 2057, "Active": 10747, "Date": "2020-12-07T00:00:00Z"}, {"Country": "Cyprus", "CountryCode": "", "Province": "", "City": "", "CityCode": "", "Lat": "0", "Lon": "0", "Confirmed": 13286, "Deaths": 68, "Recovered": 2057, "Active": 11161, "Date": "2020-12-08T00:00:00Z"}, {"Country": "Cyprus", "CountryCode": "", "Province": "", "City": "", "CityCode": "", "Lat": "0", "Lon": "0", "Confirmed": 13286, "Deaths": 68, "Recovered": 2057, "Active": 11161, "Date": "2020-12-09T00:00:00Z"}, {"Country": "Cyprus", "CountryCode": "", "Province": "", "City": "", "CityCode": "", "Lat": "0", "Lon": "0", "Confirmed": 13649, "Deaths": 70, "Recovered": 2057, "Active": 11522, "Date": "2020-12-10T00:00:00Z"}, {"Country": "Cyprus", "CountryCode": "", "Province": "", "City": "", "CityCode": "", "Lat": "0", "Lon": "0", "Confirmed": 13649, "Deaths": 70, "Recovered": 2057, "Active": 11522, "Date": "2020-12-11T00:00:00Z"}, {"Country": "Cyprus", "CountryCode": "", "Province": "", "City": "", "CityCode": "", "Lat": "0", "Lon": "0", "Confirmed": 14476, "Deaths": 75, "Recovered": 2057, "Active": 12344, "Date": "2020-12-12T00:00:00Z"}, {"Country": "Cyprus", "CountryCode": "", "Province": "", "City": "", "CityCode": "", "Lat": "0", "Lon": "0", "Confirmed": 15101, "Deaths": 78, "Recovered": 2057, "Active": 12966, "Date": "2020-12-13T00:00:00Z"}, {"Country": "Cyprus", "CountryCode": "", "Province": "", "City": "", "CityCode": "", "Lat": "0", "Lon": "0", "Confirmed": 15450, "Deaths": 82, "Recovered": 2057, "Active": 13311, "Date": "2020-12-14T00:00:00Z"}, {"Country": "Cyprus", "CountryCode": "", "Province": "", "City": "", "CityCode": "", "Lat": "0", "Lon": "0", "Confirmed": 15789, "Deaths": 84, "Recovered": 2057, "Active": 13648, "Date": "2020-12-15T00:00:00Z"}, {"Country": "Cyprus", "CountryCode": "", "Province": "", "City": "", "CityCode": "", "Lat": "0", "Lon": "0", "Confirmed": 16190, "Deaths": 85, "Recovered": 2057, "Active": 14048, "Date": "2020-12-16T00:00:00Z"}, {"Country": "Cyprus", "CountryCode": "", "Province": "", "City": "", "CityCode": "", "Lat": "0", "Lon": "0", "Confirmed": 16190, "Deaths": 85, "Recovered": 2057, "Active": 14048, "Date": "2020-12-17T00:00:00Z"}, {"Country": "Cyprus", "CountryCode": "", "Province": "", "City": "", "CityCode": "", "Lat": "0", "Lon": "0", "Confirmed": 16647, "Deaths": 85, "Recovered": 2057, "Active": 14505, "Date": "2020-12-18T00:00:00Z"}, {"Country": "Cyprus", "CountryCode": "", "Province": "", "City": "", "CityCode": "", "Lat": "0", "Lon": "0", "Confirmed": 17476, "Deaths": 89, "Recovered": 2057, "Active": 15330, "Date": "2020-12-19T00:00:00Z"}, {"Country": "Cyprus", "CountryCode": "", "Province": "", "City": "", "CityCode": "", "Lat": "0", "Lon": "0", "Confirmed": 17688, "Deaths": 91, "Recovered": 2057, "Active": 15540, "Date": "2020-12-20T00:00:00Z"}, {"Country": "Cyprus", "CountryCode": "", "Province": "", "City": "", "CityCode": "", "Lat": "0", "Lon": "0", "Confirmed": 18004, "Deaths": 96, "Recovered": 2057, "Active": 15851, "Date": "2020-12-21T00:00:00Z"}, {"Country": "Cyprus", "CountryCode": "", "Province": "", "City": "", "CityCode": "", "Lat": "0", "Lon": "0", "Confirmed": 18004, "Deaths": 96, "Recovered": 2057, "Active": 15851, "Date": "2020-12-22T00:00:00Z"}, {"Country": "Cyprus", "CountryCode": "", "Province": "", "City": "", "CityCode": "", "Lat": "0", "Lon": "0", "Confirmed": 18883, "Deaths": 104, "Recovered": 2057, "Active": 16722, "Date": "2020-12-23T00:00:00Z"}, {"Country": "Cyprus", "CountryCode": "", "Province": "", "City": "", "CityCode": "", "Lat": "0", "Lon": "0", "Confirmed": 19316, "Deaths": 107, "Recovered": 2057, "Active": 17152, "Date": "2020-12-24T00:00:00Z"}, {"Country": "Cyprus", "CountryCode": "", "Province": "", "City": "", "CityCode": "", "Lat": "0", "Lon": "0", "Confirmed": 19366, "Deaths": 109, "Recovered": 2057, "Active": 17200, "Date": "2020-12-25T00:00:00Z"}, {"Country": "Cyprus", "CountryCode": "", "Province": "", "City": "", "CityCode": "", "Lat": "0", "Lon": "0", "Confirmed": 19391, "Deaths": 111, "Recovered": 2057, "Active": 17223, "Date": "2020-12-26T00:00:00Z"}, {"Country": "Cyprus", "CountryCode": "", "Province": "", "City": "", "CityCode": "", "Lat": "0", "Lon": "0", "Confirmed": 19657, "Deaths": 112, "Recovered": 2057, "Active": 17488, "Date": "2020-12-27T00:00:00Z"}, {"Country": "Cyprus", "CountryCode": "", "Province": "", "City": "", "CityCode": "", "Lat": "0", "Lon": "0", "Confirmed": 20408, "Deaths": 113, "Recovered": 2057, "Active": 18238, "Date": "2020-12-28T00:00:00Z"}, {"Country": "Cyprus", "CountryCode": "", "Province": "", "City": "", "CityCode": "", "Lat": "0", "Lon": "0", "Confirmed": 21315, "Deaths": 117, "Recovered": 2057, "Active": 19141, "Date": "2020-12-29T00:00:00Z"}, {"Country": "Cyprus", "CountryCode": "", "Province": "", "City": "", "CityCode": "", "Lat": "0", "Lon": "0", "Confirmed": 22019, "Deaths": 119, "Recovered": 2057, "Active": 19843, "Date": "2020-12-30T00:00:00Z"}, {"Country": "Cyprus", "CountryCode": "", "Province": "", "City": "", "CityCode": "", "Lat": "0", "Lon": "0", "Confirmed": 22019, "Deaths": 119, "Recovered": 2057, "Active": 19843, "Date": "2020-12-31T00:00:00Z"}, {"Country": "Cyprus", "CountryCode": "", "Province": "", "City": "", "CityCode": "", "Lat": "0", "Lon": "0", "Confirmed": 22818, "Deaths": 127, "Recovered": 2057, "Active": 20634, "Date": "2021-01-01T00:00:00Z"}, {"Country": "Cyprus", "CountryCode": "", "Province": "", "City": "", "CityCode": "", "Lat": "0", "Lon": "0", "Confirmed": 23445, "Deaths": 129, "Recovered": 2057, "Active": 21259, "Date": "2021-01-02T00:00:00Z"}, {"Country": "Cyprus", "CountryCode": "", "Province": "", "City": "", "CityCode": "", "Lat": "0", "Lon": "0", "Confirmed": 23974, "Deaths": 131, "Recovered": 2057, "Active": 21786, "Date": "2021-01-03T00:00:00Z"}, {"Country": "Cyprus", "CountryCode": "", "Province": "", "City": "", "CityCode": "", "Lat": "0", "Lon": "0", "Confirmed": 24639, "Deaths": 133, "Recovered": 2057, "Active": 22449, "Date": "2021-01-04T00:00:00Z"}, {"Country": "Cyprus", "CountryCode": "", "Province": "", "City": "", "CityCode": "", "Lat": "0", "Lon": "0", "Confirmed": 25208, "Deaths": 134, "Recovered": 2057, "Active": 23017, "Date": "2021-01-05T00:00:00Z"}, {"Country": "Cyprus", "CountryCode": "", "Province": "", "City": "", "CityCode": "", "Lat": "0", "Lon": "0", "Confirmed": 25781, "Deaths": 138, "Recovered": 2057, "Active": 23586, "Date": "2021-01-06T00:00:00Z"}, {"Country": "Cyprus", "CountryCode": "", "Province": "", "City": "", "CityCode": "", "Lat": "0", "Lon": "0", "Confirmed": 26208, "Deaths": 140, "Recovered": 2057, "Active": 24011, "Date": "2021-01-07T00:00:00Z"}, {"Country": "Cyprus", "CountryCode": "", "Province": "", "City": "", "CityCode": "", "Lat": "0", "Lon": "0", "Confirmed": 26674, "Deaths": 141, "Recovered": 2057, "Active": 24476, "Date": "2021-01-08T00:00:00Z"}, {"Country": "Cyprus", "CountryCode": "", "Province": "", "City": "", "CityCode": "", "Lat": "0", "Lon": "0", "Confirmed": 27011, "Deaths": 147, "Recovered": 2057, "Active": 24807, "Date": "2021-01-09T00:00:00Z"}, {"Country": "Cyprus", "CountryCode": "", "Province": "", "City": "", "CityCode": "", "Lat": "0", "Lon": "0", "Confirmed": 27350, "Deaths": 148, "Recovered": 2057, "Active": 25145, "Date": "2021-01-10T00:00:00Z"}, {"Country": "Cyprus", "CountryCode": "", "Province": "", "City": "", "CityCode": "", "Lat": "0", "Lon": "0", "Confirmed": 27638, "Deaths": 153, "Recovered": 2057, "Active": 25428, "Date": "2021-01-11T00:00:00Z"}, {"Country": "Cyprus", "CountryCode": "", "Province": "", "City": "", "CityCode": "", "Lat": "0", "Lon": "0", "Confirmed": 27897, "Deaths": 157, "Recovered": 2057, "Active": 25683, "Date": "2021-01-12T00:00:00Z"}, {"Country": "Cyprus", "CountryCode": "", "Province": "", "City": "", "CityCode": "", "Lat": "0", "Lon": "0", "Confirmed": 28124, "Deaths": 163, "Recovered": 2057, "Active": 25904, "Date": "2021-01-13T00:00:00Z"}, {"Country": "Cyprus", "CountryCode": "", "Province": "", "City": "", "CityCode": "", "Lat": "0", "Lon": "0", "Confirmed": 28124, "Deaths": 163, "Recovered": 2057, "Active": 25904, "Date": "2021-01-14T00:00:00Z"}, {"Country": "Cyprus", "CountryCode": "", "Province": "", "City": "", "CityCode": "", "Lat": "0", "Lon": "0", "Confirmed": 28609, "Deaths": 166, "Recovered": 2057, "Active": 26386, "Date": "2021-01-15T00:00:00Z"}, {"Country": "Cyprus", "CountryCode": "", "Province": "", "City": "", "CityCode": "", "Lat": "0", "Lon": "0", "Confirmed": 28811, "Deaths": 167, "Recovered": 2057, "Active": 26587, "Date": "2021-01-16T00:00:00Z"}, {"Country": "Cyprus", "CountryCode": "", "Province": "", "City": "", "CityCode": "", "Lat": "0", "Lon": "0", "Confirmed": 28968, "Deaths": 170, "Recovered": 2057, "Active": 26741, "Date": "2021-01-17T00:00:00Z"}, {"Country": "Cyprus", "CountryCode": "", "Province": "", "City": "", "CityCode": "", "Lat": "0", "Lon": "0", "Confirmed": 29130, "Deaths": 175, "Recovered": 2057, "Active": 26898, "Date": "2021-01-18T00:00:00Z"}, {"Country": "Cyprus", "CountryCode": "", "Province": "", "City": "", "CityCode": "", "Lat": "0", "Lon": "0", "Confirmed": 29294, "Deaths": 176, "Recovered": 2057, "Active": 27061, "Date": "2021-01-19T00:00:00Z"}, {"Country": "Cyprus", "CountryCode": "", "Province": "", "City": "", "CityCode": "", "Lat": "0", "Lon": "0", "Confirmed": 29472, "Deaths": 176, "Recovered": 2057, "Active": 27239, "Date": "2021-01-20T00:00:00Z"}, {"Country": "Cyprus", "CountryCode": "", "Province": "", "City": "", "CityCode": "", "Lat": "0", "Lon": "0", "Confirmed": 29636, "Deaths": 178, "Recovered": 2057, "Active": 27401, "Date": "2021-01-21T00:00:00Z"}, {"Country": "Cyprus", "CountryCode": "", "Province": "", "City": "", "CityCode": "", "Lat": "0", "Lon": "0", "Confirmed": 29758, "Deaths": 179, "Recovered": 2057, "Active": 27522, "Date": "2021-01-22T00:00:00Z"}, {"Country": "Cyprus", "CountryCode": "", "Province": "", "City": "", "CityCode": "", "Lat": "0", "Lon": "0", "Confirmed": 29887, "Deaths": 183, "Recovered": 2057, "Active": 27647, "Date": "2021-01-23T00:00:00Z"}, {"Country": "Cyprus", "CountryCode": "", "Province": "", "City": "", "CityCode": "", "Lat": "0", "Lon": "0", "Confirmed": 30017, "Deaths": 186, "Recovered": 2057, "Active": 27774, "Date": "2021-01-24T00:00:00Z"}, {"Country": "Cyprus", "CountryCode": "", "Province": "", "City": "", "CityCode": "", "Lat": "0", "Lon": "0", "Confirmed": 30143, "Deaths": 188, "Recovered": 2057, "Active": 27898, "Date": "2021-01-25T00:00:00Z"}, {"Country": "Cyprus", "CountryCode": "", "Province": "", "City": "", "CityCode": "", "Lat": "0", "Lon": "0", "Confirmed": 30252, "Deaths": 190, "Recovered": 2057, "Active": 28005, "Date": "2021-01-26T00:00:00Z"}, {"Country": "Cyprus", "CountryCode": "", "Province": "", "City": "", "CityCode": "", "Lat": "0", "Lon": "0", "Confirmed": 30380, "Deaths": 193, "Recovered": 2057, "Active": 28130, "Date": "2021-01-27T00:00:00Z"}, {"Country": "Cyprus", "CountryCode": "", "Province": "", "City": "", "CityCode": "", "Lat": "0", "Lon": "0", "Confirmed": 30538, "Deaths": 197, "Recovered": 2057, "Active": 28284, "Date": "2021-01-28T00:00:00Z"}, {"Country": "Cyprus", "CountryCode": "", "Province": "", "City": "", "CityCode": "", "Lat": "0", "Lon": "0", "Confirmed": 30657, "Deaths": 197, "Recovered": 2057, "Active": 28403, "Date": "2021-01-29T00:00:00Z"}, {"Country": "Cyprus", "CountryCode": "", "Province": "", "City": "", "CityCode": "", "Lat": "0", "Lon": "0", "Confirmed": 30770, "Deaths": 197, "Recovered": 2057, "Active": 28516, "Date": "2021-01-30T00:00:00Z"}, {"Country": "Cyprus", "CountryCode": "", "Province": "", "City": "", "CityCode": "", "Lat": "0", "Lon": "0", "Confirmed": 30876, "Deaths": 199, "Recovered": 2057, "Active": 28620, "Date": "2021-01-31T00:00:00Z"}, {"Country": "Cyprus", "CountryCode": "", "Province": "", "City": "", "CityCode": "", "Lat": "0", "Lon": "0", "Confirmed": 30996, "Deaths": 202, "Recovered": 2057, "Active": 28737, "Date": "2021-02-01T00:00:00Z"}, {"Country": "Cyprus", "CountryCode": "", "Province": "", "City": "", "CityCode": "", "Lat": "0", "Lon": "0", "Confirmed": 31124, "Deaths": 202, "Recovered": 2057, "Active": 28865, "Date": "2021-02-02T00:00:00Z"}, {"Country": "Cyprus", "CountryCode": "", "Province": "", "City": "", "CityCode": "", "Lat": "0", "Lon": "0", "Confirmed": 31263, "Deaths": 203, "Recovered": 2057, "Active": 29003, "Date": "2021-02-03T00:00:00Z"}, {"Country": "Cyprus", "CountryCode": "", "Province": "", "City": "", "CityCode": "", "Lat": "0", "Lon": "0", "Confirmed": 31379, "Deaths": 208, "Recovered": 2057, "Active": 29114, "Date": "2021-02-04T00:00:00Z"}, {"Country": "Cyprus", "CountryCode": "", "Province": "", "City": "", "CityCode": "", "Lat": "0", "Lon": "0", "Confirmed": 31512, "Deaths": 210, "Recovered": 2057, "Active": 29245, "Date": "2021-02-05T00:00:00Z"}, {"Country": "Cyprus", "CountryCode": "", "Province": "", "City": "", "CityCode": "", "Lat": "0", "Lon": "0", "Confirmed": 31644, "Deaths": 211, "Recovered": 2057, "Active": 29376, "Date": "2021-02-06T00:00:00Z"}, {"Country": "Cyprus", "CountryCode": "", "Province": "", "City": "", "CityCode": "", "Lat": "0", "Lon": "0", "Confirmed": 31759, "Deaths": 212, "Recovered": 2057, "Active": 29490, "Date": "2021-02-07T00:00:00Z"}, {"Country": "Cyprus", "CountryCode": "", "Province": "", "City": "", "CityCode": "", "Lat": "0", "Lon": "0", "Confirmed": 31864, "Deaths": 214, "Recovered": 2057, "Active": 29593, "Date": "2021-02-08T00:00:00Z"}, {"Country": "Cyprus", "CountryCode": "", "Province": "", "City": "", "CityCode": "", "Lat": "0", "Lon": "0", "Confirmed": 31959, "Deaths": 214, "Recovered": 2057, "Active": 29688, "Date": "2021-02-09T00:00:00Z"}, {"Country": "Cyprus", "CountryCode": "", "Province": "", "City": "", "CityCode": "", "Lat": "0", "Lon": "0", "Confirmed": 32072, "Deaths": 217, "Recovered": 2057, "Active": 29798, "Date": "2021-02-10T00:00:00Z"}, {"Country": "Cyprus", "CountryCode": "", "Province": "", "City": "", "CityCode": "", "Lat": "0", "Lon": "0", "Confirmed": 32175, "Deaths": 218, "Recovered": 2057, "Active": 29900, "Date": "2021-02-11T00:00:00Z"}, {"Country": "Cyprus", "CountryCode": "", "Province": "", "City": "", "CityCode": "", "Lat": "0", "Lon": "0", "Confirmed": 32288, "Deaths": 219, "Recovered": 2057, "Active": 30012, "Date": "2021-02-12T00:00:00Z"}, {"Country": "Cyprus", "CountryCode": "", "Province": "", "City": "", "CityCode": "", "Lat": "0", "Lon": "0", "Confirmed": 32390, "Deaths": 220, "Recovered": 2057, "Active": 30113, "Date": "2021-02-13T00:00:00Z"}, {"Country": "Cyprus", "CountryCode": "", "Province": "", "City": "", "CityCode": "", "Lat": "0", "Lon": "0", "Confirmed": 32513, "Deaths": 221, "Recovered": 2057, "Active": 30235, "Date": "2021-02-14T00:00:00Z"}, {"Country": "Cyprus", "CountryCode": "", "Province": "", "City": "", "CityCode": "", "Lat": "0", "Lon": "0", "Confirmed": 32626, "Deaths": 222, "Recovered": 2057, "Active": 30347, "Date": "2021-02-15T00:00:00Z"}, {"Country": "Cyprus", "CountryCode": "", "Province": "", "City": "", "CityCode": "", "Lat": "0", "Lon": "0", "Confirmed": 32707, "Deaths": 225, "Recovered": 2057, "Active": 30425, "Date": "2021-02-16T00:00:00Z"}, {"Country": "Cyprus", "CountryCode": "", "Province": "", "City": "", "CityCode": "", "Lat": "0", "Lon": "0", "Confirmed": 32828, "Deaths": 227, "Recovered": 2057, "Active": 30544, "Date": "2021-02-17T00:00:00Z"}, {"Country": "Cyprus", "CountryCode": "", "Province": "", "City": "", "CityCode": "", "Lat": "0", "Lon": "0", "Confirmed": 32935, "Deaths": 228, "Recovered": 2057, "Active": 30650, "Date": "2021-02-18T00:00:00Z"}, {"Country": "Cyprus", "CountryCode": "", "Province": "", "City": "", "CityCode": "", "Lat": "0", "Lon": "0", "Confirmed": 33046, "Deaths": 229, "Recovered": 2057, "Active": 30760, "Date": "2021-02-19T00:00:00Z"}, {"Country": "Cyprus", "CountryCode": "", "Province": "", "City": "", "CityCode": "", "Lat": "0", "Lon": "0", "Confirmed": 33153, "Deaths": 229, "Recovered": 2057, "Active": 30867, "Date": "2021-02-20T00:00:00Z"}, {"Country": "Cyprus", "CountryCode": "", "Province": "", "City": "", "CityCode": "", "Lat": "0", "Lon": "0", "Confirmed": 33260, "Deaths": 229, "Recovered": 2057, "Active": 30974, "Date": "2021-02-21T00:00:00Z"}, {"Country": "Cyprus", "CountryCode": "", "Province": "", "City": "", "CityCode": "", "Lat": "0", "Lon": "0", "Confirmed": 33391, "Deaths": 230, "Recovered": 2057, "Active": 31104, "Date": "2021-02-22T00:00:00Z"}, {"Country": "Cyprus", "CountryCode": "", "Province": "", "City": "", "CityCode": "", "Lat": "0", "Lon": "0", "Confirmed": 33567, "Deaths": 230, "Recovered": 2057, "Active": 31280, "Date": "2021-02-23T00:00:00Z"}, {"Country": "Cyprus", "CountryCode": "", "Province": "", "City": "", "CityCode": "", "Lat": "0", "Lon": "0", "Confirmed": 33710, "Deaths": 231, "Recovered": 2057, "Active": 31422, "Date": "2021-02-24T00:00:00Z"}, {"Country": "Cyprus", "CountryCode": "", "Province": "", "City": "", "CityCode": "", "Lat": "0", "Lon": "0", "Confirmed": 33909, "Deaths": 231, "Recovered": 2057, "Active": 31621, "Date": "2021-02-25T00:00:00Z"}, {"Country": "Cyprus", "CountryCode": "", "Province": "", "City": "", "CityCode": "", "Lat": "0", "Lon": "0", "Confirmed": 34181, "Deaths": 231, "Recovered": 2057, "Active": 31893, "Date": "2021-02-26T00:00:00Z"}, {"Country": "Cyprus", "CountryCode": "", "Province": "", "City": "", "CityCode": "", "Lat": "0", "Lon": "0", "Confirmed": 34424, "Deaths": 231, "Recovered": 2057, "Active": 32136, "Date": "2021-02-27T00:00:00Z"}, {"Country": "Cyprus", "CountryCode": "", "Province": "", "City": "", "CityCode": "", "Lat": "0", "Lon": "0", "Confirmed": 34707, "Deaths": 231, "Recovered": 2057, "Active": 32419, "Date": "2021-02-28T00:00:00Z"}, {"Country": "Cyprus", "CountryCode": "", "Province": "", "City": "", "CityCode": "", "Lat": "0", "Lon": "0", "Confirmed": 35009, "Deaths": 231, "Recovered": 2057, "Active": 32721, "Date": "2021-03-01T00:00:00Z"}, {"Country": "Cyprus", "CountryCode": "", "Province": "", "City": "", "CityCode": "", "Lat": "0", "Lon": "0", "Confirmed": 35297, "Deaths": 232, "Recovered": 2057, "Active": 33008, "Date": "2021-03-02T00:00:00Z"}, {"Country": "Cyprus", "CountryCode": "", "Province": "", "City": "", "CityCode": "", "Lat": "0", "Lon": "0", "Confirmed": 35620, "Deaths": 232, "Recovered": 2057, "Active": 33331, "Date": "2021-03-03T00:00:00Z"}, {"Country": "Cyprus", "CountryCode": "", "Province": "", "City": "", "CityCode": "", "Lat": "0", "Lon": "0", "Confirmed": 36004, "Deaths": 232, "Recovered": 2057, "Active": 33715, "Date": "2021-03-04T00:00:00Z"}, {"Country": "Cyprus", "CountryCode": "", "Province": "", "City": "", "CityCode": "", "Lat": "0", "Lon": "0", "Confirmed": 36277, "Deaths": 232, "Recovered": 2057, "Active": 33988, "Date": "2021-03-05T00:00:00Z"}, {"Country": "Cyprus", "CountryCode": "", "Province": "", "City": "", "CityCode": "", "Lat": "0", "Lon": "0", "Confirmed": 36575, "Deaths": 232, "Recovered": 2057, "Active": 34286, "Date": "2021-03-06T00:00:00Z"}, {"Country": "Cyprus", "CountryCode": "", "Province": "", "City": "", "CityCode": "", "Lat": "0", "Lon": "0", "Confirmed": 36878, "Deaths": 233, "Recovered": 2057, "Active": 36645, "Date": "2021-03-07T00:00:00Z"}, {"Country": "Cyprus", "CountryCode": "", "Province": "", "City": "", "CityCode": "", "Lat": "0", "Lon": "0", "Confirmed": 37230, "Deaths": 233, "Recovered": 2057, "Active": 34940, "Date": "2021-03-08T00:00:00Z"}, {"Country": "Cyprus", "CountryCode": "", "Province": "", "City": "", "CityCode": "", "Lat": "0", "Lon": "0", "Confirmed": 37650, "Deaths": 233, "Recovered": 2057, "Active": 35360, "Date": "2021-03-09T00:00:00Z"}, {"Country": "Cyprus", "CountryCode": "", "Province": "", "City": "", "CityCode": "", "Lat": "0", "Lon": "0", "Confirmed": 38065, "Deaths": 235, "Recovered": 2057, "Active": 35773, "Date": "2021-03-10T00:00:00Z"}, {"Country": "Cyprus", "CountryCode": "", "Province": "", "City": "", "CityCode": "", "Lat": "0", "Lon": "0", "Confirmed": 38496, "Deaths": 236, "Recovered": 2057, "Active": 36203, "Date": "2021-03-11T00:00:00Z"}, {"Country": "Cyprus", "CountryCode": "", "Province": "", "City": "", "CityCode": "", "Lat": "0", "Lon": "0", "Confirmed": 38879, "Deaths": 238, "Recovered": 2057, "Active": 36584, "Date": "2021-03-12T00:00:00Z"}, {"Country": "Cyprus", "CountryCode": "", "Province": "", "City": "", "CityCode": "", "Lat": "0", "Lon": "0", "Confirmed": 39277, "Deaths": 238, "Recovered": 2057, "Active": 36982, "Date": "2021-03-13T00:00:00Z"}]