[{"Country": "Czech Republic", "CountryCode": "", "Province": "", "City": "", "CityCode": "", "Lat": "0", "Lon": "0", "Confirmed": 3, "Deaths": 0, "Recovered": 0, "Active": 3, "Date": "2020-03-01T00:00:00Z"}, {"Country": "Czech Republic", "CountryCode": "", "Province": "", "City": "", "CityCode": "", "Lat": "0", "Lon": "0", "Confirmed": 3, "Deaths": 0, "Recovered": 0, "Active": 3, "Date": "2020-03-02T00:00:00Z"}, {"Country": "Czech Republic", "CountryCode": "", "Province": "", "City": "", "CityCode": "", "Lat": "0", "Lon": "0", "Confirmed": 5, "Deaths": 0, "Recovered": 0, "Active": 5, "Date": "2020-03-03T00:00:00Z"}, {"Country": "Czech Republic", "CountryCode": "", "Province": "", "City": "", "CityCode": "", "Lat": "0", "Lon": "0", "Confirmed": 8, "Deaths": 0, "Recovered": 0, "Active": 8, "Date": "2020-03-04T00:00:00Z"}, {"Country": "Czech Republic", "CountryCode": "", "Province": "", "City": "", "CityCode": "", "Lat": "0", "Lon": "0", "Confirmed": 12, "Deaths": 0, "Recovered": 0, "Active": 12, "Date": "2020-03-05T00:00:00Z"}, {"Country": "Czech Republic", "CountryCode": "", "Province": "", "City": "", "CityCode": "", "Lat": "0", "Lon": "0", "Confirmed": 18, "Deaths": 0, "Recovered": 0, "Active": 18, "Date": "2020-03-06T00:00:00Z"}, {"Country": "Czech Republic", "CountryCode": "", "Province": "", "City": "", "CityCode": "", "Lat": "0", "Lon": "0", "Confirmed": 19, "Deaths": 0, "Recovered": 0, "Active": 19, "Date": "2020-03-07T00:00:00Z"}, {"Country": "Czech Republic", "CountryCode": "", "Province": "", "City": "", "CityCode": "", "Lat": "0", "Lon": "0", "Confirmed": 31, "Deaths": 0, "Recovered": 0, "Active": 31, "Date": "2020-03-08T00:00:00Z"}, {"Country": "Czech Republic", "CountryCode": "", "Province": "", "City": "", "CityCode": "", "Lat": "0", "Lon": "0", "Confirmed": 31, "Deaths": 0, "Recovered": 0, "Active": 31, "Date": "2020-03-09T00:00:00Z"}, {"Country": "Czech Republic", "CountryCode": "", "Province": "", "City": "", "CityCode": "", "Lat": "0", "Lon": "0", "Confirmed": 41, "Deaths": 0, "Recovered": 0, "Active": 41, "Date": "2020-03-10T00:00:00Z"}, {"Country": "Czech Republic", "CountryCode": "", "Province": "", "City": "", "CityCode": "", "Lat": "0", "Lon": "0", "Confirmed": 91, "Deaths": 0, "Recovered": 0, "Active": 91, "Date": "2020-03-11T00:00:00Z"}, {"Country": "Czech Republic", "CountryCode": "", "Province": "", "City": "", "CityCode": "", "Lat": "0", "Lon": "0", "Confirmed": 94, "Deaths": 0, "Recovered": 0, "Active": 94, "Date": "2020-03-12T00:00:00Z"}, {"Country": "Czech Republic", "CountryCode": "", "Province": "", "City": "", "CityCode": "", "Lat": "0", "Lon": "0", "Confirmed": 141, "Deaths": 0, "Recovered": 0, "Active": 141, "Date": "2020-03-13T00:00:00Z"}, {"Country": "Czech Republic", "CountryCode": "", "Province": "", "City": "", "CityCode": "", "Lat": "0", "Lon": "0", "Confirmed": 189, "Deaths": 0, "Recovered": 0, "Active": 189, "Date": "2020-03-14T00:00:00Z"}, {"Country": "Czech Republic", "CountryCode": "", "Province": "", "City": "", "CityCode": "", "Lat": "0", "Lon": "0", "Confirmed": 253, "Deaths": 0, "Recovered": 0, "Active": 253, "Date": "2020-03-15T00:00:00Z"}, {"Country": "Czech Republic", "CountryCode": "", "Province": "", "City": "", "CityCode": "", "Lat": "0", "Lon": "0", "Confirmed": 298, "Deaths": 0, "Recovered": 3, "Active": 295, "Date": "2020-03-16T00:00:00Z"}, {"Country": "Czech Republic", "CountryCode": "", "Province": "", "City": "", "CityCode": "", "Lat": "0", "Lon": "0", "Confirmed": 396, "Deaths": 0, "Recovered": 3, "Active": 393, "Date": "2020-03-17T00:00:00Z"}, {"Country": "Czech Republic", "CountryCode": "", "Province": "", "City": "", "CityCode": "", "Lat": "0", "Lon": "0", "Confirmed": 464, "Deaths": 0, "Recovered": 3, "Active": 461, "Date": "2020-03-18T00:00:00Z"}, {"Country": "Czech Republic", "CountryCode": "", "Province": "", "City": "", "CityCode": "", "Lat": "0", "Lon": "0", "Confirmed": 694, "Deaths": 0, "Recovered": 3, "Active": 691, "Date": "2020-03-19T00:00:00Z"}, {"Country": "Czech Republic", "CountryCode": "", "Province": "", "City": "", "CityCode": "", "Lat": "0", "Lon": "0", "Confirmed": 833, "Deaths": 0, "Recovered": 4, "Active": 829, "Date": "2020-03-20T00:00:00Z"}, {"Country": "Czech Republic", "CountryCode": "", "Province": "", "City": "", "CityCode": "", "Lat": "0", "Lon": "0", "Confirmed": 995, "Deaths": 0, "Recovered": 6, "Active": 989, "Date": "2020-03-21T00:00:00Z"}, {"Country": "Czech Republic", "CountryCode": "", "Province": "", "City": "", "CityCode": "", "Lat": "0", "Lon": "0", "Confirmed": 1120, "Deaths": 1, "Recovered": 6, "Active": 1113, "Date": "2020-03-22T00:00:00Z"}, {"Country": "Czech Republic", "CountryCode": "", "Province": "", "City": "", "CityCode": "", "Lat": "0", "Lon": "0", "Confirmed": 1236, "Deaths": 1, "Recovered": 6, "Active": 1229, "Date": "2020-03-23T00:00:00Z"}, {"Country": "Czech Republic", "CountryCode": "", "Province": "", "City": "", "CityCode": "", "Lat": "0", "Lon": "0", "Confirmed": 1394, "Deaths": 3, "Recovered": 10, "Active": 1381, "Date": "2020-03-24T00:00:00Z"}, {"Country": "Czech Republic", "CountryCode": "", "Province": "", "City": "", "CityCode": "", "Lat": "0", "Lon": "0", "Confirmed": 1654, "Deaths": 6, "Recovered": 10, "Active": 1638, "Date": "2020-03-25T00:00:00Z"}, {"Country": "Czech Republic", "CountryCode": "", "Province": "", "City": "", "CityCode": "", "Lat": "0", "Lon": "0", "Confirmed": 1925, "Deaths": 9, "Recovered": 10, "Active": 1906, "Date": "2020-03-26T00:00:00Z"}, {"Country": "Czech Republic", "CountryCode": "", "Province": "", "City": "", "CityCode": "", "Lat": "0", "Lon": "0", "Confirmed": 2279, "Deaths": 9, "Recovered": 11, "Active": 2259, "Date": "2020-03-27T00:00:00Z"}, {"Country": "Czech Republic", "CountryCode": "", "Province": "", "City": "", "CityCode": "", "Lat": "0", "Lon": "0", "Confirmed": 2631, "Deaths": 11, "Recovered": 11, "Active": 2609, "Date": "2020-03-28T00:00:00Z"}, {"Country": "Czech Republic", "CountryCode": "", "Province": "", "City": "", "CityCode": "", "Lat": "0", "Lon": "0", "Confirmed": 2817, "Deaths": 16, "Recovered": 11, "Active": 2790, "Date": "2020-03-29T00:00:00Z"}, {"Country": "Czech Republic", "CountryCode": "", "Province": "", "City": "", "CityCode": "", "Lat": "0", "Lon": "0", "Confirmed": 3001, "Deaths": 23, "Recovered": 25, "Active": 2953, "Date": "2020-03-30T00:00:00Z"}, {"Country": "Czech Republic", "CountryCode": "", "Province": "", "City": "", "CityCode": "", "Lat": "0", "Lon": "0", "Confirmed": 3308, "Deaths": 31, "Recovered": 45, "Active": 3232, "Date": "2020-03-31T00:00:00Z"}, {"Country": "Czech Republic", "CountryCode": "", "Province": "", "City": "", "CityCode": "", "Lat": "0", "Lon": "0", "Confirmed": 3508, "Deaths": 39, "Recovered": 61, "Active": 3408, "Date": "2020-04-01T00:00:00Z"}, {"Country": "Czech Republic", "CountryCode": "", "Province": "", "City": "", "CityCode": "", "Lat": "0", "Lon": "0", "Confirmed": 3858, "Deaths": 44, "Recovered": 67, "Active": 3747, "Date": "2020-04-02T00:00:00Z"}, {"Country": "Czech Republic", "CountryCode": "", "Province": "", "City": "", "CityCode": "", "Lat": "0", "Lon": "0", "Confirmed": 4091, "Deaths": 53, "Recovered": 72, "Active": 3966, "Date": "2020-04-03T00:00:00Z"}, {"Country": "Czech Republic", "CountryCode": "", "Province": "", "City": "", "CityCode": "", "Lat": "0", "Lon": "0", "Confirmed": 4472, "Deaths": 59, "Recovered": 78, "Active": 4335, "Date": "2020-04-04T00:00:00Z"}, {"Country": "Czech Republic", "CountryCode": "", "Province": "", "City": "", "CityCode": "", "Lat": "0", "Lon": "0", "Confirmed": 4587, "Deaths": 67, "Recovered": 96, "Active": 4424, "Date": "2020-04-05T00:00:00Z"}, {"Country": "Czech Republic", "CountryCode": "", "Province": "", "City": "", "CityCode": "", "Lat": "0", "Lon": "0", "Confirmed": 4822, "Deaths": 78, "Recovered": 121, "Active": 4623, "Date": "2020-04-06T00:00:00Z"}, {"Country": "Czech Republic", "CountryCode": "", "Province": "", "City": "", "CityCode": "", "Lat": "0", "Lon": "0", "Confirmed": 5017, "Deaths": 88, "Recovered": 172, "Active": 4757, "Date": "2020-04-07T00:00:00Z"}, {"Country": "Czech Republic", "CountryCode": "", "Province": "", "City": "", "CityCode": "", "Lat": "0", "Lon": "0", "Confirmed": 5312, "Deaths": 99, "Recovered": 233, "Active": 4980, "Date": "2020-04-08T00:00:00Z"}, {"Country": "Czech Republic", "CountryCode": "", "Province": "", "City": "", "CityCode": "", "Lat": "0", "Lon": "0", "Confirmed": 5569, "Deaths": 112, "Recovered": 301, "Active": 5156, "Date": "2020-04-09T00:00:00Z"}, {"Country": "Czech Republic", "CountryCode": "", "Province": "", "City": "", "CityCode": "", "Lat": "0", "Lon": "0", "Confirmed": 5732, "Deaths": 119, "Recovered": 346, "Active": 5267, "Date": "2020-04-10T00:00:00Z"}, {"Country": "Czech Republic", "CountryCode": "", "Province": "", "City": "", "CityCode": "", "Lat": "0", "Lon": "0", "Confirmed": 5831, "Deaths": 129, "Recovered": 411, "Active": 5291, "Date": "2020-04-11T00:00:00Z"}, {"Country": "Czech Republic", "CountryCode": "", "Province": "", "City": "", "CityCode": "", "Lat": "0", "Lon": "0", "Confirmed": 5991, "Deaths": 138, "Recovered": 464, "Active": 5389, "Date": "2020-04-12T00:00:00Z"}, {"Country": "Czech Republic", "CountryCode": "", "Province": "", "City": "", "CityCode": "", "Lat": "0", "Lon": "0", "Confirmed": 6059, "Deaths": 143, "Recovered": 519, "Active": 5397, "Date": "2020-04-13T00:00:00Z"}, {"Country": "Czech Republic", "CountryCode": "", "Province": "", "City": "", "CityCode": "", "Lat": "0", "Lon": "0", "Confirmed": 6111, "Deaths": 161, "Recovered": 642, "Active": 5308, "Date": "2020-04-14T00:00:00Z"}, {"Country": "Czech Republic", "CountryCode": "", "Province": "", "City": "", "CityCode": "", "Lat": "0", "Lon": "0", "Confirmed": 6216, "Deaths": 166, "Recovered": 819, "Active": 5231, "Date": "2020-04-15T00:00:00Z"}, {"Country": "Czech Republic", "CountryCode": "", "Province": "", "City": "", "CityCode": "", "Lat": "0", "Lon": "0", "Confirmed": 6433, "Deaths": 169, "Recovered": 972, "Active": 5292, "Date": "2020-04-16T00:00:00Z"}, {"Country": "Czech Republic", "CountryCode": "", "Province": "", "City": "", "CityCode": "", "Lat": "0", "Lon": "0", "Confirmed": 6549, "Deaths": 173, "Recovered": 1174, "Active": 5202, "Date": "2020-04-17T00:00:00Z"}, {"Country": "Czech Republic", "CountryCode": "", "Province": "", "City": "", "CityCode": "", "Lat": "0", "Lon": "0", "Confirmed": 6606, "Deaths": 181, "Recovered": 1227, "Active": 5198, "Date": "2020-04-18T00:00:00Z"}, {"Country": "Czech Republic", "CountryCode": "", "Province": "", "City": "", "CityCode": "", "Lat": "0", "Lon": "0", "Confirmed": 6746, "Deaths": 186, "Recovered": 1298, "Active": 5262, "Date": "2020-04-19T00:00:00Z"}, {"Country": "Czech Republic", "CountryCode": "", "Province": "", "City": "", "CityCode": "", "Lat": "0", "Lon": "0", "Confirmed": 6900, "Deaths": 194, "Recovered": 1559, "Active": 5147, "Date": "2020-04-20T00:00:00Z"}, {"Country": "Czech Republic", "CountryCode": "", "Province": "", "City": "", "CityCode": "", "Lat": "0", "Lon": "0", "Confirmed": 7033, "Deaths": 201, "Recovered": 1753, "Active": 5079, "Date": "2020-04-21T00:00:00Z"}, {"Country": "Czech Republic", "CountryCode": "", "Province": "", "City": "", "CityCode": "", "Lat": "0", "Lon": "0", "Confirmed": 7132, "Deaths": 208, "Recovered": 1989, "Active": 4935, "Date": "2020-04-22T00:00:00Z"}, {"Country": "Czech Republic", "CountryCode": "", "Province": "", "City": "", "CityCode": "", "Lat": "0", "Lon": "0", "Confirmed": 7187, "Deaths": 210, "Recovered": 2152, "Active": 4825, "Date": "2020-04-23T00:00:00Z"}, {"Country": "Czech Republic", "CountryCode": "", "Province": "", "City": "", "CityCode": "", "Lat": "0", "Lon": "0", "Confirmed": 7273, "Deaths": 214, "Recovered": 2371, "Active": 4688, "Date": "2020-04-24T00:00:00Z"}, {"Country": "Czech Republic", "CountryCode": "", "Province": "", "City": "", "CityCode": "", "Lat": "0", "Lon": "0", "Confirmed": 7352, "Deaths": 218, "Recovered": 2453, "Active": 4681, "Date": "2020-04-25T00:00:00Z"}, {"Country": "Czech Republic", "CountryCode": "", "Province": "", "City": "", "CityCode": "", "Lat": "0", "Lon": "0", "Confirmed": 7404, "Deaths": 220, "Recovered": 2545, "Active": 4639, "Date": "2020-04-26T00:00:00Z"}, {"Country": "Czech Republic", "CountryCode": "", "Province": "", "City": "", "CityCode": "", "Lat": "0", "Lon": "0", "Confirmed": 7445, "Deaths": 223, "Recovered": 2826, "Active": 4396, "Date": "2020-04-27T00:00:00Z"}, {"Country": "Czech Republic", "CountryCode": "", "Province": "", "City": "", "CityCode": "", "Lat": "0", "Lon": "0", "Confirmed": 7504, "Deaths": 227, "Recovered": 2948, "Active": 4329, "Date": "2020-04-28T00:00:00Z"}, {"Country": "Czech Republic", "CountryCode": "", "Province": "", "City": "", "CityCode": "", "Lat": "0", "Lon": "0", "Confirmed": 7579, "Deaths": 227, "Recovered": 3108, "Active": 4244, "Date": "2020-04-29T00:00:00Z"}, {"Country": "Czech Republic", "CountryCode": "", "Province": "", "City": "", "CityCode": "", "Lat": "0", "Lon": "0", "Confirmed": 7682, "Deaths": 236, "Recovered": 3314, "Active": 4132, "Date": "2020-04-30T00:00:00Z"}, {"Country": "Czech Republic", "CountryCode": "", "Province": "", "City": "", "CityCode": "", "Lat": "0", "Lon": "0", "Confirmed": 7737, "Deaths": 240, "Recovered": 3372, "Active": 4125, "Date": "2020-05-01T00:00:00Z"}, {"Country": "Czech Republic", "CountryCode": "", "Province": "", "City": "", "CityCode": "", "Lat": "0", "Lon": "0", "Confirmed": 7755, "Deaths": 245, "Recovered": 3461, "Active": 4049, "Date": "2020-05-02T00:00:00Z"}, {"Country": "Czech Republic", "CountryCode": "", "Province": "", "City": "", "CityCode": "", "Lat": "0", "Lon": "0", "Confirmed": 7781, "Deaths": 248, "Recovered": 3587, "Active": 3946, "Date": "2020-05-03T00:00:00Z"}, {"Country": "Czech Republic", "CountryCode": "", "Province": "", "City": "", "CityCode": "", "Lat": "0", "Lon": "0", "Confirmed": 7819, "Deaths": 252, "Recovered": 3807, "Active": 3760, "Date": "2020-05-04T00:00:00Z"}, {"Country": "Czech Republic", "CountryCode": "", "Province": "", "City": "", "CityCode": "", "Lat": "0", "Lon": "0", "Confirmed": 7896, "Deaths": 257, "Recovered": 4006, "Active": 3633, "Date": "2020-05-05T00:00:00Z"}, {"Country": "Czech Republic", "CountryCode": "", "Province": "", "City": "", "CityCode": "", "Lat": "0", "Lon": "0", "Confirmed": 7974, "Deaths": 262, "Recovered": 4205, "Active": 3507, "Date": "2020-05-06T00:00:00Z"}, {"Country": "Czech Republic", "CountryCode": "", "Province": "", "City": "", "CityCode": "", "Lat": "0", "Lon": "0", "Confirmed": 8031, "Deaths": 270, "Recovered": 4371, "Active": 3390, "Date": "2020-05-07T00:00:00Z"}, {"Country": "Czech Republic", "CountryCode": "", "Province": "", "City": "", "CityCode": "", "Lat": "0", "Lon": "0", "Confirmed": 8077, "Deaths": 273, "Recovered": 4413, "Active": 3391, "Date": "2020-05-08T00:00:00Z"}, {"Country": "Czech Republic", "CountryCode": "", "Province": "", "City": "", "CityCode": "", "Lat": "0", "Lon": "0", "Confirmed": 8095, "Deaths": 276, "Recovered": 4447, "Active": 3372, "Date": "2020-05-09T00:00:00Z"}, {"Country": "Czech Republic", "CountryCode": "", "Province": "", "City": "", "CityCode": "", "Lat": "0", "Lon": "0", "Confirmed": 8123, "Deaths": 280, "Recovered": 4474, "Active": 3369, "Date": "2020-05-10T00:00:00Z"}, {"Country": "Czech Republic", "CountryCode": "", "Province": "", "City": "", "CityCode": "", "Lat": "0", "Lon": "0", "Confirmed": 8176, "Deaths": 282, "Recovered": 4711, "Active": 3183, "Date": "2020-05-11T00:00:00Z"}, {"Country": "Czech Republic", "CountryCode": "", "Province": "", "City": "", "CityCode": "", "Lat": "0", "Lon": "0", "Confirmed": 8221, "Deaths": 283, "Recovered": 4889, "Active": 3049, "Date": "2020-05-12T00:00:00Z"}, {"Country": "Czech Republic", "CountryCode": "", "Province": "", "City": "", "CityCode": "", "Lat": "0", "Lon": "0", "Confirmed": 8269, "Deaths": 290, "Recovered": 5047, "Active": 2932, "Date": "2020-05-13T00:00:00Z"}, {"Country": "Czech Republic", "CountryCode": "", "Province": "", "City": "", "CityCode": "", "Lat": "0", "Lon": "0", "Confirmed": 8351, "Deaths": 293, "Recovered": 5241, "Active": 2817, "Date": "2020-05-14T00:00:00Z"}, {"Country": "Czech Republic", "CountryCode": "", "Province": "", "City": "", "CityCode": "", "Lat": "0", "Lon": "0", "Confirmed": 8406, "Deaths": 295, "Recovered": 5381, "Active": 2730, "Date": "2020-05-15T00:00:00Z"}, {"Country": "Czech Republic", "CountryCode": "", "Province": "", "City": "", "CityCode": "", "Lat": "0", "Lon": "0", "Confirmed": 8455, "Deaths": 296, "Recovered": 5422, "Active": 2737, "Date": "2020-05-16T00:00:00Z"}, {"Country": "Czech Republic", "CountryCode": "", "Province": "", "City": "", "CityCode": "", "Lat": "0", "Lon": "0", "Confirmed": 8475, "Deaths": 298, "Recovered": 5462, "Active": 2715, "Date": "2020-05-17T00:00:00Z"}, {"Country": "Czech Republic", "CountryCode": "", "Province": "", "City": "", "CityCode": "", "Lat": "0", "Lon": "0", "Confirmed": 8586, "Deaths": 297, "Recovered": 5641, "Active": 2648, "Date": "2020-05-18T00:00:00Z"}, {"Country": "Czech Republic", "CountryCode": "", "Province": "", "City": "", "CityCode": "", "Lat": "0", "Lon": "0", "Confirmed": 8647, "Deaths": 302, "Recovered": 5726, "Active": 2619, "Date": "2020-05-19T00:00:00Z"}, {"Country": "Czech Republic", "CountryCode": "", "Province": "", "City": "", "CityCode": "", "Lat": "0", "Lon": "0", "Confirmed": 8721, "Deaths": 304, "Recovered": 5830, "Active": 2587, "Date": "2020-05-20T00:00:00Z"}, {"Country": "Czech Republic", "CountryCode": "", "Province": "", "City": "", "CityCode": "", "Lat": "0", "Lon": "0", "Confirmed": 8754, "Deaths": 306, "Recovered": 5926, "Active": 2522, "Date": "2020-05-21T00:00:00Z"}, {"Country": "Czech Republic", "CountryCode": "", "Province": "", "City": "", "CityCode": "", "Lat": "0", "Lon": "0", "Confirmed": 8813, "Deaths": 312, "Recovered": 6025, "Active": 2476, "Date": "2020-05-22T00:00:00Z"}, {"Country": "Czech Republic", "CountryCode": "", "Province": "", "City": "", "CityCode": "", "Lat": "0", "Lon": "0", "Confirmed": 8890, "Deaths": 314, "Recovered": 6044, "Active": 2532, "Date": "2020-05-23T00:00:00Z"}, {"Country": "Czech Republic", "CountryCode": "", "Province": "", "City": "", "CityCode": "", "Lat": "0", "Lon": "0", "Confirmed": 8955, "Deaths": 315, "Recovered": 6078, "Active": 2562, "Date": "2020-05-24T00:00:00Z"}, {"Country": "Czech Republic", "CountryCode": "", "Province": "", "City": "", "CityCode": "", "Lat": "0", "Lon": "0", "Confirmed": 9002, "Deaths": 317, "Recovered": 6182, "Active": 2503, "Date": "2020-05-25T00:00:00Z"}, {"Country": "Czech Republic", "CountryCode": "", "Province": "", "City": "", "CityCode": "", "Lat": "0", "Lon": "0", "Confirmed": 9050, "Deaths": 317, "Recovered": 6270, "Active": 2463, "Date": "2020-05-26T00:00:00Z"}, {"Country": "Czech Republic", "CountryCode": "", "Province": "", "City": "", "CityCode": "", "Lat": "0", "Lon": "0", "Confirmed": 9086, "Deaths": 317, "Recovered": 6370, "Active": 2399, "Date": "2020-05-27T00:00:00Z"}, {"Country": "Czech Republic", "CountryCode": "", "Province": "", "City": "", "CityCode": "", "Lat": "0", "Lon": "0", "Confirmed": 9140, "Deaths": 319, "Recovered": 6460, "Active": 2361, "Date": "2020-05-28T00:00:00Z"}, {"Country": "Czech Republic", "CountryCode": "", "Province": "", "City": "", "CityCode": "", "Lat": "0", "Lon": "0", "Confirmed": 9196, "Deaths": 319, "Recovered": 6500, "Active": 2377, "Date": "2020-05-29T00:00:00Z"}, {"Country": "Czech Republic", "CountryCode": "", "Province": "", "City": "", "CityCode": "", "Lat": "0", "Lon": "0", "Confirmed": 9230, "Deaths": 319, "Recovered": 6546, "Active": 2365, "Date": "2020-05-30T00:00:00Z"}, {"Country": "Czech Republic", "CountryCode": "", "Province": "", "City": "", "CityCode": "", "Lat": "0", "Lon": "0", "Confirmed": 9268, "Deaths": 320, "Recovered": 6558, "Active": 2390, "Date": "2020-05-31T00:00:00Z"}, {"Country": "Czech Republic", "CountryCode": "", "Province": "", "City": "", "CityCode": "", "Lat": "0", "Lon": "0", "Confirmed": 9302, "Deaths": 321, "Recovered": 6642, "Active": 2339, "Date": "2020-06-01T00:00:00Z"}, {"Country": "Czech Republic", "CountryCode": "", "Province": "", "City": "", "CityCode": "", "Lat": "0", "Lon": "0", "Confirmed": 9364, "Deaths": 323, "Recovered": 6686, "Active": 2355, "Date": "2020-06-02T00:00:00Z"}, {"Country": "Czech Republic", "CountryCode": "", "Province": "", "City": "", "CityCode": "", "Lat": "0", "Lon": "0", "Confirmed": 9438, "Deaths": 325, "Recovered": 6749, "Active": 2364, "Date": "2020-06-03T00:00:00Z"}, {"Country": "Czech Republic", "CountryCode": "", "Province": "", "City": "", "CityCode": "", "Lat": "0", "Lon": "0", "Confirmed": 9494, "Deaths": 326, "Recovered": 6809, "Active": 2359, "Date": "2020-06-04T00:00:00Z"}, {"Country": "Czech Republic", "CountryCode": "", "Province": "", "City": "", "CityCode": "", "Lat": "0", "Lon": "0", "Confirmed": 9529, "Deaths": 327, "Recovered": 6881, "Active": 2321, "Date": "2020-06-05T00:00:00Z"}, {"Country": "Czech Republic", "CountryCode": "", "Province": "", "City": "", "CityCode": "", "Lat": "0", "Lon": "0", "Confirmed": 9567, "Deaths": 327, "Recovered": 6885, "Active": 2355, "Date": "2020-06-06T00:00:00Z"}, {"Country": "Czech Republic", "CountryCode": "", "Province": "", "City": "", "CityCode": "", "Lat": "0", "Lon": "0", "Confirmed": 9628, "Deaths": 327, "Recovered": 6891, "Active": 2410, "Date": "2020-06-07T00:00:00Z"}, {"Country": "Czech Republic", "CountryCode": "", "Province": "", "City": "", "CityCode": "", "Lat": "0", "Lon": "0", "Confirmed": 9697, "Deaths": 328, "Recovered": 6994, "Active": 2375, "Date": "2020-06-08T00:00:00Z"}, {"Country": "Czech Republic", "CountryCode": "", "Province": "", "City": "", "CityCode": "", "Lat": "0", "Lon": "0", "Confirmed": 9751, "Deaths": 328, "Recovered": 7053, "Active": 2370, "Date": "2020-06-09T00:00:00Z"}, {"Country": "Czech Republic", "CountryCode": "", "Province": "", "City": "", "CityCode": "", "Lat": "0", "Lon": "0", "Confirmed": 9824, "Deaths": 330, "Recovered": 7111, "Active": 2383, "Date": "2020-06-10T00:00:00Z"}, {"Country": "Czech Republic", "CountryCode": "", "Province": "", "City": "", "CityCode": "", "Lat": "0", "Lon": "0", "Confirmed": 9855, "Deaths": 328, "Recovered": 7166, "Active": 2361, "Date": "2020-06-11T00:00:00Z"}, {"Country": "Czech Republic", "CountryCode": "", "Province": "", "City": "", "CityCode": "", "Lat": "0", "Lon": "0", "Confirmed": 9938, "Deaths": 329, "Recovered": 7215, "Active": 2394, "Date": "2020-06-12T00:00:00Z"}, {"Country": "Czech Republic", "CountryCode": "", "Province": "", "City": "", "CityCode": "", "Lat": "0", "Lon": "0", "Confirmed": 9991, "Deaths": 328, "Recovered": 7219, "Active": 2444, "Date": "2020-06-13T00:00:00Z"}, {"Country": "Czech Republic", "CountryCode": "", "Province": "", "City": "", "CityCode": "", "Lat": "0", "Lon": "0", "Confirmed": 10024, "Deaths": 329, "Recovered": 7226, "Active": 2469, "Date": "2020-06-14T00:00:00Z"}, {"Country": "Czech Republic", "CountryCode": "", "Province": "", "City": "", "CityCode": "", "Lat": "0", "Lon": "0", "Confirmed": 10064, "Deaths": 330, "Recovered": 7296, "Active": 2438, "Date": "2020-06-15T00:00:00Z"}, {"Country": "Czech Republic", "CountryCode": "", "Province": "", "City": "", "CityCode": "", "Lat": "0", "Lon": "0", "Confirmed": 10111, "Deaths": 331, "Recovered": 7358, "Active": 2422, "Date": "2020-06-16T00:00:00Z"}, {"Country": "Czech Republic", "CountryCode": "", "Province": "", "City": "", "CityCode": "", "Lat": "0", "Lon": "0", "Confirmed": 10162, "Deaths": 333, "Recovered": 7399, "Active": 2430, "Date": "2020-06-17T00:00:00Z"}, {"Country": "Czech Republic", "CountryCode": "", "Province": "", "City": "", "CityCode": "", "Lat": "0", "Lon": "0", "Confirmed": 10280, "Deaths": 334, "Recovered": 7440, "Active": 2506, "Date": "2020-06-18T00:00:00Z"}, {"Country": "Czech Republic", "CountryCode": "", "Province": "", "City": "", "CityCode": "", "Lat": "0", "Lon": "0", "Confirmed": 10406, "Deaths": 335, "Recovered": 7473, "Active": 2598, "Date": "2020-06-19T00:00:00Z"}, {"Country": "Czech Republic", "CountryCode": "", "Province": "", "City": "", "CityCode": "", "Lat": "0", "Lon": "0", "Confirmed": 10448, "Deaths": 336, "Recovered": 7477, "Active": 2635, "Date": "2020-06-20T00:00:00Z"}, {"Country": "Czech Republic", "CountryCode": "", "Province": "", "City": "", "CityCode": "", "Lat": "0", "Lon": "0", "Confirmed": 10498, "Deaths": 336, "Recovered": 7499, "Active": 2663, "Date": "2020-06-21T00:00:00Z"}, {"Country": "Czech Republic", "CountryCode": "", "Province": "", "City": "", "CityCode": "", "Lat": "0", "Lon": "0", "Confirmed": 10523, "Deaths": 336, "Recovered": 7537, "Active": 2650, "Date": "2020-06-22T00:00:00Z"}, {"Country": "Czech Republic", "CountryCode": "", "Province": "", "City": "", "CityCode": "", "Lat": "0", "Lon": "0", "Confirmed": 10650, "Deaths": 339, "Recovered": 7555, "Active": 2756, "Date": "2020-06-23T00:00:00Z"}, {"Country": "Czech Republic", "CountryCode": "", "Province": "", "City": "", "CityCode": "", "Lat": "0", "Lon": "0", "Confirmed": 10777, "Deaths": 343, "Recovered": 7588, "Active": 2846, "Date": "2020-06-24T00:00:00Z"}, {"Country": "Czech Republic", "CountryCode": "", "Province": "", "City": "", "CityCode": "", "Lat": "0", "Lon": "0", "Confirmed": 10870, "Deaths": 345, "Recovered": 7649, "Active": 2876, "Date": "2020-06-25T00:00:00Z"}, {"Country": "Czech Republic", "CountryCode": "", "Province": "", "City": "", "CityCode": "", "Lat": "0", "Lon": "0", "Confirmed": 11038, "Deaths": 349, "Recovered": 7668, "Active": 3021, "Date": "2020-06-26T00:00:00Z"}, {"Country": "Czech Republic", "CountryCode": "", "Province": "", "City": "", "CityCode": "", "Lat": "0", "Lon": "0", "Confirmed": 11298, "Deaths": 349, "Recovered": 7682, "Active": 3267, "Date": "2020-06-27T00:00:00Z"}, {"Country": "Czech Republic", "CountryCode": "", "Province": "", "City": "", "CityCode": "", "Lat": "0", "Lon": "0", "Confirmed": 11603, "Deaths": 348, "Recovered": 7705, "Active": 3550, "Date": "2020-06-28T00:00:00Z"}, {"Country": "Czech Republic", "CountryCode": "", "Province": "", "City": "", "CityCode": "", "Lat": "0", "Lon": "0", "Confirmed": 11805, "Deaths": 348, "Recovered": 7746, "Active": 3711, "Date": "2020-06-29T00:00:00Z"}, {"Country": "Czech Republic", "CountryCode": "", "Province": "", "City": "", "CityCode": "", "Lat": "0", "Lon": "0", "Confirmed": 11954, "Deaths": 349, "Recovered": 7771, "Active": 3834, "Date": "2020-06-30T00:00:00Z"}, {"Country": "Czech Republic", "CountryCode": "", "Province": "", "City": "", "CityCode": "", "Lat": "0", "Lon": "0", "Confirmed": 12046, "Deaths": 349, "Recovered": 7797, "Active": 3900, "Date": "2020-07-01T00:00:00Z"}, {"Country": "Czech Republic", "CountryCode": "", "Province": "", "City": "", "CityCode": "", "Lat": "0", "Lon": "0", "Confirmed": 12178, "Deaths": 353, "Recovered": 7822, "Active": 4003, "Date": "2020-07-02T00:00:00Z"}, {"Country": "Czech Republic", "CountryCode": "", "Province": "", "City": "", "CityCode": "", "Lat": "0", "Lon": "0", "Confirmed": 12319, "Deaths": 353, "Recovered": 7848, "Active": 4118, "Date": "2020-07-03T00:00:00Z"}, {"Country": "Czech Republic", "CountryCode": "", "Province": "", "City": "", "CityCode": "", "Lat": "0", "Lon": "0", "Confirmed": 12440, "Deaths": 351, "Recovered": 7852, "Active": 4237, "Date": "2020-07-04T00:00:00Z"}, {"Country": "Czech Republic", "CountryCode": "", "Province": "", "City": "", "CityCode": "", "Lat": "0", "Lon": "0", "Confirmed": 12515, "Deaths": 348, "Recovered": 7864, "Active": 4303, "Date": "2020-07-05T00:00:00Z"}, {"Country": "Czech Republic", "CountryCode": "", "Province": "", "City": "", "CityCode": "", "Lat": "0", "Lon": "0", "Confirmed": 12566, "Deaths": 350, "Recovered": 7873, "Active": 4343, "Date": "2020-07-06T00:00:00Z"}, {"Country": "Czech Republic", "CountryCode": "", "Province": "", "City": "", "CityCode": "", "Lat": "0", "Lon": "0", "Confirmed": 12685, "Deaths": 351, "Recovered": 7910, "Active": 4424, "Date": "2020-07-07T00:00:00Z"}, {"Country": "Czech Republic", "CountryCode": "", "Province": "", "City": "", "CityCode": "", "Lat": "0", "Lon": "0", "Confirmed": 12814, "Deaths": 351, "Recovered": 8010, "Active": 4453, "Date": "2020-07-08T00:00:00Z"}, {"Country": "Czech Republic", "CountryCode": "", "Province": "", "City": "", "CityCode": "", "Lat": "0", "Lon": "0", "Confirmed": 12919, "Deaths": 352, "Recovered": 8128, "Active": 4439, "Date": "2020-07-09T00:00:00Z"}, {"Country": "Czech Republic", "CountryCode": "", "Province": "", "City": "", "CityCode": "", "Lat": "0", "Lon": "0", "Confirmed": 13001, "Deaths": 352, "Recovered": 8208, "Active": 4441, "Date": "2020-07-10T00:00:00Z"}, {"Country": "Czech Republic", "CountryCode": "", "Province": "", "City": "", "CityCode": "", "Lat": "0", "Lon": "0", "Confirmed": 13115, "Deaths": 352, "Recovered": 8227, "Active": 4536, "Date": "2020-07-11T00:00:00Z"}, {"Country": "Czech Republic", "CountryCode": "", "Province": "", "City": "", "CityCode": "", "Lat": "0", "Lon": "0", "Confirmed": 13174, "Deaths": 352, "Recovered": 8247, "Active": 4575, "Date": "2020-07-12T00:00:00Z"}, {"Country": "Czech Republic", "CountryCode": "", "Province": "", "City": "", "CityCode": "", "Lat": "0", "Lon": "0", "Confirmed": 13238, "Deaths": 353, "Recovered": 8373, "Active": 4512, "Date": "2020-07-13T00:00:00Z"}, {"Country": "Czech Republic", "CountryCode": "", "Province": "", "City": "", "CityCode": "", "Lat": "0", "Lon": "0", "Confirmed": 13341, "Deaths": 355, "Recovered": 8441, "Active": 4545, "Date": "2020-07-14T00:00:00Z"}, {"Country": "Czech Republic", "CountryCode": "", "Province": "", "City": "", "CityCode": "", "Lat": "0", "Lon": "0", "Confirmed": 13475, "Deaths": 355, "Recovered": 8507, "Active": 4613, "Date": "2020-07-15T00:00:00Z"}, {"Country": "Czech Republic", "CountryCode": "", "Province": "", "City": "", "CityCode": "", "Lat": "0", "Lon": "0", "Confirmed": 13612, "Deaths": 355, "Recovered": 8640, "Active": 4617, "Date": "2020-07-16T00:00:00Z"}, {"Country": "Czech Republic", "CountryCode": "", "Province": "", "City": "", "CityCode": "", "Lat": "0", "Lon": "0", "Confirmed": 13742, "Deaths": 358, "Recovered": 8725, "Active": 4659, "Date": "2020-07-17T00:00:00Z"}, {"Country": "Czech Republic", "CountryCode": "", "Province": "", "City": "", "CityCode": "", "Lat": "0", "Lon": "0", "Confirmed": 13855, "Deaths": 358, "Recovered": 8733, "Active": 4764, "Date": "2020-07-18T00:00:00Z"}, {"Country": "Czech Republic", "CountryCode": "", "Province": "", "City": "", "CityCode": "", "Lat": "0", "Lon": "0", "Confirmed": 13945, "Deaths": 359, "Recovered": 8761, "Active": 4825, "Date": "2020-07-19T00:00:00Z"}, {"Country": "Czech Republic", "CountryCode": "", "Province": "", "City": "", "CityCode": "", "Lat": "0", "Lon": "0", "Confirmed": 14098, "Deaths": 359, "Recovered": 8836, "Active": 4903, "Date": "2020-07-20T00:00:00Z"}, {"Country": "Czech Republic", "CountryCode": "", "Province": "", "City": "", "CityCode": "", "Lat": "0", "Lon": "0", "Confirmed": 14324, "Deaths": 360, "Recovered": 8918, "Active": 5046, "Date": "2020-07-21T00:00:00Z"}, {"Country": "Czech Republic", "CountryCode": "", "Province": "", "City": "", "CityCode": "", "Lat": "0", "Lon": "0", "Confirmed": 14570, "Deaths": 364, "Recovered": 9144, "Active": 5062, "Date": "2020-07-22T00:00:00Z"}, {"Country": "Czech Republic", "CountryCode": "", "Province": "", "City": "", "CityCode": "", "Lat": "0", "Lon": "0", "Confirmed": 14800, "Deaths": 365, "Recovered": 9328, "Active": 5107, "Date": "2020-07-23T00:00:00Z"}, {"Country": "Czech Republic", "CountryCode": "", "Province": "", "City": "", "CityCode": "", "Lat": "0", "Lon": "0", "Confirmed": 15081, "Deaths": 369, "Recovered": 9422, "Active": 5290, "Date": "2020-07-24T00:00:00Z"}, {"Country": "Czech Republic", "CountryCode": "", "Province": "", "City": "", "CityCode": "", "Lat": "0", "Lon": "0", "Confirmed": 15212, "Deaths": 369, "Recovered": 9590, "Active": 5253, "Date": "2020-07-25T00:00:00Z"}, {"Country": "Czech Republic", "CountryCode": "", "Province": "", "City": "", "CityCode": "", "Lat": "0", "Lon": "0", "Confirmed": 15324, "Deaths": 371, "Recovered": 11428, "Active": 3525, "Date": "2020-07-26T00:00:00Z"}, {"Country": "Czech Republic", "CountryCode": "", "Province": "", "City": "", "CityCode": "", "Lat": "0", "Lon": "0", "Confirmed": 15516, "Deaths": 373, "Recovered": 11428, "Active": 3715, "Date": "2020-07-27T00:00:00Z"}, {"Country": "Czech Republic", "CountryCode": "", "Province": "", "City": "", "CityCode": "", "Lat": "0", "Lon": "0", "Confirmed": 15799, "Deaths": 374, "Recovered": 11428, "Active": 3997, "Date": "2020-07-28T00:00:00Z"}, {"Country": "Czech Republic", "CountryCode": "", "Province": "", "City": "", "CityCode": "", "Lat": "0", "Lon": "0", "Confirmed": 16093, "Deaths": 374, "Recovered": 11429, "Active": 4290, "Date": "2020-07-29T00:00:00Z"}, {"Country": "Czech Republic", "CountryCode": "", "Province": "", "City": "", "CityCode": "", "Lat": "0", "Lon": "0", "Confirmed": 16371, "Deaths": 379, "Recovered": 11482, "Active": 4510, "Date": "2020-07-30T00:00:00Z"}, {"Country": "Czech Republic", "CountryCode": "", "Province": "", "City": "", "CityCode": "", "Lat": "0", "Lon": "0", "Confirmed": 16574, "Deaths": 382, "Recovered": 11569, "Active": 4623, "Date": "2020-07-31T00:00:00Z"}, {"Country": "Czech Republic", "CountryCode": "", "Province": "", "City": "", "CityCode": "", "Lat": "0", "Lon": "0", "Confirmed": 16699, "Deaths": 383, "Recovered": 11587, "Active": 4729, "Date": "2020-08-01T00:00:00Z"}, {"Country": "Czech Republic", "CountryCode": "", "Province": "", "City": "", "CityCode": "", "Lat": "0", "Lon": "0", "Confirmed": 16800, "Deaths": 384, "Recovered": 11605, "Active": 4811, "Date": "2020-08-02T00:00:00Z"}, {"Country": "Czech Republic", "CountryCode": "", "Province": "", "City": "", "CityCode": "", "Lat": "0", "Lon": "0", "Confirmed": 17008, "Deaths": 386, "Recovered": 11708, "Active": 4914, "Date": "2020-08-03T00:00:00Z"}, {"Country": "Czech Republic", "CountryCode": "", "Province": "", "City": "", "CityCode": "", "Lat": "0", "Lon": "0", "Confirmed": 17286, "Deaths": 383, "Recovered": 11812, "Active": 5091, "Date": "2020-08-04T00:00:00Z"}, {"Country": "Czech Republic", "CountryCode": "", "Province": "", "City": "", "CityCode": "", "Lat": "0", "Lon": "0", "Confirmed": 17529, "Deaths": 388, "Recovered": 11909, "Active": 5232, "Date": "2020-08-05T00:00:00Z"}, {"Country": "Czech Republic", "CountryCode": "", "Province": "", "City": "", "CityCode": "", "Lat": "0", "Lon": "0", "Confirmed": 17731, "Deaths": 390, "Recovered": 12320, "Active": 5021, "Date": "2020-08-06T00:00:00Z"}, {"Country": "Czech Republic", "CountryCode": "", "Province": "", "City": "", "CityCode": "", "Lat": "0", "Lon": "0", "Confirmed": 18060, "Deaths": 389, "Recovered": 12749, "Active": 4922, "Date": "2020-08-07T00:00:00Z"}, {"Country": "Czech Republic", "CountryCode": "", "Province": "", "City": "", "CityCode": "", "Lat": "0", "Lon": "0", "Confirmed": 18235, "Deaths": 389, "Recovered": 12764, "Active": 5082, "Date": "2020-08-08T00:00:00Z"}, {"Country": "Czech Republic", "CountryCode": "", "Province": "", "City": "", "CityCode": "", "Lat": "0", "Lon": "0", "Confirmed": 18353, "Deaths": 390, "Recovered": 12785, "Active": 5178, "Date": "2020-08-09T00:00:00Z"}, {"Country": "Czech Republic", "CountryCode": "", "Province": "", "City": "", "CityCode": "", "Lat": "0", "Lon": "0", "Confirmed": 18494, "Deaths": 390, "Recovered": 12983, "Active": 5121, "Date": "2020-08-10T00:00:00Z"}, {"Country": "Czech Republic", "CountryCode": "", "Province": "", "City": "", "CityCode": "", "Lat": "0", "Lon": "0", "Confirmed": 18783, "Deaths": 391, "Recovered": 13222, "Active": 5170, "Date": "2020-08-11T00:00:00Z"}, {"Country": "Czech Republic", "CountryCode": "", "Province": "", "City": "", "CityCode": "", "Lat": "0", "Lon": "0", "Confirmed": 19075, "Deaths": 391, "Recovered": 13407, "Active": 5277, "Date": "2020-08-12T00:00:00Z"}, {"Country": "Czech Republic", "CountryCode": "", "Province": "", "City": "", "CityCode": "", "Lat": "0", "Lon": "0", "Confirmed": 19401, "Deaths": 391, "Recovered": 13574, "Active": 5436, "Date": "2020-08-13T00:00:00Z"}, {"Country": "Czech Republic", "CountryCode": "", "Province": "", "City": "", "CityCode": "", "Lat": "0", "Lon": "0", "Confirmed": 19693, "Deaths": 394, "Recovered": 13731, "Active": 5568, "Date": "2020-08-14T00:00:00Z"}, {"Country": "Czech Republic", "CountryCode": "", "Province": "", "City": "", "CityCode": "", "Lat": "0", "Lon": "0", "Confirmed": 19891, "Deaths": 395, "Recovered": 13763, "Active": 5733, "Date": "2020-08-15T00:00:00Z"}, {"Country": "Czech Republic", "CountryCode": "", "Province": "", "City": "", "CityCode": "", "Lat": "0", "Lon": "0", "Confirmed": 20012, "Deaths": 397, "Recovered": 13799, "Active": 5816, "Date": "2020-08-16T00:00:00Z"}, {"Country": "Czech Republic", "CountryCode": "", "Province": "", "City": "", "CityCode": "", "Lat": "0", "Lon": "0", "Confirmed": 20202, "Deaths": 399, "Recovered": 14622, "Active": 5181, "Date": "2020-08-17T00:00:00Z"}, {"Country": "Czech Republic", "CountryCode": "", "Province": "", "City": "", "CityCode": "", "Lat": "0", "Lon": "0", "Confirmed": 20483, "Deaths": 401, "Recovered": 15146, "Active": 4936, "Date": "2020-08-18T00:00:00Z"}, {"Country": "Czech Republic", "CountryCode": "", "Province": "", "City": "", "CityCode": "", "Lat": "0", "Lon": "0", "Confirmed": 20798, "Deaths": 404, "Recovered": 15615, "Active": 4779, "Date": "2020-08-19T00:00:00Z"}, {"Country": "Czech Republic", "CountryCode": "", "Province": "", "City": "", "CityCode": "", "Lat": "0", "Lon": "0", "Confirmed": 21045, "Deaths": 406, "Recovered": 15886, "Active": 4753, "Date": "2020-08-20T00:00:00Z"}, {"Country": "Czech Republic", "CountryCode": "", "Province": "", "City": "", "CityCode": "", "Lat": "0", "Lon": "0", "Confirmed": 21551, "Deaths": 411, "Recovered": 16040, "Active": 5100, "Date": "2020-08-21T00:00:00Z"}, {"Country": "Czech Republic", "CountryCode": "", "Province": "", "City": "", "CityCode": "", "Lat": "0", "Lon": "0", "Confirmed": 21790, "Deaths": 411, "Recovered": 16087, "Active": 5292, "Date": "2020-08-22T00:00:00Z"}, {"Country": "Czech Republic", "CountryCode": "", "Province": "", "City": "", "CityCode": "", "Lat": "0", "Lon": "0", "Confirmed": 21923, "Deaths": 412, "Recovered": 16125, "Active": 5386, "Date": "2020-08-23T00:00:00Z"}, {"Country": "Czech Republic", "CountryCode": "", "Province": "", "City": "", "CityCode": "", "Lat": "0", "Lon": "0", "Confirmed": 22181, "Deaths": 415, "Recovered": 16376, "Active": 5390, "Date": "2020-08-24T00:00:00Z"}, {"Country": "Czech Republic", "CountryCode": "", "Province": "", "City": "", "CityCode": "", "Lat": "0", "Lon": "0", "Confirmed": 22548, "Deaths": 416, "Recovered": 16662, "Active": 5470, "Date": "2020-08-25T00:00:00Z"}, {"Country": "Czech Republic", "CountryCode": "", "Province": "", "City": "", "CityCode": "", "Lat": "0", "Lon": "0", "Confirmed": 22951, "Deaths": 418, "Recovered": 16954, "Active": 5579, "Date": "2020-08-26T00:00:00Z"}, {"Country": "Czech Republic", "CountryCode": "", "Province": "", "City": "", "CityCode": "", "Lat": "0", "Lon": "0", "Confirmed": 23169, "Deaths": 418, "Recovered": 17190, "Active": 5561, "Date": "2020-08-27T00:00:00Z"}, {"Country": "Czech Republic", "CountryCode": "", "Province": "", "City": "", "CityCode": "", "Lat": "0", "Lon": "0", "Confirmed": 23777, "Deaths": 419, "Recovered": 17497, "Active": 5861, "Date": "2020-08-28T00:00:00Z"}, {"Country": "Czech Republic", "CountryCode": "", "Province": "", "City": "", "CityCode": "", "Lat": "0", "Lon": "0", "Confirmed": 24094, "Deaths": 421, "Recovered": 17541, "Active": 6132, "Date": "2020-08-29T00:00:00Z"}, {"Country": "Czech Republic", "CountryCode": "", "Province": "", "City": "", "CityCode": "", "Lat": "0", "Lon": "0", "Confirmed": 24367, "Deaths": 423, "Recovered": 17547, "Active": 6397, "Date": "2020-08-30T00:00:00Z"}, {"Country": "Czech Republic", "CountryCode": "", "Province": "", "City": "", "CityCode": "", "Lat": "0", "Lon": "0", "Confirmed": 24618, "Deaths": 424, "Recovered": 17807, "Active": 6387, "Date": "2020-08-31T00:00:00Z"}, {"Country": "Czech Republic", "CountryCode": "", "Province": "", "City": "", "CityCode": "", "Lat": "0", "Lon": "0", "Confirmed": 25117, "Deaths": 425, "Recovered": 18116, "Active": 6576, "Date": "2020-09-01T00:00:00Z"}, {"Country": "Czech Republic", "CountryCode": "", "Province": "", "City": "", "CityCode": "", "Lat": "0", "Lon": "0", "Confirmed": 25773, "Deaths": 425, "Recovered": 18326, "Active": 7022, "Date": "2020-09-02T00:00:00Z"}, {"Country": "Czech Republic", "CountryCode": "", "Province": "", "City": "", "CityCode": "", "Lat": "0", "Lon": "0", "Confirmed": 26452, "Deaths": 426, "Recovered": 18663, "Active": 7363, "Date": "2020-09-03T00:00:00Z"}, {"Country": "Czech Republic", "CountryCode": "", "Province": "", "City": "", "CityCode": "", "Lat": "0", "Lon": "0", "Confirmed": 27249, "Deaths": 429, "Recovered": 19027, "Active": 7793, "Date": "2020-09-04T00:00:00Z"}, {"Country": "Czech Republic", "CountryCode": "", "Province": "", "City": "", "CityCode": "", "Lat": "0", "Lon": "0", "Confirmed": 27752, "Deaths": 431, "Recovered": 19039, "Active": 8282, "Date": "2020-09-05T00:00:00Z"}, {"Country": "Czech Republic", "CountryCode": "", "Province": "", "City": "", "CityCode": "", "Lat": "0", "Lon": "0", "Confirmed": 28156, "Deaths": 436, "Recovered": 19053, "Active": 8667, "Date": "2020-09-06T00:00:00Z"}, {"Country": "Czech Republic", "CountryCode": "", "Province": "", "City": "", "CityCode": "", "Lat": "0", "Lon": "0", "Confirmed": 28716, "Deaths": 437, "Recovered": 19855, "Active": 8424, "Date": "2020-09-07T00:00:00Z"}, {"Country": "Czech Republic", "CountryCode": "", "Province": "", "City": "", "CityCode": "", "Lat": "0", "Lon": "0", "Confirmed": 29877, "Deaths": 441, "Recovered": 20139, "Active": 9297, "Date": "2020-09-08T00:00:00Z"}, {"Country": "Czech Republic", "CountryCode": "", "Province": "", "City": "", "CityCode": "", "Lat": "0", "Lon": "0", "Confirmed": 31036, "Deaths": 444, "Recovered": 20374, "Active": 10218, "Date": "2020-09-09T00:00:00Z"}, {"Country": "Czech Republic", "CountryCode": "", "Province": "", "City": "", "CityCode": "", "Lat": "0", "Lon": "0", "Confirmed": 32413, "Deaths": 448, "Recovered": 20787, "Active": 11178, "Date": "2020-09-10T00:00:00Z"}, {"Country": "Czech Republic", "CountryCode": "", "Province": "", "City": "", "CityCode": "", "Lat": "0", "Lon": "0", "Confirmed": 33860, "Deaths": 450, "Recovered": 21140, "Active": 12270, "Date": "2020-09-11T00:00:00Z"}, {"Country": "Czech Republic", "CountryCode": "", "Province": "", "City": "", "CityCode": "", "Lat": "0", "Lon": "0", "Confirmed": 35401, "Deaths": 453, "Recovered": 21205, "Active": 13743, "Date": "2020-09-12T00:00:00Z"}, {"Country": "Czech Republic", "CountryCode": "", "Province": "", "City": "", "CityCode": "", "Lat": "0", "Lon": "0", "Confirmed": 36188, "Deaths": 456, "Recovered": 21294, "Active": 14438, "Date": "2020-09-13T00:00:00Z"}, {"Country": "Czech Republic", "CountryCode": "", "Province": "", "City": "", "CityCode": "", "Lat": "0", "Lon": "0", "Confirmed": 37222, "Deaths": 465, "Recovered": 22020, "Active": 14737, "Date": "2020-09-14T00:00:00Z"}, {"Country": "Czech Republic", "CountryCode": "", "Province": "", "City": "", "CityCode": "", "Lat": "0", "Lon": "0", "Confirmed": 38896, "Deaths": 476, "Recovered": 22613, "Active": 15807, "Date": "2020-09-15T00:00:00Z"}, {"Country": "Czech Republic", "CountryCode": "", "Province": "", "City": "", "CityCode": "", "Lat": "0", "Lon": "0", "Confirmed": 41032, "Deaths": 482, "Recovered": 22931, "Active": 17619, "Date": "2020-09-16T00:00:00Z"}, {"Country": "Czech Republic", "CountryCode": "", "Province": "", "City": "", "CityCode": "", "Lat": "0", "Lon": "0", "Confirmed": 44155, "Deaths": 489, "Recovered": 23377, "Active": 20289, "Date": "2020-09-17T00:00:00Z"}, {"Country": "Czech Republic", "CountryCode": "", "Province": "", "City": "", "CityCode": "", "Lat": "0", "Lon": "0", "Confirmed": 46262, "Deaths": 495, "Recovered": 23858, "Active": 21909, "Date": "2020-09-18T00:00:00Z"}, {"Country": "Czech Republic", "CountryCode": "", "Province": "", "City": "", "CityCode": "", "Lat": "0", "Lon": "0", "Confirmed": 48306, "Deaths": 499, "Recovered": 24228, "Active": 23579, "Date": "2020-09-19T00:00:00Z"}, {"Country": "Czech Republic", "CountryCode": "", "Province": "", "City": "", "CityCode": "", "Lat": "0", "Lon": "0", "Confirmed": 49290, "Deaths": 503, "Recovered": 24755, "Active": 24032, "Date": "2020-09-20T00:00:00Z"}, {"Country": "Czech Republic", "CountryCode": "", "Province": "", "City": "", "CityCode": "", "Lat": "0", "Lon": "0", "Confirmed": 50764, "Deaths": 522, "Recovered": 25425, "Active": 24817, "Date": "2020-09-21T00:00:00Z"}, {"Country": "Czech Republic", "CountryCode": "", "Province": "", "City": "", "CityCode": "", "Lat": "0", "Lon": "0", "Confirmed": 53158, "Deaths": 531, "Recovered": 26151, "Active": 26476, "Date": "2020-09-22T00:00:00Z"}, {"Country": "Czech Republic", "CountryCode": "", "Province": "", "City": "", "CityCode": "", "Lat": "0", "Lon": "0", "Confirmed": 55464, "Deaths": 555, "Recovered": 26709, "Active": 28200, "Date": "2020-09-23T00:00:00Z"}, {"Country": "Czech Republic", "CountryCode": "", "Province": "", "City": "", "CityCode": "", "Lat": "0", "Lon": "0", "Confirmed": 58374, "Deaths": 567, "Recovered": 27382, "Active": 30425, "Date": "2020-09-24T00:00:00Z"}, {"Country": "Czech Republic", "CountryCode": "", "Province": "", "City": "", "CityCode": "", "Lat": "0", "Lon": "0", "Confirmed": 61318, "Deaths": 581, "Recovered": 30740, "Active": 29997, "Date": "2020-09-25T00:00:00Z"}, {"Country": "Czech Republic", "CountryCode": "", "Province": "", "City": "", "CityCode": "", "Lat": "0", "Lon": "0", "Confirmed": 63294, "Deaths": 591, "Recovered": 30936, "Active": 31767, "Date": "2020-09-26T00:00:00Z"}, {"Country": "Czech Republic", "CountryCode": "", "Province": "", "City": "", "CityCode": "", "Lat": "0", "Lon": "0", "Confirmed": 64597, "Deaths": 606, "Recovered": 31268, "Active": 32723, "Date": "2020-09-27T00:00:00Z"}, {"Country": "Czech Republic", "CountryCode": "", "Province": "", "City": "", "CityCode": "", "Lat": "0", "Lon": "0", "Confirmed": 65883, "Deaths": 618, "Recovered": 31799, "Active": 33466, "Date": "2020-09-28T00:00:00Z"}, {"Country": "Czech Republic", "CountryCode": "", "Province": "", "City": "", "CityCode": "", "Lat": "0", "Lon": "0", "Confirmed": 67843, "Deaths": 636, "Recovered": 32759, "Active": 34448, "Date": "2020-09-29T00:00:00Z"}, {"Country": "Czech Republic", "CountryCode": "", "Province": "", "City": "", "CityCode": "", "Lat": "0", "Lon": "0", "Confirmed": 70763, "Deaths": 655, "Recovered": 33443, "Active": 36665, "Date": "2020-09-30T00:00:00Z"}, {"Country": "Czech Republic", "CountryCode": "", "Province": "", "City": "", "CityCode": "", "Lat": "0", "Lon": "0", "Confirmed": 74255, "Deaths": 678, "Recovered": 34186, "Active": 39391, "Date": "2020-10-01T00:00:00Z"}, {"Country": "Czech Republic", "CountryCode": "", "Province": "", "City": "", "CityCode": "", "Lat": "0", "Lon": "0", "Confirmed": 78051, "Deaths": 699, "Recovered": 35032, "Active": 42320, "Date": "2020-10-02T00:00:00Z"}, {"Country": "Czech Republic", "CountryCode": "", "Province": "", "City": "", "CityCode": "", "Lat": "0", "Lon": "0", "Confirmed": 80605, "Deaths": 711, "Recovered": 39073, "Active": 40821, "Date": "2020-10-03T00:00:00Z"}, {"Country": "Czech Republic", "CountryCode": "", "Province": "", "City": "", "CityCode": "", "Lat": "0", "Lon": "0", "Confirmed": 82446, "Deaths": 727, "Recovered": 44149, "Active": 37570, "Date": "2020-10-04T00:00:00Z"}, {"Country": "Czech Republic", "CountryCode": "", "Province": "", "City": "", "CityCode": "", "Lat": "0", "Lon": "0", "Confirmed": 85566, "Deaths": 758, "Recovered": 46636, "Active": 38172, "Date": "2020-10-05T00:00:00Z"}, {"Country": "Czech Republic", "CountryCode": "", "Province": "", "City": "", "CityCode": "", "Lat": "0", "Lon": "0", "Confirmed": 90022, "Deaths": 794, "Recovered": 48788, "Active": 40440, "Date": "2020-10-06T00:00:00Z"}, {"Country": "Czech Republic", "CountryCode": "", "Province": "", "City": "", "CityCode": "", "Lat": "0", "Lon": "0", "Confirmed": 95360, "Deaths": 829, "Recovered": 50767, "Active": 43764, "Date": "2020-10-07T00:00:00Z"}, {"Country": "Czech Republic", "CountryCode": "", "Province": "", "City": "", "CityCode": "", "Lat": "0", "Lon": "0", "Confirmed": 100757, "Deaths": 869, "Recovered": 51160, "Active": 48728, "Date": "2020-10-08T00:00:00Z"}, {"Country": "Czech Republic", "CountryCode": "", "Province": "", "City": "", "CityCode": "", "Lat": "0", "Lon": "0", "Confirmed": 109374, "Deaths": 905, "Recovered": 53173, "Active": 55296, "Date": "2020-10-09T00:00:00Z"}, {"Country": "Czech Republic", "CountryCode": "", "Province": "", "City": "", "CityCode": "", "Lat": "0", "Lon": "0", "Confirmed": 114005, "Deaths": 948, "Recovered": 54909, "Active": 58148, "Date": "2020-10-10T00:00:00Z"}, {"Country": "Czech Republic", "CountryCode": "", "Province": "", "City": "", "CityCode": "", "Lat": "0", "Lon": "0", "Confirmed": 117110, "Deaths": 987, "Recovered": 54980, "Active": 61143, "Date": "2020-10-11T00:00:00Z"}, {"Country": "Czech Republic", "CountryCode": "", "Province": "", "City": "", "CityCode": "", "Lat": "0", "Lon": "0", "Confirmed": 121421, "Deaths": 1051, "Recovered": 58200, "Active": 62170, "Date": "2020-10-12T00:00:00Z"}, {"Country": "Czech Republic", "CountryCode": "", "Province": "", "City": "", "CityCode": "", "Lat": "0", "Lon": "0", "Confirmed": 129747, "Deaths": 1106, "Recovered": 59901, "Active": 68740, "Date": "2020-10-13T00:00:00Z"}, {"Country": "Czech Republic", "CountryCode": "", "Province": "", "City": "", "CityCode": "", "Lat": "0", "Lon": "0", "Confirmed": 139290, "Deaths": 1172, "Recovered": 60901, "Active": 77217, "Date": "2020-10-14T00:00:00Z"}, {"Country": "Czech Republic", "CountryCode": "", "Province": "", "City": "", "CityCode": "", "Lat": "0", "Lon": "0", "Confirmed": 149010, "Deaths": 1230, "Recovered": 63350, "Active": 84430, "Date": "2020-10-15T00:00:00Z"}, {"Country": "Czech Republic", "CountryCode": "", "Province": "", "City": "", "CityCode": "", "Lat": "0", "Lon": "0", "Confirmed": 160112, "Deaths": 1283, "Recovered": 66093, "Active": 92736, "Date": "2020-10-16T00:00:00Z"}, {"Country": "Czech Republic", "CountryCode": "", "Province": "", "City": "", "CityCode": "", "Lat": "0", "Lon": "0", "Confirmed": 168827, "Deaths": 1352, "Recovered": 68945, "Active": 98530, "Date": "2020-10-17T00:00:00Z"}, {"Country": "Czech Republic", "CountryCode": "", "Province": "", "City": "", "CityCode": "", "Lat": "0", "Lon": "0", "Confirmed": 173885, "Deaths": 1422, "Recovered": 72134, "Active": 100329, "Date": "2020-10-18T00:00:00Z"}, {"Country": "Czech Republic", "CountryCode": "", "Province": "", "City": "", "CityCode": "", "Lat": "0", "Lon": "0", "Confirmed": 181962, "Deaths": 1513, "Recovered": 74908, "Active": 105541, "Date": "2020-10-19T00:00:00Z"}, {"Country": "Czech Republic", "CountryCode": "", "Province": "", "City": "", "CityCode": "", "Lat": "0", "Lon": "0", "Confirmed": 193946, "Deaths": 1619, "Recovered": 79108, "Active": 113219, "Date": "2020-10-20T00:00:00Z"}, {"Country": "Czech Republic", "CountryCode": "", "Province": "", "City": "", "CityCode": "", "Lat": "0", "Lon": "0", "Confirmed": 208915, "Deaths": 1739, "Recovered": 83136, "Active": 124040, "Date": "2020-10-21T00:00:00Z"}, {"Country": "Czech Republic", "CountryCode": "", "Province": "", "City": "", "CityCode": "", "Lat": "0", "Lon": "0", "Confirmed": 223065, "Deaths": 1845, "Recovered": 87225, "Active": 133995, "Date": "2020-10-22T00:00:00Z"}, {"Country": "Czech Republic", "CountryCode": "", "Province": "", "City": "", "CityCode": "", "Lat": "0", "Lon": "0", "Confirmed": 238323, "Deaths": 1971, "Recovered": 91651, "Active": 144701, "Date": "2020-10-23T00:00:00Z"}, {"Country": "Czech Republic", "CountryCode": "", "Province": "", "City": "", "CityCode": "", "Lat": "0", "Lon": "0", "Confirmed": 250797, "Deaths": 2077, "Recovered": 94902, "Active": 153818, "Date": "2020-10-24T00:00:00Z"}, {"Country": "Czech Republic", "CountryCode": "", "Province": "", "City": "", "CityCode": "", "Lat": "0", "Lon": "0", "Confirmed": 258097, "Deaths": 2201, "Recovered": 97381, "Active": 158515, "Date": "2020-10-25T00:00:00Z"}, {"Country": "Czech Republic", "CountryCode": "", "Province": "", "City": "", "CityCode": "", "Lat": "0", "Lon": "0", "Confirmed": 268370, "Deaths": 2365, "Recovered": 103220, "Active": 162785, "Date": "2020-10-26T00:00:00Z"}, {"Country": "Czech Republic", "CountryCode": "", "Province": "", "City": "", "CityCode": "", "Lat": "0", "Lon": "0", "Confirmed": 284033, "Deaths": 2547, "Recovered": 111443, "Active": 170043, "Date": "2020-10-27T00:00:00Z"}, {"Country": "Czech Republic", "CountryCode": "", "Province": "", "City": "", "CityCode": "", "Lat": "0", "Lon": "0", "Confirmed": 297013, "Deaths": 2675, "Recovered": 119373, "Active": 174965, "Date": "2020-10-28T00:00:00Z"}, {"Country": "Czech Republic", "CountryCode": "", "Province": "", "City": "", "CityCode": "", "Lat": "0", "Lon": "0", "Confirmed": 310068, "Deaths": 2862, "Recovered": 128628, "Active": 178578, "Date": "2020-10-29T00:00:00Z"}, {"Country": "Czech Republic", "CountryCode": "", "Province": "", "City": "", "CityCode": "", "Lat": "0", "Lon": "0", "Confirmed": 323673, "Deaths": 3078, "Recovered": 137575, "Active": 183020, "Date": "2020-10-30T00:00:00Z"}, {"Country": "Czech Republic", "CountryCode": "", "Province": "", "City": "", "CityCode": "", "Lat": "0", "Lon": "0", "Confirmed": 335102, "Deaths": 3251, "Recovered": 143359, "Active": 188492, "Date": "2020-10-31T00:00:00Z"}, {"Country": "Czech Republic", "CountryCode": "", "Province": "", "City": "", "CityCode": "", "Lat": "0", "Lon": "0", "Confirmed": 341644, "Deaths": 3429, "Recovered": 157418, "Active": 180797, "Date": "2020-11-01T00:00:00Z"}, {"Country": "Czech Republic", "CountryCode": "", "Province": "", "City": "", "CityCode": "", "Lat": "0", "Lon": "0", "Confirmed": 350896, "Deaths": 3654, "Recovered": 170608, "Active": 176634, "Date": "2020-11-02T00:00:00Z"}, {"Country": "Czech Republic", "CountryCode": "", "Province": "", "City": "", "CityCode": "", "Lat": "0", "Lon": "0", "Confirmed": 362985, "Deaths": 3913, "Recovered": 185180, "Active": 173892, "Date": "2020-11-03T00:00:00Z"}, {"Country": "Czech Republic", "CountryCode": "", "Province": "", "City": "", "CityCode": "", "Lat": "0", "Lon": "0", "Confirmed": 378716, "Deaths": 4133, "Recovered": 199763, "Active": 174820, "Date": "2020-11-04T00:00:00Z"}, {"Country": "Czech Republic", "CountryCode": "", "Province": "", "City": "", "CityCode": "", "Lat": "0", "Lon": "0", "Confirmed": 391945, "Deaths": 4330, "Recovered": 214272, "Active": 173343, "Date": "2020-11-05T00:00:00Z"}, {"Country": "Czech Republic", "CountryCode": "", "Province": "", "City": "", "CityCode": "", "Lat": "0", "Lon": "0", "Confirmed": 403497, "Deaths": 4484, "Recovered": 214882, "Active": 184131, "Date": "2020-11-06T00:00:00Z"}, {"Country": "Czech Republic", "CountryCode": "", "Province": "", "City": "", "CityCode": "", "Lat": "0", "Lon": "0", "Confirmed": 411220, "Deaths": 4681, "Recovered": 237757, "Active": 168782, "Date": "2020-11-07T00:00:00Z"}, {"Country": "Czech Republic", "CountryCode": "", "Province": "", "City": "", "CityCode": "", "Lat": "0", "Lon": "0", "Confirmed": 414828, "Deaths": 4858, "Recovered": 243129, "Active": 166841, "Date": "2020-11-08T00:00:00Z"}, {"Country": "Czech Republic", "CountryCode": "", "Province": "", "City": "", "CityCode": "", "Lat": "0", "Lon": "0", "Confirmed": 417181, "Deaths": 5028, "Recovered": 244005, "Active": 168148, "Date": "2020-11-09T00:00:00Z"}, {"Country": "Czech Republic", "CountryCode": "", "Province": "", "City": "", "CityCode": "", "Lat": "0", "Lon": "0", "Confirmed": 429880, "Deaths": 5323, "Recovered": 277473, "Active": 147084, "Date": "2020-11-10T00:00:00Z"}, {"Country": "Czech Republic", "CountryCode": "", "Province": "", "City": "", "CityCode": "", "Lat": "0", "Lon": "0", "Confirmed": 438805, "Deaths": 5570, "Recovered": 285241, "Active": 147994, "Date": "2020-11-11T00:00:00Z"}, {"Country": "Czech Republic", "CountryCode": "", "Province": "", "City": "", "CityCode": "", "Lat": "0", "Lon": "0", "Confirmed": 446675, "Deaths": 5755, "Recovered": 300719, "Active": 140201, "Date": "2020-11-12T00:00:00Z"}, {"Country": "Czech Republic", "CountryCode": "", "Province": "", "City": "", "CityCode": "", "Lat": "0", "Lon": "0", "Confirmed": 454030, "Deaths": 5926, "Recovered": 316352, "Active": 131752, "Date": "2020-11-13T00:00:00Z"}, {"Country": "Czech Republic", "CountryCode": "", "Province": "", "City": "", "CityCode": "", "Lat": "0", "Lon": "0", "Confirmed": 458229, "Deaths": 6058, "Recovered": 322383, "Active": 129788, "Date": "2020-11-14T00:00:00Z"}, {"Country": "Czech Republic", "CountryCode": "", "Province": "", "City": "", "CityCode": "", "Lat": "0", "Lon": "0", "Confirmed": 460116, "Deaths": 6208, "Recovered": 327306, "Active": 126602, "Date": "2020-11-15T00:00:00Z"}, {"Country": "Czech Republic", "CountryCode": "", "Province": "", "City": "", "CityCode": "", "Lat": "0", "Lon": "0", "Confirmed": 465523, "Deaths": 6416, "Recovered": 341249, "Active": 117858, "Date": "2020-11-16T00:00:00Z"}, {"Country": "Czech Republic", "CountryCode": "", "Province": "", "City": "", "CityCode": "", "Lat": "0", "Lon": "0", "Confirmed": 469769, "Deaths": 6558, "Recovered": 353794, "Active": 109417, "Date": "2020-11-17T00:00:00Z"}, {"Country": "Czech Republic", "CountryCode": "", "Province": "", "City": "", "CityCode": "", "Lat": "0", "Lon": "0", "Confirmed": 475284, "Deaths": 6740, "Recovered": 367574, "Active": 100970, "Date": "2020-11-18T00:00:00Z"}, {"Country": "Czech Republic", "CountryCode": "", "Province": "", "City": "", "CityCode": "", "Lat": "0", "Lon": "0", "Confirmed": 481755, "Deaths": 6874, "Recovered": 379380, "Active": 95501, "Date": "2020-11-19T00:00:00Z"}, {"Country": "Czech Republic", "CountryCode": "", "Province": "", "City": "", "CityCode": "", "Lat": "0", "Lon": "0", "Confirmed": 487563, "Deaths": 7021, "Recovered": 389873, "Active": 90669, "Date": "2020-11-20T00:00:00Z"}, {"Country": "Czech Republic", "CountryCode": "", "Province": "", "City": "", "CityCode": "", "Lat": "0", "Lon": "0", "Confirmed": 490750, "Deaths": 7095, "Recovered": 394830, "Active": 88825, "Date": "2020-11-21T00:00:00Z"}, {"Country": "Czech Republic", "CountryCode": "", "Province": "", "City": "", "CityCode": "", "Lat": "0", "Lon": "0", "Confirmed": 492263, "Deaths": 7196, "Recovered": 398101, "Active": 86966, "Date": "2020-11-22T00:00:00Z"}, {"Country": "Czech Republic", "CountryCode": "", "Province": "", "City": "", "CityCode": "", "Lat": "0", "Lon": "0", "Confirmed": 496638, "Deaths": 7360, "Recovered": 405982, "Active": 83296, "Date": "2020-11-23T00:00:00Z"}, {"Country": "Czech Republic", "CountryCode": "", "Province": "", "City": "", "CityCode": "", "Lat": "0", "Lon": "0", "Confirmed": 502534, "Deaths": 7499, "Recovered": 416832, "Active": 78203, "Date": "2020-11-24T00:00:00Z"}, {"Country": "Czech Republic", "CountryCode": "", "Province": "", "City": "", "CityCode": "", "Lat": "0", "Lon": "0", "Confirmed": 505215, "Deaths": 7611, "Recovered": 417657, "Active": 79947, "Date": "2020-11-25T00:00:00Z"}, {"Country": "Czech Republic", "CountryCode": "", "Province": "", "City": "", "CityCode": "", "Lat": "0", "Lon": "0", "Confirmed": 511520, "Deaths": 7779, "Recovered": 431874, "Active": 71867, "Date": "2020-11-26T00:00:00Z"}, {"Country": "Czech Republic", "CountryCode": "", "Province": "", "City": "", "CityCode": "", "Lat": "0", "Lon": "0", "Confirmed": 515984, "Deaths": 7967, "Recovered": 425026, "Active": 82991, "Date": "2020-11-27T00:00:00Z"}, {"Country": "Czech Republic", "CountryCode": "", "Province": "", "City": "", "CityCode": "", "Lat": "0", "Lon": "0", "Confirmed": 518649, "Deaths": 8054, "Recovered": 442327, "Active": 68268, "Date": "2020-11-28T00:00:00Z"}, {"Country": "Czech Republic", "CountryCode": "", "Province": "", "City": "", "CityCode": "", "Lat": "0", "Lon": "0", "Confirmed": 519723, "Deaths": 8138, "Recovered": 444406, "Active": 67179, "Date": "2020-11-29T00:00:00Z"}, {"Country": "Czech Republic", "CountryCode": "", "Province": "", "City": "", "CityCode": "", "Lat": "0", "Lon": "0", "Confirmed": 523298, "Deaths": 8295, "Recovered": 451607, "Active": 63396, "Date": "2020-11-30T00:00:00Z"}, {"Country": "Czech Republic", "CountryCode": "", "Province": "", "City": "", "CityCode": "", "Lat": "0", "Lon": "0", "Confirmed": 528474, "Deaths": 8407, "Recovered": 455177, "Active": 64890, "Date": "2020-12-01T00:00:00Z"}, {"Country": "Czech Republic", "CountryCode": "", "Province": "", "City": "", "CityCode": "", "Lat": "0", "Lon": "0", "Confirmed": 533042, "Deaths": 8515, "Recovered": 461599, "Active": 62928, "Date": "2020-12-02T00:00:00Z"}, {"Country": "Czech Republic", "CountryCode": "", "Province": "", "City": "", "CityCode": "", "Lat": "0", "Lon": "0", "Confirmed": 537663, "Deaths": 8641, "Recovered": 468302, "Active": 60720, "Date": "2020-12-03T00:00:00Z"}, {"Country": "Czech Republic", "CountryCode": "", "Province": "", "City": "", "CityCode": "", "Lat": "0", "Lon": "0", "Confirmed": 542406, "Deaths": 8738, "Recovered": 473994, "Active": 59674, "Date": "2020-12-04T00:00:00Z"}, {"Country": "Czech Republic", "CountryCode": "", "Province": "", "City": "", "CityCode": "", "Lat": "0", "Lon": "0", "Confirmed": 544179, "Deaths": 8815, "Recovered": 476669, "Active": 58695, "Date": "2020-12-05T00:00:00Z"}, {"Country": "Czech Republic", "CountryCode": "", "Province": "", "City": "", "CityCode": "", "Lat": "0", "Lon": "0", "Confirmed": 546833, "Deaths": 8902, "Recovered": 478094, "Active": 59837, "Date": "2020-12-06T00:00:00Z"}, {"Country": "Czech Republic", "CountryCode": "", "Province": "", "City": "", "CityCode": "", "Lat": "0", "Lon": "0", "Confirmed": 546833, "Deaths": 8902, "Recovered": 478094, "Active": 59837, "Date": "2020-12-07T00:00:00Z"}, {"Country": "Czech Republic", "CountryCode": "", "Province": "", "City": "", "CityCode": "", "Lat": "0", "Lon": "0", "Confirmed": 551070, "Deaths": 9036, "Recovered": 484781, "Active": 57253, "Date": "2020-12-08T00:00:00Z"}, {"Country": "Czech Republic", "CountryCode": "", "Province": "", "City": "", "CityCode": "", "Lat": "0", "Lon": "0", "Confirmed": 556927, "Deaths": 9136, "Recovered": 489759, "Active": 58032, "Date": "2020-12-09T00:00:00Z"}, {"Country": "Czech Republic", "CountryCode": "", "Province": "", "City": "", "CityCode": "", "Lat": "0", "Lon": "0", "Confirmed": 563333, "Deaths": 9226, "Recovered": 493946, "Active": 60161, "Date": "2020-12-10T00:00:00Z"}, {"Country": "Czech Republic", "CountryCode": "", "Province": "", "City": "", "CityCode": "", "Lat": "0", "Lon": "0", "Confirmed": 569205, "Deaths": 9341, "Recovered": 497828, "Active": 62036, "Date": "2020-12-11T00:00:00Z"}, {"Country": "Czech Republic", "CountryCode": "", "Province": "", "City": "", "CityCode": "", "Lat": "0", "Lon": "0", "Confirmed": 575422, "Deaths": 9450, "Recovered": 503017, "Active": 62955, "Date": "2020-12-12T00:00:00Z"}, {"Country": "Czech Republic", "CountryCode": "", "Province": "", "City": "", "CityCode": "", "Lat": "0", "Lon": "0", "Confirmed": 579079, "Deaths": 9535, "Recovered": 504666, "Active": 64878, "Date": "2020-12-13T00:00:00Z"}, {"Country": "Czech Republic", "CountryCode": "", "Province": "", "City": "", "CityCode": "", "Lat": "0", "Lon": "0", "Confirmed": 581079, "Deaths": 9609, "Recovered": 505922, "Active": 65548, "Date": "2020-12-14T00:00:00Z"}, {"Country": "Czech Republic", "CountryCode": "", "Province": "", "City": "", "CityCode": "", "Lat": "0", "Lon": "0", "Confirmed": 586251, "Deaths": 9743, "Recovered": 511798, "Active": 64710, "Date": "2020-12-15T00:00:00Z"}, {"Country": "Czech Republic", "CountryCode": "", "Province": "", "City": "", "CityCode": "", "Lat": "0", "Lon": "0", "Confirmed": 594148, "Deaths": 9882, "Recovered": 518423, "Active": 65843, "Date": "2020-12-16T00:00:00Z"}, {"Country": "Czech Republic", "CountryCode": "", "Province": "", "City": "", "CityCode": "", "Lat": "0", "Lon": "0", "Confirmed": 602404, "Deaths": 10036, "Recovered": 522649, "Active": 69719, "Date": "2020-12-17T00:00:00Z"}, {"Country": "Czech Republic", "CountryCode": "", "Province": "", "City": "", "CityCode": "", "Lat": "0", "Lon": "0", "Confirmed": 610006, "Deaths": 10163, "Recovered": 527062, "Active": 72781, "Date": "2020-12-18T00:00:00Z"}, {"Country": "Czech Republic", "CountryCode": "", "Province": "", "City": "", "CityCode": "", "Lat": "0", "Lon": "0", "Confirmed": 618836, "Deaths": 10271, "Recovered": 531622, "Active": 76943, "Date": "2020-12-19T00:00:00Z"}, {"Country": "Czech Republic", "CountryCode": "", "Province": "", "City": "", "CityCode": "", "Lat": "0", "Lon": "0", "Confirmed": 624140, "Deaths": 10331, "Recovered": 533307, "Active": 80502, "Date": "2020-12-20T00:00:00Z"}, {"Country": "Czech Republic", "CountryCode": "", "Province": "", "City": "", "CityCode": "", "Lat": "0", "Lon": "0", "Confirmed": 627523, "Deaths": 10411, "Recovered": 534686, "Active": 82426, "Date": "2020-12-21T00:00:00Z"}, {"Country": "Czech Republic", "CountryCode": "", "Province": "", "City": "", "CityCode": "", "Lat": "0", "Lon": "0", "Confirmed": 635414, "Deaths": 10562, "Recovered": 541012, "Active": 83840, "Date": "2020-12-22T00:00:00Z"}, {"Country": "Czech Republic", "CountryCode": "", "Province": "", "City": "", "CityCode": "", "Lat": "0", "Lon": "0", "Confirmed": 646312, "Deaths": 10664, "Recovered": 546926, "Active": 88722, "Date": "2020-12-23T00:00:00Z"}, {"Country": "Czech Republic", "CountryCode": "", "Province": "", "City": "", "CityCode": "", "Lat": "0", "Lon": "0", "Confirmed": 660461, "Deaths": 10776, "Recovered": 552444, "Active": 97241, "Date": "2020-12-24T00:00:00Z"}, {"Country": "Czech Republic", "CountryCode": "", "Province": "", "City": "", "CityCode": "", "Lat": "0", "Lon": "0", "Confirmed": 664863, "Deaths": 10859, "Recovered": 557696, "Active": 96308, "Date": "2020-12-25T00:00:00Z"}, {"Country": "Czech Republic", "CountryCode": "", "Province": "", "City": "", "CityCode": "", "Lat": "0", "Lon": "0", "Confirmed": 667569, "Deaths": 10950, "Recovered": 563454, "Active": 93165, "Date": "2020-12-26T00:00:00Z"}, {"Country": "Czech Republic", "CountryCode": "", "Province": "", "City": "", "CityCode": "", "Lat": "0", "Lon": "0", "Confirmed": 670599, "Deaths": 11044, "Recovered": 565841, "Active": 93714, "Date": "2020-12-27T00:00:00Z"}, {"Country": "Czech Republic", "CountryCode": "", "Province": "", "City": "", "CityCode": "", "Lat": "0", "Lon": "0", "Confirmed": 674340, "Deaths": 11152, "Recovered": 566048, "Active": 97140, "Date": "2020-12-28T00:00:00Z"}, {"Country": "Czech Republic", "CountryCode": "", "Province": "", "City": "", "CityCode": "", "Lat": "0", "Lon": "0", "Confirmed": 685202, "Deaths": 11302, "Recovered": 576499, "Active": 97401, "Date": "2020-12-29T00:00:00Z"}, {"Country": "Czech Republic", "CountryCode": "", "Province": "", "City": "", "CityCode": "", "Lat": "0", "Lon": "0", "Confirmed": 701622, "Deaths": 11429, "Recovered": 584483, "Active": 105710, "Date": "2020-12-30T00:00:00Z"}, {"Country": "Czech Republic", "CountryCode": "", "Province": "", "City": "", "CityCode": "", "Lat": "0", "Lon": "0", "Confirmed": 718661, "Deaths": 11580, "Recovered": 592581, "Active": 114500, "Date": "2020-12-31T00:00:00Z"}, {"Country": "Czech Republic", "CountryCode": "", "Province": "", "City": "", "CityCode": "", "Lat": "0", "Lon": "0", "Confirmed": 732022, "Deaths": 11711, "Recovered": 600073, "Active": 120238, "Date": "2021-01-01T00:00:00Z"}, {"Country": "Czech Republic", "CountryCode": "", "Province": "", "City": "", "CityCode": "", "Lat": "0", "Lon": "0", "Confirmed": 735469, "Deaths": 11827, "Recovered": 608128, "Active": 115514, "Date": "2021-01-02T00:00:00Z"}, {"Country": "Czech Republic", "CountryCode": "", "Province": "", "City": "", "CityCode": "", "Lat": "0", "Lon": "0", "Confirmed": 740481, "Deaths": 11960, "Recovered": 612214, "Active": 116307, "Date": "2021-01-03T00:00:00Z"}, {"Country": "Czech Republic", "CountryCode": "", "Province": "", "City": "", "CityCode": "", "Lat": "0", "Lon": "0", "Confirmed": 746714, "Deaths": 12070, "Recovered": 615083, "Active": 119561, "Date": "2021-01-04T00:00:00Z"}, {"Country": "Czech Republic", "CountryCode": "", "Province": "", "City": "", "CityCode": "", "Lat": "0", "Lon": "0", "Confirmed": 759635, "Deaths": 12257, "Recovered": 625890, "Active": 121488, "Date": "2021-01-05T00:00:00Z"}, {"Country": "Czech Republic", "CountryCode": "", "Province": "", "City": "", "CityCode": "", "Lat": "0", "Lon": "0", "Confirmed": 776967, "Deaths": 12436, "Recovered": 638183, "Active": 126348, "Date": "2021-01-06T00:00:00Z"}, {"Country": "Czech Republic", "CountryCode": "", "Province": "", "City": "", "CityCode": "", "Lat": "0", "Lon": "0", "Confirmed": 794740, "Deaths": 12621, "Recovered": 649394, "Active": 132725, "Date": "2021-01-07T00:00:00Z"}, {"Country": "Czech Republic", "CountryCode": "", "Province": "", "City": "", "CityCode": "", "Lat": "0", "Lon": "0", "Confirmed": 809601, "Deaths": 12800, "Recovered": 651814, "Active": 144987, "Date": "2021-01-08T00:00:00Z"}, {"Country": "Czech Republic", "CountryCode": "", "Province": "", "City": "", "CityCode": "", "Lat": "0", "Lon": "0", "Confirmed": 822716, "Deaths": 12978, "Recovered": 654008, "Active": 155730, "Date": "2021-01-09T00:00:00Z"}, {"Country": "Czech Republic", "CountryCode": "", "Province": "", "City": "", "CityCode": "", "Lat": "0", "Lon": "0", "Confirmed": 831165, "Deaths": 13115, "Recovered": 657504, "Active": 160546, "Date": "2021-01-10T00:00:00Z"}, {"Country": "Czech Republic", "CountryCode": "", "Province": "", "City": "", "CityCode": "", "Lat": "0", "Lon": "0", "Confirmed": 835454, "Deaths": 13272, "Recovered": 662429, "Active": 159753, "Date": "2021-01-11T00:00:00Z"}, {"Country": "Czech Republic", "CountryCode": "", "Province": "", "City": "", "CityCode": "", "Lat": "0", "Lon": "0", "Confirmed": 844799, "Deaths": 13485, "Recovered": 676593, "Active": 154721, "Date": "2021-01-12T00:00:00Z"}, {"Country": "Czech Republic", "CountryCode": "", "Province": "", "City": "", "CityCode": "", "Lat": "0", "Lon": "0", "Confirmed": 855600, "Deaths": 13656, "Recovered": 692547, "Active": 149397, "Date": "2021-01-13T00:00:00Z"}, {"Country": "Czech Republic", "CountryCode": "", "Province": "", "City": "", "CityCode": "", "Lat": "0", "Lon": "0", "Confirmed": 866522, "Deaths": 13856, "Recovered": 708842, "Active": 143824, "Date": "2021-01-14T00:00:00Z"}, {"Country": "Czech Republic", "CountryCode": "", "Province": "", "City": "", "CityCode": "", "Lat": "0", "Lon": "0", "Confirmed": 874605, "Deaths": 14029, "Recovered": 717569, "Active": 143007, "Date": "2021-01-15T00:00:00Z"}, {"Country": "Czech Republic", "CountryCode": "", "Province": "", "City": "", "CityCode": "", "Lat": "0", "Lon": "0", "Confirmed": 883906, "Deaths": 14215, "Recovered": 719844, "Active": 149847, "Date": "2021-01-16T00:00:00Z"}, {"Country": "Czech Republic", "CountryCode": "", "Province": "", "City": "", "CityCode": "", "Lat": "0", "Lon": "0", "Confirmed": 889159, "Deaths": 14338, "Recovered": 726409, "Active": 148412, "Date": "2021-01-17T00:00:00Z"}, {"Country": "Czech Republic", "CountryCode": "", "Province": "", "City": "", "CityCode": "", "Lat": "0", "Lon": "0", "Confirmed": 891852, "Deaths": 14449, "Recovered": 732446, "Active": 144957, "Date": "2021-01-18T00:00:00Z"}, {"Country": "Czech Republic", "CountryCode": "", "Province": "", "City": "", "CityCode": "", "Lat": "0", "Lon": "0", "Confirmed": 899503, "Deaths": 14646, "Recovered": 750376, "Active": 134481, "Date": "2021-01-19T00:00:00Z"}, {"Country": "Czech Republic", "CountryCode": "", "Province": "", "City": "", "CityCode": "", "Lat": "0", "Lon": "0", "Confirmed": 909131, "Deaths": 14820, "Recovered": 767750, "Active": 126561, "Date": "2021-01-20T00:00:00Z"}, {"Country": "Czech Republic", "CountryCode": "", "Province": "", "City": "", "CityCode": "", "Lat": "0", "Lon": "0", "Confirmed": 917359, "Deaths": 14973, "Recovered": 782558, "Active": 119828, "Date": "2021-01-21T00:00:00Z"}, {"Country": "Czech Republic", "CountryCode": "", "Province": "", "City": "", "CityCode": "", "Lat": "0", "Lon": "0", "Confirmed": 924847, "Deaths": 15130, "Recovered": 795878, "Active": 113839, "Date": "2021-01-22T00:00:00Z"}, {"Country": "Czech Republic", "CountryCode": "", "Province": "", "City": "", "CityCode": "", "Lat": "0", "Lon": "0", "Confirmed": 933361, "Deaths": 15270, "Recovered": 808263, "Active": 109828, "Date": "2021-01-23T00:00:00Z"}, {"Country": "Czech Republic", "CountryCode": "", "Province": "", "City": "", "CityCode": "", "Lat": "0", "Lon": "0", "Confirmed": 937617, "Deaths": 15369, "Recovered": 814903, "Active": 107345, "Date": "2021-01-24T00:00:00Z"}, {"Country": "Czech Republic", "CountryCode": "", "Province": "", "City": "", "CityCode": "", "Lat": "0", "Lon": "0", "Confirmed": 940004, "Deaths": 15453, "Recovered": 819662, "Active": 104889, "Date": "2021-01-25T00:00:00Z"}, {"Country": "Czech Republic", "CountryCode": "", "Province": "", "City": "", "CityCode": "", "Lat": "0", "Lon": "0", "Confirmed": 946946, "Deaths": 15618, "Recovered": 831394, "Active": 99934, "Date": "2021-01-26T00:00:00Z"}, {"Country": "Czech Republic", "CountryCode": "", "Province": "", "City": "", "CityCode": "", "Lat": "0", "Lon": "0", "Confirmed": 956155, "Deaths": 15791, "Recovered": 841518, "Active": 98846, "Date": "2021-01-27T00:00:00Z"}, {"Country": "Czech Republic", "CountryCode": "", "Province": "", "City": "", "CityCode": "", "Lat": "0", "Lon": "0", "Confirmed": 964660, "Deaths": 15944, "Recovered": 851400, "Active": 97316, "Date": "2021-01-28T00:00:00Z"}, {"Country": "Czech Republic", "CountryCode": "", "Province": "", "City": "", "CityCode": "", "Lat": "0", "Lon": "0", "Confirmed": 972642, "Deaths": 16072, "Recovered": 859601, "Active": 96969, "Date": "2021-01-29T00:00:00Z"}, {"Country": "Czech Republic", "CountryCode": "", "Province": "", "City": "", "CityCode": "", "Lat": "0", "Lon": "0", "Confirmed": 980714, "Deaths": 16211, "Recovered": 860404, "Active": 104099, "Date": "2021-01-30T00:00:00Z"}, {"Country": "Czech Republic", "CountryCode": "", "Province": "", "City": "", "CityCode": "", "Lat": "0", "Lon": "0", "Confirmed": 984774, "Deaths": 16308, "Recovered": 871917, "Active": 96549, "Date": "2021-01-31T00:00:00Z"}, {"Country": "Czech Republic", "CountryCode": "", "Province": "", "City": "", "CityCode": "", "Lat": "0", "Lon": "0", "Confirmed": 987329, "Deaths": 16392, "Recovered": 875313, "Active": 95624, "Date": "2021-02-01T00:00:00Z"}, {"Country": "Czech Republic", "CountryCode": "", "Province": "", "City": "", "CityCode": "", "Lat": "0", "Lon": "0", "Confirmed": 994514, "Deaths": 16545, "Recovered": 885279, "Active": 92690, "Date": "2021-02-02T00:00:00Z"}, {"Country": "Czech Republic", "CountryCode": "", "Province": "", "City": "", "CityCode": "", "Lat": "0", "Lon": "0", "Confirmed": 1003657, "Deaths": 16683, "Recovered": 893931, "Active": 93043, "Date": "2021-02-03T00:00:00Z"}, {"Country": "Czech Republic", "CountryCode": "", "Province": "", "City": "", "CityCode": "", "Lat": "0", "Lon": "0", "Confirmed": 1013352, "Deaths": 16826, "Recovered": 902007, "Active": 94519, "Date": "2021-02-04T00:00:00Z"}, {"Country": "Czech Republic", "CountryCode": "", "Province": "", "City": "", "CityCode": "", "Lat": "0", "Lon": "0", "Confirmed": 1021477, "Deaths": 16976, "Recovered": 909305, "Active": 95196, "Date": "2021-02-05T00:00:00Z"}, {"Country": "Czech Republic", "CountryCode": "", "Province": "", "City": "", "CityCode": "", "Lat": "0", "Lon": "0", "Confirmed": 1030112, "Deaths": 17129, "Recovered": 916789, "Active": 96194, "Date": "2021-02-06T00:00:00Z"}, {"Country": "Czech Republic", "CountryCode": "", "Province": "", "City": "", "CityCode": "", "Lat": "0", "Lon": "0", "Confirmed": 1034975, "Deaths": 17235, "Recovered": 919699, "Active": 98041, "Date": "2021-02-07T00:00:00Z"}, {"Country": "Czech Republic", "CountryCode": "", "Province": "", "City": "", "CityCode": "", "Lat": "0", "Lon": "0", "Confirmed": 1037405, "Deaths": 17333, "Recovered": 922223, "Active": 97849, "Date": "2021-02-08T00:00:00Z"}, {"Country": "Czech Republic", "CountryCode": "", "Province": "", "City": "", "CityCode": "", "Lat": "0", "Lon": "0", "Confirmed": 1045132, "Deaths": 17497, "Recovered": 932156, "Active": 95479, "Date": "2021-02-09T00:00:00Z"}, {"Country": "Czech Republic", "CountryCode": "", "Province": "", "City": "", "CityCode": "", "Lat": "0", "Lon": "0", "Confirmed": 1055415, "Deaths": 17642, "Recovered": 941014, "Active": 96759, "Date": "2021-02-10T00:00:00Z"}, {"Country": "Czech Republic", "CountryCode": "", "Province": "", "City": "", "CityCode": "", "Lat": "0", "Lon": "0", "Confirmed": 1064952, "Deaths": 17772, "Recovered": 948796, "Active": 98384, "Date": "2021-02-11T00:00:00Z"}, {"Country": "Czech Republic", "CountryCode": "", "Province": "", "City": "", "CityCode": "", "Lat": "0", "Lon": "0", "Confirmed": 1073966, "Deaths": 17902, "Recovered": 955938, "Active": 100126, "Date": "2021-02-12T00:00:00Z"}, {"Country": "Czech Republic", "CountryCode": "", "Province": "", "City": "", "CityCode": "", "Lat": "0", "Lon": "0", "Confirmed": 1082849, "Deaths": 18058, "Recovered": 963707, "Active": 101084, "Date": "2021-02-13T00:00:00Z"}, {"Country": "Czech Republic", "CountryCode": "", "Province": "", "City": "", "CityCode": "", "Lat": "0", "Lon": "0", "Confirmed": 1088009, "Deaths": 18143, "Recovered": 966399, "Active": 103467, "Date": "2021-02-14T00:00:00Z"}, {"Country": "Czech Republic", "CountryCode": "", "Province": "", "City": "", "CityCode": "", "Lat": "0", "Lon": "0", "Confirmed": 1090860, "Deaths": 18250, "Recovered": 969154, "Active": 103456, "Date": "2021-02-15T00:00:00Z"}, {"Country": "Czech Republic", "CountryCode": "", "Province": "", "City": "", "CityCode": "", "Lat": "0", "Lon": "0", "Confirmed": 1099654, "Deaths": 18430, "Recovered": 978749, "Active": 102475, "Date": "2021-02-16T00:00:00Z"}, {"Country": "Czech Republic", "CountryCode": "", "Province": "", "City": "", "CityCode": "", "Lat": "0", "Lon": "0", "Confirmed": 1112322, "Deaths": 18596, "Recovered": 987515, "Active": 106211, "Date": "2021-02-17T00:00:00Z"}, {"Country": "Czech Republic", "CountryCode": "", "Province": "", "City": "", "CityCode": "", "Lat": "0", "Lon": "0", "Confirmed": 1123252, "Deaths": 18739, "Recovered": 995986, "Active": 108527, "Date": "2021-02-18T00:00:00Z"}, {"Country": "Czech Republic", "CountryCode": "", "Province": "", "City": "", "CityCode": "", "Lat": "0", "Lon": "0", "Confirmed": 1134957, "Deaths": 18913, "Recovered": 1003739, "Active": 112305, "Date": "2021-02-19T00:00:00Z"}, {"Country": "Czech Republic", "CountryCode": "", "Province": "", "City": "", "CityCode": "", "Lat": "0", "Lon": "0", "Confirmed": 1146321, "Deaths": 19097, "Recovered": 1012094, "Active": 115130, "Date": "2021-02-20T00:00:00Z"}, {"Country": "Czech Republic", "CountryCode": "", "Province": "", "City": "", "CityCode": "", "Lat": "0", "Lon": "0", "Confirmed": 1153159, "Deaths": 19214, "Recovered": 1014997, "Active": 118948, "Date": "2021-02-21T00:00:00Z"}, {"Country": "Czech Republic", "CountryCode": "", "Province": "", "City": "", "CityCode": "", "Lat": "0", "Lon": "0", "Confirmed": 1157180, "Deaths": 19330, "Recovered": 1017406, "Active": 120444, "Date": "2021-02-22T00:00:00Z"}, {"Country": "Czech Republic", "CountryCode": "", "Province": "", "City": "", "CityCode": "", "Lat": "0", "Lon": "0", "Confirmed": 1168491, "Deaths": 19537, "Recovered": 1028131, "Active": 120823, "Date": "2021-02-23T00:00:00Z"}, {"Country": "Czech Republic", "CountryCode": "", "Province": "", "City": "", "CityCode": "", "Lat": "0", "Lon": "0", "Confirmed": 1184352, "Deaths": 19682, "Recovered": 1037430, "Active": 127240, "Date": "2021-02-24T00:00:00Z"}, {"Country": "Czech Republic", "CountryCode": "", "Province": "", "City": "", "CityCode": "", "Lat": "0", "Lon": "0", "Confirmed": 1198168, "Deaths": 19835, "Recovered": 1046575, "Active": 131758, "Date": "2021-02-25T00:00:00Z"}, {"Country": "Czech Republic", "CountryCode": "", "Province": "", "City": "", "CityCode": "", "Lat": "0", "Lon": "0", "Confirmed": 1212780, "Deaths": 19999, "Recovered": 1055083, "Active": 137698, "Date": "2021-02-26T00:00:00Z"}, {"Country": "Czech Republic", "CountryCode": "", "Province": "", "City": "", "CityCode": "", "Lat": "0", "Lon": "0", "Confirmed": 1227595, "Deaths": 20194, "Recovered": 1064022, "Active": 143379, "Date": "2021-02-27T00:00:00Z"}, {"Country": "Czech Republic", "CountryCode": "", "Province": "", "City": "", "CityCode": "", "Lat": "0", "Lon": "0", "Confirmed": 1235480, "Deaths": 20339, "Recovered": 1067557, "Active": 147584, "Date": "2021-02-28T00:00:00Z"}, {"Country": "Czech Republic", "CountryCode": "", "Province": "", "City": "", "CityCode": "", "Lat": "0", "Lon": "0", "Confirmed": 1240051, "Deaths": 20469, "Recovered": 1070622, "Active": 148960, "Date": "2021-03-01T00:00:00Z"}, {"Country": "Czech Republic", "CountryCode": "", "Province": "", "City": "", "CityCode": "", "Lat": "0", "Lon": "0", "Confirmed": 1252242, "Deaths": 20701, "Recovered": 1082617, "Active": 148924, "Date": "2021-03-02T00:00:00Z"}, {"Country": "Czech Republic", "CountryCode": "", "Province": "", "City": "", "CityCode": "", "Lat": "0", "Lon": "0", "Confirmed": 1269058, "Deaths": 20941, "Recovered": 1093537, "Active": 154580, "Date": "2021-03-03T00:00:00Z"}, {"Country": "Czech Republic", "CountryCode": "", "Province": "", "City": "", "CityCode": "", "Lat": "0", "Lon": "0", "Confirmed": 1284288, "Deaths": 21128, "Recovered": 1104592, "Active": 158568, "Date": "2021-03-04T00:00:00Z"}, {"Country": "Czech Republic", "CountryCode": "", "Province": "", "City": "", "CityCode": "", "Lat": "0", "Lon": "0", "Confirmed": 1299002, "Deaths": 21325, "Recovered": 1115172, "Active": 162505, "Date": "2021-03-05T00:00:00Z"}, {"Country": "Czech Republic", "CountryCode": "", "Province": "", "City": "", "CityCode": "", "Lat": "0", "Lon": "0", "Confirmed": 1312164, "Deaths": 21558, "Recovered": 1126420, "Active": 164186, "Date": "2021-03-06T00:00:00Z"}, {"Country": "Czech Republic", "CountryCode": "", "Province": "", "City": "", "CityCode": "", "Lat": "0", "Lon": "0", "Confirmed": 1321331, "Deaths": 21717, "Recovered": 1131209, "Active": 1299614, "Date": "2021-03-07T00:00:00Z"}, {"Country": "Czech Republic", "CountryCode": "", "Province": "", "City": "", "CityCode": "", "Lat": "0", "Lon": "0", "Confirmed": 1325291, "Deaths": 21882, "Recovered": 1135251, "Active": 168158, "Date": "2021-03-08T00:00:00Z"}, {"Country": "Czech Republic", "CountryCode": "", "Province": "", "City": "", "CityCode": "", "Lat": "0", "Lon": "0", "Confirmed": 1335815, "Deaths": 22147, "Recovered": 1150634, "Active": 163034, "Date": "2021-03-09T00:00:00Z"}, {"Country": "Czech Republic", "CountryCode": "", "Province": "", "City": "", "CityCode": "", "Lat": "0", "Lon": "0", "Confirmed": 1351195, "Deaths": 22385, "Recovered": 1164998, "Active": 163812, "Date": "2021-03-10T00:00:00Z"}, {"Country": "Czech Republic", "CountryCode": "", "Province": "", "City": "", "CityCode": "", "Lat": "0", "Lon": "0", "Confirmed": 1365724, "Deaths": 22624, "Recovered": 1178832, "Active": 164268, "Date": "2021-03-11T00:00:00Z"}, {"Country": "Czech Republic", "CountryCode": "", "Province": "", "City": "", "CityCode": "", "Lat": "0", "Lon": "0", "Confirmed": 1376998, "Deaths": 22865, "Recovered": 1191782, "Active": 162351, "Date": "2021-03-12T00:00:00Z"}, {"Country": "Czech Republic", "CountryCode": "", "Province": "", "City": "", "CityCode": "", "Lat": "0", "Lon": "0", "Confirmed": 1392108, "Deaths": 23083, "Recovered": 1204871, "Active": 164154, "Date": "2021-03-13T00:00:00Z"}]