[{"Country": "Denmark", "CountryCode": "", "Province": "", "City": "", "CityCode": "", "Lat": "0", "Lon": "0", "Confirmed": 1, "Deaths": 0, "Recovered": 0, "Active": 1, "Date": "2020-02-27T00:00:00Z"}, {"Country": "Denmark", "CountryCode": "", "Province": "", "City": "", "CityCode": "", "Lat": "0", "Lon": "0", "Confirmed": 1, "Deaths": 0, "Recovered": 0, "Active": 1, "Date": "2020-02-28T00:00:00Z"}, {"Country": "Denmark", "CountryCode": "", "Province": "", "City": "", "CityCode": "", "Lat": "0", "Lon": "0", "Confirmed": 3, "Deaths": 0, "Recovered": 0, "Active": 3, "Date": "2020-02-29T00:00:00Z"}, {"Country": "Denmark", "CountryCode": "", "Province": "", "City": "", "CityCode": "", "Lat": "0", "Lon": "0", "Confirmed": 4, "Deaths": 0, "Recovered": 0, "Active": 4, "Date": "2020-03-01T00:00:00Z"}, {"Country": "Denmark", "CountryCode": "", "Province": "", "City": "", "CityCode": "", "Lat": "0", "Lon": "0", "Confirmed": 4, "Deaths": 0, "Recovered": 0, "Active": 4, "Date": "2020-03-02T00:00:00Z"}, {"Country": "Denmark", "CountryCode": "", "Province": "", "City": "", "CityCode": "", "Lat": "0", "Lon": "0", "Confirmed": 6, "Deaths": 0, "Recovered": 0, "Active": 6, "Date": "2020-03-03T00:00:00Z"}, {"Country": "Denmark", "CountryCode": "", "Province": "", "City": "", "CityCode": "", "Lat": "0", "Lon": "0", "Confirmed": 11, "Deaths": 0, "Recovered": 0, "Active": 11, "Date": "2020-03-04T00:00:00Z"}, {"Country": "Denmark", "CountryCode": "", "Province": "", "City": "", "CityCode": "", "Lat": "0", "Lon": "0", "Confirmed": 11, "Deaths": 0, "Recovered": 0, "Active": 11, "Date": "2020-03-05T00:00:00Z"}, {"Country": "Denmark", "CountryCode": "", "Province": "", "City": "", "CityCode": "", "Lat": "0", "Lon": "0", "Confirmed": 24, "Deaths": 0, "Recovered": 1, "Active": 23, "Date": "2020-03-06T00:00:00Z"}, {"Country": "Denmark", "CountryCode": "", "Province": "", "City": "", "CityCode": "", "Lat": "0", "Lon": "0", "Confirmed": 24, "Deaths": 0, "Recovered": 1, "Active": 23, "Date": "2020-03-07T00:00:00Z"}, {"Country": "Denmark", "CountryCode": "", "Province": "", "City": "", "CityCode": "", "Lat": "0", "Lon": "0", "Confirmed": 37, "Deaths": 0, "Recovered": 1, "Active": 36, "Date": "2020-03-08T00:00:00Z"}, {"Country": "Denmark", "CountryCode": "", "Province": "", "City": "", "CityCode": "", "Lat": "0", "Lon": "0", "Confirmed": 92, "Deaths": 0, "Recovered": 1, "Active": 91, "Date": "2020-03-09T00:00:00Z"}, {"Country": "Denmark", "CountryCode": "", "Province": "", "City": "", "CityCode": "", "Lat": "0", "Lon": "0", "Confirmed": 264, "Deaths": 0, "Recovered": 1, "Active": 263, "Date": "2020-03-10T00:00:00Z"}, {"Country": "Denmark", "CountryCode": "", "Province": "", "City": "", "CityCode": "", "Lat": "0", "Lon": "0", "Confirmed": 444, "Deaths": 0, "Recovered": 1, "Active": 443, "Date": "2020-03-11T00:00:00Z"}, {"Country": "Denmark", "CountryCode": "", "Province": "", "City": "", "CityCode": "", "Lat": "0", "Lon": "0", "Confirmed": 617, "Deaths": 0, "Recovered": 1, "Active": 616, "Date": "2020-03-12T00:00:00Z"}, {"Country": "Denmark", "CountryCode": "", "Province": "", "City": "", "CityCode": "", "Lat": "0", "Lon": "0", "Confirmed": 804, "Deaths": 0, "Recovered": 1, "Active": 803, "Date": "2020-03-13T00:00:00Z"}, {"Country": "Denmark", "CountryCode": "", "Province": "", "City": "", "CityCode": "", "Lat": "0", "Lon": "0", "Confirmed": 836, "Deaths": 1, "Recovered": 1, "Active": 834, "Date": "2020-03-14T00:00:00Z"}, {"Country": "Denmark", "CountryCode": "", "Province": "", "City": "", "CityCode": "", "Lat": "0", "Lon": "0", "Confirmed": 875, "Deaths": 2, "Recovered": 1, "Active": 872, "Date": "2020-03-15T00:00:00Z"}, {"Country": "Denmark", "CountryCode": "", "Province": "", "City": "", "CityCode": "", "Lat": "0", "Lon": "0", "Confirmed": 933, "Deaths": 3, "Recovered": 1, "Active": 929, "Date": "2020-03-16T00:00:00Z"}, {"Country": "Denmark", "CountryCode": "", "Province": "", "City": "", "CityCode": "", "Lat": "0", "Lon": "0", "Confirmed": 1025, "Deaths": 4, "Recovered": 1, "Active": 1020, "Date": "2020-03-17T00:00:00Z"}, {"Country": "Denmark", "CountryCode": "", "Province": "", "City": "", "CityCode": "", "Lat": "0", "Lon": "0", "Confirmed": 1116, "Deaths": 4, "Recovered": 1, "Active": 1111, "Date": "2020-03-18T00:00:00Z"}, {"Country": "Denmark", "CountryCode": "", "Province": "", "City": "", "CityCode": "", "Lat": "0", "Lon": "0", "Confirmed": 1225, "Deaths": 6, "Recovered": 1, "Active": 1218, "Date": "2020-03-19T00:00:00Z"}, {"Country": "Denmark", "CountryCode": "", "Province": "", "City": "", "CityCode": "", "Lat": "0", "Lon": "0", "Confirmed": 1337, "Deaths": 9, "Recovered": 1, "Active": 1327, "Date": "2020-03-20T00:00:00Z"}, {"Country": "Denmark", "CountryCode": "", "Province": "", "City": "", "CityCode": "", "Lat": "0", "Lon": "0", "Confirmed": 1420, "Deaths": 13, "Recovered": 1, "Active": 1406, "Date": "2020-03-21T00:00:00Z"}, {"Country": "Denmark", "CountryCode": "", "Province": "", "City": "", "CityCode": "", "Lat": "0", "Lon": "0", "Confirmed": 1514, "Deaths": 13, "Recovered": 1, "Active": 1500, "Date": "2020-03-22T00:00:00Z"}, {"Country": "Denmark", "CountryCode": "", "Province": "", "City": "", "CityCode": "", "Lat": "0", "Lon": "0", "Confirmed": 1572, "Deaths": 24, "Recovered": 1, "Active": 1547, "Date": "2020-03-23T00:00:00Z"}, {"Country": "Denmark", "CountryCode": "", "Province": "", "City": "", "CityCode": "", "Lat": "0", "Lon": "0", "Confirmed": 1718, "Deaths": 32, "Recovered": 36, "Active": 1650, "Date": "2020-03-24T00:00:00Z"}, {"Country": "Denmark", "CountryCode": "", "Province": "", "City": "", "CityCode": "", "Lat": "0", "Lon": "0", "Confirmed": 1862, "Deaths": 34, "Recovered": 41, "Active": 1787, "Date": "2020-03-25T00:00:00Z"}, {"Country": "Denmark", "CountryCode": "", "Province": "", "City": "", "CityCode": "", "Lat": "0", "Lon": "0", "Confirmed": 2023, "Deaths": 41, "Recovered": 50, "Active": 1932, "Date": "2020-03-26T00:00:00Z"}, {"Country": "Denmark", "CountryCode": "", "Province": "", "City": "", "CityCode": "", "Lat": "0", "Lon": "0", "Confirmed": 2200, "Deaths": 52, "Recovered": 57, "Active": 2091, "Date": "2020-03-27T00:00:00Z"}, {"Country": "Denmark", "CountryCode": "", "Province": "", "City": "", "CityCode": "", "Lat": "0", "Lon": "0", "Confirmed": 2366, "Deaths": 65, "Recovered": 57, "Active": 2244, "Date": "2020-03-28T00:00:00Z"}, {"Country": "Denmark", "CountryCode": "", "Province": "", "City": "", "CityCode": "", "Lat": "0", "Lon": "0", "Confirmed": 2564, "Deaths": 72, "Recovered": 73, "Active": 2419, "Date": "2020-03-29T00:00:00Z"}, {"Country": "Denmark", "CountryCode": "", "Province": "", "City": "", "CityCode": "", "Lat": "0", "Lon": "0", "Confirmed": 2755, "Deaths": 77, "Recovered": 73, "Active": 2605, "Date": "2020-03-30T00:00:00Z"}, {"Country": "Denmark", "CountryCode": "", "Province": "", "City": "", "CityCode": "", "Lat": "0", "Lon": "0", "Confirmed": 3039, "Deaths": 90, "Recovered": 77, "Active": 2872, "Date": "2020-03-31T00:00:00Z"}, {"Country": "Denmark", "CountryCode": "", "Province": "", "City": "", "CityCode": "", "Lat": "0", "Lon": "0", "Confirmed": 3290, "Deaths": 104, "Recovered": 971, "Active": 2215, "Date": "2020-04-01T00:00:00Z"}, {"Country": "Denmark", "CountryCode": "", "Province": "", "City": "", "CityCode": "", "Lat": "0", "Lon": "0", "Confirmed": 3573, "Deaths": 123, "Recovered": 1172, "Active": 2278, "Date": "2020-04-02T00:00:00Z"}, {"Country": "Denmark", "CountryCode": "", "Province": "", "City": "", "CityCode": "", "Lat": "0", "Lon": "0", "Confirmed": 3946, "Deaths": 139, "Recovered": 1287, "Active": 2520, "Date": "2020-04-03T00:00:00Z"}, {"Country": "Denmark", "CountryCode": "", "Province": "", "City": "", "CityCode": "", "Lat": "0", "Lon": "0", "Confirmed": 4269, "Deaths": 161, "Recovered": 1379, "Active": 2729, "Date": "2020-04-04T00:00:00Z"}, {"Country": "Denmark", "CountryCode": "", "Province": "", "City": "", "CityCode": "", "Lat": "0", "Lon": "0", "Confirmed": 4561, "Deaths": 179, "Recovered": 1429, "Active": 2953, "Date": "2020-04-05T00:00:00Z"}, {"Country": "Denmark", "CountryCode": "", "Province": "", "City": "", "CityCode": "", "Lat": "0", "Lon": "0", "Confirmed": 4875, "Deaths": 187, "Recovered": 1489, "Active": 3199, "Date": "2020-04-06T00:00:00Z"}, {"Country": "Denmark", "CountryCode": "", "Province": "", "City": "", "CityCode": "", "Lat": "0", "Lon": "0", "Confirmed": 5266, "Deaths": 203, "Recovered": 1621, "Active": 3442, "Date": "2020-04-07T00:00:00Z"}, {"Country": "Denmark", "CountryCode": "", "Province": "", "City": "", "CityCode": "", "Lat": "0", "Lon": "0", "Confirmed": 5597, "Deaths": 218, "Recovered": 1763, "Active": 3616, "Date": "2020-04-08T00:00:00Z"}, {"Country": "Denmark", "CountryCode": "", "Province": "", "City": "", "CityCode": "", "Lat": "0", "Lon": "0", "Confirmed": 5830, "Deaths": 237, "Recovered": 1883, "Active": 3710, "Date": "2020-04-09T00:00:00Z"}, {"Country": "Denmark", "CountryCode": "", "Province": "", "City": "", "CityCode": "", "Lat": "0", "Lon": "0", "Confirmed": 6014, "Deaths": 247, "Recovered": 1929, "Active": 3838, "Date": "2020-04-10T00:00:00Z"}, {"Country": "Denmark", "CountryCode": "", "Province": "", "City": "", "CityCode": "", "Lat": "0", "Lon": "0", "Confirmed": 6191, "Deaths": 260, "Recovered": 2111, "Active": 3820, "Date": "2020-04-11T00:00:00Z"}, {"Country": "Denmark", "CountryCode": "", "Province": "", "City": "", "CityCode": "", "Lat": "0", "Lon": "0", "Confirmed": 6369, "Deaths": 273, "Recovered": 2291, "Active": 3805, "Date": "2020-04-12T00:00:00Z"}, {"Country": "Denmark", "CountryCode": "", "Province": "", "City": "", "CityCode": "", "Lat": "0", "Lon": "0", "Confirmed": 6513, "Deaths": 285, "Recovered": 2403, "Active": 3825, "Date": "2020-04-13T00:00:00Z"}, {"Country": "Denmark", "CountryCode": "", "Province": "", "City": "", "CityCode": "", "Lat": "0", "Lon": "0", "Confirmed": 6706, "Deaths": 299, "Recovered": 2689, "Active": 3718, "Date": "2020-04-14T00:00:00Z"}, {"Country": "Denmark", "CountryCode": "", "Province": "", "City": "", "CityCode": "", "Lat": "0", "Lon": "0", "Confirmed": 6876, "Deaths": 309, "Recovered": 2925, "Active": 3642, "Date": "2020-04-15T00:00:00Z"}, {"Country": "Denmark", "CountryCode": "", "Province": "", "City": "", "CityCode": "", "Lat": "0", "Lon": "0", "Confirmed": 7074, "Deaths": 321, "Recovered": 3203, "Active": 3550, "Date": "2020-04-16T00:00:00Z"}, {"Country": "Denmark", "CountryCode": "", "Province": "", "City": "", "CityCode": "", "Lat": "0", "Lon": "0", "Confirmed": 7268, "Deaths": 336, "Recovered": 3571, "Active": 3361, "Date": "2020-04-17T00:00:00Z"}, {"Country": "Denmark", "CountryCode": "", "Province": "", "City": "", "CityCode": "", "Lat": "0", "Lon": "0", "Confirmed": 7437, "Deaths": 346, "Recovered": 4031, "Active": 3060, "Date": "2020-04-18T00:00:00Z"}, {"Country": "Denmark", "CountryCode": "", "Province": "", "City": "", "CityCode": "", "Lat": "0", "Lon": "0", "Confirmed": 7580, "Deaths": 355, "Recovered": 4328, "Active": 2897, "Date": "2020-04-19T00:00:00Z"}, {"Country": "Denmark", "CountryCode": "", "Province": "", "City": "", "CityCode": "", "Lat": "0", "Lon": "0", "Confirmed": 7711, "Deaths": 364, "Recovered": 4499, "Active": 2848, "Date": "2020-04-20T00:00:00Z"}, {"Country": "Denmark", "CountryCode": "", "Province": "", "City": "", "CityCode": "", "Lat": "0", "Lon": "0", "Confirmed": 7891, "Deaths": 370, "Recovered": 4889, "Active": 2632, "Date": "2020-04-21T00:00:00Z"}, {"Country": "Denmark", "CountryCode": "", "Province": "", "City": "", "CityCode": "", "Lat": "0", "Lon": "0", "Confirmed": 8108, "Deaths": 384, "Recovered": 5276, "Active": 2448, "Date": "2020-04-22T00:00:00Z"}, {"Country": "Denmark", "CountryCode": "", "Province": "", "City": "", "CityCode": "", "Lat": "0", "Lon": "0", "Confirmed": 8271, "Deaths": 394, "Recovered": 5573, "Active": 2304, "Date": "2020-04-23T00:00:00Z"}, {"Country": "Denmark", "CountryCode": "", "Province": "", "City": "", "CityCode": "", "Lat": "0", "Lon": "0", "Confirmed": 8408, "Deaths": 403, "Recovered": 5715, "Active": 2290, "Date": "2020-04-24T00:00:00Z"}, {"Country": "Denmark", "CountryCode": "", "Province": "", "City": "", "CityCode": "", "Lat": "0", "Lon": "0", "Confirmed": 8643, "Deaths": 418, "Recovered": 5858, "Active": 2367, "Date": "2020-04-25T00:00:00Z"}, {"Country": "Denmark", "CountryCode": "", "Province": "", "City": "", "CityCode": "", "Lat": "0", "Lon": "0", "Confirmed": 8773, "Deaths": 422, "Recovered": 5994, "Active": 2357, "Date": "2020-04-26T00:00:00Z"}, {"Country": "Denmark", "CountryCode": "", "Province": "", "City": "", "CityCode": "", "Lat": "0", "Lon": "0", "Confirmed": 8896, "Deaths": 427, "Recovered": 6148, "Active": 2321, "Date": "2020-04-27T00:00:00Z"}, {"Country": "Denmark", "CountryCode": "", "Province": "", "City": "", "CityCode": "", "Lat": "0", "Lon": "0", "Confirmed": 9049, "Deaths": 434, "Recovered": 6313, "Active": 2302, "Date": "2020-04-28T00:00:00Z"}, {"Country": "Denmark", "CountryCode": "", "Province": "", "City": "", "CityCode": "", "Lat": "0", "Lon": "0", "Confirmed": 9206, "Deaths": 443, "Recovered": 6558, "Active": 2205, "Date": "2020-04-29T00:00:00Z"}, {"Country": "Denmark", "CountryCode": "", "Province": "", "City": "", "CityCode": "", "Lat": "0", "Lon": "0", "Confirmed": 9356, "Deaths": 452, "Recovered": 6741, "Active": 2163, "Date": "2020-04-30T00:00:00Z"}, {"Country": "Denmark", "CountryCode": "", "Province": "", "City": "", "CityCode": "", "Lat": "0", "Lon": "0", "Confirmed": 9509, "Deaths": 460, "Recovered": 6924, "Active": 2125, "Date": "2020-05-01T00:00:00Z"}, {"Country": "Denmark", "CountryCode": "", "Province": "", "City": "", "CityCode": "", "Lat": "0", "Lon": "0", "Confirmed": 9605, "Deaths": 475, "Recovered": 7084, "Active": 2046, "Date": "2020-05-02T00:00:00Z"}, {"Country": "Denmark", "CountryCode": "", "Province": "", "City": "", "CityCode": "", "Lat": "0", "Lon": "0", "Confirmed": 9721, "Deaths": 484, "Recovered": 7183, "Active": 2054, "Date": "2020-05-03T00:00:00Z"}, {"Country": "Denmark", "CountryCode": "", "Province": "", "City": "", "CityCode": "", "Lat": "0", "Lon": "0", "Confirmed": 9868, "Deaths": 493, "Recovered": 7284, "Active": 2091, "Date": "2020-05-04T00:00:00Z"}, {"Country": "Denmark", "CountryCode": "", "Province": "", "City": "", "CityCode": "", "Lat": "0", "Lon": "0", "Confirmed": 10019, "Deaths": 503, "Recovered": 7492, "Active": 2024, "Date": "2020-05-05T00:00:00Z"}, {"Country": "Denmark", "CountryCode": "", "Province": "", "City": "", "CityCode": "", "Lat": "0", "Lon": "0", "Confirmed": 10136, "Deaths": 506, "Recovered": 7689, "Active": 1941, "Date": "2020-05-06T00:00:00Z"}, {"Country": "Denmark", "CountryCode": "", "Province": "", "City": "", "CityCode": "", "Lat": "0", "Lon": "0", "Confirmed": 10281, "Deaths": 514, "Recovered": 7907, "Active": 1860, "Date": "2020-05-07T00:00:00Z"}, {"Country": "Denmark", "CountryCode": "", "Province": "", "City": "", "CityCode": "", "Lat": "0", "Lon": "0", "Confirmed": 10416, "Deaths": 522, "Recovered": 8125, "Active": 1769, "Date": "2020-05-08T00:00:00Z"}, {"Country": "Denmark", "CountryCode": "", "Province": "", "City": "", "CityCode": "", "Lat": "0", "Lon": "0", "Confirmed": 10517, "Deaths": 526, "Recovered": 8291, "Active": 1700, "Date": "2020-05-09T00:00:00Z"}, {"Country": "Denmark", "CountryCode": "", "Province": "", "City": "", "CityCode": "", "Lat": "0", "Lon": "0", "Confirmed": 10627, "Deaths": 529, "Recovered": 8415, "Active": 1683, "Date": "2020-05-10T00:00:00Z"}, {"Country": "Denmark", "CountryCode": "", "Province": "", "City": "", "CityCode": "", "Lat": "0", "Lon": "0", "Confirmed": 10711, "Deaths": 533, "Recovered": 8526, "Active": 1652, "Date": "2020-05-11T00:00:00Z"}, {"Country": "Denmark", "CountryCode": "", "Province": "", "City": "", "CityCode": "", "Lat": "0", "Lon": "0", "Confirmed": 10789, "Deaths": 527, "Recovered": 8778, "Active": 1484, "Date": "2020-05-12T00:00:00Z"}, {"Country": "Denmark", "CountryCode": "", "Province": "", "City": "", "CityCode": "", "Lat": "0", "Lon": "0", "Confirmed": 10865, "Deaths": 533, "Recovered": 8861, "Active": 1471, "Date": "2020-05-13T00:00:00Z"}, {"Country": "Denmark", "CountryCode": "", "Province": "", "City": "", "CityCode": "", "Lat": "0", "Lon": "0", "Confirmed": 10911, "Deaths": 537, "Recovered": 9003, "Active": 1371, "Date": "2020-05-14T00:00:00Z"}, {"Country": "Denmark", "CountryCode": "", "Province": "", "City": "", "CityCode": "", "Lat": "0", "Lon": "0", "Confirmed": 10989, "Deaths": 537, "Recovered": 9157, "Active": 1295, "Date": "2020-05-15T00:00:00Z"}, {"Country": "Denmark", "CountryCode": "", "Province": "", "City": "", "CityCode": "", "Lat": "0", "Lon": "0", "Confirmed": 11056, "Deaths": 543, "Recovered": 9305, "Active": 1208, "Date": "2020-05-16T00:00:00Z"}, {"Country": "Denmark", "CountryCode": "", "Province": "", "City": "", "CityCode": "", "Lat": "0", "Lon": "0", "Confirmed": 11125, "Deaths": 547, "Recovered": 9425, "Active": 1153, "Date": "2020-05-17T00:00:00Z"}, {"Country": "Denmark", "CountryCode": "", "Province": "", "City": "", "CityCode": "", "Lat": "0", "Lon": "0", "Confirmed": 11166, "Deaths": 548, "Recovered": 9499, "Active": 1119, "Date": "2020-05-18T00:00:00Z"}, {"Country": "Denmark", "CountryCode": "", "Province": "", "City": "", "CityCode": "", "Lat": "0", "Lon": "0", "Confirmed": 11242, "Deaths": 551, "Recovered": 9614, "Active": 1077, "Date": "2020-05-19T00:00:00Z"}, {"Country": "Denmark", "CountryCode": "", "Province": "", "City": "", "CityCode": "", "Lat": "0", "Lon": "0", "Confirmed": 11315, "Deaths": 554, "Recovered": 9734, "Active": 1027, "Date": "2020-05-20T00:00:00Z"}, {"Country": "Denmark", "CountryCode": "", "Province": "", "City": "", "CityCode": "", "Lat": "0", "Lon": "0", "Confirmed": 11380, "Deaths": 561, "Recovered": 9841, "Active": 978, "Date": "2020-05-21T00:00:00Z"}, {"Country": "Denmark", "CountryCode": "", "Province": "", "City": "", "CityCode": "", "Lat": "0", "Lon": "0", "Confirmed": 11428, "Deaths": 561, "Recovered": 9962, "Active": 905, "Date": "2020-05-22T00:00:00Z"}, {"Country": "Denmark", "CountryCode": "", "Province": "", "City": "", "CityCode": "", "Lat": "0", "Lon": "0", "Confirmed": 11487, "Deaths": 561, "Recovered": 10034, "Active": 892, "Date": "2020-05-23T00:00:00Z"}, {"Country": "Denmark", "CountryCode": "", "Province": "", "City": "", "CityCode": "", "Lat": "0", "Lon": "0", "Confirmed": 11559, "Deaths": 562, "Recovered": 10098, "Active": 899, "Date": "2020-05-24T00:00:00Z"}, {"Country": "Denmark", "CountryCode": "", "Province": "", "City": "", "CityCode": "", "Lat": "0", "Lon": "0", "Confirmed": 11586, "Deaths": 563, "Recovered": 10162, "Active": 861, "Date": "2020-05-25T00:00:00Z"}, {"Country": "Denmark", "CountryCode": "", "Province": "", "City": "", "CityCode": "", "Lat": "0", "Lon": "0", "Confirmed": 11627, "Deaths": 563, "Recovered": 10242, "Active": 822, "Date": "2020-05-26T00:00:00Z"}, {"Country": "Denmark", "CountryCode": "", "Province": "", "City": "", "CityCode": "", "Lat": "0", "Lon": "0", "Confirmed": 11680, "Deaths": 565, "Recovered": 10304, "Active": 811, "Date": "2020-05-27T00:00:00Z"}, {"Country": "Denmark", "CountryCode": "", "Province": "", "City": "", "CityCode": "", "Lat": "0", "Lon": "0", "Confirmed": 11712, "Deaths": 568, "Recovered": 10378, "Active": 766, "Date": "2020-05-28T00:00:00Z"}, {"Country": "Denmark", "CountryCode": "", "Province": "", "City": "", "CityCode": "", "Lat": "0", "Lon": "0", "Confirmed": 11793, "Deaths": 568, "Recovered": 10438, "Active": 787, "Date": "2020-05-29T00:00:00Z"}, {"Country": "Denmark", "CountryCode": "", "Province": "", "City": "", "CityCode": "", "Lat": "0", "Lon": "0", "Confirmed": 11833, "Deaths": 571, "Recovered": 10525, "Active": 737, "Date": "2020-05-30T00:00:00Z"}, {"Country": "Denmark", "CountryCode": "", "Province": "", "City": "", "CityCode": "", "Lat": "0", "Lon": "0", "Confirmed": 11869, "Deaths": 574, "Recovered": 10560, "Active": 735, "Date": "2020-05-31T00:00:00Z"}, {"Country": "Denmark", "CountryCode": "", "Province": "", "City": "", "CityCode": "", "Lat": "0", "Lon": "0", "Confirmed": 11899, "Deaths": 576, "Recovered": 10610, "Active": 713, "Date": "2020-06-01T00:00:00Z"}, {"Country": "Denmark", "CountryCode": "", "Province": "", "City": "", "CityCode": "", "Lat": "0", "Lon": "0", "Confirmed": 11934, "Deaths": 580, "Recovered": 10687, "Active": 667, "Date": "2020-06-02T00:00:00Z"}, {"Country": "Denmark", "CountryCode": "", "Province": "", "City": "", "CityCode": "", "Lat": "0", "Lon": "0", "Confirmed": 11971, "Deaths": 580, "Recovered": 10750, "Active": 641, "Date": "2020-06-03T00:00:00Z"}, {"Country": "Denmark", "CountryCode": "", "Province": "", "City": "", "CityCode": "", "Lat": "0", "Lon": "0", "Confirmed": 12011, "Deaths": 582, "Recovered": 10820, "Active": 609, "Date": "2020-06-04T00:00:00Z"}, {"Country": "Denmark", "CountryCode": "", "Province": "", "City": "", "CityCode": "", "Lat": "0", "Lon": "0", "Confirmed": 12075, "Deaths": 586, "Recovered": 10853, "Active": 636, "Date": "2020-06-05T00:00:00Z"}, {"Country": "Denmark", "CountryCode": "", "Province": "", "City": "", "CityCode": "", "Lat": "0", "Lon": "0", "Confirmed": 12124, "Deaths": 587, "Recovered": 10921, "Active": 616, "Date": "2020-06-06T00:00:00Z"}, {"Country": "Denmark", "CountryCode": "", "Province": "", "City": "", "CityCode": "", "Lat": "0", "Lon": "0", "Confirmed": 12148, "Deaths": 589, "Recovered": 10955, "Active": 604, "Date": "2020-06-07T00:00:00Z"}, {"Country": "Denmark", "CountryCode": "", "Province": "", "City": "", "CityCode": "", "Lat": "0", "Lon": "0", "Confirmed": 12162, "Deaths": 593, "Recovered": 10992, "Active": 577, "Date": "2020-06-08T00:00:00Z"}, {"Country": "Denmark", "CountryCode": "", "Province": "", "City": "", "CityCode": "", "Lat": "0", "Lon": "0", "Confirmed": 12201, "Deaths": 593, "Recovered": 11049, "Active": 559, "Date": "2020-06-09T00:00:00Z"}, {"Country": "Denmark", "CountryCode": "", "Province": "", "City": "", "CityCode": "", "Lat": "0", "Lon": "0", "Confirmed": 12216, "Deaths": 593, "Recovered": 11104, "Active": 519, "Date": "2020-06-10T00:00:00Z"}, {"Country": "Denmark", "CountryCode": "", "Province": "", "City": "", "CityCode": "", "Lat": "0", "Lon": "0", "Confirmed": 12235, "Deaths": 593, "Recovered": 11155, "Active": 487, "Date": "2020-06-11T00:00:00Z"}, {"Country": "Denmark", "CountryCode": "", "Province": "", "City": "", "CityCode": "", "Lat": "0", "Lon": "0", "Confirmed": 12299, "Deaths": 594, "Recovered": 11193, "Active": 512, "Date": "2020-06-12T00:00:00Z"}, {"Country": "Denmark", "CountryCode": "", "Province": "", "City": "", "CityCode": "", "Lat": "0", "Lon": "0", "Confirmed": 12339, "Deaths": 597, "Recovered": 11235, "Active": 507, "Date": "2020-06-13T00:00:00Z"}, {"Country": "Denmark", "CountryCode": "", "Province": "", "City": "", "CityCode": "", "Lat": "0", "Lon": "0", "Confirmed": 12393, "Deaths": 597, "Recovered": 11268, "Active": 528, "Date": "2020-06-14T00:00:00Z"}, {"Country": "Denmark", "CountryCode": "", "Province": "", "City": "", "CityCode": "", "Lat": "0", "Lon": "0", "Confirmed": 12417, "Deaths": 598, "Recovered": 11290, "Active": 529, "Date": "2020-06-15T00:00:00Z"}, {"Country": "Denmark", "CountryCode": "", "Province": "", "City": "", "CityCode": "", "Lat": "0", "Lon": "0", "Confirmed": 12450, "Deaths": 598, "Recovered": 11325, "Active": 527, "Date": "2020-06-16T00:00:00Z"}, {"Country": "Denmark", "CountryCode": "", "Province": "", "City": "", "CityCode": "", "Lat": "0", "Lon": "0", "Confirmed": 12494, "Deaths": 598, "Recovered": 11385, "Active": 511, "Date": "2020-06-17T00:00:00Z"}, {"Country": "Denmark", "CountryCode": "", "Province": "", "City": "", "CityCode": "", "Lat": "0", "Lon": "0", "Confirmed": 12544, "Deaths": 600, "Recovered": 11442, "Active": 502, "Date": "2020-06-18T00:00:00Z"}, {"Country": "Denmark", "CountryCode": "", "Province": "", "City": "", "CityCode": "", "Lat": "0", "Lon": "0", "Confirmed": 12591, "Deaths": 600, "Recovered": 11482, "Active": 509, "Date": "2020-06-19T00:00:00Z"}, {"Country": "Denmark", "CountryCode": "", "Province": "", "City": "", "CityCode": "", "Lat": "0", "Lon": "0", "Confirmed": 12591, "Deaths": 600, "Recovered": 11482, "Active": 509, "Date": "2020-06-20T00:00:00Z"}, {"Country": "Denmark", "CountryCode": "", "Province": "", "City": "", "CityCode": "", "Lat": "0", "Lon": "0", "Confirmed": 12591, "Deaths": 600, "Recovered": 11482, "Active": 509, "Date": "2020-06-21T00:00:00Z"}, {"Country": "Denmark", "CountryCode": "", "Province": "", "City": "", "CityCode": "", "Lat": "0", "Lon": "0", "Confirmed": 12727, "Deaths": 602, "Recovered": 11547, "Active": 578, "Date": "2020-06-22T00:00:00Z"}, {"Country": "Denmark", "CountryCode": "", "Province": "", "City": "", "CityCode": "", "Lat": "0", "Lon": "0", "Confirmed": 12761, "Deaths": 603, "Recovered": 11593, "Active": 565, "Date": "2020-06-23T00:00:00Z"}, {"Country": "Denmark", "CountryCode": "", "Province": "", "City": "", "CityCode": "", "Lat": "0", "Lon": "0", "Confirmed": 12815, "Deaths": 603, "Recovered": 11622, "Active": 590, "Date": "2020-06-24T00:00:00Z"}, {"Country": "Denmark", "CountryCode": "", "Province": "", "City": "", "CityCode": "", "Lat": "0", "Lon": "0", "Confirmed": 12836, "Deaths": 603, "Recovered": 11660, "Active": 573, "Date": "2020-06-25T00:00:00Z"}, {"Country": "Denmark", "CountryCode": "", "Province": "", "City": "", "CityCode": "", "Lat": "0", "Lon": "0", "Confirmed": 12875, "Deaths": 604, "Recovered": 11708, "Active": 563, "Date": "2020-06-26T00:00:00Z"}, {"Country": "Denmark", "CountryCode": "", "Province": "", "City": "", "CityCode": "", "Lat": "0", "Lon": "0", "Confirmed": 12875, "Deaths": 604, "Recovered": 11708, "Active": 563, "Date": "2020-06-27T00:00:00Z"}, {"Country": "Denmark", "CountryCode": "", "Province": "", "City": "", "CityCode": "", "Lat": "0", "Lon": "0", "Confirmed": 12875, "Deaths": 604, "Recovered": 11708, "Active": 563, "Date": "2020-06-28T00:00:00Z"}, {"Country": "Denmark", "CountryCode": "", "Province": "", "City": "", "CityCode": "", "Lat": "0", "Lon": "0", "Confirmed": 12951, "Deaths": 605, "Recovered": 11812, "Active": 534, "Date": "2020-06-29T00:00:00Z"}, {"Country": "Denmark", "CountryCode": "", "Province": "", "City": "", "CityCode": "", "Lat": "0", "Lon": "0", "Confirmed": 12968, "Deaths": 605, "Recovered": 11849, "Active": 514, "Date": "2020-06-30T00:00:00Z"}, {"Country": "Denmark", "CountryCode": "", "Province": "", "City": "", "CityCode": "", "Lat": "0", "Lon": "0", "Confirmed": 12994, "Deaths": 606, "Recovered": 11893, "Active": 495, "Date": "2020-07-01T00:00:00Z"}, {"Country": "Denmark", "CountryCode": "", "Province": "", "City": "", "CityCode": "", "Lat": "0", "Lon": "0", "Confirmed": 13015, "Deaths": 606, "Recovered": 11969, "Active": 440, "Date": "2020-07-02T00:00:00Z"}, {"Country": "Denmark", "CountryCode": "", "Province": "", "City": "", "CityCode": "", "Lat": "0", "Lon": "0", "Confirmed": 13032, "Deaths": 606, "Recovered": 12017, "Active": 409, "Date": "2020-07-03T00:00:00Z"}, {"Country": "Denmark", "CountryCode": "", "Province": "", "City": "", "CityCode": "", "Lat": "0", "Lon": "0", "Confirmed": 13032, "Deaths": 606, "Recovered": 12017, "Active": 409, "Date": "2020-07-04T00:00:00Z"}, {"Country": "Denmark", "CountryCode": "", "Province": "", "City": "", "CityCode": "", "Lat": "0", "Lon": "0", "Confirmed": 13033, "Deaths": 606, "Recovered": 12017, "Active": 410, "Date": "2020-07-05T00:00:00Z"}, {"Country": "Denmark", "CountryCode": "", "Province": "", "City": "", "CityCode": "", "Lat": "0", "Lon": "0", "Confirmed": 13079, "Deaths": 607, "Recovered": 12135, "Active": 337, "Date": "2020-07-06T00:00:00Z"}, {"Country": "Denmark", "CountryCode": "", "Province": "", "City": "", "CityCode": "", "Lat": "0", "Lon": "0", "Confirmed": 13089, "Deaths": 609, "Recovered": 12184, "Active": 296, "Date": "2020-07-07T00:00:00Z"}, {"Country": "Denmark", "CountryCode": "", "Province": "", "City": "", "CityCode": "", "Lat": "0", "Lon": "0", "Confirmed": 13101, "Deaths": 609, "Recovered": 12202, "Active": 290, "Date": "2020-07-08T00:00:00Z"}, {"Country": "Denmark", "CountryCode": "", "Province": "", "City": "", "CityCode": "", "Lat": "0", "Lon": "0", "Confirmed": 13117, "Deaths": 609, "Recovered": 12246, "Active": 262, "Date": "2020-07-09T00:00:00Z"}, {"Country": "Denmark", "CountryCode": "", "Province": "", "City": "", "CityCode": "", "Lat": "0", "Lon": "0", "Confirmed": 13147, "Deaths": 609, "Recovered": 12278, "Active": 260, "Date": "2020-07-10T00:00:00Z"}, {"Country": "Denmark", "CountryCode": "", "Province": "", "City": "", "CityCode": "", "Lat": "0", "Lon": "0", "Confirmed": 13147, "Deaths": 609, "Recovered": 12278, "Active": 260, "Date": "2020-07-11T00:00:00Z"}, {"Country": "Denmark", "CountryCode": "", "Province": "", "City": "", "CityCode": "", "Lat": "0", "Lon": "0", "Confirmed": 13147, "Deaths": 609, "Recovered": 12278, "Active": 260, "Date": "2020-07-12T00:00:00Z"}, {"Country": "Denmark", "CountryCode": "", "Province": "", "City": "", "CityCode": "", "Lat": "0", "Lon": "0", "Confirmed": 13238, "Deaths": 610, "Recovered": 12331, "Active": 297, "Date": "2020-07-13T00:00:00Z"}, {"Country": "Denmark", "CountryCode": "", "Province": "", "City": "", "CityCode": "", "Lat": "0", "Lon": "0", "Confirmed": 13262, "Deaths": 610, "Recovered": 12361, "Active": 291, "Date": "2020-07-14T00:00:00Z"}, {"Country": "Denmark", "CountryCode": "", "Province": "", "City": "", "CityCode": "", "Lat": "0", "Lon": "0", "Confirmed": 13293, "Deaths": 610, "Recovered": 12383, "Active": 300, "Date": "2020-07-15T00:00:00Z"}, {"Country": "Denmark", "CountryCode": "", "Province": "", "City": "", "CityCode": "", "Lat": "0", "Lon": "0", "Confirmed": 13325, "Deaths": 610, "Recovered": 12396, "Active": 319, "Date": "2020-07-16T00:00:00Z"}, {"Country": "Denmark", "CountryCode": "", "Province": "", "City": "", "CityCode": "", "Lat": "0", "Lon": "0", "Confirmed": 13374, "Deaths": 611, "Recovered": 12410, "Active": 353, "Date": "2020-07-17T00:00:00Z"}, {"Country": "Denmark", "CountryCode": "", "Province": "", "City": "", "CityCode": "", "Lat": "0", "Lon": "0", "Confirmed": 13374, "Deaths": 611, "Recovered": 12410, "Active": 353, "Date": "2020-07-18T00:00:00Z"}, {"Country": "Denmark", "CountryCode": "", "Province": "", "City": "", "CityCode": "", "Lat": "0", "Lon": "0", "Confirmed": 13377, "Deaths": 611, "Recovered": 12410, "Active": 356, "Date": "2020-07-19T00:00:00Z"}, {"Country": "Denmark", "CountryCode": "", "Province": "", "City": "", "CityCode": "", "Lat": "0", "Lon": "0", "Confirmed": 13466, "Deaths": 611, "Recovered": 12452, "Active": 403, "Date": "2020-07-20T00:00:00Z"}, {"Country": "Denmark", "CountryCode": "", "Province": "", "City": "", "CityCode": "", "Lat": "0", "Lon": "0", "Confirmed": 13506, "Deaths": 611, "Recovered": 12462, "Active": 433, "Date": "2020-07-21T00:00:00Z"}, {"Country": "Denmark", "CountryCode": "", "Province": "", "City": "", "CityCode": "", "Lat": "0", "Lon": "0", "Confirmed": 13554, "Deaths": 611, "Recovered": 12475, "Active": 468, "Date": "2020-07-22T00:00:00Z"}, {"Country": "Denmark", "CountryCode": "", "Province": "", "City": "", "CityCode": "", "Lat": "0", "Lon": "0", "Confirmed": 13594, "Deaths": 612, "Recovered": 12500, "Active": 482, "Date": "2020-07-23T00:00:00Z"}, {"Country": "Denmark", "CountryCode": "", "Province": "", "City": "", "CityCode": "", "Lat": "0", "Lon": "0", "Confirmed": 13642, "Deaths": 613, "Recovered": 12541, "Active": 488, "Date": "2020-07-24T00:00:00Z"}, {"Country": "Denmark", "CountryCode": "", "Province": "", "City": "", "CityCode": "", "Lat": "0", "Lon": "0", "Confirmed": 13643, "Deaths": 613, "Recovered": 12541, "Active": 489, "Date": "2020-07-25T00:00:00Z"}, {"Country": "Denmark", "CountryCode": "", "Province": "", "City": "", "CityCode": "", "Lat": "0", "Lon": "0", "Confirmed": 13665, "Deaths": 613, "Recovered": 12541, "Active": 511, "Date": "2020-07-26T00:00:00Z"}, {"Country": "Denmark", "CountryCode": "", "Province": "", "City": "", "CityCode": "", "Lat": "0", "Lon": "0", "Confirmed": 13775, "Deaths": 613, "Recovered": 12618, "Active": 544, "Date": "2020-07-27T00:00:00Z"}, {"Country": "Denmark", "CountryCode": "", "Province": "", "City": "", "CityCode": "", "Lat": "0", "Lon": "0", "Confirmed": 13811, "Deaths": 613, "Recovered": 12652, "Active": 546, "Date": "2020-07-28T00:00:00Z"}, {"Country": "Denmark", "CountryCode": "", "Province": "", "City": "", "CityCode": "", "Lat": "0", "Lon": "0", "Confirmed": 13868, "Deaths": 614, "Recovered": 12686, "Active": 568, "Date": "2020-07-29T00:00:00Z"}, {"Country": "Denmark", "CountryCode": "", "Province": "", "City": "", "CityCode": "", "Lat": "0", "Lon": "0", "Confirmed": 13964, "Deaths": 615, "Recovered": 12727, "Active": 622, "Date": "2020-07-30T00:00:00Z"}, {"Country": "Denmark", "CountryCode": "", "Province": "", "City": "", "CityCode": "", "Lat": "0", "Lon": "0", "Confirmed": 14028, "Deaths": 615, "Recovered": 12780, "Active": 633, "Date": "2020-07-31T00:00:00Z"}, {"Country": "Denmark", "CountryCode": "", "Province": "", "City": "", "CityCode": "", "Lat": "0", "Lon": "0", "Confirmed": 14028, "Deaths": 615, "Recovered": 12780, "Active": 633, "Date": "2020-08-01T00:00:00Z"}, {"Country": "Denmark", "CountryCode": "", "Province": "", "City": "", "CityCode": "", "Lat": "0", "Lon": "0", "Confirmed": 14028, "Deaths": 615, "Recovered": 12783, "Active": 630, "Date": "2020-08-02T00:00:00Z"}, {"Country": "Denmark", "CountryCode": "", "Province": "", "City": "", "CityCode": "", "Lat": "0", "Lon": "0", "Confirmed": 14235, "Deaths": 616, "Recovered": 12887, "Active": 732, "Date": "2020-08-03T00:00:00Z"}, {"Country": "Denmark", "CountryCode": "", "Province": "", "City": "", "CityCode": "", "Lat": "0", "Lon": "0", "Confirmed": 14314, "Deaths": 616, "Recovered": 12920, "Active": 778, "Date": "2020-08-04T00:00:00Z"}, {"Country": "Denmark", "CountryCode": "", "Province": "", "City": "", "CityCode": "", "Lat": "0", "Lon": "0", "Confirmed": 14440, "Deaths": 616, "Recovered": 12958, "Active": 866, "Date": "2020-08-05T00:00:00Z"}, {"Country": "Denmark", "CountryCode": "", "Province": "", "City": "", "CityCode": "", "Lat": "0", "Lon": "0", "Confirmed": 14586, "Deaths": 617, "Recovered": 12993, "Active": 976, "Date": "2020-08-06T00:00:00Z"}, {"Country": "Denmark", "CountryCode": "", "Province": "", "City": "", "CityCode": "", "Lat": "0", "Lon": "0", "Confirmed": 14747, "Deaths": 617, "Recovered": 13046, "Active": 1084, "Date": "2020-08-07T00:00:00Z"}, {"Country": "Denmark", "CountryCode": "", "Province": "", "City": "", "CityCode": "", "Lat": "0", "Lon": "0", "Confirmed": 14751, "Deaths": 617, "Recovered": 13047, "Active": 1087, "Date": "2020-08-08T00:00:00Z"}, {"Country": "Denmark", "CountryCode": "", "Province": "", "City": "", "CityCode": "", "Lat": "0", "Lon": "0", "Confirmed": 14759, "Deaths": 617, "Recovered": 13069, "Active": 1073, "Date": "2020-08-09T00:00:00Z"}, {"Country": "Denmark", "CountryCode": "", "Province": "", "City": "", "CityCode": "", "Lat": "0", "Lon": "0", "Confirmed": 15135, "Deaths": 620, "Recovered": 13154, "Active": 1361, "Date": "2020-08-10T00:00:00Z"}, {"Country": "Denmark", "CountryCode": "", "Province": "", "City": "", "CityCode": "", "Lat": "0", "Lon": "0", "Confirmed": 15291, "Deaths": 621, "Recovered": 13227, "Active": 1443, "Date": "2020-08-11T00:00:00Z"}, {"Country": "Denmark", "CountryCode": "", "Province": "", "City": "", "CityCode": "", "Lat": "0", "Lon": "0", "Confirmed": 15423, "Deaths": 621, "Recovered": 13305, "Active": 1497, "Date": "2020-08-12T00:00:00Z"}, {"Country": "Denmark", "CountryCode": "", "Province": "", "City": "", "CityCode": "", "Lat": "0", "Lon": "0", "Confirmed": 15590, "Deaths": 621, "Recovered": 13370, "Active": 1599, "Date": "2020-08-13T00:00:00Z"}, {"Country": "Denmark", "CountryCode": "", "Province": "", "City": "", "CityCode": "", "Lat": "0", "Lon": "0", "Confirmed": 15758, "Deaths": 621, "Recovered": 13455, "Active": 1682, "Date": "2020-08-14T00:00:00Z"}, {"Country": "Denmark", "CountryCode": "", "Province": "", "City": "", "CityCode": "", "Lat": "0", "Lon": "0", "Confirmed": 15867, "Deaths": 621, "Recovered": 13514, "Active": 1732, "Date": "2020-08-15T00:00:00Z"}, {"Country": "Denmark", "CountryCode": "", "Province": "", "City": "", "CityCode": "", "Lat": "0", "Lon": "0", "Confirmed": 16003, "Deaths": 621, "Recovered": 13579, "Active": 1803, "Date": "2020-08-16T00:00:00Z"}, {"Country": "Denmark", "CountryCode": "", "Province": "", "City": "", "CityCode": "", "Lat": "0", "Lon": "0", "Confirmed": 16127, "Deaths": 621, "Recovered": 13660, "Active": 1846, "Date": "2020-08-17T00:00:00Z"}, {"Country": "Denmark", "CountryCode": "", "Province": "", "City": "", "CityCode": "", "Lat": "0", "Lon": "0", "Confirmed": 16246, "Deaths": 621, "Recovered": 13778, "Active": 1847, "Date": "2020-08-18T00:00:00Z"}, {"Country": "Denmark", "CountryCode": "", "Province": "", "City": "", "CityCode": "", "Lat": "0", "Lon": "0", "Confirmed": 16336, "Deaths": 621, "Recovered": 13921, "Active": 1794, "Date": "2020-08-19T00:00:00Z"}, {"Country": "Denmark", "CountryCode": "", "Province": "", "City": "", "CityCode": "", "Lat": "0", "Lon": "0", "Confirmed": 16453, "Deaths": 621, "Recovered": 14057, "Active": 1775, "Date": "2020-08-20T00:00:00Z"}, {"Country": "Denmark", "CountryCode": "", "Province": "", "City": "", "CityCode": "", "Lat": "0", "Lon": "0", "Confirmed": 16525, "Deaths": 621, "Recovered": 14258, "Active": 1646, "Date": "2020-08-21T00:00:00Z"}, {"Country": "Denmark", "CountryCode": "", "Province": "", "City": "", "CityCode": "", "Lat": "0", "Lon": "0", "Confirmed": 16637, "Deaths": 622, "Recovered": 14258, "Active": 1757, "Date": "2020-08-22T00:00:00Z"}, {"Country": "Denmark", "CountryCode": "", "Province": "", "City": "", "CityCode": "", "Lat": "0", "Lon": "0", "Confirmed": 16715, "Deaths": 622, "Recovered": 14494, "Active": 1599, "Date": "2020-08-23T00:00:00Z"}, {"Country": "Denmark", "CountryCode": "", "Province": "", "City": "", "CityCode": "", "Lat": "0", "Lon": "0", "Confirmed": 16821, "Deaths": 623, "Recovered": 14661, "Active": 1537, "Date": "2020-08-24T00:00:00Z"}, {"Country": "Denmark", "CountryCode": "", "Province": "", "City": "", "CityCode": "", "Lat": "0", "Lon": "0", "Confirmed": 16905, "Deaths": 623, "Recovered": 14823, "Active": 1459, "Date": "2020-08-25T00:00:00Z"}, {"Country": "Denmark", "CountryCode": "", "Province": "", "City": "", "CityCode": "", "Lat": "0", "Lon": "0", "Confirmed": 16962, "Deaths": 623, "Recovered": 14974, "Active": 1365, "Date": "2020-08-26T00:00:00Z"}, {"Country": "Denmark", "CountryCode": "", "Province": "", "City": "", "CityCode": "", "Lat": "0", "Lon": "0", "Confirmed": 17052, "Deaths": 624, "Recovered": 15135, "Active": 1293, "Date": "2020-08-27T00:00:00Z"}, {"Country": "Denmark", "CountryCode": "", "Province": "", "City": "", "CityCode": "", "Lat": "0", "Lon": "0", "Confirmed": 17125, "Deaths": 624, "Recovered": 15252, "Active": 1249, "Date": "2020-08-28T00:00:00Z"}, {"Country": "Denmark", "CountryCode": "", "Province": "", "City": "", "CityCode": "", "Lat": "0", "Lon": "0", "Confirmed": 17204, "Deaths": 624, "Recovered": 15365, "Active": 1215, "Date": "2020-08-29T00:00:00Z"}, {"Country": "Denmark", "CountryCode": "", "Province": "", "City": "", "CityCode": "", "Lat": "0", "Lon": "0", "Confirmed": 17316, "Deaths": 624, "Recovered": 15492, "Active": 1200, "Date": "2020-08-30T00:00:00Z"}, {"Country": "Denmark", "CountryCode": "", "Province": "", "City": "", "CityCode": "", "Lat": "0", "Lon": "0", "Confirmed": 17410, "Deaths": 624, "Recovered": 15593, "Active": 1193, "Date": "2020-08-31T00:00:00Z"}, {"Country": "Denmark", "CountryCode": "", "Province": "", "City": "", "CityCode": "", "Lat": "0", "Lon": "0", "Confirmed": 17509, "Deaths": 625, "Recovered": 15688, "Active": 1196, "Date": "2020-09-01T00:00:00Z"}, {"Country": "Denmark", "CountryCode": "", "Province": "", "City": "", "CityCode": "", "Lat": "0", "Lon": "0", "Confirmed": 17620, "Deaths": 626, "Recovered": 15801, "Active": 1193, "Date": "2020-09-02T00:00:00Z"}, {"Country": "Denmark", "CountryCode": "", "Province": "", "City": "", "CityCode": "", "Lat": "0", "Lon": "0", "Confirmed": 17800, "Deaths": 626, "Recovered": 15892, "Active": 1282, "Date": "2020-09-03T00:00:00Z"}, {"Country": "Denmark", "CountryCode": "", "Province": "", "City": "", "CityCode": "", "Lat": "0", "Lon": "0", "Confirmed": 17974, "Deaths": 627, "Recovered": 15979, "Active": 1368, "Date": "2020-09-04T00:00:00Z"}, {"Country": "Denmark", "CountryCode": "", "Province": "", "City": "", "CityCode": "", "Lat": "0", "Lon": "0", "Confirmed": 18163, "Deaths": 627, "Recovered": 16064, "Active": 1472, "Date": "2020-09-05T00:00:00Z"}, {"Country": "Denmark", "CountryCode": "", "Province": "", "City": "", "CityCode": "", "Lat": "0", "Lon": "0", "Confirmed": 18310, "Deaths": 627, "Recovered": 16153, "Active": 1530, "Date": "2020-09-06T00:00:00Z"}, {"Country": "Denmark", "CountryCode": "", "Province": "", "City": "", "CityCode": "", "Lat": "0", "Lon": "0", "Confirmed": 18540, "Deaths": 628, "Recovered": 16256, "Active": 1656, "Date": "2020-09-07T00:00:00Z"}, {"Country": "Denmark", "CountryCode": "", "Province": "", "City": "", "CityCode": "", "Lat": "0", "Lon": "0", "Confirmed": 18784, "Deaths": 628, "Recovered": 16330, "Active": 1826, "Date": "2020-09-08T00:00:00Z"}, {"Country": "Denmark", "CountryCode": "", "Province": "", "City": "", "CityCode": "", "Lat": "0", "Lon": "0", "Confirmed": 19036, "Deaths": 628, "Recovered": 16414, "Active": 1994, "Date": "2020-09-09T00:00:00Z"}, {"Country": "Denmark", "CountryCode": "", "Province": "", "City": "", "CityCode": "", "Lat": "0", "Lon": "0", "Confirmed": 19353, "Deaths": 629, "Recovered": 16493, "Active": 2231, "Date": "2020-09-10T00:00:00Z"}, {"Country": "Denmark", "CountryCode": "", "Province": "", "City": "", "CityCode": "", "Lat": "0", "Lon": "0", "Confirmed": 19646, "Deaths": 629, "Recovered": 16563, "Active": 2454, "Date": "2020-09-11T00:00:00Z"}, {"Country": "Denmark", "CountryCode": "", "Province": "", "City": "", "CityCode": "", "Lat": "0", "Lon": "0", "Confirmed": 19989, "Deaths": 630, "Recovered": 16671, "Active": 2688, "Date": "2020-09-12T00:00:00Z"}, {"Country": "Denmark", "CountryCode": "", "Province": "", "City": "", "CityCode": "", "Lat": "0", "Lon": "0", "Confirmed": 20327, "Deaths": 631, "Recovered": 16757, "Active": 2939, "Date": "2020-09-13T00:00:00Z"}, {"Country": "Denmark", "CountryCode": "", "Province": "", "City": "", "CityCode": "", "Lat": "0", "Lon": "0", "Confirmed": 20674, "Deaths": 633, "Recovered": 16863, "Active": 3178, "Date": "2020-09-14T00:00:00Z"}, {"Country": "Denmark", "CountryCode": "", "Province": "", "City": "", "CityCode": "", "Lat": "0", "Lon": "0", "Confirmed": 21013, "Deaths": 633, "Recovered": 16983, "Active": 3397, "Date": "2020-09-15T00:00:00Z"}, {"Country": "Denmark", "CountryCode": "", "Province": "", "City": "", "CityCode": "", "Lat": "0", "Lon": "0", "Confirmed": 21013, "Deaths": 633, "Recovered": 16983, "Active": 3397, "Date": "2020-09-16T00:00:00Z"}, {"Country": "Denmark", "CountryCode": "", "Province": "", "City": "", "CityCode": "", "Lat": "0", "Lon": "0", "Confirmed": 21836, "Deaths": 635, "Recovered": 17344, "Active": 3857, "Date": "2020-09-17T00:00:00Z"}, {"Country": "Denmark", "CountryCode": "", "Province": "", "City": "", "CityCode": "", "Lat": "0", "Lon": "0", "Confirmed": 22291, "Deaths": 635, "Recovered": 17536, "Active": 4120, "Date": "2020-09-18T00:00:00Z"}, {"Country": "Denmark", "CountryCode": "", "Province": "", "City": "", "CityCode": "", "Lat": "0", "Lon": "0", "Confirmed": 22881, "Deaths": 635, "Recovered": 17742, "Active": 4504, "Date": "2020-09-19T00:00:00Z"}, {"Country": "Denmark", "CountryCode": "", "Province": "", "City": "", "CityCode": "", "Lat": "0", "Lon": "0", "Confirmed": 23353, "Deaths": 638, "Recovered": 17940, "Active": 4775, "Date": "2020-09-20T00:00:00Z"}, {"Country": "Denmark", "CountryCode": "", "Province": "", "City": "", "CityCode": "", "Lat": "0", "Lon": "0", "Confirmed": 23774, "Deaths": 640, "Recovered": 18165, "Active": 4969, "Date": "2020-09-21T00:00:00Z"}, {"Country": "Denmark", "CountryCode": "", "Province": "", "City": "", "CityCode": "", "Lat": "0", "Lon": "0", "Confirmed": 24261, "Deaths": 641, "Recovered": 18463, "Active": 5157, "Date": "2020-09-22T00:00:00Z"}, {"Country": "Denmark", "CountryCode": "", "Province": "", "City": "", "CityCode": "", "Lat": "0", "Lon": "0", "Confirmed": 24822, "Deaths": 643, "Recovered": 18789, "Active": 5390, "Date": "2020-09-23T00:00:00Z"}, {"Country": "Denmark", "CountryCode": "", "Province": "", "City": "", "CityCode": "", "Lat": "0", "Lon": "0", "Confirmed": 25385, "Deaths": 645, "Recovered": 19076, "Active": 5664, "Date": "2020-09-24T00:00:00Z"}, {"Country": "Denmark", "CountryCode": "", "Province": "", "City": "", "CityCode": "", "Lat": "0", "Lon": "0", "Confirmed": 26066, "Deaths": 647, "Recovered": 19441, "Active": 5978, "Date": "2020-09-25T00:00:00Z"}, {"Country": "Denmark", "CountryCode": "", "Province": "", "City": "", "CityCode": "", "Lat": "0", "Lon": "0", "Confirmed": 26687, "Deaths": 648, "Recovered": 19781, "Active": 6258, "Date": "2020-09-26T00:00:00Z"}, {"Country": "Denmark", "CountryCode": "", "Province": "", "City": "", "CityCode": "", "Lat": "0", "Lon": "0", "Confirmed": 27111, "Deaths": 649, "Recovered": 20087, "Active": 6375, "Date": "2020-09-27T00:00:00Z"}, {"Country": "Denmark", "CountryCode": "", "Province": "", "City": "", "CityCode": "", "Lat": "0", "Lon": "0", "Confirmed": 27546, "Deaths": 649, "Recovered": 20379, "Active": 6518, "Date": "2020-09-28T00:00:00Z"}, {"Country": "Denmark", "CountryCode": "", "Province": "", "City": "", "CityCode": "", "Lat": "0", "Lon": "0", "Confirmed": 27941, "Deaths": 650, "Recovered": 20762, "Active": 6529, "Date": "2020-09-29T00:00:00Z"}, {"Country": "Denmark", "CountryCode": "", "Province": "", "City": "", "CityCode": "", "Lat": "0", "Lon": "0", "Confirmed": 28479, "Deaths": 650, "Recovered": 21197, "Active": 6632, "Date": "2020-09-30T00:00:00Z"}, {"Country": "Denmark", "CountryCode": "", "Province": "", "City": "", "CityCode": "", "Lat": "0", "Lon": "0", "Confirmed": 28882, "Deaths": 651, "Recovered": 21752, "Active": 6479, "Date": "2020-10-01T00:00:00Z"}, {"Country": "Denmark", "CountryCode": "", "Province": "", "City": "", "CityCode": "", "Lat": "0", "Lon": "0", "Confirmed": 29418, "Deaths": 652, "Recovered": 22270, "Active": 6496, "Date": "2020-10-02T00:00:00Z"}, {"Country": "Denmark", "CountryCode": "", "Province": "", "City": "", "CityCode": "", "Lat": "0", "Lon": "0", "Confirmed": 29789, "Deaths": 654, "Recovered": 22743, "Active": 6392, "Date": "2020-10-03T00:00:00Z"}, {"Country": "Denmark", "CountryCode": "", "Province": "", "City": "", "CityCode": "", "Lat": "0", "Lon": "0", "Confirmed": 30168, "Deaths": 658, "Recovered": 23165, "Active": 6345, "Date": "2020-10-04T00:00:00Z"}, {"Country": "Denmark", "CountryCode": "", "Province": "", "City": "", "CityCode": "", "Lat": "0", "Lon": "0", "Confirmed": 30546, "Deaths": 659, "Recovered": 23577, "Active": 6310, "Date": "2020-10-05T00:00:00Z"}, {"Country": "Denmark", "CountryCode": "", "Province": "", "City": "", "CityCode": "", "Lat": "0", "Lon": "0", "Confirmed": 30868, "Deaths": 663, "Recovered": 24121, "Active": 6084, "Date": "2020-10-06T00:00:00Z"}, {"Country": "Denmark", "CountryCode": "", "Province": "", "City": "", "CityCode": "", "Lat": "0", "Lon": "0", "Confirmed": 31201, "Deaths": 663, "Recovered": 24706, "Active": 5832, "Date": "2020-10-07T00:00:00Z"}, {"Country": "Denmark", "CountryCode": "", "Province": "", "City": "", "CityCode": "", "Lat": "0", "Lon": "0", "Confirmed": 31648, "Deaths": 665, "Recovered": 25369, "Active": 5614, "Date": "2020-10-08T00:00:00Z"}, {"Country": "Denmark", "CountryCode": "", "Province": "", "City": "", "CityCode": "", "Lat": "0", "Lon": "0", "Confirmed": 32131, "Deaths": 665, "Recovered": 25975, "Active": 5491, "Date": "2020-10-09T00:00:00Z"}, {"Country": "Denmark", "CountryCode": "", "Province": "", "City": "", "CityCode": "", "Lat": "0", "Lon": "0", "Confirmed": 32575, "Deaths": 667, "Recovered": 26462, "Active": 5446, "Date": "2020-10-10T00:00:00Z"}, {"Country": "Denmark", "CountryCode": "", "Province": "", "City": "", "CityCode": "", "Lat": "0", "Lon": "0", "Confirmed": 32915, "Deaths": 669, "Recovered": 26855, "Active": 5391, "Date": "2020-10-11T00:00:00Z"}, {"Country": "Denmark", "CountryCode": "", "Province": "", "City": "", "CityCode": "", "Lat": "0", "Lon": "0", "Confirmed": 33304, "Deaths": 671, "Recovered": 27218, "Active": 5415, "Date": "2020-10-12T00:00:00Z"}, {"Country": "Denmark", "CountryCode": "", "Province": "", "City": "", "CityCode": "", "Lat": "0", "Lon": "0", "Confirmed": 33594, "Deaths": 674, "Recovered": 27704, "Active": 5216, "Date": "2020-10-13T00:00:00Z"}, {"Country": "Denmark", "CountryCode": "", "Province": "", "City": "", "CityCode": "", "Lat": "0", "Lon": "0", "Confirmed": 34087, "Deaths": 675, "Recovered": 28161, "Active": 5251, "Date": "2020-10-14T00:00:00Z"}, {"Country": "Denmark", "CountryCode": "", "Province": "", "City": "", "CityCode": "", "Lat": "0", "Lon": "0", "Confirmed": 34519, "Deaths": 677, "Recovered": 28603, "Active": 5239, "Date": "2020-10-15T00:00:00Z"}, {"Country": "Denmark", "CountryCode": "", "Province": "", "City": "", "CityCode": "", "Lat": "0", "Lon": "0", "Confirmed": 34939, "Deaths": 677, "Recovered": 29036, "Active": 5226, "Date": "2020-10-16T00:00:00Z"}, {"Country": "Denmark", "CountryCode": "", "Province": "", "City": "", "CityCode": "", "Lat": "0", "Lon": "0", "Confirmed": 35440, "Deaths": 679, "Recovered": 29403, "Active": 5358, "Date": "2020-10-17T00:00:00Z"}, {"Country": "Denmark", "CountryCode": "", "Province": "", "City": "", "CityCode": "", "Lat": "0", "Lon": "0", "Confirmed": 35893, "Deaths": 680, "Recovered": 29741, "Active": 5472, "Date": "2020-10-18T00:00:00Z"}, {"Country": "Denmark", "CountryCode": "", "Province": "", "City": "", "CityCode": "", "Lat": "0", "Lon": "0", "Confirmed": 36345, "Deaths": 686, "Recovered": 30048, "Active": 5611, "Date": "2020-10-19T00:00:00Z"}, {"Country": "Denmark", "CountryCode": "", "Province": "", "City": "", "CityCode": "", "Lat": "0", "Lon": "0", "Confirmed": 36877, "Deaths": 688, "Recovered": 30486, "Active": 5703, "Date": "2020-10-20T00:00:00Z"}, {"Country": "Denmark", "CountryCode": "", "Province": "", "City": "", "CityCode": "", "Lat": "0", "Lon": "0", "Confirmed": 37507, "Deaths": 690, "Recovered": 30921, "Active": 5896, "Date": "2020-10-21T00:00:00Z"}, {"Country": "Denmark", "CountryCode": "", "Province": "", "City": "", "CityCode": "", "Lat": "0", "Lon": "0", "Confirmed": 38270, "Deaths": 694, "Recovered": 31366, "Active": 6210, "Date": "2020-10-22T00:00:00Z"}, {"Country": "Denmark", "CountryCode": "", "Province": "", "City": "", "CityCode": "", "Lat": "0", "Lon": "0", "Confirmed": 39129, "Deaths": 697, "Recovered": 31784, "Active": 6648, "Date": "2020-10-23T00:00:00Z"}, {"Country": "Denmark", "CountryCode": "", "Province": "", "City": "", "CityCode": "", "Lat": "0", "Lon": "0", "Confirmed": 39918, "Deaths": 700, "Recovered": 32190, "Active": 7028, "Date": "2020-10-24T00:00:00Z"}, {"Country": "Denmark", "CountryCode": "", "Province": "", "City": "", "CityCode": "", "Lat": "0", "Lon": "0", "Confirmed": 40863, "Deaths": 702, "Recovered": 32479, "Active": 7682, "Date": "2020-10-25T00:00:00Z"}, {"Country": "Denmark", "CountryCode": "", "Province": "", "City": "", "CityCode": "", "Lat": "0", "Lon": "0", "Confirmed": 41919, "Deaths": 708, "Recovered": 32731, "Active": 8480, "Date": "2020-10-26T00:00:00Z"}, {"Country": "Denmark", "CountryCode": "", "Province": "", "City": "", "CityCode": "", "Lat": "0", "Lon": "0", "Confirmed": 42668, "Deaths": 709, "Recovered": 33191, "Active": 8768, "Date": "2020-10-27T00:00:00Z"}, {"Country": "Denmark", "CountryCode": "", "Province": "", "City": "", "CityCode": "", "Lat": "0", "Lon": "0", "Confirmed": 43685, "Deaths": 715, "Recovered": 33620, "Active": 9350, "Date": "2020-10-28T00:00:00Z"}, {"Country": "Denmark", "CountryCode": "", "Province": "", "City": "", "CityCode": "", "Lat": "0", "Lon": "0", "Confirmed": 44545, "Deaths": 716, "Recovered": 34096, "Active": 9733, "Date": "2020-10-29T00:00:00Z"}, {"Country": "Denmark", "CountryCode": "", "Province": "", "City": "", "CityCode": "", "Lat": "0", "Lon": "0", "Confirmed": 45736, "Deaths": 719, "Recovered": 34548, "Active": 10469, "Date": "2020-10-30T00:00:00Z"}, {"Country": "Denmark", "CountryCode": "", "Province": "", "City": "", "CityCode": "", "Lat": "0", "Lon": "0", "Confirmed": 46863, "Deaths": 721, "Recovered": 35020, "Active": 11122, "Date": "2020-10-31T00:00:00Z"}, {"Country": "Denmark", "CountryCode": "", "Province": "", "City": "", "CityCode": "", "Lat": "0", "Lon": "0", "Confirmed": 47811, "Deaths": 723, "Recovered": 35465, "Active": 11623, "Date": "2020-11-01T00:00:00Z"}, {"Country": "Denmark", "CountryCode": "", "Province": "", "City": "", "CityCode": "", "Lat": "0", "Lon": "0", "Confirmed": 48753, "Deaths": 724, "Recovered": 35917, "Active": 12112, "Date": "2020-11-02T00:00:00Z"}, {"Country": "Denmark", "CountryCode": "", "Province": "", "City": "", "CityCode": "", "Lat": "0", "Lon": "0", "Confirmed": 50106, "Deaths": 728, "Recovered": 36617, "Active": 12761, "Date": "2020-11-03T00:00:00Z"}, {"Country": "Denmark", "CountryCode": "", "Province": "", "City": "", "CityCode": "", "Lat": "0", "Lon": "0", "Confirmed": 51042, "Deaths": 729, "Recovered": 37398, "Active": 12915, "Date": "2020-11-04T00:00:00Z"}, {"Country": "Denmark", "CountryCode": "", "Province": "", "City": "", "CityCode": "", "Lat": "0", "Lon": "0", "Confirmed": 52265, "Deaths": 733, "Recovered": 38263, "Active": 13269, "Date": "2020-11-05T00:00:00Z"}, {"Country": "Denmark", "CountryCode": "", "Province": "", "City": "", "CityCode": "", "Lat": "0", "Lon": "0", "Confirmed": 53692, "Deaths": 738, "Recovered": 39136, "Active": 13818, "Date": "2020-11-06T00:00:00Z"}, {"Country": "Denmark", "CountryCode": "", "Province": "", "City": "", "CityCode": "", "Lat": "0", "Lon": "0", "Confirmed": 54742, "Deaths": 740, "Recovered": 40000, "Active": 14002, "Date": "2020-11-07T00:00:00Z"}, {"Country": "Denmark", "CountryCode": "", "Province": "", "City": "", "CityCode": "", "Lat": "0", "Lon": "0", "Confirmed": 55635, "Deaths": 743, "Recovered": 40815, "Active": 14077, "Date": "2020-11-08T00:00:00Z"}, {"Country": "Denmark", "CountryCode": "", "Province": "", "City": "", "CityCode": "", "Lat": "0", "Lon": "0", "Confirmed": 56406, "Deaths": 747, "Recovered": 41742, "Active": 13917, "Date": "2020-11-09T00:00:00Z"}, {"Country": "Denmark", "CountryCode": "", "Province": "", "City": "", "CityCode": "", "Lat": "0", "Lon": "0", "Confirmed": 57472, "Deaths": 750, "Recovered": 42759, "Active": 13963, "Date": "2020-11-10T00:00:00Z"}, {"Country": "Denmark", "CountryCode": "", "Province": "", "City": "", "CityCode": "", "Lat": "0", "Lon": "0", "Confirmed": 58466, "Deaths": 753, "Recovered": 43994, "Active": 13719, "Date": "2020-11-11T00:00:00Z"}, {"Country": "Denmark", "CountryCode": "", "Province": "", "City": "", "CityCode": "", "Lat": "0", "Lon": "0", "Confirmed": 59478, "Deaths": 755, "Recovered": 45204, "Active": 13519, "Date": "2020-11-12T00:00:00Z"}, {"Country": "Denmark", "CountryCode": "", "Province": "", "City": "", "CityCode": "", "Lat": "0", "Lon": "0", "Confirmed": 60515, "Deaths": 756, "Recovered": 46216, "Active": 13543, "Date": "2020-11-13T00:00:00Z"}, {"Country": "Denmark", "CountryCode": "", "Province": "", "City": "", "CityCode": "", "Lat": "0", "Lon": "0", "Confirmed": 61593, "Deaths": 757, "Recovered": 47285, "Active": 13551, "Date": "2020-11-14T00:00:00Z"}, {"Country": "Denmark", "CountryCode": "", "Province": "", "City": "", "CityCode": "", "Lat": "0", "Lon": "0", "Confirmed": 62652, "Deaths": 760, "Recovered": 48259, "Active": 13633, "Date": "2020-11-15T00:00:00Z"}, {"Country": "Denmark", "CountryCode": "", "Province": "", "City": "", "CityCode": "", "Lat": "0", "Lon": "0", "Confirmed": 63847, "Deaths": 764, "Recovered": 49208, "Active": 13875, "Date": "2020-11-16T00:00:00Z"}, {"Country": "Denmark", "CountryCode": "", "Province": "", "City": "", "CityCode": "", "Lat": "0", "Lon": "0", "Confirmed": 65067, "Deaths": 768, "Recovered": 50473, "Active": 13826, "Date": "2020-11-17T00:00:00Z"}, {"Country": "Denmark", "CountryCode": "", "Province": "", "City": "", "CityCode": "", "Lat": "0", "Lon": "0", "Confirmed": 66324, "Deaths": 770, "Recovered": 51729, "Active": 13825, "Date": "2020-11-18T00:00:00Z"}, {"Country": "Denmark", "CountryCode": "", "Province": "", "City": "", "CityCode": "", "Lat": "0", "Lon": "0", "Confirmed": 67621, "Deaths": 773, "Recovered": 52958, "Active": 13890, "Date": "2020-11-19T00:00:00Z"}, {"Country": "Denmark", "CountryCode": "", "Province": "", "City": "", "CityCode": "", "Lat": "0", "Lon": "0", "Confirmed": 68878, "Deaths": 778, "Recovered": 53983, "Active": 14117, "Date": "2020-11-20T00:00:00Z"}, {"Country": "Denmark", "CountryCode": "", "Province": "", "City": "", "CityCode": "", "Lat": "0", "Lon": "0", "Confirmed": 70152, "Deaths": 781, "Recovered": 54949, "Active": 14422, "Date": "2020-11-21T00:00:00Z"}, {"Country": "Denmark", "CountryCode": "", "Province": "", "City": "", "CityCode": "", "Lat": "0", "Lon": "0", "Confirmed": 71003, "Deaths": 784, "Recovered": 55789, "Active": 14430, "Date": "2020-11-22T00:00:00Z"}, {"Country": "Denmark", "CountryCode": "", "Province": "", "City": "", "CityCode": "", "Lat": "0", "Lon": "0", "Confirmed": 72172, "Deaths": 789, "Recovered": 56547, "Active": 14836, "Date": "2020-11-23T00:00:00Z"}, {"Country": "Denmark", "CountryCode": "", "Province": "", "City": "", "CityCode": "", "Lat": "0", "Lon": "0", "Confirmed": 73539, "Deaths": 797, "Recovered": 57591, "Active": 15151, "Date": "2020-11-24T00:00:00Z"}, {"Country": "Denmark", "CountryCode": "", "Province": "", "City": "", "CityCode": "", "Lat": "0", "Lon": "0", "Confirmed": 74722, "Deaths": 802, "Recovered": 58664, "Active": 15256, "Date": "2020-11-25T00:00:00Z"}, {"Country": "Denmark", "CountryCode": "", "Province": "", "City": "", "CityCode": "", "Lat": "0", "Lon": "0", "Confirmed": 75913, "Deaths": 811, "Recovered": 59766, "Active": 15336, "Date": "2020-11-26T00:00:00Z"}, {"Country": "Denmark", "CountryCode": "", "Province": "", "City": "", "CityCode": "", "Lat": "0", "Lon": "0", "Confirmed": 77236, "Deaths": 816, "Recovered": 60828, "Active": 15592, "Date": "2020-11-27T00:00:00Z"}, {"Country": "Denmark", "CountryCode": "", "Province": "", "City": "", "CityCode": "", "Lat": "0", "Lon": "0", "Confirmed": 78874, "Deaths": 823, "Recovered": 61977, "Active": 16074, "Date": "2020-11-28T00:00:00Z"}, {"Country": "Denmark", "CountryCode": "", "Province": "", "City": "", "CityCode": "", "Lat": "0", "Lon": "0", "Confirmed": 79872, "Deaths": 829, "Recovered": 63030, "Active": 16013, "Date": "2020-11-29T00:00:00Z"}, {"Country": "Denmark", "CountryCode": "", "Province": "", "City": "", "CityCode": "", "Lat": "0", "Lon": "0", "Confirmed": 81002, "Deaths": 837, "Recovered": 64031, "Active": 16134, "Date": "2020-11-30T00:00:00Z"}, {"Country": "Denmark", "CountryCode": "", "Province": "", "City": "", "CityCode": "", "Lat": "0", "Lon": "0", "Confirmed": 82470, "Deaths": 846, "Recovered": 65275, "Active": 16349, "Date": "2020-12-01T00:00:00Z"}, {"Country": "Denmark", "CountryCode": "", "Province": "", "City": "", "CityCode": "", "Lat": "0", "Lon": "0", "Confirmed": 84056, "Deaths": 852, "Recovered": 66604, "Active": 16600, "Date": "2020-12-02T00:00:00Z"}, {"Country": "Denmark", "CountryCode": "", "Province": "", "City": "", "CityCode": "", "Lat": "0", "Lon": "0", "Confirmed": 85663, "Deaths": 858, "Recovered": 67934, "Active": 16871, "Date": "2020-12-03T00:00:00Z"}, {"Country": "Denmark", "CountryCode": "", "Province": "", "City": "", "CityCode": "", "Lat": "0", "Lon": "0", "Confirmed": 87266, "Deaths": 867, "Recovered": 69150, "Active": 17249, "Date": "2020-12-04T00:00:00Z"}, {"Country": "Denmark", "CountryCode": "", "Province": "", "City": "", "CityCode": "", "Lat": "0", "Lon": "0", "Confirmed": 89382, "Deaths": 878, "Recovered": 70387, "Active": 18117, "Date": "2020-12-05T00:00:00Z"}, {"Country": "Denmark", "CountryCode": "", "Province": "", "City": "", "CityCode": "", "Lat": "0", "Lon": "0", "Confirmed": 91131, "Deaths": 885, "Recovered": 71395, "Active": 18851, "Date": "2020-12-06T00:00:00Z"}, {"Country": "Denmark", "CountryCode": "", "Province": "", "City": "", "CityCode": "", "Lat": "0", "Lon": "0", "Confirmed": 93177, "Deaths": 894, "Recovered": 72401, "Active": 19882, "Date": "2020-12-07T00:00:00Z"}, {"Country": "Denmark", "CountryCode": "", "Province": "", "City": "", "CityCode": "", "Lat": "0", "Lon": "0", "Confirmed": 95332, "Deaths": 901, "Recovered": 73572, "Active": 20859, "Date": "2020-12-08T00:00:00Z"}, {"Country": "Denmark", "CountryCode": "", "Province": "", "City": "", "CityCode": "", "Lat": "0", "Lon": "0", "Confirmed": 97895, "Deaths": 904, "Recovered": 74888, "Active": 22103, "Date": "2020-12-09T00:00:00Z"}, {"Country": "Denmark", "CountryCode": "", "Province": "", "City": "", "CityCode": "", "Lat": "0", "Lon": "0", "Confirmed": 101027, "Deaths": 918, "Recovered": 76185, "Active": 23924, "Date": "2020-12-10T00:00:00Z"}, {"Country": "Denmark", "CountryCode": "", "Province": "", "City": "", "CityCode": "", "Lat": "0", "Lon": "0", "Confirmed": 104103, "Deaths": 927, "Recovered": 77448, "Active": 25728, "Date": "2020-12-11T00:00:00Z"}, {"Country": "Denmark", "CountryCode": "", "Province": "", "City": "", "CityCode": "", "Lat": "0", "Lon": "0", "Confirmed": 107660, "Deaths": 935, "Recovered": 78760, "Active": 27965, "Date": "2020-12-12T00:00:00Z"}, {"Country": "Denmark", "CountryCode": "", "Province": "", "City": "", "CityCode": "", "Lat": "0", "Lon": "0", "Confirmed": 110305, "Deaths": 941, "Recovered": 79918, "Active": 29446, "Date": "2020-12-13T00:00:00Z"}, {"Country": "Denmark", "CountryCode": "", "Province": "", "City": "", "CityCode": "", "Lat": "0", "Lon": "0", "Confirmed": 113642, "Deaths": 950, "Recovered": 81088, "Active": 31604, "Date": "2020-12-14T00:00:00Z"}, {"Country": "Denmark", "CountryCode": "", "Province": "", "City": "", "CityCode": "", "Lat": "0", "Lon": "0", "Confirmed": 116636, "Deaths": 961, "Recovered": 82623, "Active": 33052, "Date": "2020-12-15T00:00:00Z"}, {"Country": "Denmark", "CountryCode": "", "Province": "", "City": "", "CityCode": "", "Lat": "0", "Lon": "0", "Confirmed": 120330, "Deaths": 975, "Recovered": 84331, "Active": 35024, "Date": "2020-12-16T00:00:00Z"}, {"Country": "Denmark", "CountryCode": "", "Province": "", "City": "", "CityCode": "", "Lat": "0", "Lon": "0", "Confirmed": 124366, "Deaths": 992, "Recovered": 86192, "Active": 37182, "Date": "2020-12-17T00:00:00Z"}, {"Country": "Denmark", "CountryCode": "", "Province": "", "City": "", "CityCode": "", "Lat": "0", "Lon": "0", "Confirmed": 128874, "Deaths": 1007, "Recovered": 88094, "Active": 39773, "Date": "2020-12-18T00:00:00Z"}, {"Country": "Denmark", "CountryCode": "", "Province": "", "City": "", "CityCode": "", "Lat": "0", "Lon": "0", "Confirmed": 132164, "Deaths": 1019, "Recovered": 90105, "Active": 41040, "Date": "2020-12-19T00:00:00Z"}, {"Country": "Denmark", "CountryCode": "", "Province": "", "City": "", "CityCode": "", "Lat": "0", "Lon": "0", "Confirmed": 134999, "Deaths": 1035, "Recovered": 91800, "Active": 42164, "Date": "2020-12-20T00:00:00Z"}, {"Country": "Denmark", "CountryCode": "", "Province": "", "City": "", "CityCode": "", "Lat": "0", "Lon": "0", "Confirmed": 138204, "Deaths": 1053, "Recovered": 93751, "Active": 43400, "Date": "2020-12-21T00:00:00Z"}, {"Country": "Denmark", "CountryCode": "", "Province": "", "City": "", "CityCode": "", "Lat": "0", "Lon": "0", "Confirmed": 140750, "Deaths": 1070, "Recovered": 96476, "Active": 43204, "Date": "2020-12-22T00:00:00Z"}, {"Country": "Denmark", "CountryCode": "", "Province": "", "City": "", "CityCode": "", "Lat": "0", "Lon": "0", "Confirmed": 144053, "Deaths": 1096, "Recovered": 99570, "Active": 43387, "Date": "2020-12-23T00:00:00Z"}, {"Country": "Denmark", "CountryCode": "", "Province": "", "City": "", "CityCode": "", "Lat": "0", "Lon": "0", "Confirmed": 146927, "Deaths": 1114, "Recovered": 102729, "Active": 43084, "Date": "2020-12-24T00:00:00Z"}, {"Country": "Denmark", "CountryCode": "", "Province": "", "City": "", "CityCode": "", "Lat": "0", "Lon": "0", "Confirmed": 149926, "Deaths": 1134, "Recovered": 105970, "Active": 42822, "Date": "2020-12-25T00:00:00Z"}, {"Country": "Denmark", "CountryCode": "", "Province": "", "City": "", "CityCode": "", "Lat": "0", "Lon": "0", "Confirmed": 151764, "Deaths": 1153, "Recovered": 109208, "Active": 41403, "Date": "2020-12-26T00:00:00Z"}, {"Country": "Denmark", "CountryCode": "", "Province": "", "City": "", "CityCode": "", "Lat": "0", "Lon": "0", "Confirmed": 153952, "Deaths": 1174, "Recovered": 112268, "Active": 40510, "Date": "2020-12-27T00:00:00Z"}, {"Country": "Denmark", "CountryCode": "", "Province": "", "City": "", "CityCode": "", "Lat": "0", "Lon": "0", "Confirmed": 156434, "Deaths": 1204, "Recovered": 115395, "Active": 39835, "Date": "2020-12-28T00:00:00Z"}, {"Country": "Denmark", "CountryCode": "", "Province": "", "City": "", "CityCode": "", "Lat": "0", "Lon": "0", "Confirmed": 159074, "Deaths": 1226, "Recovered": 119281, "Active": 38567, "Date": "2020-12-29T00:00:00Z"}, {"Country": "Denmark", "CountryCode": "", "Province": "", "City": "", "CityCode": "", "Lat": "0", "Lon": "0", "Confirmed": 161862, "Deaths": 1256, "Recovered": 123515, "Active": 37091, "Date": "2020-12-30T00:00:00Z"}, {"Country": "Denmark", "CountryCode": "", "Province": "", "City": "", "CityCode": "", "Lat": "0", "Lon": "0", "Confirmed": 164116, "Deaths": 1298, "Recovered": 127844, "Active": 34974, "Date": "2020-12-31T00:00:00Z"}, {"Country": "Denmark", "CountryCode": "", "Province": "", "City": "", "CityCode": "", "Lat": "0", "Lon": "0", "Confirmed": 166567, "Deaths": 1322, "Recovered": 131390, "Active": 33855, "Date": "2021-01-01T00:00:00Z"}, {"Country": "Denmark", "CountryCode": "", "Province": "", "City": "", "CityCode": "", "Lat": "0", "Lon": "0", "Confirmed": 168182, "Deaths": 1345, "Recovered": 134468, "Active": 32369, "Date": "2021-01-02T00:00:00Z"}, {"Country": "Denmark", "CountryCode": "", "Province": "", "City": "", "CityCode": "", "Lat": "0", "Lon": "0", "Confirmed": 169358, "Deaths": 1374, "Recovered": 137183, "Active": 30801, "Date": "2021-01-03T00:00:00Z"}, {"Country": "Denmark", "CountryCode": "", "Province": "", "City": "", "CityCode": "", "Lat": "0", "Lon": "0", "Confirmed": 171436, "Deaths": 1389, "Recovered": 139600, "Active": 30447, "Date": "2021-01-04T00:00:00Z"}, {"Country": "Denmark", "CountryCode": "", "Province": "", "City": "", "CityCode": "", "Lat": "0", "Lon": "0", "Confirmed": 173433, "Deaths": 1420, "Recovered": 142650, "Active": 29363, "Date": "2021-01-05T00:00:00Z"}, {"Country": "Denmark", "CountryCode": "", "Province": "", "City": "", "CityCode": "", "Lat": "0", "Lon": "0", "Confirmed": 175663, "Deaths": 1451, "Recovered": 145459, "Active": 28753, "Date": "2021-01-06T00:00:00Z"}, {"Country": "Denmark", "CountryCode": "", "Province": "", "City": "", "CityCode": "", "Lat": "0", "Lon": "0", "Confirmed": 177507, "Deaths": 1488, "Recovered": 148476, "Active": 27543, "Date": "2021-01-07T00:00:00Z"}, {"Country": "Denmark", "CountryCode": "", "Province": "", "City": "", "CityCode": "", "Lat": "0", "Lon": "0", "Confirmed": 179170, "Deaths": 1518, "Recovered": 149958, "Active": 27694, "Date": "2021-01-08T00:00:00Z"}, {"Country": "Denmark", "CountryCode": "", "Province": "", "City": "", "CityCode": "", "Lat": "0", "Lon": "0", "Confirmed": 180915, "Deaths": 1543, "Recovered": 151556, "Active": 27816, "Date": "2021-01-09T00:00:00Z"}, {"Country": "Denmark", "CountryCode": "", "Province": "", "City": "", "CityCode": "", "Lat": "0", "Lon": "0", "Confirmed": 182161, "Deaths": 1571, "Recovered": 154200, "Active": 26390, "Date": "2021-01-10T00:00:00Z"}, {"Country": "Denmark", "CountryCode": "", "Province": "", "City": "", "CityCode": "", "Lat": "0", "Lon": "0", "Confirmed": 183400, "Deaths": 1598, "Recovered": 156351, "Active": 25451, "Date": "2021-01-11T00:00:00Z"}, {"Country": "Denmark", "CountryCode": "", "Province": "", "City": "", "CityCode": "", "Lat": "0", "Lon": "0", "Confirmed": 184476, "Deaths": 1624, "Recovered": 159389, "Active": 23463, "Date": "2021-01-12T00:00:00Z"}, {"Country": "Denmark", "CountryCode": "", "Province": "", "City": "", "CityCode": "", "Lat": "0", "Lon": "0", "Confirmed": 185835, "Deaths": 1661, "Recovered": 161841, "Active": 22333, "Date": "2021-01-13T00:00:00Z"}, {"Country": "Denmark", "CountryCode": "", "Province": "", "City": "", "CityCode": "", "Lat": "0", "Lon": "0", "Confirmed": 185836, "Deaths": 1661, "Recovered": 161846, "Active": 22329, "Date": "2021-01-14T00:00:00Z"}, {"Country": "Denmark", "CountryCode": "", "Province": "", "City": "", "CityCode": "", "Lat": "0", "Lon": "0", "Confirmed": 187998, "Deaths": 1721, "Recovered": 165821, "Active": 20456, "Date": "2021-01-15T00:00:00Z"}, {"Country": "Denmark", "CountryCode": "", "Province": "", "City": "", "CityCode": "", "Lat": "0", "Lon": "0", "Confirmed": 188878, "Deaths": 1748, "Recovered": 167026, "Active": 20104, "Date": "2021-01-16T00:00:00Z"}, {"Country": "Denmark", "CountryCode": "", "Province": "", "City": "", "CityCode": "", "Lat": "0", "Lon": "0", "Confirmed": 189767, "Deaths": 1776, "Recovered": 169049, "Active": 18942, "Date": "2021-01-17T00:00:00Z"}, {"Country": "Denmark", "CountryCode": "", "Province": "", "City": "", "CityCode": "", "Lat": "0", "Lon": "0", "Confirmed": 190574, "Deaths": 1806, "Recovered": 170683, "Active": 18085, "Date": "2021-01-18T00:00:00Z"}, {"Country": "Denmark", "CountryCode": "", "Province": "", "City": "", "CityCode": "", "Lat": "0", "Lon": "0", "Confirmed": 191299, "Deaths": 1838, "Recovered": 173129, "Active": 16332, "Date": "2021-01-19T00:00:00Z"}, {"Country": "Denmark", "CountryCode": "", "Province": "", "City": "", "CityCode": "", "Lat": "0", "Lon": "0", "Confirmed": 192187, "Deaths": 1873, "Recovered": 175047, "Active": 15267, "Date": "2021-01-20T00:00:00Z"}, {"Country": "Denmark", "CountryCode": "", "Province": "", "City": "", "CityCode": "", "Lat": "0", "Lon": "0", "Confirmed": 192947, "Deaths": 1910, "Recovered": 176676, "Active": 14361, "Date": "2021-01-21T00:00:00Z"}, {"Country": "Denmark", "CountryCode": "", "Province": "", "City": "", "CityCode": "", "Lat": "0", "Lon": "0", "Confirmed": 193720, "Deaths": 1942, "Recovered": 178224, "Active": 13554, "Date": "2021-01-22T00:00:00Z"}, {"Country": "Denmark", "CountryCode": "", "Province": "", "City": "", "CityCode": "", "Lat": "0", "Lon": "0", "Confirmed": 194599, "Deaths": 1970, "Recovered": 179641, "Active": 12988, "Date": "2021-01-23T00:00:00Z"}, {"Country": "Denmark", "CountryCode": "", "Province": "", "City": "", "CityCode": "", "Lat": "0", "Lon": "0", "Confirmed": 195353, "Deaths": 1984, "Recovered": 180799, "Active": 12570, "Date": "2021-01-24T00:00:00Z"}, {"Country": "Denmark", "CountryCode": "", "Province": "", "City": "", "CityCode": "", "Lat": "0", "Lon": "0", "Confirmed": 195978, "Deaths": 2011, "Recovered": 181755, "Active": 12212, "Date": "2021-01-25T00:00:00Z"}, {"Country": "Denmark", "CountryCode": "", "Province": "", "City": "", "CityCode": "", "Lat": "0", "Lon": "0", "Confirmed": 196632, "Deaths": 2031, "Recovered": 183095, "Active": 11506, "Date": "2021-01-26T00:00:00Z"}, {"Country": "Denmark", "CountryCode": "", "Province": "", "City": "", "CityCode": "", "Lat": "0", "Lon": "0", "Confirmed": 197224, "Deaths": 2051, "Recovered": 184322, "Active": 10851, "Date": "2021-01-27T00:00:00Z"}, {"Country": "Denmark", "CountryCode": "", "Province": "", "City": "", "CityCode": "", "Lat": "0", "Lon": "0", "Confirmed": 197892, "Deaths": 2072, "Recovered": 185528, "Active": 10292, "Date": "2021-01-28T00:00:00Z"}, {"Country": "Denmark", "CountryCode": "", "Province": "", "City": "", "CityCode": "", "Lat": "0", "Lon": "0", "Confirmed": 198348, "Deaths": 2085, "Recovered": 186447, "Active": 9816, "Date": "2021-01-29T00:00:00Z"}, {"Country": "Denmark", "CountryCode": "", "Province": "", "City": "", "CityCode": "", "Lat": "0", "Lon": "0", "Confirmed": 198779, "Deaths": 2107, "Recovered": 187290, "Active": 9382, "Date": "2021-01-30T00:00:00Z"}, {"Country": "Denmark", "CountryCode": "", "Province": "", "City": "", "CityCode": "", "Lat": "0", "Lon": "0", "Confirmed": 199156, "Deaths": 2126, "Recovered": 187996, "Active": 9034, "Date": "2021-01-31T00:00:00Z"}, {"Country": "Denmark", "CountryCode": "", "Province": "", "City": "", "CityCode": "", "Lat": "0", "Lon": "0", "Confirmed": 199644, "Deaths": 2146, "Recovered": 188645, "Active": 8853, "Date": "2021-02-01T00:00:00Z"}, {"Country": "Denmark", "CountryCode": "", "Province": "", "City": "", "CityCode": "", "Lat": "0", "Lon": "0", "Confirmed": 200041, "Deaths": 2161, "Recovered": 189553, "Active": 8327, "Date": "2021-02-02T00:00:00Z"}, {"Country": "Denmark", "CountryCode": "", "Province": "", "City": "", "CityCode": "", "Lat": "0", "Lon": "0", "Confirmed": 200466, "Deaths": 2171, "Recovered": 190450, "Active": 7845, "Date": "2021-02-03T00:00:00Z"}, {"Country": "Denmark", "CountryCode": "", "Province": "", "City": "", "CityCode": "", "Lat": "0", "Lon": "0", "Confirmed": 201020, "Deaths": 2185, "Recovered": 191229, "Active": 7606, "Date": "2021-02-04T00:00:00Z"}, {"Country": "Denmark", "CountryCode": "", "Province": "", "City": "", "CityCode": "", "Lat": "0", "Lon": "0", "Confirmed": 201458, "Deaths": 2202, "Recovered": 192081, "Active": 7175, "Date": "2021-02-05T00:00:00Z"}, {"Country": "Denmark", "CountryCode": "", "Province": "", "City": "", "CityCode": "", "Lat": "0", "Lon": "0", "Confirmed": 201871, "Deaths": 2216, "Recovered": 192786, "Active": 6869, "Date": "2021-02-06T00:00:00Z"}, {"Country": "Denmark", "CountryCode": "", "Province": "", "City": "", "CityCode": "", "Lat": "0", "Lon": "0", "Confirmed": 202307, "Deaths": 2217, "Recovered": 193377, "Active": 6713, "Date": "2021-02-07T00:00:00Z"}, {"Country": "Denmark", "CountryCode": "", "Province": "", "City": "", "CityCode": "", "Lat": "0", "Lon": "0", "Confirmed": 202737, "Deaths": 2217, "Recovered": 193884, "Active": 6636, "Date": "2021-02-08T00:00:00Z"}, {"Country": "Denmark", "CountryCode": "", "Province": "", "City": "", "CityCode": "", "Lat": "0", "Lon": "0", "Confirmed": 203104, "Deaths": 2245, "Recovered": 194599, "Active": 6260, "Date": "2021-02-09T00:00:00Z"}, {"Country": "Denmark", "CountryCode": "", "Province": "", "City": "", "CityCode": "", "Lat": "0", "Lon": "0", "Confirmed": 203574, "Deaths": 2256, "Recovered": 195283, "Active": 6035, "Date": "2021-02-10T00:00:00Z"}, {"Country": "Denmark", "CountryCode": "", "Province": "", "City": "", "CityCode": "", "Lat": "0", "Lon": "0", "Confirmed": 204052, "Deaths": 2270, "Recovered": 195806, "Active": 5976, "Date": "2021-02-11T00:00:00Z"}, {"Country": "Denmark", "CountryCode": "", "Province": "", "City": "", "CityCode": "", "Lat": "0", "Lon": "0", "Confirmed": 204480, "Deaths": 2281, "Recovered": 196308, "Active": 5891, "Date": "2021-02-12T00:00:00Z"}, {"Country": "Denmark", "CountryCode": "", "Province": "", "City": "", "CityCode": "", "Lat": "0", "Lon": "0", "Confirmed": 204754, "Deaths": 2285, "Recovered": 196710, "Active": 5759, "Date": "2021-02-13T00:00:00Z"}, {"Country": "Denmark", "CountryCode": "", "Province": "", "City": "", "CityCode": "", "Lat": "0", "Lon": "0", "Confirmed": 205049, "Deaths": 2293, "Recovered": 197067, "Active": 5689, "Date": "2021-02-14T00:00:00Z"}, {"Country": "Denmark", "CountryCode": "", "Province": "", "City": "", "CityCode": "", "Lat": "0", "Lon": "0", "Confirmed": 205486, "Deaths": 2302, "Recovered": 197449, "Active": 5735, "Date": "2021-02-15T00:00:00Z"}, {"Country": "Denmark", "CountryCode": "", "Province": "", "City": "", "CityCode": "", "Lat": "0", "Lon": "0", "Confirmed": 205871, "Deaths": 2309, "Recovered": 197942, "Active": 5620, "Date": "2021-02-16T00:00:00Z"}, {"Country": "Denmark", "CountryCode": "", "Province": "", "City": "", "CityCode": "", "Lat": "0", "Lon": "0", "Confirmed": 206285, "Deaths": 2317, "Recovered": 198430, "Active": 5538, "Date": "2021-02-17T00:00:00Z"}, {"Country": "Denmark", "CountryCode": "", "Province": "", "City": "", "CityCode": "", "Lat": "0", "Lon": "0", "Confirmed": 206753, "Deaths": 2320, "Recovered": 198863, "Active": 5570, "Date": "2021-02-18T00:00:00Z"}, {"Country": "Denmark", "CountryCode": "", "Province": "", "City": "", "CityCode": "", "Lat": "0", "Lon": "0", "Confirmed": 207305, "Deaths": 2328, "Recovered": 199303, "Active": 5674, "Date": "2021-02-19T00:00:00Z"}, {"Country": "Denmark", "CountryCode": "", "Province": "", "City": "", "CityCode": "", "Lat": "0", "Lon": "0", "Confirmed": 207769, "Deaths": 2334, "Recovered": 199711, "Active": 5724, "Date": "2021-02-20T00:00:00Z"}, {"Country": "Denmark", "CountryCode": "", "Province": "", "City": "", "CityCode": "", "Lat": "0", "Lon": "0", "Confirmed": 208265, "Deaths": 2339, "Recovered": 200134, "Active": 5792, "Date": "2021-02-21T00:00:00Z"}, {"Country": "Denmark", "CountryCode": "", "Province": "", "City": "", "CityCode": "", "Lat": "0", "Lon": "0", "Confirmed": 208715, "Deaths": 2344, "Recovered": 200503, "Active": 5868, "Date": "2021-02-22T00:00:00Z"}, {"Country": "Denmark", "CountryCode": "", "Province": "", "City": "", "CityCode": "", "Lat": "0", "Lon": "0", "Confirmed": 209244, "Deaths": 2344, "Recovered": 200948, "Active": 5952, "Date": "2021-02-23T00:00:00Z"}, {"Country": "Denmark", "CountryCode": "", "Province": "", "City": "", "CityCode": "", "Lat": "0", "Lon": "0", "Confirmed": 209767, "Deaths": 2346, "Recovered": 201401, "Active": 6020, "Date": "2021-02-24T00:00:00Z"}, {"Country": "Denmark", "CountryCode": "", "Province": "", "City": "", "CityCode": "", "Lat": "0", "Lon": "0", "Confirmed": 210370, "Deaths": 2352, "Recovered": 201840, "Active": 6178, "Date": "2021-02-25T00:00:00Z"}, {"Country": "Denmark", "CountryCode": "", "Province": "", "City": "", "CityCode": "", "Lat": "0", "Lon": "0", "Confirmed": 210900, "Deaths": 2354, "Recovered": 202218, "Active": 6328, "Date": "2021-02-26T00:00:00Z"}, {"Country": "Denmark", "CountryCode": "", "Province": "", "City": "", "CityCode": "", "Lat": "0", "Lon": "0", "Confirmed": 211420, "Deaths": 2359, "Recovered": 202535, "Active": 6526, "Date": "2021-02-27T00:00:00Z"}, {"Country": "Denmark", "CountryCode": "", "Province": "", "City": "", "CityCode": "", "Lat": "0", "Lon": "0", "Confirmed": 211883, "Deaths": 2362, "Recovered": 202868, "Active": 6653, "Date": "2021-02-28T00:00:00Z"}, {"Country": "Denmark", "CountryCode": "", "Province": "", "City": "", "CityCode": "", "Lat": "0", "Lon": "0", "Confirmed": 212380, "Deaths": 2366, "Recovered": 203204, "Active": 6810, "Date": "2021-03-01T00:00:00Z"}, {"Country": "Denmark", "CountryCode": "", "Province": "", "City": "", "CityCode": "", "Lat": "0", "Lon": "0", "Confirmed": 212912, "Deaths": 2368, "Recovered": 203601, "Active": 6943, "Date": "2021-03-02T00:00:00Z"}, {"Country": "Denmark", "CountryCode": "", "Province": "", "City": "", "CityCode": "", "Lat": "0", "Lon": "0", "Confirmed": 213486, "Deaths": 2371, "Recovered": 204120, "Active": 6995, "Date": "2021-03-03T00:00:00Z"}, {"Country": "Denmark", "CountryCode": "", "Province": "", "City": "", "CityCode": "", "Lat": "0", "Lon": "0", "Confirmed": 214007, "Deaths": 2375, "Recovered": 204621, "Active": 7011, "Date": "2021-03-04T00:00:00Z"}, {"Country": "Denmark", "CountryCode": "", "Province": "", "City": "", "CityCode": "", "Lat": "0", "Lon": "0", "Confirmed": 214621, "Deaths": 2378, "Recovered": 205170, "Active": 7073, "Date": "2021-03-05T00:00:00Z"}, {"Country": "Denmark", "CountryCode": "", "Province": "", "City": "", "CityCode": "", "Lat": "0", "Lon": "0", "Confirmed": 215015, "Deaths": 2378, "Recovered": 205623, "Active": 7014, "Date": "2021-03-06T00:00:00Z"}, {"Country": "Denmark", "CountryCode": "", "Province": "", "City": "", "CityCode": "", "Lat": "0", "Lon": "0", "Confirmed": 215528, "Deaths": 2380, "Recovered": 206052, "Active": 213148, "Date": "2021-03-07T00:00:00Z"}, {"Country": "Denmark", "CountryCode": "", "Province": "", "City": "", "CityCode": "", "Lat": "0", "Lon": "0", "Confirmed": 215955, "Deaths": 2382, "Recovered": 206519, "Active": 7054, "Date": "2021-03-08T00:00:00Z"}, {"Country": "Denmark", "CountryCode": "", "Province": "", "City": "", "CityCode": "", "Lat": "0", "Lon": "0", "Confirmed": 216482, "Deaths": 2382, "Recovered": 207109, "Active": 6991, "Date": "2021-03-09T00:00:00Z"}, {"Country": "Denmark", "CountryCode": "", "Province": "", "City": "", "CityCode": "", "Lat": "0", "Lon": "0", "Confirmed": 218489, "Deaths": 2383, "Recovered": 208127, "Active": 7979, "Date": "2021-03-10T00:00:00Z"}, {"Country": "Denmark", "CountryCode": "", "Province": "", "City": "", "CityCode": "", "Lat": "0", "Lon": "0", "Confirmed": 219351, "Deaths": 2385, "Recovered": 208708, "Active": 8258, "Date": "2021-03-11T00:00:00Z"}, {"Country": "Denmark", "CountryCode": "", "Province": "", "City": "", "CityCode": "", "Lat": "0", "Lon": "0", "Confirmed": 219996, "Deaths": 2388, "Recovered": 209289, "Active": 8319, "Date": "2021-03-12T00:00:00Z"}, {"Country": "Denmark", "CountryCode": "", "Province": "", "City": "", "CityCode": "", "Lat": "0", "Lon": "0", "Confirmed": 219918, "Deaths": 2390, "Recovered": 209133, "Active": 8397, "Date": "2021-03-13T00:00:00Z"}]