[{"Country": "Estonia", "CountryCode": "", "Province": "", "City": "", "CityCode": "", "Lat": "0", "Lon": "0", "Confirmed": 1, "Deaths": 0, "Recovered": 0, "Active": 1, "Date": "2020-02-27T00:00:00Z"}, {"Country": "Estonia", "CountryCode": "", "Province": "", "City": "", "CityCode": "", "Lat": "0", "Lon": "0", "Confirmed": 1, "Deaths": 0, "Recovered": 0, "Active": 1, "Date": "2020-02-28T00:00:00Z"}, {"Country": "Estonia", "CountryCode": "", "Province": "", "City": "", "CityCode": "", "Lat": "0", "Lon": "0", "Confirmed": 1, "Deaths": 0, "Recovered": 0, "Active": 1, "Date": "2020-02-29T00:00:00Z"}, {"Country": "Estonia", "CountryCode": "", "Province": "", "City": "", "CityCode": "", "Lat": "0", "Lon": "0", "Confirmed": 1, "Deaths": 0, "Recovered": 0, "Active": 1, "Date": "2020-03-01T00:00:00Z"}, {"Country": "Estonia", "CountryCode": "", "Province": "", "City": "", "CityCode": "", "Lat": "0", "Lon": "0", "Confirmed": 1, "Deaths": 0, "Recovered": 0, "Active": 1, "Date": "2020-03-02T00:00:00Z"}, {"Country": "Estonia", "CountryCode": "", "Province": "", "City": "", "CityCode": "", "Lat": "0", "Lon": "0", "Confirmed": 2, "Deaths": 0, "Recovered": 0, "Active": 2, "Date": "2020-03-03T00:00:00Z"}, {"Country": "Estonia", "CountryCode": "", "Province": "", "City": "", "CityCode": "", "Lat": "0", "Lon": "0", "Confirmed": 2, "Deaths": 0, "Recovered": 0, "Active": 2, "Date": "2020-03-04T00:00:00Z"}, {"Country": "Estonia", "CountryCode": "", "Province": "", "City": "", "CityCode": "", "Lat": "0", "Lon": "0", "Confirmed": 3, "Deaths": 0, "Recovered": 0, "Active": 3, "Date": "2020-03-05T00:00:00Z"}, {"Country": "Estonia", "CountryCode": "", "Province": "", "City": "", "CityCode": "", "Lat": "0", "Lon": "0", "Confirmed": 10, "Deaths": 0, "Recovered": 0, "Active": 10, "Date": "2020-03-06T00:00:00Z"}, {"Country": "Estonia", "CountryCode": "", "Province": "", "City": "", "CityCode": "", "Lat": "0", "Lon": "0", "Confirmed": 10, "Deaths": 0, "Recovered": 0, "Active": 10, "Date": "2020-03-07T00:00:00Z"}, {"Country": "Estonia", "CountryCode": "", "Province": "", "City": "", "CityCode": "", "Lat": "0", "Lon": "0", "Confirmed": 10, "Deaths": 0, "Recovered": 0, "Active": 10, "Date": "2020-03-08T00:00:00Z"}, {"Country": "Estonia", "CountryCode": "", "Province": "", "City": "", "CityCode": "", "Lat": "0", "Lon": "0", "Confirmed": 10, "Deaths": 0, "Recovered": 0, "Active": 10, "Date": "2020-03-09T00:00:00Z"}, {"Country": "Estonia", "CountryCode": "", "Province": "", "City": "", "CityCode": "", "Lat": "0", "Lon": "0", "Confirmed": 12, "Deaths": 0, "Recovered": 0, "Active": 12, "Date": "2020-03-10T00:00:00Z"}, {"Country": "Estonia", "CountryCode": "", "Province": "", "City": "", "CityCode": "", "Lat": "0", "Lon": "0", "Confirmed": 16, "Deaths": 0, "Recovered": 0, "Active": 16, "Date": "2020-03-11T00:00:00Z"}, {"Country": "Estonia", "CountryCode": "", "Province": "", "City": "", "CityCode": "", "Lat": "0", "Lon": "0", "Confirmed": 16, "Deaths": 0, "Recovered": 0, "Active": 16, "Date": "2020-03-12T00:00:00Z"}, {"Country": "Estonia", "CountryCode": "", "Province": "", "City": "", "CityCode": "", "Lat": "0", "Lon": "0", "Confirmed": 79, "Deaths": 0, "Recovered": 0, "Active": 79, "Date": "2020-03-13T00:00:00Z"}, {"Country": "Estonia", "CountryCode": "", "Province": "", "City": "", "CityCode": "", "Lat": "0", "Lon": "0", "Confirmed": 115, "Deaths": 0, "Recovered": 0, "Active": 115, "Date": "2020-03-14T00:00:00Z"}, {"Country": "Estonia", "CountryCode": "", "Province": "", "City": "", "CityCode": "", "Lat": "0", "Lon": "0", "Confirmed": 171, "Deaths": 0, "Recovered": 1, "Active": 170, "Date": "2020-03-15T00:00:00Z"}, {"Country": "Estonia", "CountryCode": "", "Province": "", "City": "", "CityCode": "", "Lat": "0", "Lon": "0", "Confirmed": 205, "Deaths": 0, "Recovered": 1, "Active": 204, "Date": "2020-03-16T00:00:00Z"}, {"Country": "Estonia", "CountryCode": "", "Province": "", "City": "", "CityCode": "", "Lat": "0", "Lon": "0", "Confirmed": 225, "Deaths": 0, "Recovered": 1, "Active": 224, "Date": "2020-03-17T00:00:00Z"}, {"Country": "Estonia", "CountryCode": "", "Province": "", "City": "", "CityCode": "", "Lat": "0", "Lon": "0", "Confirmed": 258, "Deaths": 0, "Recovered": 1, "Active": 257, "Date": "2020-03-18T00:00:00Z"}, {"Country": "Estonia", "CountryCode": "", "Province": "", "City": "", "CityCode": "", "Lat": "0", "Lon": "0", "Confirmed": 267, "Deaths": 0, "Recovered": 1, "Active": 266, "Date": "2020-03-19T00:00:00Z"}, {"Country": "Estonia", "CountryCode": "", "Province": "", "City": "", "CityCode": "", "Lat": "0", "Lon": "0", "Confirmed": 283, "Deaths": 0, "Recovered": 1, "Active": 282, "Date": "2020-03-20T00:00:00Z"}, {"Country": "Estonia", "CountryCode": "", "Province": "", "City": "", "CityCode": "", "Lat": "0", "Lon": "0", "Confirmed": 306, "Deaths": 0, "Recovered": 1, "Active": 305, "Date": "2020-03-21T00:00:00Z"}, {"Country": "Estonia", "CountryCode": "", "Province": "", "City": "", "CityCode": "", "Lat": "0", "Lon": "0", "Confirmed": 326, "Deaths": 0, "Recovered": 2, "Active": 324, "Date": "2020-03-22T00:00:00Z"}, {"Country": "Estonia", "CountryCode": "", "Province": "", "City": "", "CityCode": "", "Lat": "0", "Lon": "0", "Confirmed": 352, "Deaths": 0, "Recovered": 2, "Active": 350, "Date": "2020-03-23T00:00:00Z"}, {"Country": "Estonia", "CountryCode": "", "Province": "", "City": "", "CityCode": "", "Lat": "0", "Lon": "0", "Confirmed": 369, "Deaths": 0, "Recovered": 7, "Active": 362, "Date": "2020-03-24T00:00:00Z"}, {"Country": "Estonia", "CountryCode": "", "Province": "", "City": "", "CityCode": "", "Lat": "0", "Lon": "0", "Confirmed": 404, "Deaths": 1, "Recovered": 8, "Active": 395, "Date": "2020-03-25T00:00:00Z"}, {"Country": "Estonia", "CountryCode": "", "Province": "", "City": "", "CityCode": "", "Lat": "0", "Lon": "0", "Confirmed": 538, "Deaths": 1, "Recovered": 8, "Active": 529, "Date": "2020-03-26T00:00:00Z"}, {"Country": "Estonia", "CountryCode": "", "Province": "", "City": "", "CityCode": "", "Lat": "0", "Lon": "0", "Confirmed": 575, "Deaths": 1, "Recovered": 11, "Active": 563, "Date": "2020-03-27T00:00:00Z"}, {"Country": "Estonia", "CountryCode": "", "Province": "", "City": "", "CityCode": "", "Lat": "0", "Lon": "0", "Confirmed": 645, "Deaths": 1, "Recovered": 20, "Active": 624, "Date": "2020-03-28T00:00:00Z"}, {"Country": "Estonia", "CountryCode": "", "Province": "", "City": "", "CityCode": "", "Lat": "0", "Lon": "0", "Confirmed": 679, "Deaths": 3, "Recovered": 20, "Active": 656, "Date": "2020-03-29T00:00:00Z"}, {"Country": "Estonia", "CountryCode": "", "Province": "", "City": "", "CityCode": "", "Lat": "0", "Lon": "0", "Confirmed": 715, "Deaths": 3, "Recovered": 20, "Active": 692, "Date": "2020-03-30T00:00:00Z"}, {"Country": "Estonia", "CountryCode": "", "Province": "", "City": "", "CityCode": "", "Lat": "0", "Lon": "0", "Confirmed": 745, "Deaths": 4, "Recovered": 26, "Active": 715, "Date": "2020-03-31T00:00:00Z"}, {"Country": "Estonia", "CountryCode": "", "Province": "", "City": "", "CityCode": "", "Lat": "0", "Lon": "0", "Confirmed": 779, "Deaths": 5, "Recovered": 33, "Active": 741, "Date": "2020-04-01T00:00:00Z"}, {"Country": "Estonia", "CountryCode": "", "Province": "", "City": "", "CityCode": "", "Lat": "0", "Lon": "0", "Confirmed": 858, "Deaths": 11, "Recovered": 45, "Active": 802, "Date": "2020-04-02T00:00:00Z"}, {"Country": "Estonia", "CountryCode": "", "Province": "", "City": "", "CityCode": "", "Lat": "0", "Lon": "0", "Confirmed": 961, "Deaths": 12, "Recovered": 48, "Active": 901, "Date": "2020-04-03T00:00:00Z"}, {"Country": "Estonia", "CountryCode": "", "Province": "", "City": "", "CityCode": "", "Lat": "0", "Lon": "0", "Confirmed": 1039, "Deaths": 13, "Recovered": 59, "Active": 967, "Date": "2020-04-04T00:00:00Z"}, {"Country": "Estonia", "CountryCode": "", "Province": "", "City": "", "CityCode": "", "Lat": "0", "Lon": "0", "Confirmed": 1097, "Deaths": 15, "Recovered": 62, "Active": 1020, "Date": "2020-04-05T00:00:00Z"}, {"Country": "Estonia", "CountryCode": "", "Province": "", "City": "", "CityCode": "", "Lat": "0", "Lon": "0", "Confirmed": 1108, "Deaths": 19, "Recovered": 62, "Active": 1027, "Date": "2020-04-06T00:00:00Z"}, {"Country": "Estonia", "CountryCode": "", "Province": "", "City": "", "CityCode": "", "Lat": "0", "Lon": "0", "Confirmed": 1149, "Deaths": 21, "Recovered": 69, "Active": 1059, "Date": "2020-04-07T00:00:00Z"}, {"Country": "Estonia", "CountryCode": "", "Province": "", "City": "", "CityCode": "", "Lat": "0", "Lon": "0", "Confirmed": 1185, "Deaths": 24, "Recovered": 72, "Active": 1089, "Date": "2020-04-08T00:00:00Z"}, {"Country": "Estonia", "CountryCode": "", "Province": "", "City": "", "CityCode": "", "Lat": "0", "Lon": "0", "Confirmed": 1207, "Deaths": 24, "Recovered": 83, "Active": 1100, "Date": "2020-04-09T00:00:00Z"}, {"Country": "Estonia", "CountryCode": "", "Province": "", "City": "", "CityCode": "", "Lat": "0", "Lon": "0", "Confirmed": 1258, "Deaths": 24, "Recovered": 93, "Active": 1141, "Date": "2020-04-10T00:00:00Z"}, {"Country": "Estonia", "CountryCode": "", "Province": "", "City": "", "CityCode": "", "Lat": "0", "Lon": "0", "Confirmed": 1304, "Deaths": 24, "Recovered": 93, "Active": 1187, "Date": "2020-04-11T00:00:00Z"}, {"Country": "Estonia", "CountryCode": "", "Province": "", "City": "", "CityCode": "", "Lat": "0", "Lon": "0", "Confirmed": 1309, "Deaths": 25, "Recovered": 98, "Active": 1186, "Date": "2020-04-12T00:00:00Z"}, {"Country": "Estonia", "CountryCode": "", "Province": "", "City": "", "CityCode": "", "Lat": "0", "Lon": "0", "Confirmed": 1332, "Deaths": 28, "Recovered": 102, "Active": 1202, "Date": "2020-04-13T00:00:00Z"}, {"Country": "Estonia", "CountryCode": "", "Province": "", "City": "", "CityCode": "", "Lat": "0", "Lon": "0", "Confirmed": 1373, "Deaths": 31, "Recovered": 115, "Active": 1227, "Date": "2020-04-14T00:00:00Z"}, {"Country": "Estonia", "CountryCode": "", "Province": "", "City": "", "CityCode": "", "Lat": "0", "Lon": "0", "Confirmed": 1400, "Deaths": 35, "Recovered": 117, "Active": 1248, "Date": "2020-04-15T00:00:00Z"}, {"Country": "Estonia", "CountryCode": "", "Province": "", "City": "", "CityCode": "", "Lat": "0", "Lon": "0", "Confirmed": 1434, "Deaths": 36, "Recovered": 133, "Active": 1265, "Date": "2020-04-16T00:00:00Z"}, {"Country": "Estonia", "CountryCode": "", "Province": "", "City": "", "CityCode": "", "Lat": "0", "Lon": "0", "Confirmed": 1459, "Deaths": 38, "Recovered": 145, "Active": 1276, "Date": "2020-04-17T00:00:00Z"}, {"Country": "Estonia", "CountryCode": "", "Province": "", "City": "", "CityCode": "", "Lat": "0", "Lon": "0", "Confirmed": 1512, "Deaths": 38, "Recovered": 162, "Active": 1312, "Date": "2020-04-18T00:00:00Z"}, {"Country": "Estonia", "CountryCode": "", "Province": "", "City": "", "CityCode": "", "Lat": "0", "Lon": "0", "Confirmed": 1528, "Deaths": 40, "Recovered": 164, "Active": 1324, "Date": "2020-04-19T00:00:00Z"}, {"Country": "Estonia", "CountryCode": "", "Province": "", "City": "", "CityCode": "", "Lat": "0", "Lon": "0", "Confirmed": 1535, "Deaths": 40, "Recovered": 165, "Active": 1330, "Date": "2020-04-20T00:00:00Z"}, {"Country": "Estonia", "CountryCode": "", "Province": "", "City": "", "CityCode": "", "Lat": "0", "Lon": "0", "Confirmed": 1552, "Deaths": 43, "Recovered": 169, "Active": 1340, "Date": "2020-04-21T00:00:00Z"}, {"Country": "Estonia", "CountryCode": "", "Province": "", "City": "", "CityCode": "", "Lat": "0", "Lon": "0", "Confirmed": 1559, "Deaths": 44, "Recovered": 184, "Active": 1331, "Date": "2020-04-22T00:00:00Z"}, {"Country": "Estonia", "CountryCode": "", "Province": "", "City": "", "CityCode": "", "Lat": "0", "Lon": "0", "Confirmed": 1592, "Deaths": 45, "Recovered": 192, "Active": 1355, "Date": "2020-04-23T00:00:00Z"}, {"Country": "Estonia", "CountryCode": "", "Province": "", "City": "", "CityCode": "", "Lat": "0", "Lon": "0", "Confirmed": 1605, "Deaths": 46, "Recovered": 206, "Active": 1353, "Date": "2020-04-24T00:00:00Z"}, {"Country": "Estonia", "CountryCode": "", "Province": "", "City": "", "CityCode": "", "Lat": "0", "Lon": "0", "Confirmed": 1635, "Deaths": 46, "Recovered": 228, "Active": 1361, "Date": "2020-04-25T00:00:00Z"}, {"Country": "Estonia", "CountryCode": "", "Province": "", "City": "", "CityCode": "", "Lat": "0", "Lon": "0", "Confirmed": 1643, "Deaths": 49, "Recovered": 233, "Active": 1361, "Date": "2020-04-26T00:00:00Z"}, {"Country": "Estonia", "CountryCode": "", "Province": "", "City": "", "CityCode": "", "Lat": "0", "Lon": "0", "Confirmed": 1647, "Deaths": 50, "Recovered": 233, "Active": 1364, "Date": "2020-04-27T00:00:00Z"}, {"Country": "Estonia", "CountryCode": "", "Province": "", "City": "", "CityCode": "", "Lat": "0", "Lon": "0", "Confirmed": 1660, "Deaths": 50, "Recovered": 240, "Active": 1370, "Date": "2020-04-28T00:00:00Z"}, {"Country": "Estonia", "CountryCode": "", "Province": "", "City": "", "CityCode": "", "Lat": "0", "Lon": "0", "Confirmed": 1666, "Deaths": 50, "Recovered": 236, "Active": 1380, "Date": "2020-04-29T00:00:00Z"}, {"Country": "Estonia", "CountryCode": "", "Province": "", "City": "", "CityCode": "", "Lat": "0", "Lon": "0", "Confirmed": 1689, "Deaths": 52, "Recovered": 249, "Active": 1388, "Date": "2020-04-30T00:00:00Z"}, {"Country": "Estonia", "CountryCode": "", "Province": "", "City": "", "CityCode": "", "Lat": "0", "Lon": "0", "Confirmed": 1694, "Deaths": 52, "Recovered": 253, "Active": 1389, "Date": "2020-05-01T00:00:00Z"}, {"Country": "Estonia", "CountryCode": "", "Province": "", "City": "", "CityCode": "", "Lat": "0", "Lon": "0", "Confirmed": 1699, "Deaths": 53, "Recovered": 256, "Active": 1390, "Date": "2020-05-02T00:00:00Z"}, {"Country": "Estonia", "CountryCode": "", "Province": "", "City": "", "CityCode": "", "Lat": "0", "Lon": "0", "Confirmed": 1700, "Deaths": 55, "Recovered": 259, "Active": 1386, "Date": "2020-05-03T00:00:00Z"}, {"Country": "Estonia", "CountryCode": "", "Province": "", "City": "", "CityCode": "", "Lat": "0", "Lon": "0", "Confirmed": 1703, "Deaths": 55, "Recovered": 259, "Active": 1389, "Date": "2020-05-04T00:00:00Z"}, {"Country": "Estonia", "CountryCode": "", "Province": "", "City": "", "CityCode": "", "Lat": "0", "Lon": "0", "Confirmed": 1711, "Deaths": 55, "Recovered": 261, "Active": 1395, "Date": "2020-05-05T00:00:00Z"}, {"Country": "Estonia", "CountryCode": "", "Province": "", "City": "", "CityCode": "", "Lat": "0", "Lon": "0", "Confirmed": 1713, "Deaths": 55, "Recovered": 264, "Active": 1394, "Date": "2020-05-06T00:00:00Z"}, {"Country": "Estonia", "CountryCode": "", "Province": "", "City": "", "CityCode": "", "Lat": "0", "Lon": "0", "Confirmed": 1720, "Deaths": 56, "Recovered": 273, "Active": 1391, "Date": "2020-05-07T00:00:00Z"}, {"Country": "Estonia", "CountryCode": "", "Province": "", "City": "", "CityCode": "", "Lat": "0", "Lon": "0", "Confirmed": 1725, "Deaths": 56, "Recovered": 704, "Active": 965, "Date": "2020-05-08T00:00:00Z"}, {"Country": "Estonia", "CountryCode": "", "Province": "", "City": "", "CityCode": "", "Lat": "0", "Lon": "0", "Confirmed": 1733, "Deaths": 60, "Recovered": 747, "Active": 926, "Date": "2020-05-09T00:00:00Z"}, {"Country": "Estonia", "CountryCode": "", "Province": "", "City": "", "CityCode": "", "Lat": "0", "Lon": "0", "Confirmed": 1739, "Deaths": 60, "Recovered": 750, "Active": 929, "Date": "2020-05-10T00:00:00Z"}, {"Country": "Estonia", "CountryCode": "", "Province": "", "City": "", "CityCode": "", "Lat": "0", "Lon": "0", "Confirmed": 1741, "Deaths": 61, "Recovered": 751, "Active": 929, "Date": "2020-05-11T00:00:00Z"}, {"Country": "Estonia", "CountryCode": "", "Province": "", "City": "", "CityCode": "", "Lat": "0", "Lon": "0", "Confirmed": 1746, "Deaths": 61, "Recovered": 777, "Active": 908, "Date": "2020-05-12T00:00:00Z"}, {"Country": "Estonia", "CountryCode": "", "Province": "", "City": "", "CityCode": "", "Lat": "0", "Lon": "0", "Confirmed": 1751, "Deaths": 61, "Recovered": 777, "Active": 913, "Date": "2020-05-13T00:00:00Z"}, {"Country": "Estonia", "CountryCode": "", "Province": "", "City": "", "CityCode": "", "Lat": "0", "Lon": "0", "Confirmed": 1758, "Deaths": 62, "Recovered": 909, "Active": 787, "Date": "2020-05-14T00:00:00Z"}, {"Country": "Estonia", "CountryCode": "", "Province": "", "City": "", "CityCode": "", "Lat": "0", "Lon": "0", "Confirmed": 1766, "Deaths": 63, "Recovered": 923, "Active": 780, "Date": "2020-05-15T00:00:00Z"}, {"Country": "Estonia", "CountryCode": "", "Province": "", "City": "", "CityCode": "", "Lat": "0", "Lon": "0", "Confirmed": 1770, "Deaths": 63, "Recovered": 934, "Active": 773, "Date": "2020-05-16T00:00:00Z"}, {"Country": "Estonia", "CountryCode": "", "Province": "", "City": "", "CityCode": "", "Lat": "0", "Lon": "0", "Confirmed": 1774, "Deaths": 63, "Recovered": 938, "Active": 773, "Date": "2020-05-17T00:00:00Z"}, {"Country": "Estonia", "CountryCode": "", "Province": "", "City": "", "CityCode": "", "Lat": "0", "Lon": "0", "Confirmed": 1784, "Deaths": 64, "Recovered": 938, "Active": 782, "Date": "2020-05-18T00:00:00Z"}, {"Country": "Estonia", "CountryCode": "", "Province": "", "City": "", "CityCode": "", "Lat": "0", "Lon": "0", "Confirmed": 1791, "Deaths": 64, "Recovered": 938, "Active": 789, "Date": "2020-05-19T00:00:00Z"}, {"Country": "Estonia", "CountryCode": "", "Province": "", "City": "", "CityCode": "", "Lat": "0", "Lon": "0", "Confirmed": 1794, "Deaths": 64, "Recovered": 956, "Active": 774, "Date": "2020-05-20T00:00:00Z"}, {"Country": "Estonia", "CountryCode": "", "Province": "", "City": "", "CityCode": "", "Lat": "0", "Lon": "0", "Confirmed": 1800, "Deaths": 64, "Recovered": 1488, "Active": 248, "Date": "2020-05-21T00:00:00Z"}, {"Country": "Estonia", "CountryCode": "", "Province": "", "City": "", "CityCode": "", "Lat": "0", "Lon": "0", "Confirmed": 1807, "Deaths": 64, "Recovered": 1508, "Active": 235, "Date": "2020-05-22T00:00:00Z"}, {"Country": "Estonia", "CountryCode": "", "Province": "", "City": "", "CityCode": "", "Lat": "0", "Lon": "0", "Confirmed": 1821, "Deaths": 64, "Recovered": 1526, "Active": 231, "Date": "2020-05-23T00:00:00Z"}, {"Country": "Estonia", "CountryCode": "", "Province": "", "City": "", "CityCode": "", "Lat": "0", "Lon": "0", "Confirmed": 1823, "Deaths": 64, "Recovered": 1532, "Active": 227, "Date": "2020-05-24T00:00:00Z"}, {"Country": "Estonia", "CountryCode": "", "Province": "", "City": "", "CityCode": "", "Lat": "0", "Lon": "0", "Confirmed": 1824, "Deaths": 65, "Recovered": 1538, "Active": 221, "Date": "2020-05-25T00:00:00Z"}, {"Country": "Estonia", "CountryCode": "", "Province": "", "City": "", "CityCode": "", "Lat": "0", "Lon": "0", "Confirmed": 1834, "Deaths": 65, "Recovered": 1552, "Active": 217, "Date": "2020-05-26T00:00:00Z"}, {"Country": "Estonia", "CountryCode": "", "Province": "", "City": "", "CityCode": "", "Lat": "0", "Lon": "0", "Confirmed": 1840, "Deaths": 66, "Recovered": 1561, "Active": 213, "Date": "2020-05-27T00:00:00Z"}, {"Country": "Estonia", "CountryCode": "", "Province": "", "City": "", "CityCode": "", "Lat": "0", "Lon": "0", "Confirmed": 1851, "Deaths": 66, "Recovered": 1574, "Active": 211, "Date": "2020-05-28T00:00:00Z"}, {"Country": "Estonia", "CountryCode": "", "Province": "", "City": "", "CityCode": "", "Lat": "0", "Lon": "0", "Confirmed": 1859, "Deaths": 67, "Recovered": 1610, "Active": 182, "Date": "2020-05-29T00:00:00Z"}, {"Country": "Estonia", "CountryCode": "", "Province": "", "City": "", "CityCode": "", "Lat": "0", "Lon": "0", "Confirmed": 1865, "Deaths": 67, "Recovered": 1622, "Active": 176, "Date": "2020-05-30T00:00:00Z"}, {"Country": "Estonia", "CountryCode": "", "Province": "", "City": "", "CityCode": "", "Lat": "0", "Lon": "0", "Confirmed": 1869, "Deaths": 68, "Recovered": 1624, "Active": 177, "Date": "2020-05-31T00:00:00Z"}, {"Country": "Estonia", "CountryCode": "", "Province": "", "City": "", "CityCode": "", "Lat": "0", "Lon": "0", "Confirmed": 1870, "Deaths": 68, "Recovered": 1625, "Active": 177, "Date": "2020-06-01T00:00:00Z"}, {"Country": "Estonia", "CountryCode": "", "Province": "", "City": "", "CityCode": "", "Lat": "0", "Lon": "0", "Confirmed": 1870, "Deaths": 68, "Recovered": 1632, "Active": 170, "Date": "2020-06-02T00:00:00Z"}, {"Country": "Estonia", "CountryCode": "", "Province": "", "City": "", "CityCode": "", "Lat": "0", "Lon": "0", "Confirmed": 1880, "Deaths": 69, "Recovered": 1650, "Active": 161, "Date": "2020-06-03T00:00:00Z"}, {"Country": "Estonia", "CountryCode": "", "Province": "", "City": "", "CityCode": "", "Lat": "0", "Lon": "0", "Confirmed": 1890, "Deaths": 69, "Recovered": 1663, "Active": 158, "Date": "2020-06-04T00:00:00Z"}, {"Country": "Estonia", "CountryCode": "", "Province": "", "City": "", "CityCode": "", "Lat": "0", "Lon": "0", "Confirmed": 1910, "Deaths": 69, "Recovered": 1667, "Active": 174, "Date": "2020-06-05T00:00:00Z"}, {"Country": "Estonia", "CountryCode": "", "Province": "", "City": "", "CityCode": "", "Lat": "0", "Lon": "0", "Confirmed": 1931, "Deaths": 69, "Recovered": 1675, "Active": 187, "Date": "2020-06-06T00:00:00Z"}, {"Country": "Estonia", "CountryCode": "", "Province": "", "City": "", "CityCode": "", "Lat": "0", "Lon": "0", "Confirmed": 1939, "Deaths": 69, "Recovered": 1681, "Active": 189, "Date": "2020-06-07T00:00:00Z"}, {"Country": "Estonia", "CountryCode": "", "Province": "", "City": "", "CityCode": "", "Lat": "0", "Lon": "0", "Confirmed": 1940, "Deaths": 69, "Recovered": 1683, "Active": 188, "Date": "2020-06-08T00:00:00Z"}, {"Country": "Estonia", "CountryCode": "", "Province": "", "City": "", "CityCode": "", "Lat": "0", "Lon": "0", "Confirmed": 1947, "Deaths": 69, "Recovered": 1684, "Active": 194, "Date": "2020-06-09T00:00:00Z"}, {"Country": "Estonia", "CountryCode": "", "Province": "", "City": "", "CityCode": "", "Lat": "0", "Lon": "0", "Confirmed": 1958, "Deaths": 69, "Recovered": 1690, "Active": 199, "Date": "2020-06-10T00:00:00Z"}, {"Country": "Estonia", "CountryCode": "", "Province": "", "City": "", "CityCode": "", "Lat": "0", "Lon": "0", "Confirmed": 1965, "Deaths": 69, "Recovered": 1697, "Active": 199, "Date": "2020-06-11T00:00:00Z"}, {"Country": "Estonia", "CountryCode": "", "Province": "", "City": "", "CityCode": "", "Lat": "0", "Lon": "0", "Confirmed": 1970, "Deaths": 69, "Recovered": 1703, "Active": 198, "Date": "2020-06-12T00:00:00Z"}, {"Country": "Estonia", "CountryCode": "", "Province": "", "City": "", "CityCode": "", "Lat": "0", "Lon": "0", "Confirmed": 1973, "Deaths": 69, "Recovered": 1705, "Active": 199, "Date": "2020-06-13T00:00:00Z"}, {"Country": "Estonia", "CountryCode": "", "Province": "", "City": "", "CityCode": "", "Lat": "0", "Lon": "0", "Confirmed": 1973, "Deaths": 69, "Recovered": 1705, "Active": 199, "Date": "2020-06-14T00:00:00Z"}, {"Country": "Estonia", "CountryCode": "", "Province": "", "City": "", "CityCode": "", "Lat": "0", "Lon": "0", "Confirmed": 1974, "Deaths": 69, "Recovered": 1717, "Active": 188, "Date": "2020-06-15T00:00:00Z"}, {"Country": "Estonia", "CountryCode": "", "Province": "", "City": "", "CityCode": "", "Lat": "0", "Lon": "0", "Confirmed": 1975, "Deaths": 69, "Recovered": 1728, "Active": 178, "Date": "2020-06-16T00:00:00Z"}, {"Country": "Estonia", "CountryCode": "", "Province": "", "City": "", "CityCode": "", "Lat": "0", "Lon": "0", "Confirmed": 1977, "Deaths": 69, "Recovered": 1743, "Active": 165, "Date": "2020-06-17T00:00:00Z"}, {"Country": "Estonia", "CountryCode": "", "Province": "", "City": "", "CityCode": "", "Lat": "0", "Lon": "0", "Confirmed": 1977, "Deaths": 69, "Recovered": 1748, "Active": 160, "Date": "2020-06-18T00:00:00Z"}, {"Country": "Estonia", "CountryCode": "", "Province": "", "City": "", "CityCode": "", "Lat": "0", "Lon": "0", "Confirmed": 1979, "Deaths": 69, "Recovered": 1755, "Active": 155, "Date": "2020-06-19T00:00:00Z"}, {"Country": "Estonia", "CountryCode": "", "Province": "", "City": "", "CityCode": "", "Lat": "0", "Lon": "0", "Confirmed": 1981, "Deaths": 69, "Recovered": 1758, "Active": 154, "Date": "2020-06-20T00:00:00Z"}, {"Country": "Estonia", "CountryCode": "", "Province": "", "City": "", "CityCode": "", "Lat": "0", "Lon": "0", "Confirmed": 1981, "Deaths": 69, "Recovered": 1764, "Active": 148, "Date": "2020-06-21T00:00:00Z"}, {"Country": "Estonia", "CountryCode": "", "Province": "", "City": "", "CityCode": "", "Lat": "0", "Lon": "0", "Confirmed": 1981, "Deaths": 69, "Recovered": 1765, "Active": 147, "Date": "2020-06-22T00:00:00Z"}, {"Country": "Estonia", "CountryCode": "", "Province": "", "City": "", "CityCode": "", "Lat": "0", "Lon": "0", "Confirmed": 1982, "Deaths": 69, "Recovered": 1771, "Active": 142, "Date": "2020-06-23T00:00:00Z"}, {"Country": "Estonia", "CountryCode": "", "Province": "", "City": "", "CityCode": "", "Lat": "0", "Lon": "0", "Confirmed": 1983, "Deaths": 69, "Recovered": 1783, "Active": 131, "Date": "2020-06-24T00:00:00Z"}, {"Country": "Estonia", "CountryCode": "", "Province": "", "City": "", "CityCode": "", "Lat": "0", "Lon": "0", "Confirmed": 1984, "Deaths": 69, "Recovered": 1790, "Active": 125, "Date": "2020-06-25T00:00:00Z"}, {"Country": "Estonia", "CountryCode": "", "Province": "", "City": "", "CityCode": "", "Lat": "0", "Lon": "0", "Confirmed": 1986, "Deaths": 69, "Recovered": 1797, "Active": 120, "Date": "2020-06-26T00:00:00Z"}, {"Country": "Estonia", "CountryCode": "", "Province": "", "City": "", "CityCode": "", "Lat": "0", "Lon": "0", "Confirmed": 1986, "Deaths": 69, "Recovered": 1812, "Active": 105, "Date": "2020-06-27T00:00:00Z"}, {"Country": "Estonia", "CountryCode": "", "Province": "", "City": "", "CityCode": "", "Lat": "0", "Lon": "0", "Confirmed": 1987, "Deaths": 69, "Recovered": 1818, "Active": 100, "Date": "2020-06-28T00:00:00Z"}, {"Country": "Estonia", "CountryCode": "", "Province": "", "City": "", "CityCode": "", "Lat": "0", "Lon": "0", "Confirmed": 1987, "Deaths": 69, "Recovered": 1818, "Active": 100, "Date": "2020-06-29T00:00:00Z"}, {"Country": "Estonia", "CountryCode": "", "Province": "", "City": "", "CityCode": "", "Lat": "0", "Lon": "0", "Confirmed": 1989, "Deaths": 69, "Recovered": 1829, "Active": 91, "Date": "2020-06-30T00:00:00Z"}, {"Country": "Estonia", "CountryCode": "", "Province": "", "City": "", "CityCode": "", "Lat": "0", "Lon": "0", "Confirmed": 1989, "Deaths": 69, "Recovered": 1836, "Active": 84, "Date": "2020-07-01T00:00:00Z"}, {"Country": "Estonia", "CountryCode": "", "Province": "", "City": "", "CityCode": "", "Lat": "0", "Lon": "0", "Confirmed": 1990, "Deaths": 69, "Recovered": 1842, "Active": 79, "Date": "2020-07-02T00:00:00Z"}, {"Country": "Estonia", "CountryCode": "", "Province": "", "City": "", "CityCode": "", "Lat": "0", "Lon": "0", "Confirmed": 1991, "Deaths": 69, "Recovered": 1859, "Active": 63, "Date": "2020-07-03T00:00:00Z"}, {"Country": "Estonia", "CountryCode": "", "Province": "", "City": "", "CityCode": "", "Lat": "0", "Lon": "0", "Confirmed": 1993, "Deaths": 69, "Recovered": 1870, "Active": 54, "Date": "2020-07-04T00:00:00Z"}, {"Country": "Estonia", "CountryCode": "", "Province": "", "City": "", "CityCode": "", "Lat": "0", "Lon": "0", "Confirmed": 1993, "Deaths": 69, "Recovered": 1874, "Active": 50, "Date": "2020-07-05T00:00:00Z"}, {"Country": "Estonia", "CountryCode": "", "Province": "", "City": "", "CityCode": "", "Lat": "0", "Lon": "0", "Confirmed": 1994, "Deaths": 69, "Recovered": 1875, "Active": 50, "Date": "2020-07-06T00:00:00Z"}, {"Country": "Estonia", "CountryCode": "", "Province": "", "City": "", "CityCode": "", "Lat": "0", "Lon": "0", "Confirmed": 1995, "Deaths": 69, "Recovered": 1880, "Active": 46, "Date": "2020-07-07T00:00:00Z"}, {"Country": "Estonia", "CountryCode": "", "Province": "", "City": "", "CityCode": "", "Lat": "0", "Lon": "0", "Confirmed": 2003, "Deaths": 69, "Recovered": 1882, "Active": 52, "Date": "2020-07-08T00:00:00Z"}, {"Country": "Estonia", "CountryCode": "", "Province": "", "City": "", "CityCode": "", "Lat": "0", "Lon": "0", "Confirmed": 2011, "Deaths": 69, "Recovered": 1889, "Active": 53, "Date": "2020-07-09T00:00:00Z"}, {"Country": "Estonia", "CountryCode": "", "Province": "", "City": "", "CityCode": "", "Lat": "0", "Lon": "0", "Confirmed": 2013, "Deaths": 69, "Recovered": 1894, "Active": 50, "Date": "2020-07-10T00:00:00Z"}, {"Country": "Estonia", "CountryCode": "", "Province": "", "City": "", "CityCode": "", "Lat": "0", "Lon": "0", "Confirmed": 2014, "Deaths": 69, "Recovered": 1895, "Active": 50, "Date": "2020-07-11T00:00:00Z"}, {"Country": "Estonia", "CountryCode": "", "Province": "", "City": "", "CityCode": "", "Lat": "0", "Lon": "0", "Confirmed": 2014, "Deaths": 69, "Recovered": 1895, "Active": 50, "Date": "2020-07-12T00:00:00Z"}, {"Country": "Estonia", "CountryCode": "", "Province": "", "City": "", "CityCode": "", "Lat": "0", "Lon": "0", "Confirmed": 2014, "Deaths": 69, "Recovered": 1895, "Active": 50, "Date": "2020-07-13T00:00:00Z"}, {"Country": "Estonia", "CountryCode": "", "Province": "", "City": "", "CityCode": "", "Lat": "0", "Lon": "0", "Confirmed": 2015, "Deaths": 69, "Recovered": 1897, "Active": 49, "Date": "2020-07-14T00:00:00Z"}, {"Country": "Estonia", "CountryCode": "", "Province": "", "City": "", "CityCode": "", "Lat": "0", "Lon": "0", "Confirmed": 2016, "Deaths": 69, "Recovered": 1901, "Active": 46, "Date": "2020-07-15T00:00:00Z"}, {"Country": "Estonia", "CountryCode": "", "Province": "", "City": "", "CityCode": "", "Lat": "0", "Lon": "0", "Confirmed": 2016, "Deaths": 69, "Recovered": 1904, "Active": 43, "Date": "2020-07-16T00:00:00Z"}, {"Country": "Estonia", "CountryCode": "", "Province": "", "City": "", "CityCode": "", "Lat": "0", "Lon": "0", "Confirmed": 2020, "Deaths": 69, "Recovered": 1910, "Active": 41, "Date": "2020-07-17T00:00:00Z"}, {"Country": "Estonia", "CountryCode": "", "Province": "", "City": "", "CityCode": "", "Lat": "0", "Lon": "0", "Confirmed": 2021, "Deaths": 69, "Recovered": 1912, "Active": 40, "Date": "2020-07-18T00:00:00Z"}, {"Country": "Estonia", "CountryCode": "", "Province": "", "City": "", "CityCode": "", "Lat": "0", "Lon": "0", "Confirmed": 2021, "Deaths": 69, "Recovered": 1912, "Active": 40, "Date": "2020-07-19T00:00:00Z"}, {"Country": "Estonia", "CountryCode": "", "Province": "", "City": "", "CityCode": "", "Lat": "0", "Lon": "0", "Confirmed": 2021, "Deaths": 69, "Recovered": 1912, "Active": 40, "Date": "2020-07-20T00:00:00Z"}, {"Country": "Estonia", "CountryCode": "", "Province": "", "City": "", "CityCode": "", "Lat": "0", "Lon": "0", "Confirmed": 2022, "Deaths": 69, "Recovered": 1912, "Active": 41, "Date": "2020-07-21T00:00:00Z"}, {"Country": "Estonia", "CountryCode": "", "Province": "", "City": "", "CityCode": "", "Lat": "0", "Lon": "0", "Confirmed": 2025, "Deaths": 69, "Recovered": 1912, "Active": 44, "Date": "2020-07-22T00:00:00Z"}, {"Country": "Estonia", "CountryCode": "", "Province": "", "City": "", "CityCode": "", "Lat": "0", "Lon": "0", "Confirmed": 2027, "Deaths": 69, "Recovered": 1912, "Active": 46, "Date": "2020-07-23T00:00:00Z"}, {"Country": "Estonia", "CountryCode": "", "Province": "", "City": "", "CityCode": "", "Lat": "0", "Lon": "0", "Confirmed": 2028, "Deaths": 69, "Recovered": 1915, "Active": 44, "Date": "2020-07-24T00:00:00Z"}, {"Country": "Estonia", "CountryCode": "", "Province": "", "City": "", "CityCode": "", "Lat": "0", "Lon": "0", "Confirmed": 2033, "Deaths": 69, "Recovered": 1915, "Active": 49, "Date": "2020-07-25T00:00:00Z"}, {"Country": "Estonia", "CountryCode": "", "Province": "", "City": "", "CityCode": "", "Lat": "0", "Lon": "0", "Confirmed": 2034, "Deaths": 69, "Recovered": 1922, "Active": 43, "Date": "2020-07-26T00:00:00Z"}, {"Country": "Estonia", "CountryCode": "", "Province": "", "City": "", "CityCode": "", "Lat": "0", "Lon": "0", "Confirmed": 2034, "Deaths": 69, "Recovered": 1923, "Active": 42, "Date": "2020-07-27T00:00:00Z"}, {"Country": "Estonia", "CountryCode": "", "Province": "", "City": "", "CityCode": "", "Lat": "0", "Lon": "0", "Confirmed": 2038, "Deaths": 69, "Recovered": 1924, "Active": 45, "Date": "2020-07-28T00:00:00Z"}, {"Country": "Estonia", "CountryCode": "", "Province": "", "City": "", "CityCode": "", "Lat": "0", "Lon": "0", "Confirmed": 2042, "Deaths": 69, "Recovered": 1926, "Active": 47, "Date": "2020-07-29T00:00:00Z"}, {"Country": "Estonia", "CountryCode": "", "Province": "", "City": "", "CityCode": "", "Lat": "0", "Lon": "0", "Confirmed": 2051, "Deaths": 69, "Recovered": 1926, "Active": 56, "Date": "2020-07-30T00:00:00Z"}, {"Country": "Estonia", "CountryCode": "", "Province": "", "City": "", "CityCode": "", "Lat": "0", "Lon": "0", "Confirmed": 2064, "Deaths": 69, "Recovered": 1930, "Active": 65, "Date": "2020-07-31T00:00:00Z"}, {"Country": "Estonia", "CountryCode": "", "Province": "", "City": "", "CityCode": "", "Lat": "0", "Lon": "0", "Confirmed": 2072, "Deaths": 69, "Recovered": 1934, "Active": 69, "Date": "2020-08-01T00:00:00Z"}, {"Country": "Estonia", "CountryCode": "", "Province": "", "City": "", "CityCode": "", "Lat": "0", "Lon": "0", "Confirmed": 2079, "Deaths": 63, "Recovered": 1934, "Active": 82, "Date": "2020-08-02T00:00:00Z"}, {"Country": "Estonia", "CountryCode": "", "Province": "", "City": "", "CityCode": "", "Lat": "0", "Lon": "0", "Confirmed": 2080, "Deaths": 63, "Recovered": 1935, "Active": 82, "Date": "2020-08-03T00:00:00Z"}, {"Country": "Estonia", "CountryCode": "", "Province": "", "City": "", "CityCode": "", "Lat": "0", "Lon": "0", "Confirmed": 2091, "Deaths": 63, "Recovered": 1937, "Active": 91, "Date": "2020-08-04T00:00:00Z"}, {"Country": "Estonia", "CountryCode": "", "Province": "", "City": "", "CityCode": "", "Lat": "0", "Lon": "0", "Confirmed": 2113, "Deaths": 63, "Recovered": 1948, "Active": 102, "Date": "2020-08-05T00:00:00Z"}, {"Country": "Estonia", "CountryCode": "", "Province": "", "City": "", "CityCode": "", "Lat": "0", "Lon": "0", "Confirmed": 2124, "Deaths": 63, "Recovered": 1954, "Active": 107, "Date": "2020-08-06T00:00:00Z"}, {"Country": "Estonia", "CountryCode": "", "Province": "", "City": "", "CityCode": "", "Lat": "0", "Lon": "0", "Confirmed": 2133, "Deaths": 63, "Recovered": 1956, "Active": 114, "Date": "2020-08-07T00:00:00Z"}, {"Country": "Estonia", "CountryCode": "", "Province": "", "City": "", "CityCode": "", "Lat": "0", "Lon": "0", "Confirmed": 2147, "Deaths": 63, "Recovered": 1961, "Active": 123, "Date": "2020-08-08T00:00:00Z"}, {"Country": "Estonia", "CountryCode": "", "Province": "", "City": "", "CityCode": "", "Lat": "0", "Lon": "0", "Confirmed": 2152, "Deaths": 63, "Recovered": 1961, "Active": 128, "Date": "2020-08-09T00:00:00Z"}, {"Country": "Estonia", "CountryCode": "", "Province": "", "City": "", "CityCode": "", "Lat": "0", "Lon": "0", "Confirmed": 2158, "Deaths": 63, "Recovered": 1962, "Active": 133, "Date": "2020-08-10T00:00:00Z"}, {"Country": "Estonia", "CountryCode": "", "Province": "", "City": "", "CityCode": "", "Lat": "0", "Lon": "0", "Confirmed": 2167, "Deaths": 63, "Recovered": 1968, "Active": 136, "Date": "2020-08-11T00:00:00Z"}, {"Country": "Estonia", "CountryCode": "", "Province": "", "City": "", "CityCode": "", "Lat": "0", "Lon": "0", "Confirmed": 2174, "Deaths": 63, "Recovered": 1975, "Active": 136, "Date": "2020-08-12T00:00:00Z"}, {"Country": "Estonia", "CountryCode": "", "Province": "", "City": "", "CityCode": "", "Lat": "0", "Lon": "0", "Confirmed": 2174, "Deaths": 63, "Recovered": 1975, "Active": 136, "Date": "2020-08-13T00:00:00Z"}, {"Country": "Estonia", "CountryCode": "", "Province": "", "City": "", "CityCode": "", "Lat": "0", "Lon": "0", "Confirmed": 2177, "Deaths": 63, "Recovered": 1976, "Active": 138, "Date": "2020-08-14T00:00:00Z"}, {"Country": "Estonia", "CountryCode": "", "Province": "", "City": "", "CityCode": "", "Lat": "0", "Lon": "0", "Confirmed": 2184, "Deaths": 63, "Recovered": 1976, "Active": 145, "Date": "2020-08-15T00:00:00Z"}, {"Country": "Estonia", "CountryCode": "", "Province": "", "City": "", "CityCode": "", "Lat": "0", "Lon": "0", "Confirmed": 2190, "Deaths": 63, "Recovered": 1976, "Active": 151, "Date": "2020-08-16T00:00:00Z"}, {"Country": "Estonia", "CountryCode": "", "Province": "", "City": "", "CityCode": "", "Lat": "0", "Lon": "0", "Confirmed": 2192, "Deaths": 63, "Recovered": 1976, "Active": 153, "Date": "2020-08-17T00:00:00Z"}, {"Country": "Estonia", "CountryCode": "", "Province": "", "City": "", "CityCode": "", "Lat": "0", "Lon": "0", "Confirmed": 2200, "Deaths": 63, "Recovered": 1990, "Active": 147, "Date": "2020-08-18T00:00:00Z"}, {"Country": "Estonia", "CountryCode": "", "Province": "", "City": "", "CityCode": "", "Lat": "0", "Lon": "0", "Confirmed": 2207, "Deaths": 63, "Recovered": 2002, "Active": 142, "Date": "2020-08-19T00:00:00Z"}, {"Country": "Estonia", "CountryCode": "", "Province": "", "City": "", "CityCode": "", "Lat": "0", "Lon": "0", "Confirmed": 2227, "Deaths": 63, "Recovered": 2009, "Active": 155, "Date": "2020-08-20T00:00:00Z"}, {"Country": "Estonia", "CountryCode": "", "Province": "", "City": "", "CityCode": "", "Lat": "0", "Lon": "0", "Confirmed": 2244, "Deaths": 63, "Recovered": 2011, "Active": 170, "Date": "2020-08-21T00:00:00Z"}, {"Country": "Estonia", "CountryCode": "", "Province": "", "City": "", "CityCode": "", "Lat": "0", "Lon": "0", "Confirmed": 2265, "Deaths": 63, "Recovered": 2024, "Active": 178, "Date": "2020-08-22T00:00:00Z"}, {"Country": "Estonia", "CountryCode": "", "Province": "", "City": "", "CityCode": "", "Lat": "0", "Lon": "0", "Confirmed": 2272, "Deaths": 63, "Recovered": 2024, "Active": 185, "Date": "2020-08-23T00:00:00Z"}, {"Country": "Estonia", "CountryCode": "", "Province": "", "City": "", "CityCode": "", "Lat": "0", "Lon": "0", "Confirmed": 2275, "Deaths": 64, "Recovered": 2025, "Active": 186, "Date": "2020-08-24T00:00:00Z"}, {"Country": "Estonia", "CountryCode": "", "Province": "", "City": "", "CityCode": "", "Lat": "0", "Lon": "0", "Confirmed": 2294, "Deaths": 64, "Recovered": 2038, "Active": 192, "Date": "2020-08-25T00:00:00Z"}, {"Country": "Estonia", "CountryCode": "", "Province": "", "City": "", "CityCode": "", "Lat": "0", "Lon": "0", "Confirmed": 2311, "Deaths": 64, "Recovered": 2054, "Active": 193, "Date": "2020-08-26T00:00:00Z"}, {"Country": "Estonia", "CountryCode": "", "Province": "", "City": "", "CityCode": "", "Lat": "0", "Lon": "0", "Confirmed": 2325, "Deaths": 64, "Recovered": 2067, "Active": 194, "Date": "2020-08-27T00:00:00Z"}, {"Country": "Estonia", "CountryCode": "", "Province": "", "City": "", "CityCode": "", "Lat": "0", "Lon": "0", "Confirmed": 2343, "Deaths": 64, "Recovered": 2076, "Active": 203, "Date": "2020-08-28T00:00:00Z"}, {"Country": "Estonia", "CountryCode": "", "Province": "", "City": "", "CityCode": "", "Lat": "0", "Lon": "0", "Confirmed": 2363, "Deaths": 64, "Recovered": 2086, "Active": 213, "Date": "2020-08-29T00:00:00Z"}, {"Country": "Estonia", "CountryCode": "", "Province": "", "City": "", "CityCode": "", "Lat": "0", "Lon": "0", "Confirmed": 2373, "Deaths": 64, "Recovered": 2088, "Active": 221, "Date": "2020-08-30T00:00:00Z"}, {"Country": "Estonia", "CountryCode": "", "Province": "", "City": "", "CityCode": "", "Lat": "0", "Lon": "0", "Confirmed": 2375, "Deaths": 64, "Recovered": 2088, "Active": 223, "Date": "2020-08-31T00:00:00Z"}, {"Country": "Estonia", "CountryCode": "", "Province": "", "City": "", "CityCode": "", "Lat": "0", "Lon": "0", "Confirmed": 2395, "Deaths": 64, "Recovered": 2112, "Active": 219, "Date": "2020-09-01T00:00:00Z"}, {"Country": "Estonia", "CountryCode": "", "Province": "", "City": "", "CityCode": "", "Lat": "0", "Lon": "0", "Confirmed": 2415, "Deaths": 64, "Recovered": 2130, "Active": 221, "Date": "2020-09-02T00:00:00Z"}, {"Country": "Estonia", "CountryCode": "", "Province": "", "City": "", "CityCode": "", "Lat": "0", "Lon": "0", "Confirmed": 2441, "Deaths": 64, "Recovered": 2150, "Active": 227, "Date": "2020-09-03T00:00:00Z"}, {"Country": "Estonia", "CountryCode": "", "Province": "", "City": "", "CityCode": "", "Lat": "0", "Lon": "0", "Confirmed": 2456, "Deaths": 64, "Recovered": 2157, "Active": 235, "Date": "2020-09-04T00:00:00Z"}, {"Country": "Estonia", "CountryCode": "", "Province": "", "City": "", "CityCode": "", "Lat": "0", "Lon": "0", "Confirmed": 2491, "Deaths": 64, "Recovered": 2165, "Active": 262, "Date": "2020-09-05T00:00:00Z"}, {"Country": "Estonia", "CountryCode": "", "Province": "", "City": "", "CityCode": "", "Lat": "0", "Lon": "0", "Confirmed": 2516, "Deaths": 64, "Recovered": 2170, "Active": 282, "Date": "2020-09-06T00:00:00Z"}, {"Country": "Estonia", "CountryCode": "", "Province": "", "City": "", "CityCode": "", "Lat": "0", "Lon": "0", "Confirmed": 2532, "Deaths": 64, "Recovered": 2176, "Active": 292, "Date": "2020-09-07T00:00:00Z"}, {"Country": "Estonia", "CountryCode": "", "Province": "", "City": "", "CityCode": "", "Lat": "0", "Lon": "0", "Confirmed": 2564, "Deaths": 64, "Recovered": 2195, "Active": 305, "Date": "2020-09-08T00:00:00Z"}, {"Country": "Estonia", "CountryCode": "", "Province": "", "City": "", "CityCode": "", "Lat": "0", "Lon": "0", "Confirmed": 2585, "Deaths": 64, "Recovered": 2213, "Active": 308, "Date": "2020-09-09T00:00:00Z"}, {"Country": "Estonia", "CountryCode": "", "Province": "", "City": "", "CityCode": "", "Lat": "0", "Lon": "0", "Confirmed": 2600, "Deaths": 64, "Recovered": 2223, "Active": 313, "Date": "2020-09-10T00:00:00Z"}, {"Country": "Estonia", "CountryCode": "", "Province": "", "City": "", "CityCode": "", "Lat": "0", "Lon": "0", "Confirmed": 2632, "Deaths": 64, "Recovered": 2233, "Active": 335, "Date": "2020-09-11T00:00:00Z"}, {"Country": "Estonia", "CountryCode": "", "Province": "", "City": "", "CityCode": "", "Lat": "0", "Lon": "0", "Confirmed": 2655, "Deaths": 64, "Recovered": 2252, "Active": 339, "Date": "2020-09-12T00:00:00Z"}, {"Country": "Estonia", "CountryCode": "", "Province": "", "City": "", "CityCode": "", "Lat": "0", "Lon": "0", "Confirmed": 2676, "Deaths": 64, "Recovered": 2256, "Active": 356, "Date": "2020-09-13T00:00:00Z"}, {"Country": "Estonia", "CountryCode": "", "Province": "", "City": "", "CityCode": "", "Lat": "0", "Lon": "0", "Confirmed": 2698, "Deaths": 64, "Recovered": 2256, "Active": 378, "Date": "2020-09-14T00:00:00Z"}, {"Country": "Estonia", "CountryCode": "", "Province": "", "City": "", "CityCode": "", "Lat": "0", "Lon": "0", "Confirmed": 2722, "Deaths": 64, "Recovered": 2286, "Active": 372, "Date": "2020-09-15T00:00:00Z"}, {"Country": "Estonia", "CountryCode": "", "Province": "", "City": "", "CityCode": "", "Lat": "0", "Lon": "0", "Confirmed": 2756, "Deaths": 64, "Recovered": 2318, "Active": 374, "Date": "2020-09-16T00:00:00Z"}, {"Country": "Estonia", "CountryCode": "", "Province": "", "City": "", "CityCode": "", "Lat": "0", "Lon": "0", "Confirmed": 2778, "Deaths": 64, "Recovered": 2337, "Active": 377, "Date": "2020-09-17T00:00:00Z"}, {"Country": "Estonia", "CountryCode": "", "Province": "", "City": "", "CityCode": "", "Lat": "0", "Lon": "0", "Confirmed": 2814, "Deaths": 64, "Recovered": 2357, "Active": 393, "Date": "2020-09-18T00:00:00Z"}, {"Country": "Estonia", "CountryCode": "", "Province": "", "City": "", "CityCode": "", "Lat": "0", "Lon": "0", "Confirmed": 2875, "Deaths": 64, "Recovered": 2374, "Active": 437, "Date": "2020-09-19T00:00:00Z"}, {"Country": "Estonia", "CountryCode": "", "Province": "", "City": "", "CityCode": "", "Lat": "0", "Lon": "0", "Confirmed": 2924, "Deaths": 64, "Recovered": 2377, "Active": 483, "Date": "2020-09-20T00:00:00Z"}, {"Country": "Estonia", "CountryCode": "", "Province": "", "City": "", "CityCode": "", "Lat": "0", "Lon": "0", "Confirmed": 2941, "Deaths": 64, "Recovered": 2379, "Active": 498, "Date": "2020-09-21T00:00:00Z"}, {"Country": "Estonia", "CountryCode": "", "Province": "", "City": "", "CityCode": "", "Lat": "0", "Lon": "0", "Confirmed": 2976, "Deaths": 64, "Recovered": 2385, "Active": 527, "Date": "2020-09-22T00:00:00Z"}, {"Country": "Estonia", "CountryCode": "", "Province": "", "City": "", "CityCode": "", "Lat": "0", "Lon": "0", "Confirmed": 3033, "Deaths": 64, "Recovered": 2387, "Active": 582, "Date": "2020-09-23T00:00:00Z"}, {"Country": "Estonia", "CountryCode": "", "Province": "", "City": "", "CityCode": "", "Lat": "0", "Lon": "0", "Confirmed": 3076, "Deaths": 64, "Recovered": 2395, "Active": 617, "Date": "2020-09-24T00:00:00Z"}, {"Country": "Estonia", "CountryCode": "", "Province": "", "City": "", "CityCode": "", "Lat": "0", "Lon": "0", "Confirmed": 3118, "Deaths": 64, "Recovered": 2417, "Active": 637, "Date": "2020-09-25T00:00:00Z"}, {"Country": "Estonia", "CountryCode": "", "Province": "", "City": "", "CityCode": "", "Lat": "0", "Lon": "0", "Confirmed": 3165, "Deaths": 64, "Recovered": 2499, "Active": 602, "Date": "2020-09-26T00:00:00Z"}, {"Country": "Estonia", "CountryCode": "", "Province": "", "City": "", "CityCode": "", "Lat": "0", "Lon": "0", "Confirmed": 3200, "Deaths": 64, "Recovered": 2506, "Active": 630, "Date": "2020-09-27T00:00:00Z"}, {"Country": "Estonia", "CountryCode": "", "Province": "", "City": "", "CityCode": "", "Lat": "0", "Lon": "0", "Confirmed": 3267, "Deaths": 64, "Recovered": 2513, "Active": 690, "Date": "2020-09-28T00:00:00Z"}, {"Country": "Estonia", "CountryCode": "", "Province": "", "City": "", "CityCode": "", "Lat": "0", "Lon": "0", "Confirmed": 3315, "Deaths": 64, "Recovered": 2564, "Active": 687, "Date": "2020-09-29T00:00:00Z"}, {"Country": "Estonia", "CountryCode": "", "Province": "", "City": "", "CityCode": "", "Lat": "0", "Lon": "0", "Confirmed": 3371, "Deaths": 64, "Recovered": 2605, "Active": 702, "Date": "2020-09-30T00:00:00Z"}, {"Country": "Estonia", "CountryCode": "", "Province": "", "City": "", "CityCode": "", "Lat": "0", "Lon": "0", "Confirmed": 3450, "Deaths": 65, "Recovered": 2643, "Active": 742, "Date": "2020-10-01T00:00:00Z"}, {"Country": "Estonia", "CountryCode": "", "Province": "", "City": "", "CityCode": "", "Lat": "0", "Lon": "0", "Confirmed": 3507, "Deaths": 66, "Recovered": 2675, "Active": 766, "Date": "2020-10-02T00:00:00Z"}, {"Country": "Estonia", "CountryCode": "", "Province": "", "City": "", "CityCode": "", "Lat": "0", "Lon": "0", "Confirmed": 3577, "Deaths": 67, "Recovered": 2727, "Active": 783, "Date": "2020-10-03T00:00:00Z"}, {"Country": "Estonia", "CountryCode": "", "Province": "", "City": "", "CityCode": "", "Lat": "0", "Lon": "0", "Confirmed": 3607, "Deaths": 67, "Recovered": 2749, "Active": 791, "Date": "2020-10-04T00:00:00Z"}, {"Country": "Estonia", "CountryCode": "", "Province": "", "City": "", "CityCode": "", "Lat": "0", "Lon": "0", "Confirmed": 3617, "Deaths": 67, "Recovered": 2755, "Active": 795, "Date": "2020-10-05T00:00:00Z"}, {"Country": "Estonia", "CountryCode": "", "Province": "", "City": "", "CityCode": "", "Lat": "0", "Lon": "0", "Confirmed": 3659, "Deaths": 67, "Recovered": 2806, "Active": 786, "Date": "2020-10-06T00:00:00Z"}, {"Country": "Estonia", "CountryCode": "", "Province": "", "City": "", "CityCode": "", "Lat": "0", "Lon": "0", "Confirmed": 3715, "Deaths": 67, "Recovered": 2813, "Active": 835, "Date": "2020-10-07T00:00:00Z"}, {"Country": "Estonia", "CountryCode": "", "Province": "", "City": "", "CityCode": "", "Lat": "0", "Lon": "0", "Confirmed": 3760, "Deaths": 67, "Recovered": 2824, "Active": 869, "Date": "2020-10-08T00:00:00Z"}, {"Country": "Estonia", "CountryCode": "", "Province": "", "City": "", "CityCode": "", "Lat": "0", "Lon": "0", "Confirmed": 3809, "Deaths": 68, "Recovered": 2906, "Active": 835, "Date": "2020-10-09T00:00:00Z"}, {"Country": "Estonia", "CountryCode": "", "Province": "", "City": "", "CityCode": "", "Lat": "0", "Lon": "0", "Confirmed": 3846, "Deaths": 68, "Recovered": 2946, "Active": 832, "Date": "2020-10-10T00:00:00Z"}, {"Country": "Estonia", "CountryCode": "", "Province": "", "City": "", "CityCode": "", "Lat": "0", "Lon": "0", "Confirmed": 3865, "Deaths": 68, "Recovered": 2958, "Active": 839, "Date": "2020-10-11T00:00:00Z"}, {"Country": "Estonia", "CountryCode": "", "Province": "", "City": "", "CityCode": "", "Lat": "0", "Lon": "0", "Confirmed": 3883, "Deaths": 68, "Recovered": 2967, "Active": 848, "Date": "2020-10-12T00:00:00Z"}, {"Country": "Estonia", "CountryCode": "", "Province": "", "City": "", "CityCode": "", "Lat": "0", "Lon": "0", "Confirmed": 3908, "Deaths": 68, "Recovered": 3015, "Active": 825, "Date": "2020-10-13T00:00:00Z"}, {"Country": "Estonia", "CountryCode": "", "Province": "", "City": "", "CityCode": "", "Lat": "0", "Lon": "0", "Confirmed": 3947, "Deaths": 68, "Recovered": 3060, "Active": 819, "Date": "2020-10-14T00:00:00Z"}, {"Country": "Estonia", "CountryCode": "", "Province": "", "City": "", "CityCode": "", "Lat": "0", "Lon": "0", "Confirmed": 3980, "Deaths": 68, "Recovered": 3093, "Active": 819, "Date": "2020-10-15T00:00:00Z"}, {"Country": "Estonia", "CountryCode": "", "Province": "", "City": "", "CityCode": "", "Lat": "0", "Lon": "0", "Confirmed": 4017, "Deaths": 68, "Recovered": 3137, "Active": 812, "Date": "2020-10-16T00:00:00Z"}, {"Country": "Estonia", "CountryCode": "", "Province": "", "City": "", "CityCode": "", "Lat": "0", "Lon": "0", "Confirmed": 4052, "Deaths": 68, "Recovered": 3198, "Active": 786, "Date": "2020-10-17T00:00:00Z"}, {"Country": "Estonia", "CountryCode": "", "Province": "", "City": "", "CityCode": "", "Lat": "0", "Lon": "0", "Confirmed": 4078, "Deaths": 68, "Recovered": 3211, "Active": 799, "Date": "2020-10-18T00:00:00Z"}, {"Country": "Estonia", "CountryCode": "", "Province": "", "City": "", "CityCode": "", "Lat": "0", "Lon": "0", "Confirmed": 4085, "Deaths": 68, "Recovered": 3229, "Active": 788, "Date": "2020-10-19T00:00:00Z"}, {"Country": "Estonia", "CountryCode": "", "Province": "", "City": "", "CityCode": "", "Lat": "0", "Lon": "0", "Confirmed": 4127, "Deaths": 71, "Recovered": 3270, "Active": 786, "Date": "2020-10-20T00:00:00Z"}, {"Country": "Estonia", "CountryCode": "", "Province": "", "City": "", "CityCode": "", "Lat": "0", "Lon": "0", "Confirmed": 4171, "Deaths": 71, "Recovered": 3334, "Active": 766, "Date": "2020-10-21T00:00:00Z"}, {"Country": "Estonia", "CountryCode": "", "Province": "", "City": "", "CityCode": "", "Lat": "0", "Lon": "0", "Confirmed": 4247, "Deaths": 71, "Recovered": 3366, "Active": 810, "Date": "2020-10-22T00:00:00Z"}, {"Country": "Estonia", "CountryCode": "", "Province": "", "City": "", "CityCode": "", "Lat": "0", "Lon": "0", "Confirmed": 4300, "Deaths": 73, "Recovered": 3418, "Active": 809, "Date": "2020-10-23T00:00:00Z"}, {"Country": "Estonia", "CountryCode": "", "Province": "", "City": "", "CityCode": "", "Lat": "0", "Lon": "0", "Confirmed": 4351, "Deaths": 73, "Recovered": 3441, "Active": 837, "Date": "2020-10-24T00:00:00Z"}, {"Country": "Estonia", "CountryCode": "", "Province": "", "City": "", "CityCode": "", "Lat": "0", "Lon": "0", "Confirmed": 4411, "Deaths": 73, "Recovered": 3457, "Active": 881, "Date": "2020-10-25T00:00:00Z"}, {"Country": "Estonia", "CountryCode": "", "Province": "", "City": "", "CityCode": "", "Lat": "0", "Lon": "0", "Confirmed": 4428, "Deaths": 73, "Recovered": 3505, "Active": 850, "Date": "2020-10-26T00:00:00Z"}, {"Country": "Estonia", "CountryCode": "", "Province": "", "City": "", "CityCode": "", "Lat": "0", "Lon": "0", "Confirmed": 4465, "Deaths": 73, "Recovered": 3561, "Active": 831, "Date": "2020-10-27T00:00:00Z"}, {"Country": "Estonia", "CountryCode": "", "Province": "", "City": "", "CityCode": "", "Lat": "0", "Lon": "0", "Confirmed": 4590, "Deaths": 73, "Recovered": 3626, "Active": 891, "Date": "2020-10-28T00:00:00Z"}, {"Country": "Estonia", "CountryCode": "", "Province": "", "City": "", "CityCode": "", "Lat": "0", "Lon": "0", "Confirmed": 4671, "Deaths": 73, "Recovered": 3684, "Active": 914, "Date": "2020-10-29T00:00:00Z"}, {"Country": "Estonia", "CountryCode": "", "Province": "", "City": "", "CityCode": "", "Lat": "0", "Lon": "0", "Confirmed": 4771, "Deaths": 73, "Recovered": 3747, "Active": 951, "Date": "2020-10-30T00:00:00Z"}, {"Country": "Estonia", "CountryCode": "", "Province": "", "City": "", "CityCode": "", "Lat": "0", "Lon": "0", "Confirmed": 4905, "Deaths": 73, "Recovered": 3811, "Active": 1021, "Date": "2020-10-31T00:00:00Z"}, {"Country": "Estonia", "CountryCode": "", "Province": "", "City": "", "CityCode": "", "Lat": "0", "Lon": "0", "Confirmed": 4985, "Deaths": 73, "Recovered": 3824, "Active": 1088, "Date": "2020-11-01T00:00:00Z"}, {"Country": "Estonia", "CountryCode": "", "Province": "", "City": "", "CityCode": "", "Lat": "0", "Lon": "0", "Confirmed": 5046, "Deaths": 73, "Recovered": 3832, "Active": 1141, "Date": "2020-11-02T00:00:00Z"}, {"Country": "Estonia", "CountryCode": "", "Province": "", "City": "", "CityCode": "", "Lat": "0", "Lon": "0", "Confirmed": 5125, "Deaths": 73, "Recovered": 3904, "Active": 1148, "Date": "2020-11-03T00:00:00Z"}, {"Country": "Estonia", "CountryCode": "", "Province": "", "City": "", "CityCode": "", "Lat": "0", "Lon": "0", "Confirmed": 5333, "Deaths": 73, "Recovered": 3954, "Active": 1306, "Date": "2020-11-04T00:00:00Z"}, {"Country": "Estonia", "CountryCode": "", "Province": "", "City": "", "CityCode": "", "Lat": "0", "Lon": "0", "Confirmed": 5464, "Deaths": 73, "Recovered": 4032, "Active": 1359, "Date": "2020-11-05T00:00:00Z"}, {"Country": "Estonia", "CountryCode": "", "Province": "", "City": "", "CityCode": "", "Lat": "0", "Lon": "0", "Confirmed": 5705, "Deaths": 73, "Recovered": 4103, "Active": 1529, "Date": "2020-11-06T00:00:00Z"}, {"Country": "Estonia", "CountryCode": "", "Province": "", "City": "", "CityCode": "", "Lat": "0", "Lon": "0", "Confirmed": 5933, "Deaths": 73, "Recovered": 4184, "Active": 1676, "Date": "2020-11-07T00:00:00Z"}, {"Country": "Estonia", "CountryCode": "", "Province": "", "City": "", "CityCode": "", "Lat": "0", "Lon": "0", "Confirmed": 6125, "Deaths": 75, "Recovered": 4193, "Active": 1857, "Date": "2020-11-08T00:00:00Z"}, {"Country": "Estonia", "CountryCode": "", "Province": "", "City": "", "CityCode": "", "Lat": "0", "Lon": "0", "Confirmed": 6250, "Deaths": 76, "Recovered": 4205, "Active": 1969, "Date": "2020-11-09T00:00:00Z"}, {"Country": "Estonia", "CountryCode": "", "Province": "", "City": "", "CityCode": "", "Lat": "0", "Lon": "0", "Confirmed": 6376, "Deaths": 76, "Recovered": 4219, "Active": 2081, "Date": "2020-11-10T00:00:00Z"}, {"Country": "Estonia", "CountryCode": "", "Province": "", "City": "", "CityCode": "", "Lat": "0", "Lon": "0", "Confirmed": 6508, "Deaths": 76, "Recovered": 4378, "Active": 2054, "Date": "2020-11-11T00:00:00Z"}, {"Country": "Estonia", "CountryCode": "", "Province": "", "City": "", "CityCode": "", "Lat": "0", "Lon": "0", "Confirmed": 6881, "Deaths": 76, "Recovered": 4453, "Active": 2352, "Date": "2020-11-12T00:00:00Z"}, {"Country": "Estonia", "CountryCode": "", "Province": "", "City": "", "CityCode": "", "Lat": "0", "Lon": "0", "Confirmed": 7148, "Deaths": 80, "Recovered": 4551, "Active": 2517, "Date": "2020-11-13T00:00:00Z"}, {"Country": "Estonia", "CountryCode": "", "Province": "", "City": "", "CityCode": "", "Lat": "0", "Lon": "0", "Confirmed": 7412, "Deaths": 80, "Recovered": 4708, "Active": 2624, "Date": "2020-11-14T00:00:00Z"}, {"Country": "Estonia", "CountryCode": "", "Province": "", "City": "", "CityCode": "", "Lat": "0", "Lon": "0", "Confirmed": 7637, "Deaths": 81, "Recovered": 4741, "Active": 2815, "Date": "2020-11-15T00:00:00Z"}, {"Country": "Estonia", "CountryCode": "", "Province": "", "City": "", "CityCode": "", "Lat": "0", "Lon": "0", "Confirmed": 7848, "Deaths": 81, "Recovered": 4749, "Active": 3018, "Date": "2020-11-16T00:00:00Z"}, {"Country": "Estonia", "CountryCode": "", "Province": "", "City": "", "CityCode": "", "Lat": "0", "Lon": "0", "Confirmed": 8033, "Deaths": 84, "Recovered": 4977, "Active": 2972, "Date": "2020-11-17T00:00:00Z"}, {"Country": "Estonia", "CountryCode": "", "Province": "", "City": "", "CityCode": "", "Lat": "0", "Lon": "0", "Confirmed": 8304, "Deaths": 85, "Recovered": 5120, "Active": 3099, "Date": "2020-11-18T00:00:00Z"}, {"Country": "Estonia", "CountryCode": "", "Province": "", "City": "", "CityCode": "", "Lat": "0", "Lon": "0", "Confirmed": 8715, "Deaths": 86, "Recovered": 5264, "Active": 3365, "Date": "2020-11-19T00:00:00Z"}, {"Country": "Estonia", "CountryCode": "", "Province": "", "City": "", "CityCode": "", "Lat": "0", "Lon": "0", "Confirmed": 9076, "Deaths": 87, "Recovered": 5296, "Active": 3693, "Date": "2020-11-20T00:00:00Z"}, {"Country": "Estonia", "CountryCode": "", "Province": "", "City": "", "CityCode": "", "Lat": "0", "Lon": "0", "Confirmed": 9375, "Deaths": 87, "Recovered": 5661, "Active": 3627, "Date": "2020-11-21T00:00:00Z"}, {"Country": "Estonia", "CountryCode": "", "Province": "", "City": "", "CityCode": "", "Lat": "0", "Lon": "0", "Confirmed": 9724, "Deaths": 88, "Recovered": 5699, "Active": 3937, "Date": "2020-11-22T00:00:00Z"}, {"Country": "Estonia", "CountryCode": "", "Province": "", "City": "", "CityCode": "", "Lat": "0", "Lon": "0", "Confirmed": 9956, "Deaths": 92, "Recovered": 5720, "Active": 4144, "Date": "2020-11-23T00:00:00Z"}, {"Country": "Estonia", "CountryCode": "", "Province": "", "City": "", "CityCode": "", "Lat": "0", "Lon": "0", "Confirmed": 10159, "Deaths": 94, "Recovered": 6014, "Active": 4051, "Date": "2020-11-24T00:00:00Z"}, {"Country": "Estonia", "CountryCode": "", "Province": "", "City": "", "CityCode": "", "Lat": "0", "Lon": "0", "Confirmed": 10541, "Deaths": 97, "Recovered": 6052, "Active": 4392, "Date": "2020-11-25T00:00:00Z"}, {"Country": "Estonia", "CountryCode": "", "Province": "", "City": "", "CityCode": "", "Lat": "0", "Lon": "0", "Confirmed": 10955, "Deaths": 99, "Recovered": 6497, "Active": 4359, "Date": "2020-11-26T00:00:00Z"}, {"Country": "Estonia", "CountryCode": "", "Province": "", "City": "", "CityCode": "", "Lat": "0", "Lon": "0", "Confirmed": 11323, "Deaths": 104, "Recovered": 6710, "Active": 4509, "Date": "2020-11-27T00:00:00Z"}, {"Country": "Estonia", "CountryCode": "", "Province": "", "City": "", "CityCode": "", "Lat": "0", "Lon": "0", "Confirmed": 11698, "Deaths": 109, "Recovered": 6974, "Active": 4615, "Date": "2020-11-28T00:00:00Z"}, {"Country": "Estonia", "CountryCode": "", "Province": "", "City": "", "CityCode": "", "Lat": "0", "Lon": "0", "Confirmed": 12052, "Deaths": 112, "Recovered": 7010, "Active": 4930, "Date": "2020-11-29T00:00:00Z"}, {"Country": "Estonia", "CountryCode": "", "Province": "", "City": "", "CityCode": "", "Lat": "0", "Lon": "0", "Confirmed": 12308, "Deaths": 118, "Recovered": 7078, "Active": 5112, "Date": "2020-11-30T00:00:00Z"}, {"Country": "Estonia", "CountryCode": "", "Province": "", "City": "", "CityCode": "", "Lat": "0", "Lon": "0", "Confirmed": 12497, "Deaths": 121, "Recovered": 7536, "Active": 4840, "Date": "2020-12-01T00:00:00Z"}, {"Country": "Estonia", "CountryCode": "", "Province": "", "City": "", "CityCode": "", "Lat": "0", "Lon": "0", "Confirmed": 13019, "Deaths": 122, "Recovered": 7608, "Active": 5289, "Date": "2020-12-02T00:00:00Z"}, {"Country": "Estonia", "CountryCode": "", "Province": "", "City": "", "CityCode": "", "Lat": "0", "Lon": "0", "Confirmed": 13469, "Deaths": 123, "Recovered": 8182, "Active": 5164, "Date": "2020-12-03T00:00:00Z"}, {"Country": "Estonia", "CountryCode": "", "Province": "", "City": "", "CityCode": "", "Lat": "0", "Lon": "0", "Confirmed": 13939, "Deaths": 125, "Recovered": 8549, "Active": 5265, "Date": "2020-12-04T00:00:00Z"}, {"Country": "Estonia", "CountryCode": "", "Province": "", "City": "", "CityCode": "", "Lat": "0", "Lon": "0", "Confirmed": 14500, "Deaths": 126, "Recovered": 8919, "Active": 5455, "Date": "2020-12-05T00:00:00Z"}, {"Country": "Estonia", "CountryCode": "", "Province": "", "City": "", "CityCode": "", "Lat": "0", "Lon": "0", "Confirmed": 14978, "Deaths": 131, "Recovered": 8959, "Active": 5888, "Date": "2020-12-06T00:00:00Z"}, {"Country": "Estonia", "CountryCode": "", "Province": "", "City": "", "CityCode": "", "Lat": "0", "Lon": "0", "Confirmed": 15226, "Deaths": 134, "Recovered": 9009, "Active": 6083, "Date": "2020-12-07T00:00:00Z"}, {"Country": "Estonia", "CountryCode": "", "Province": "", "City": "", "CityCode": "", "Lat": "0", "Lon": "0", "Confirmed": 15510, "Deaths": 137, "Recovered": 9446, "Active": 5927, "Date": "2020-12-08T00:00:00Z"}, {"Country": "Estonia", "CountryCode": "", "Province": "", "City": "", "CityCode": "", "Lat": "0", "Lon": "0", "Confirmed": 16054, "Deaths": 139, "Recovered": 9860, "Active": 6055, "Date": "2020-12-09T00:00:00Z"}, {"Country": "Estonia", "CountryCode": "", "Province": "", "City": "", "CityCode": "", "Lat": "0", "Lon": "0", "Confirmed": 16598, "Deaths": 141, "Recovered": 9945, "Active": 6512, "Date": "2020-12-10T00:00:00Z"}, {"Country": "Estonia", "CountryCode": "", "Province": "", "City": "", "CityCode": "", "Lat": "0", "Lon": "0", "Confirmed": 16956, "Deaths": 142, "Recovered": 10533, "Active": 6281, "Date": "2020-12-11T00:00:00Z"}, {"Country": "Estonia", "CountryCode": "", "Province": "", "City": "", "CityCode": "", "Lat": "0", "Lon": "0", "Confirmed": 17713, "Deaths": 148, "Recovered": 10626, "Active": 6939, "Date": "2020-12-12T00:00:00Z"}, {"Country": "Estonia", "CountryCode": "", "Province": "", "City": "", "CityCode": "", "Lat": "0", "Lon": "0", "Confirmed": 18055, "Deaths": 149, "Recovered": 11037, "Active": 6869, "Date": "2020-12-13T00:00:00Z"}, {"Country": "Estonia", "CountryCode": "", "Province": "", "City": "", "CityCode": "", "Lat": "0", "Lon": "0", "Confirmed": 18385, "Deaths": 154, "Recovered": 11121, "Active": 7110, "Date": "2020-12-14T00:00:00Z"}, {"Country": "Estonia", "CountryCode": "", "Province": "", "City": "", "CityCode": "", "Lat": "0", "Lon": "0", "Confirmed": 18682, "Deaths": 157, "Recovered": 11669, "Active": 6856, "Date": "2020-12-15T00:00:00Z"}, {"Country": "Estonia", "CountryCode": "", "Province": "", "City": "", "CityCode": "", "Lat": "0", "Lon": "0", "Confirmed": 19271, "Deaths": 160, "Recovered": 12117, "Active": 6994, "Date": "2020-12-16T00:00:00Z"}, {"Country": "Estonia", "CountryCode": "", "Province": "", "City": "", "CityCode": "", "Lat": "0", "Lon": "0", "Confirmed": 20004, "Deaths": 164, "Recovered": 12533, "Active": 7307, "Date": "2020-12-17T00:00:00Z"}, {"Country": "Estonia", "CountryCode": "", "Province": "", "City": "", "CityCode": "", "Lat": "0", "Lon": "0", "Confirmed": 20658, "Deaths": 168, "Recovered": 12922, "Active": 7568, "Date": "2020-12-18T00:00:00Z"}, {"Country": "Estonia", "CountryCode": "", "Province": "", "City": "", "CityCode": "", "Lat": "0", "Lon": "0", "Confirmed": 21219, "Deaths": 170, "Recovered": 13488, "Active": 7561, "Date": "2020-12-19T00:00:00Z"}, {"Country": "Estonia", "CountryCode": "", "Province": "", "City": "", "CityCode": "", "Lat": "0", "Lon": "0", "Confirmed": 21794, "Deaths": 174, "Recovered": 13590, "Active": 8030, "Date": "2020-12-20T00:00:00Z"}, {"Country": "Estonia", "CountryCode": "", "Province": "", "City": "", "CityCode": "", "Lat": "0", "Lon": "0", "Confirmed": 22083, "Deaths": 181, "Recovered": 13677, "Active": 8225, "Date": "2020-12-21T00:00:00Z"}, {"Country": "Estonia", "CountryCode": "", "Province": "", "City": "", "CityCode": "", "Lat": "0", "Lon": "0", "Confirmed": 22647, "Deaths": 187, "Recovered": 14395, "Active": 8065, "Date": "2020-12-22T00:00:00Z"}, {"Country": "Estonia", "CountryCode": "", "Province": "", "City": "", "CityCode": "", "Lat": "0", "Lon": "0", "Confirmed": 23309, "Deaths": 192, "Recovered": 14898, "Active": 8219, "Date": "2020-12-23T00:00:00Z"}, {"Country": "Estonia", "CountryCode": "", "Province": "", "City": "", "CityCode": "", "Lat": "0", "Lon": "0", "Confirmed": 24009, "Deaths": 195, "Recovered": 15393, "Active": 8421, "Date": "2020-12-24T00:00:00Z"}, {"Country": "Estonia", "CountryCode": "", "Province": "", "City": "", "CityCode": "", "Lat": "0", "Lon": "0", "Confirmed": 24582, "Deaths": 202, "Recovered": 15543, "Active": 8837, "Date": "2020-12-25T00:00:00Z"}, {"Country": "Estonia", "CountryCode": "", "Province": "", "City": "", "CityCode": "", "Lat": "0", "Lon": "0", "Confirmed": 25027, "Deaths": 204, "Recovered": 15688, "Active": 9135, "Date": "2020-12-26T00:00:00Z"}, {"Country": "Estonia", "CountryCode": "", "Province": "", "City": "", "CityCode": "", "Lat": "0", "Lon": "0", "Confirmed": 25392, "Deaths": 204, "Recovered": 15822, "Active": 9366, "Date": "2020-12-27T00:00:00Z"}, {"Country": "Estonia", "CountryCode": "", "Province": "", "City": "", "CityCode": "", "Lat": "0", "Lon": "0", "Confirmed": 25808, "Deaths": 213, "Recovered": 15921, "Active": 9674, "Date": "2020-12-28T00:00:00Z"}, {"Country": "Estonia", "CountryCode": "", "Province": "", "City": "", "CityCode": "", "Lat": "0", "Lon": "0", "Confirmed": 26283, "Deaths": 221, "Recovered": 16965, "Active": 9097, "Date": "2020-12-29T00:00:00Z"}, {"Country": "Estonia", "CountryCode": "", "Province": "", "City": "", "CityCode": "", "Lat": "0", "Lon": "0", "Confirmed": 27256, "Deaths": 226, "Recovered": 17664, "Active": 9366, "Date": "2020-12-30T00:00:00Z"}, {"Country": "Estonia", "CountryCode": "", "Province": "", "City": "", "CityCode": "", "Lat": "0", "Lon": "0", "Confirmed": 27990, "Deaths": 229, "Recovered": 18326, "Active": 9435, "Date": "2020-12-31T00:00:00Z"}, {"Country": "Estonia", "CountryCode": "", "Province": "", "City": "", "CityCode": "", "Lat": "0", "Lon": "0", "Confirmed": 28406, "Deaths": 234, "Recovered": 19027, "Active": 9145, "Date": "2021-01-01T00:00:00Z"}, {"Country": "Estonia", "CountryCode": "", "Province": "", "City": "", "CityCode": "", "Lat": "0", "Lon": "0", "Confirmed": 28789, "Deaths": 241, "Recovered": 19205, "Active": 9343, "Date": "2021-01-02T00:00:00Z"}, {"Country": "Estonia", "CountryCode": "", "Province": "", "City": "", "CityCode": "", "Lat": "0", "Lon": "0", "Confirmed": 29131, "Deaths": 244, "Recovered": 19323, "Active": 9564, "Date": "2021-01-03T00:00:00Z"}, {"Country": "Estonia", "CountryCode": "", "Province": "", "City": "", "CityCode": "", "Lat": "0", "Lon": "0", "Confirmed": 29521, "Deaths": 251, "Recovered": 19453, "Active": 9817, "Date": "2021-01-04T00:00:00Z"}, {"Country": "Estonia", "CountryCode": "", "Province": "", "City": "", "CityCode": "", "Lat": "0", "Lon": "0", "Confirmed": 29950, "Deaths": 258, "Recovered": 20507, "Active": 9185, "Date": "2021-01-05T00:00:00Z"}, {"Country": "Estonia", "CountryCode": "", "Province": "", "City": "", "CityCode": "", "Lat": "0", "Lon": "0", "Confirmed": 30667, "Deaths": 261, "Recovered": 21071, "Active": 9335, "Date": "2021-01-06T00:00:00Z"}, {"Country": "Estonia", "CountryCode": "", "Province": "", "City": "", "CityCode": "", "Lat": "0", "Lon": "0", "Confirmed": 31751, "Deaths": 265, "Recovered": 21567, "Active": 9919, "Date": "2021-01-07T00:00:00Z"}, {"Country": "Estonia", "CountryCode": "", "Province": "", "City": "", "CityCode": "", "Lat": "0", "Lon": "0", "Confirmed": 32537, "Deaths": 270, "Recovered": 22124, "Active": 10143, "Date": "2021-01-08T00:00:00Z"}, {"Country": "Estonia", "CountryCode": "", "Province": "", "City": "", "CityCode": "", "Lat": "0", "Lon": "0", "Confirmed": 33089, "Deaths": 278, "Recovered": 22752, "Active": 10059, "Date": "2021-01-09T00:00:00Z"}, {"Country": "Estonia", "CountryCode": "", "Province": "", "City": "", "CityCode": "", "Lat": "0", "Lon": "0", "Confirmed": 33516, "Deaths": 283, "Recovered": 22876, "Active": 10357, "Date": "2021-01-10T00:00:00Z"}, {"Country": "Estonia", "CountryCode": "", "Province": "", "City": "", "CityCode": "", "Lat": "0", "Lon": "0", "Confirmed": 33805, "Deaths": 287, "Recovered": 23007, "Active": 10511, "Date": "2021-01-11T00:00:00Z"}, {"Country": "Estonia", "CountryCode": "", "Province": "", "City": "", "CityCode": "", "Lat": "0", "Lon": "0", "Confirmed": 34138, "Deaths": 292, "Recovered": 23811, "Active": 10035, "Date": "2021-01-12T00:00:00Z"}, {"Country": "Estonia", "CountryCode": "", "Province": "", "City": "", "CityCode": "", "Lat": "0", "Lon": "0", "Confirmed": 34991, "Deaths": 301, "Recovered": 24360, "Active": 10330, "Date": "2021-01-13T00:00:00Z"}, {"Country": "Estonia", "CountryCode": "", "Province": "", "City": "", "CityCode": "", "Lat": "0", "Lon": "0", "Confirmed": 35621, "Deaths": 311, "Recovered": 25032, "Active": 10278, "Date": "2021-01-14T00:00:00Z"}, {"Country": "Estonia", "CountryCode": "", "Province": "", "City": "", "CityCode": "", "Lat": "0", "Lon": "0", "Confirmed": 36096, "Deaths": 316, "Recovered": 25553, "Active": 10227, "Date": "2021-01-15T00:00:00Z"}, {"Country": "Estonia", "CountryCode": "", "Province": "", "City": "", "CityCode": "", "Lat": "0", "Lon": "0", "Confirmed": 36691, "Deaths": 320, "Recovered": 26225, "Active": 10146, "Date": "2021-01-16T00:00:00Z"}, {"Country": "Estonia", "CountryCode": "", "Province": "", "City": "", "CityCode": "", "Lat": "0", "Lon": "0", "Confirmed": 37079, "Deaths": 325, "Recovered": 26443, "Active": 10311, "Date": "2021-01-17T00:00:00Z"}, {"Country": "Estonia", "CountryCode": "", "Province": "", "City": "", "CityCode": "", "Lat": "0", "Lon": "0", "Confirmed": 37344, "Deaths": 333, "Recovered": 26669, "Active": 10342, "Date": "2021-01-18T00:00:00Z"}, {"Country": "Estonia", "CountryCode": "", "Province": "", "City": "", "CityCode": "", "Lat": "0", "Lon": "0", "Confirmed": 37941, "Deaths": 344, "Recovered": 27416, "Active": 10181, "Date": "2021-01-19T00:00:00Z"}, {"Country": "Estonia", "CountryCode": "", "Province": "", "City": "", "CityCode": "", "Lat": "0", "Lon": "0", "Confirmed": 38544, "Deaths": 349, "Recovered": 28107, "Active": 10088, "Date": "2021-01-20T00:00:00Z"}, {"Country": "Estonia", "CountryCode": "", "Province": "", "City": "", "CityCode": "", "Lat": "0", "Lon": "0", "Confirmed": 39212, "Deaths": 354, "Recovered": 28743, "Active": 10115, "Date": "2021-01-21T00:00:00Z"}, {"Country": "Estonia", "CountryCode": "", "Province": "", "City": "", "CityCode": "", "Lat": "0", "Lon": "0", "Confirmed": 39701, "Deaths": 358, "Recovered": 29167, "Active": 10176, "Date": "2021-01-22T00:00:00Z"}, {"Country": "Estonia", "CountryCode": "", "Province": "", "City": "", "CityCode": "", "Lat": "0", "Lon": "0", "Confirmed": 40184, "Deaths": 368, "Recovered": 29747, "Active": 10069, "Date": "2021-01-23T00:00:00Z"}, {"Country": "Estonia", "CountryCode": "", "Province": "", "City": "", "CityCode": "", "Lat": "0", "Lon": "0", "Confirmed": 40716, "Deaths": 376, "Recovered": 30010, "Active": 10330, "Date": "2021-01-24T00:00:00Z"}, {"Country": "Estonia", "CountryCode": "", "Province": "", "City": "", "CityCode": "", "Lat": "0", "Lon": "0", "Confirmed": 40975, "Deaths": 383, "Recovered": 30120, "Active": 10472, "Date": "2021-01-25T00:00:00Z"}, {"Country": "Estonia", "CountryCode": "", "Province": "", "City": "", "CityCode": "", "Lat": "0", "Lon": "0", "Confirmed": 41330, "Deaths": 392, "Recovered": 31039, "Active": 9899, "Date": "2021-01-26T00:00:00Z"}, {"Country": "Estonia", "CountryCode": "", "Province": "", "City": "", "CityCode": "", "Lat": "0", "Lon": "0", "Confirmed": 41966, "Deaths": 398, "Recovered": 31695, "Active": 9873, "Date": "2021-01-27T00:00:00Z"}, {"Country": "Estonia", "CountryCode": "", "Province": "", "City": "", "CityCode": "", "Lat": "0", "Lon": "0", "Confirmed": 42656, "Deaths": 406, "Recovered": 32398, "Active": 9852, "Date": "2021-01-28T00:00:00Z"}, {"Country": "Estonia", "CountryCode": "", "Province": "", "City": "", "CityCode": "", "Lat": "0", "Lon": "0", "Confirmed": 43343, "Deaths": 409, "Recovered": 32968, "Active": 9966, "Date": "2021-01-29T00:00:00Z"}, {"Country": "Estonia", "CountryCode": "", "Province": "", "City": "", "CityCode": "", "Lat": "0", "Lon": "0", "Confirmed": 43747, "Deaths": 411, "Recovered": 33056, "Active": 10280, "Date": "2021-01-30T00:00:00Z"}, {"Country": "Estonia", "CountryCode": "", "Province": "", "City": "", "CityCode": "", "Lat": "0", "Lon": "0", "Confirmed": 44208, "Deaths": 419, "Recovered": 33738, "Active": 10051, "Date": "2021-01-31T00:00:00Z"}, {"Country": "Estonia", "CountryCode": "", "Province": "", "City": "", "CityCode": "", "Lat": "0", "Lon": "0", "Confirmed": 44575, "Deaths": 422, "Recovered": 33948, "Active": 10205, "Date": "2021-02-01T00:00:00Z"}, {"Country": "Estonia", "CountryCode": "", "Province": "", "City": "", "CityCode": "", "Lat": "0", "Lon": "0", "Confirmed": 44978, "Deaths": 424, "Recovered": 34927, "Active": 9627, "Date": "2021-02-02T00:00:00Z"}, {"Country": "Estonia", "CountryCode": "", "Province": "", "City": "", "CityCode": "", "Lat": "0", "Lon": "0", "Confirmed": 45663, "Deaths": 433, "Recovered": 35677, "Active": 9553, "Date": "2021-02-03T00:00:00Z"}, {"Country": "Estonia", "CountryCode": "", "Province": "", "City": "", "CityCode": "", "Lat": "0", "Lon": "0", "Confirmed": 46334, "Deaths": 443, "Recovered": 36329, "Active": 9562, "Date": "2021-02-04T00:00:00Z"}, {"Country": "Estonia", "CountryCode": "", "Province": "", "City": "", "CityCode": "", "Lat": "0", "Lon": "0", "Confirmed": 46925, "Deaths": 447, "Recovered": 36881, "Active": 9597, "Date": "2021-02-05T00:00:00Z"}, {"Country": "Estonia", "CountryCode": "", "Province": "", "City": "", "CityCode": "", "Lat": "0", "Lon": "0", "Confirmed": 47512, "Deaths": 456, "Recovered": 37648, "Active": 9408, "Date": "2021-02-06T00:00:00Z"}, {"Country": "Estonia", "CountryCode": "", "Province": "", "City": "", "CityCode": "", "Lat": "0", "Lon": "0", "Confirmed": 47928, "Deaths": 461, "Recovered": 37785, "Active": 9682, "Date": "2021-02-07T00:00:00Z"}, {"Country": "Estonia", "CountryCode": "", "Province": "", "City": "", "CityCode": "", "Lat": "0", "Lon": "0", "Confirmed": 48267, "Deaths": 466, "Recovered": 37908, "Active": 9893, "Date": "2021-02-08T00:00:00Z"}, {"Country": "Estonia", "CountryCode": "", "Province": "", "City": "", "CityCode": "", "Lat": "0", "Lon": "0", "Confirmed": 48809, "Deaths": 474, "Recovered": 38730, "Active": 9605, "Date": "2021-02-09T00:00:00Z"}, {"Country": "Estonia", "CountryCode": "", "Province": "", "City": "", "CityCode": "", "Lat": "0", "Lon": "0", "Confirmed": 49605, "Deaths": 477, "Recovered": 39386, "Active": 9742, "Date": "2021-02-10T00:00:00Z"}, {"Country": "Estonia", "CountryCode": "", "Province": "", "City": "", "CityCode": "", "Lat": "0", "Lon": "0", "Confirmed": 50280, "Deaths": 480, "Recovered": 39928, "Active": 9872, "Date": "2021-02-11T00:00:00Z"}, {"Country": "Estonia", "CountryCode": "", "Province": "", "City": "", "CityCode": "", "Lat": "0", "Lon": "0", "Confirmed": 50993, "Deaths": 486, "Recovered": 40476, "Active": 10031, "Date": "2021-02-12T00:00:00Z"}, {"Country": "Estonia", "CountryCode": "", "Province": "", "City": "", "CityCode": "", "Lat": "0", "Lon": "0", "Confirmed": 51749, "Deaths": 491, "Recovered": 41199, "Active": 10059, "Date": "2021-02-13T00:00:00Z"}, {"Country": "Estonia", "CountryCode": "", "Province": "", "City": "", "CityCode": "", "Lat": "0", "Lon": "0", "Confirmed": 52416, "Deaths": 495, "Recovered": 41327, "Active": 10594, "Date": "2021-02-14T00:00:00Z"}, {"Country": "Estonia", "CountryCode": "", "Province": "", "City": "", "CityCode": "", "Lat": "0", "Lon": "0", "Confirmed": 52827, "Deaths": 501, "Recovered": 41461, "Active": 10865, "Date": "2021-02-15T00:00:00Z"}, {"Country": "Estonia", "CountryCode": "", "Province": "", "City": "", "CityCode": "", "Lat": "0", "Lon": "0", "Confirmed": 53444, "Deaths": 508, "Recovered": 42403, "Active": 10533, "Date": "2021-02-16T00:00:00Z"}, {"Country": "Estonia", "CountryCode": "", "Province": "", "City": "", "CityCode": "", "Lat": "0", "Lon": "0", "Confirmed": 54300, "Deaths": 510, "Recovered": 43054, "Active": 10736, "Date": "2021-02-17T00:00:00Z"}, {"Country": "Estonia", "CountryCode": "", "Province": "", "City": "", "CityCode": "", "Lat": "0", "Lon": "0", "Confirmed": 55295, "Deaths": 514, "Recovered": 43663, "Active": 11118, "Date": "2021-02-18T00:00:00Z"}, {"Country": "Estonia", "CountryCode": "", "Province": "", "City": "", "CityCode": "", "Lat": "0", "Lon": "0", "Confirmed": 56246, "Deaths": 518, "Recovered": 44248, "Active": 11480, "Date": "2021-02-19T00:00:00Z"}, {"Country": "Estonia", "CountryCode": "", "Province": "", "City": "", "CityCode": "", "Lat": "0", "Lon": "0", "Confirmed": 57033, "Deaths": 528, "Recovered": 45080, "Active": 11425, "Date": "2021-02-20T00:00:00Z"}, {"Country": "Estonia", "CountryCode": "", "Province": "", "City": "", "CityCode": "", "Lat": "0", "Lon": "0", "Confirmed": 57616, "Deaths": 535, "Recovered": 45233, "Active": 11848, "Date": "2021-02-21T00:00:00Z"}, {"Country": "Estonia", "CountryCode": "", "Province": "", "City": "", "CityCode": "", "Lat": "0", "Lon": "0", "Confirmed": 58445, "Deaths": 540, "Recovered": 45352, "Active": 12553, "Date": "2021-02-22T00:00:00Z"}, {"Country": "Estonia", "CountryCode": "", "Province": "", "City": "", "CityCode": "", "Lat": "0", "Lon": "0", "Confirmed": 59407, "Deaths": 553, "Recovered": 46335, "Active": 12519, "Date": "2021-02-23T00:00:00Z"}, {"Country": "Estonia", "CountryCode": "", "Province": "", "City": "", "CityCode": "", "Lat": "0", "Lon": "0", "Confirmed": 60475, "Deaths": 557, "Recovered": 47139, "Active": 12779, "Date": "2021-02-24T00:00:00Z"}, {"Country": "Estonia", "CountryCode": "", "Province": "", "City": "", "CityCode": "", "Lat": "0", "Lon": "0", "Confirmed": 61627, "Deaths": 567, "Recovered": 47460, "Active": 13600, "Date": "2021-02-25T00:00:00Z"}, {"Country": "Estonia", "CountryCode": "", "Province": "", "City": "", "CityCode": "", "Lat": "0", "Lon": "0", "Confirmed": 62830, "Deaths": 575, "Recovered": 48491, "Active": 13764, "Date": "2021-02-26T00:00:00Z"}, {"Country": "Estonia", "CountryCode": "", "Province": "", "City": "", "CityCode": "", "Lat": "0", "Lon": "0", "Confirmed": 64399, "Deaths": 584, "Recovered": 49709, "Active": 14106, "Date": "2021-02-27T00:00:00Z"}, {"Country": "Estonia", "CountryCode": "", "Province": "", "City": "", "CityCode": "", "Lat": "0", "Lon": "0", "Confirmed": 65600, "Deaths": 589, "Recovered": 49908, "Active": 15103, "Date": "2021-02-28T00:00:00Z"}, {"Country": "Estonia", "CountryCode": "", "Province": "", "City": "", "CityCode": "", "Lat": "0", "Lon": "0", "Confirmed": 66628, "Deaths": 598, "Recovered": 50103, "Active": 15927, "Date": "2021-03-01T00:00:00Z"}, {"Country": "Estonia", "CountryCode": "", "Province": "", "City": "", "CityCode": "", "Lat": "0", "Lon": "0", "Confirmed": 67739, "Deaths": 605, "Recovered": 50351, "Active": 16783, "Date": "2021-03-02T00:00:00Z"}, {"Country": "Estonia", "CountryCode": "", "Province": "", "City": "", "CityCode": "", "Lat": "0", "Lon": "0", "Confirmed": 69193, "Deaths": 615, "Recovered": 50640, "Active": 17938, "Date": "2021-03-03T00:00:00Z"}, {"Country": "Estonia", "CountryCode": "", "Province": "", "City": "", "CityCode": "", "Lat": "0", "Lon": "0", "Confirmed": 70610, "Deaths": 623, "Recovered": 53360, "Active": 16627, "Date": "2021-03-04T00:00:00Z"}, {"Country": "Estonia", "CountryCode": "", "Province": "", "City": "", "CityCode": "", "Lat": "0", "Lon": "0", "Confirmed": 72144, "Deaths": 637, "Recovered": 54126, "Active": 17381, "Date": "2021-03-05T00:00:00Z"}, {"Country": "Estonia", "CountryCode": "", "Province": "", "City": "", "CityCode": "", "Lat": "0", "Lon": "0", "Confirmed": 73684, "Deaths": 644, "Recovered": 55161, "Active": 17879, "Date": "2021-03-06T00:00:00Z"}, {"Country": "Estonia", "CountryCode": "", "Province": "", "City": "", "CityCode": "", "Lat": "0", "Lon": "0", "Confirmed": 75003, "Deaths": 653, "Recovered": 55396, "Active": 74350, "Date": "2021-03-07T00:00:00Z"}, {"Country": "Estonia", "CountryCode": "", "Province": "", "City": "", "CityCode": "", "Lat": "0", "Lon": "0", "Confirmed": 76183, "Deaths": 667, "Recovered": 55641, "Active": 19875, "Date": "2021-03-08T00:00:00Z"}, {"Country": "Estonia", "CountryCode": "", "Province": "", "City": "", "CityCode": "", "Lat": "0", "Lon": "0", "Confirmed": 77491, "Deaths": 669, "Recovered": 57206, "Active": 19616, "Date": "2021-03-09T00:00:00Z"}, {"Country": "Estonia", "CountryCode": "", "Province": "", "City": "", "CityCode": "", "Lat": "0", "Lon": "0", "Confirmed": 78973, "Deaths": 677, "Recovered": 57463, "Active": 20833, "Date": "2021-03-10T00:00:00Z"}, {"Country": "Estonia", "CountryCode": "", "Province": "", "City": "", "CityCode": "", "Lat": "0", "Lon": "0", "Confirmed": 80929, "Deaths": 686, "Recovered": 57716, "Active": 22527, "Date": "2021-03-11T00:00:00Z"}, {"Country": "Estonia", "CountryCode": "", "Province": "", "City": "", "CityCode": "", "Lat": "0", "Lon": "0", "Confirmed": 82286, "Deaths": 695, "Recovered": 58043, "Active": 23548, "Date": "2021-03-12T00:00:00Z"}, {"Country": "Estonia", "CountryCode": "", "Province": "", "City": "", "CityCode": "", "Lat": "0", "Lon": "0", "Confirmed": 83872, "Deaths": 710, "Recovered": 59385, "Active": 23777, "Date": "2021-03-13T00:00:00Z"}]