[{"Country": "Finland", "CountryCode": "", "Province": "", "City": "", "CityCode": "", "Lat": "0", "Lon": "0", "Confirmed": 1, "Deaths": 0, "Recovered": 0, "Active": 1, "Date": "2020-01-29T00:00:00Z"}, {"Country": "Finland", "CountryCode": "", "Province": "", "City": "", "CityCode": "", "Lat": "0", "Lon": "0", "Confirmed": 1, "Deaths": 0, "Recovered": 0, "Active": 1, "Date": "2020-01-30T00:00:00Z"}, {"Country": "Finland", "CountryCode": "", "Province": "", "City": "", "CityCode": "", "Lat": "0", "Lon": "0", "Confirmed": 1, "Deaths": 0, "Recovered": 0, "Active": 1, "Date": "2020-01-31T00:00:00Z"}, {"Country": "Finland", "CountryCode": "", "Province": "", "City": "", "CityCode": "", "Lat": "0", "Lon": "0", "Confirmed": 1, "Deaths": 0, "Recovered": 0, "Active": 1, "Date": "2020-02-01T00:00:00Z"}, {"Country": "Finland", "CountryCode": "", "Province": "", "City": "", "CityCode": "", "Lat": "0", "Lon": "0", "Confirmed": 1, "Deaths": 0, "Recovered": 0, "Active": 1, "Date": "2020-02-02T00:00:00Z"}, {"Country": "Finland", "CountryCode": "", "Province": "", "City": "", "CityCode": "", "Lat": "0", "Lon": "0", "Confirmed": 1, "Deaths": 0, "Recovered": 0, "Active": 1, "Date": "2020-02-03T00:00:00Z"}, {"Country": "Finland", "CountryCode": "", "Province": "", "City": "", "CityCode": "", "Lat": "0", "Lon": "0", "Confirmed": 1, "Deaths": 0, "Recovered": 0, "Active": 1, "Date": "2020-02-04T00:00:00Z"}, {"Country": "Finland", "CountryCode": "", "Province": "", "City": "", "CityCode": "", "Lat": "0", "Lon": "0", "Confirmed": 1, "Deaths": 0, "Recovered": 0, "Active": 1, "Date": "2020-02-05T00:00:00Z"}, {"Country": "Finland", "CountryCode": "", "Province": "", "City": "", "CityCode": "", "Lat": "0", "Lon": "0", "Confirmed": 1, "Deaths": 0, "Recovered": 0, "Active": 1, "Date": "2020-02-06T00:00:00Z"}, {"Country": "Finland", "CountryCode": "", "Province": "", "City": "", "CityCode": "", "Lat": "0", "Lon": "0", "Confirmed": 1, "Deaths": 0, "Recovered": 0, "Active": 1, "Date": "2020-02-07T00:00:00Z"}, {"Country": "Finland", "CountryCode": "", "Province": "", "City": "", "CityCode": "", "Lat": "0", "Lon": "0", "Confirmed": 1, "Deaths": 0, "Recovered": 0, "Active": 1, "Date": "2020-02-08T00:00:00Z"}, {"Country": "Finland", "CountryCode": "", "Province": "", "City": "", "CityCode": "", "Lat": "0", "Lon": "0", "Confirmed": 1, "Deaths": 0, "Recovered": 0, "Active": 1, "Date": "2020-02-09T00:00:00Z"}, {"Country": "Finland", "CountryCode": "", "Province": "", "City": "", "CityCode": "", "Lat": "0", "Lon": "0", "Confirmed": 1, "Deaths": 0, "Recovered": 0, "Active": 1, "Date": "2020-02-10T00:00:00Z"}, {"Country": "Finland", "CountryCode": "", "Province": "", "City": "", "CityCode": "", "Lat": "0", "Lon": "0", "Confirmed": 1, "Deaths": 0, "Recovered": 0, "Active": 1, "Date": "2020-02-11T00:00:00Z"}, {"Country": "Finland", "CountryCode": "", "Province": "", "City": "", "CityCode": "", "Lat": "0", "Lon": "0", "Confirmed": 1, "Deaths": 0, "Recovered": 1, "Active": 0, "Date": "2020-02-12T00:00:00Z"}, {"Country": "Finland", "CountryCode": "", "Province": "", "City": "", "CityCode": "", "Lat": "0", "Lon": "0", "Confirmed": 1, "Deaths": 0, "Recovered": 1, "Active": 0, "Date": "2020-02-13T00:00:00Z"}, {"Country": "Finland", "CountryCode": "", "Province": "", "City": "", "CityCode": "", "Lat": "0", "Lon": "0", "Confirmed": 1, "Deaths": 0, "Recovered": 1, "Active": 0, "Date": "2020-02-14T00:00:00Z"}, {"Country": "Finland", "CountryCode": "", "Province": "", "City": "", "CityCode": "", "Lat": "0", "Lon": "0", "Confirmed": 1, "Deaths": 0, "Recovered": 1, "Active": 0, "Date": "2020-02-15T00:00:00Z"}, {"Country": "Finland", "CountryCode": "", "Province": "", "City": "", "CityCode": "", "Lat": "0", "Lon": "0", "Confirmed": 1, "Deaths": 0, "Recovered": 1, "Active": 0, "Date": "2020-02-16T00:00:00Z"}, {"Country": "Finland", "CountryCode": "", "Province": "", "City": "", "CityCode": "", "Lat": "0", "Lon": "0", "Confirmed": 1, "Deaths": 0, "Recovered": 1, "Active": 0, "Date": "2020-02-17T00:00:00Z"}, {"Country": "Finland", "CountryCode": "", "Province": "", "City": "", "CityCode": "", "Lat": "0", "Lon": "0", "Confirmed": 1, "Deaths": 0, "Recovered": 1, "Active": 0, "Date": "2020-02-18T00:00:00Z"}, {"Country": "Finland", "CountryCode": "", "Province": "", "City": "", "CityCode": "", "Lat": "0", "Lon": "0", "Confirmed": 1, "Deaths": 0, "Recovered": 1, "Active": 0, "Date": "2020-02-19T00:00:00Z"}, {"Country": "Finland", "CountryCode": "", "Province": "", "City": "", "CityCode": "", "Lat": "0", "Lon": "0", "Confirmed": 1, "Deaths": 0, "Recovered": 1, "Active": 0, "Date": "2020-02-20T00:00:00Z"}, {"Country": "Finland", "CountryCode": "", "Province": "", "City": "", "CityCode": "", "Lat": "0", "Lon": "0", "Confirmed": 1, "Deaths": 0, "Recovered": 1, "Active": 0, "Date": "2020-02-21T00:00:00Z"}, {"Country": "Finland", "CountryCode": "", "Province": "", "City": "", "CityCode": "", "Lat": "0", "Lon": "0", "Confirmed": 1, "Deaths": 0, "Recovered": 1, "Active": 0, "Date": "2020-02-22T00:00:00Z"}, {"Country": "Finland", "CountryCode": "", "Province": "", "City": "", "CityCode": "", "Lat": "0", "Lon": "0", "Confirmed": 1, "Deaths": 0, "Recovered": 1, "Active": 0, "Date": "2020-02-23T00:00:00Z"}, {"Country": "Finland", "CountryCode": "", "Province": "", "City": "", "CityCode": "", "Lat": "0", "Lon": "0", "Confirmed": 1, "Deaths": 0, "Recovered": 1, "Active": 0, "Date": "2020-02-24T00:00:00Z"}, {"Country": "Finland", "CountryCode": "", "Province": "", "City": "", "CityCode": "", "Lat": "0", "Lon": "0", "Confirmed": 1, "Deaths": 0, "Recovered": 1, "Active": 0, "Date": "2020-02-25T00:00:00Z"}, {"Country": "Finland", "CountryCode": "", "Province": "", "City": "", "CityCode": "", "Lat": "0", "Lon": "0", "Confirmed": 2, "Deaths": 0, "Recovered": 1, "Active": 1, "Date": "2020-02-26T00:00:00Z"}, {"Country": "Finland", "CountryCode": "", "Province": "", "City": "", "CityCode": "", "Lat": "0", "Lon": "0", "Confirmed": 2, "Deaths": 0, "Recovered": 1, "Active": 1, "Date": "2020-02-27T00:00:00Z"}, {"Country": "Finland", "CountryCode": "", "Province": "", "City": "", "CityCode": "", "Lat": "0", "Lon": "0", "Confirmed": 2, "Deaths": 0, "Recovered": 1, "Active": 1, "Date": "2020-02-28T00:00:00Z"}, {"Country": "Finland", "CountryCode": "", "Province": "", "City": "", "CityCode": "", "Lat": "0", "Lon": "0", "Confirmed": 3, "Deaths": 0, "Recovered": 1, "Active": 2, "Date": "2020-02-29T00:00:00Z"}, {"Country": "Finland", "CountryCode": "", "Province": "", "City": "", "CityCode": "", "Lat": "0", "Lon": "0", "Confirmed": 6, "Deaths": 0, "Recovered": 1, "Active": 5, "Date": "2020-03-01T00:00:00Z"}, {"Country": "Finland", "CountryCode": "", "Province": "", "City": "", "CityCode": "", "Lat": "0", "Lon": "0", "Confirmed": 6, "Deaths": 0, "Recovered": 1, "Active": 5, "Date": "2020-03-02T00:00:00Z"}, {"Country": "Finland", "CountryCode": "", "Province": "", "City": "", "CityCode": "", "Lat": "0", "Lon": "0", "Confirmed": 6, "Deaths": 0, "Recovered": 1, "Active": 5, "Date": "2020-03-03T00:00:00Z"}, {"Country": "Finland", "CountryCode": "", "Province": "", "City": "", "CityCode": "", "Lat": "0", "Lon": "0", "Confirmed": 6, "Deaths": 0, "Recovered": 1, "Active": 5, "Date": "2020-03-04T00:00:00Z"}, {"Country": "Finland", "CountryCode": "", "Province": "", "City": "", "CityCode": "", "Lat": "0", "Lon": "0", "Confirmed": 12, "Deaths": 0, "Recovered": 1, "Active": 11, "Date": "2020-03-05T00:00:00Z"}, {"Country": "Finland", "CountryCode": "", "Province": "", "City": "", "CityCode": "", "Lat": "0", "Lon": "0", "Confirmed": 15, "Deaths": 0, "Recovered": 1, "Active": 14, "Date": "2020-03-06T00:00:00Z"}, {"Country": "Finland", "CountryCode": "", "Province": "", "City": "", "CityCode": "", "Lat": "0", "Lon": "0", "Confirmed": 15, "Deaths": 0, "Recovered": 1, "Active": 14, "Date": "2020-03-07T00:00:00Z"}, {"Country": "Finland", "CountryCode": "", "Province": "", "City": "", "CityCode": "", "Lat": "0", "Lon": "0", "Confirmed": 23, "Deaths": 0, "Recovered": 1, "Active": 22, "Date": "2020-03-08T00:00:00Z"}, {"Country": "Finland", "CountryCode": "", "Province": "", "City": "", "CityCode": "", "Lat": "0", "Lon": "0", "Confirmed": 30, "Deaths": 0, "Recovered": 1, "Active": 29, "Date": "2020-03-09T00:00:00Z"}, {"Country": "Finland", "CountryCode": "", "Province": "", "City": "", "CityCode": "", "Lat": "0", "Lon": "0", "Confirmed": 40, "Deaths": 0, "Recovered": 1, "Active": 39, "Date": "2020-03-10T00:00:00Z"}, {"Country": "Finland", "CountryCode": "", "Province": "", "City": "", "CityCode": "", "Lat": "0", "Lon": "0", "Confirmed": 59, "Deaths": 0, "Recovered": 1, "Active": 58, "Date": "2020-03-11T00:00:00Z"}, {"Country": "Finland", "CountryCode": "", "Province": "", "City": "", "CityCode": "", "Lat": "0", "Lon": "0", "Confirmed": 59, "Deaths": 0, "Recovered": 1, "Active": 58, "Date": "2020-03-12T00:00:00Z"}, {"Country": "Finland", "CountryCode": "", "Province": "", "City": "", "CityCode": "", "Lat": "0", "Lon": "0", "Confirmed": 155, "Deaths": 0, "Recovered": 1, "Active": 154, "Date": "2020-03-13T00:00:00Z"}, {"Country": "Finland", "CountryCode": "", "Province": "", "City": "", "CityCode": "", "Lat": "0", "Lon": "0", "Confirmed": 225, "Deaths": 0, "Recovered": 1, "Active": 224, "Date": "2020-03-14T00:00:00Z"}, {"Country": "Finland", "CountryCode": "", "Province": "", "City": "", "CityCode": "", "Lat": "0", "Lon": "0", "Confirmed": 244, "Deaths": 0, "Recovered": 10, "Active": 234, "Date": "2020-03-15T00:00:00Z"}, {"Country": "Finland", "CountryCode": "", "Province": "", "City": "", "CityCode": "", "Lat": "0", "Lon": "0", "Confirmed": 277, "Deaths": 0, "Recovered": 10, "Active": 267, "Date": "2020-03-16T00:00:00Z"}, {"Country": "Finland", "CountryCode": "", "Province": "", "City": "", "CityCode": "", "Lat": "0", "Lon": "0", "Confirmed": 321, "Deaths": 0, "Recovered": 10, "Active": 311, "Date": "2020-03-17T00:00:00Z"}, {"Country": "Finland", "CountryCode": "", "Province": "", "City": "", "CityCode": "", "Lat": "0", "Lon": "0", "Confirmed": 336, "Deaths": 0, "Recovered": 10, "Active": 326, "Date": "2020-03-18T00:00:00Z"}, {"Country": "Finland", "CountryCode": "", "Province": "", "City": "", "CityCode": "", "Lat": "0", "Lon": "0", "Confirmed": 400, "Deaths": 0, "Recovered": 10, "Active": 390, "Date": "2020-03-19T00:00:00Z"}, {"Country": "Finland", "CountryCode": "", "Province": "", "City": "", "CityCode": "", "Lat": "0", "Lon": "0", "Confirmed": 450, "Deaths": 0, "Recovered": 10, "Active": 440, "Date": "2020-03-20T00:00:00Z"}, {"Country": "Finland", "CountryCode": "", "Province": "", "City": "", "CityCode": "", "Lat": "0", "Lon": "0", "Confirmed": 523, "Deaths": 1, "Recovered": 10, "Active": 512, "Date": "2020-03-21T00:00:00Z"}, {"Country": "Finland", "CountryCode": "", "Province": "", "City": "", "CityCode": "", "Lat": "0", "Lon": "0", "Confirmed": 626, "Deaths": 1, "Recovered": 10, "Active": 615, "Date": "2020-03-22T00:00:00Z"}, {"Country": "Finland", "CountryCode": "", "Province": "", "City": "", "CityCode": "", "Lat": "0", "Lon": "0", "Confirmed": 700, "Deaths": 1, "Recovered": 10, "Active": 689, "Date": "2020-03-23T00:00:00Z"}, {"Country": "Finland", "CountryCode": "", "Province": "", "City": "", "CityCode": "", "Lat": "0", "Lon": "0", "Confirmed": 792, "Deaths": 1, "Recovered": 10, "Active": 781, "Date": "2020-03-24T00:00:00Z"}, {"Country": "Finland", "CountryCode": "", "Province": "", "City": "", "CityCode": "", "Lat": "0", "Lon": "0", "Confirmed": 880, "Deaths": 3, "Recovered": 10, "Active": 867, "Date": "2020-03-25T00:00:00Z"}, {"Country": "Finland", "CountryCode": "", "Province": "", "City": "", "CityCode": "", "Lat": "0", "Lon": "0", "Confirmed": 958, "Deaths": 5, "Recovered": 10, "Active": 943, "Date": "2020-03-26T00:00:00Z"}, {"Country": "Finland", "CountryCode": "", "Province": "", "City": "", "CityCode": "", "Lat": "0", "Lon": "0", "Confirmed": 1041, "Deaths": 7, "Recovered": 10, "Active": 1024, "Date": "2020-03-27T00:00:00Z"}, {"Country": "Finland", "CountryCode": "", "Province": "", "City": "", "CityCode": "", "Lat": "0", "Lon": "0", "Confirmed": 1167, "Deaths": 9, "Recovered": 10, "Active": 1148, "Date": "2020-03-28T00:00:00Z"}, {"Country": "Finland", "CountryCode": "", "Province": "", "City": "", "CityCode": "", "Lat": "0", "Lon": "0", "Confirmed": 1240, "Deaths": 11, "Recovered": 10, "Active": 1219, "Date": "2020-03-29T00:00:00Z"}, {"Country": "Finland", "CountryCode": "", "Province": "", "City": "", "CityCode": "", "Lat": "0", "Lon": "0", "Confirmed": 1352, "Deaths": 13, "Recovered": 10, "Active": 1329, "Date": "2020-03-30T00:00:00Z"}, {"Country": "Finland", "CountryCode": "", "Province": "", "City": "", "CityCode": "", "Lat": "0", "Lon": "0", "Confirmed": 1418, "Deaths": 17, "Recovered": 10, "Active": 1391, "Date": "2020-03-31T00:00:00Z"}, {"Country": "Finland", "CountryCode": "", "Province": "", "City": "", "CityCode": "", "Lat": "0", "Lon": "0", "Confirmed": 1446, "Deaths": 17, "Recovered": 10, "Active": 1419, "Date": "2020-04-01T00:00:00Z"}, {"Country": "Finland", "CountryCode": "", "Province": "", "City": "", "CityCode": "", "Lat": "0", "Lon": "0", "Confirmed": 1518, "Deaths": 19, "Recovered": 300, "Active": 1199, "Date": "2020-04-02T00:00:00Z"}, {"Country": "Finland", "CountryCode": "", "Province": "", "City": "", "CityCode": "", "Lat": "0", "Lon": "0", "Confirmed": 1615, "Deaths": 20, "Recovered": 300, "Active": 1295, "Date": "2020-04-03T00:00:00Z"}, {"Country": "Finland", "CountryCode": "", "Province": "", "City": "", "CityCode": "", "Lat": "0", "Lon": "0", "Confirmed": 1882, "Deaths": 25, "Recovered": 300, "Active": 1557, "Date": "2020-04-04T00:00:00Z"}, {"Country": "Finland", "CountryCode": "", "Province": "", "City": "", "CityCode": "", "Lat": "0", "Lon": "0", "Confirmed": 1927, "Deaths": 28, "Recovered": 300, "Active": 1599, "Date": "2020-04-05T00:00:00Z"}, {"Country": "Finland", "CountryCode": "", "Province": "", "City": "", "CityCode": "", "Lat": "0", "Lon": "0", "Confirmed": 2176, "Deaths": 27, "Recovered": 300, "Active": 1849, "Date": "2020-04-06T00:00:00Z"}, {"Country": "Finland", "CountryCode": "", "Province": "", "City": "", "CityCode": "", "Lat": "0", "Lon": "0", "Confirmed": 2308, "Deaths": 34, "Recovered": 300, "Active": 1974, "Date": "2020-04-07T00:00:00Z"}, {"Country": "Finland", "CountryCode": "", "Province": "", "City": "", "CityCode": "", "Lat": "0", "Lon": "0", "Confirmed": 2487, "Deaths": 40, "Recovered": 300, "Active": 2147, "Date": "2020-04-08T00:00:00Z"}, {"Country": "Finland", "CountryCode": "", "Province": "", "City": "", "CityCode": "", "Lat": "0", "Lon": "0", "Confirmed": 2605, "Deaths": 42, "Recovered": 300, "Active": 2263, "Date": "2020-04-09T00:00:00Z"}, {"Country": "Finland", "CountryCode": "", "Province": "", "City": "", "CityCode": "", "Lat": "0", "Lon": "0", "Confirmed": 2769, "Deaths": 48, "Recovered": 300, "Active": 2421, "Date": "2020-04-10T00:00:00Z"}, {"Country": "Finland", "CountryCode": "", "Province": "", "City": "", "CityCode": "", "Lat": "0", "Lon": "0", "Confirmed": 2905, "Deaths": 49, "Recovered": 300, "Active": 2556, "Date": "2020-04-11T00:00:00Z"}, {"Country": "Finland", "CountryCode": "", "Province": "", "City": "", "CityCode": "", "Lat": "0", "Lon": "0", "Confirmed": 2974, "Deaths": 56, "Recovered": 300, "Active": 2618, "Date": "2020-04-12T00:00:00Z"}, {"Country": "Finland", "CountryCode": "", "Province": "", "City": "", "CityCode": "", "Lat": "0", "Lon": "0", "Confirmed": 3064, "Deaths": 59, "Recovered": 300, "Active": 2705, "Date": "2020-04-13T00:00:00Z"}, {"Country": "Finland", "CountryCode": "", "Province": "", "City": "", "CityCode": "", "Lat": "0", "Lon": "0", "Confirmed": 3161, "Deaths": 64, "Recovered": 300, "Active": 2797, "Date": "2020-04-14T00:00:00Z"}, {"Country": "Finland", "CountryCode": "", "Province": "", "City": "", "CityCode": "", "Lat": "0", "Lon": "0", "Confirmed": 3237, "Deaths": 72, "Recovered": 300, "Active": 2865, "Date": "2020-04-15T00:00:00Z"}, {"Country": "Finland", "CountryCode": "", "Province": "", "City": "", "CityCode": "", "Lat": "0", "Lon": "0", "Confirmed": 3369, "Deaths": 75, "Recovered": 1700, "Active": 1594, "Date": "2020-04-16T00:00:00Z"}, {"Country": "Finland", "CountryCode": "", "Province": "", "City": "", "CityCode": "", "Lat": "0", "Lon": "0", "Confirmed": 3489, "Deaths": 82, "Recovered": 1700, "Active": 1707, "Date": "2020-04-17T00:00:00Z"}, {"Country": "Finland", "CountryCode": "", "Province": "", "City": "", "CityCode": "", "Lat": "0", "Lon": "0", "Confirmed": 3681, "Deaths": 90, "Recovered": 1700, "Active": 1891, "Date": "2020-04-18T00:00:00Z"}, {"Country": "Finland", "CountryCode": "", "Province": "", "City": "", "CityCode": "", "Lat": "0", "Lon": "0", "Confirmed": 3783, "Deaths": 94, "Recovered": 1700, "Active": 1989, "Date": "2020-04-19T00:00:00Z"}, {"Country": "Finland", "CountryCode": "", "Province": "", "City": "", "CityCode": "", "Lat": "0", "Lon": "0", "Confirmed": 3868, "Deaths": 98, "Recovered": 2000, "Active": 1770, "Date": "2020-04-20T00:00:00Z"}, {"Country": "Finland", "CountryCode": "", "Province": "", "City": "", "CityCode": "", "Lat": "0", "Lon": "0", "Confirmed": 4014, "Deaths": 141, "Recovered": 2000, "Active": 1873, "Date": "2020-04-21T00:00:00Z"}, {"Country": "Finland", "CountryCode": "", "Province": "", "City": "", "CityCode": "", "Lat": "0", "Lon": "0", "Confirmed": 4129, "Deaths": 149, "Recovered": 2000, "Active": 1980, "Date": "2020-04-22T00:00:00Z"}, {"Country": "Finland", "CountryCode": "", "Province": "", "City": "", "CityCode": "", "Lat": "0", "Lon": "0", "Confirmed": 4284, "Deaths": 172, "Recovered": 2000, "Active": 2112, "Date": "2020-04-23T00:00:00Z"}, {"Country": "Finland", "CountryCode": "", "Province": "", "City": "", "CityCode": "", "Lat": "0", "Lon": "0", "Confirmed": 4395, "Deaths": 177, "Recovered": 2500, "Active": 1718, "Date": "2020-04-24T00:00:00Z"}, {"Country": "Finland", "CountryCode": "", "Province": "", "City": "", "CityCode": "", "Lat": "0", "Lon": "0", "Confirmed": 4475, "Deaths": 186, "Recovered": 2500, "Active": 1789, "Date": "2020-04-25T00:00:00Z"}, {"Country": "Finland", "CountryCode": "", "Province": "", "City": "", "CityCode": "", "Lat": "0", "Lon": "0", "Confirmed": 4576, "Deaths": 190, "Recovered": 2500, "Active": 1886, "Date": "2020-04-26T00:00:00Z"}, {"Country": "Finland", "CountryCode": "", "Province": "", "City": "", "CityCode": "", "Lat": "0", "Lon": "0", "Confirmed": 4695, "Deaths": 193, "Recovered": 2500, "Active": 2002, "Date": "2020-04-27T00:00:00Z"}, {"Country": "Finland", "CountryCode": "", "Province": "", "City": "", "CityCode": "", "Lat": "0", "Lon": "0", "Confirmed": 4740, "Deaths": 199, "Recovered": 2800, "Active": 1741, "Date": "2020-04-28T00:00:00Z"}, {"Country": "Finland", "CountryCode": "", "Province": "", "City": "", "CityCode": "", "Lat": "0", "Lon": "0", "Confirmed": 4906, "Deaths": 206, "Recovered": 2800, "Active": 1900, "Date": "2020-04-29T00:00:00Z"}, {"Country": "Finland", "CountryCode": "", "Province": "", "City": "", "CityCode": "", "Lat": "0", "Lon": "0", "Confirmed": 4995, "Deaths": 211, "Recovered": 3000, "Active": 1784, "Date": "2020-04-30T00:00:00Z"}, {"Country": "Finland", "CountryCode": "", "Province": "", "City": "", "CityCode": "", "Lat": "0", "Lon": "0", "Confirmed": 5051, "Deaths": 218, "Recovered": 3000, "Active": 1833, "Date": "2020-05-01T00:00:00Z"}, {"Country": "Finland", "CountryCode": "", "Province": "", "City": "", "CityCode": "", "Lat": "0", "Lon": "0", "Confirmed": 5176, "Deaths": 220, "Recovered": 3000, "Active": 1956, "Date": "2020-05-02T00:00:00Z"}, {"Country": "Finland", "CountryCode": "", "Province": "", "City": "", "CityCode": "", "Lat": "0", "Lon": "0", "Confirmed": 5254, "Deaths": 230, "Recovered": 3000, "Active": 2024, "Date": "2020-05-03T00:00:00Z"}, {"Country": "Finland", "CountryCode": "", "Province": "", "City": "", "CityCode": "", "Lat": "0", "Lon": "0", "Confirmed": 5327, "Deaths": 240, "Recovered": 3500, "Active": 1587, "Date": "2020-05-04T00:00:00Z"}, {"Country": "Finland", "CountryCode": "", "Province": "", "City": "", "CityCode": "", "Lat": "0", "Lon": "0", "Confirmed": 5412, "Deaths": 246, "Recovered": 3500, "Active": 1666, "Date": "2020-05-05T00:00:00Z"}, {"Country": "Finland", "CountryCode": "", "Province": "", "City": "", "CityCode": "", "Lat": "0", "Lon": "0", "Confirmed": 5573, "Deaths": 252, "Recovered": 3500, "Active": 1821, "Date": "2020-05-06T00:00:00Z"}, {"Country": "Finland", "CountryCode": "", "Province": "", "City": "", "CityCode": "", "Lat": "0", "Lon": "0", "Confirmed": 5673, "Deaths": 255, "Recovered": 3500, "Active": 1918, "Date": "2020-05-07T00:00:00Z"}, {"Country": "Finland", "CountryCode": "", "Province": "", "City": "", "CityCode": "", "Lat": "0", "Lon": "0", "Confirmed": 5738, "Deaths": 260, "Recovered": 4000, "Active": 1478, "Date": "2020-05-08T00:00:00Z"}, {"Country": "Finland", "CountryCode": "", "Province": "", "City": "", "CityCode": "", "Lat": "0", "Lon": "0", "Confirmed": 5880, "Deaths": 265, "Recovered": 4000, "Active": 1615, "Date": "2020-05-09T00:00:00Z"}, {"Country": "Finland", "CountryCode": "", "Province": "", "City": "", "CityCode": "", "Lat": "0", "Lon": "0", "Confirmed": 5962, "Deaths": 267, "Recovered": 4000, "Active": 1695, "Date": "2020-05-10T00:00:00Z"}, {"Country": "Finland", "CountryCode": "", "Province": "", "City": "", "CityCode": "", "Lat": "0", "Lon": "0", "Confirmed": 5984, "Deaths": 271, "Recovered": 4000, "Active": 1713, "Date": "2020-05-11T00:00:00Z"}, {"Country": "Finland", "CountryCode": "", "Province": "", "City": "", "CityCode": "", "Lat": "0", "Lon": "0", "Confirmed": 6003, "Deaths": 275, "Recovered": 4300, "Active": 1428, "Date": "2020-05-12T00:00:00Z"}, {"Country": "Finland", "CountryCode": "", "Province": "", "City": "", "CityCode": "", "Lat": "0", "Lon": "0", "Confirmed": 6054, "Deaths": 284, "Recovered": 4300, "Active": 1470, "Date": "2020-05-13T00:00:00Z"}, {"Country": "Finland", "CountryCode": "", "Province": "", "City": "", "CityCode": "", "Lat": "0", "Lon": "0", "Confirmed": 6145, "Deaths": 287, "Recovered": 4300, "Active": 1558, "Date": "2020-05-14T00:00:00Z"}, {"Country": "Finland", "CountryCode": "", "Province": "", "City": "", "CityCode": "", "Lat": "0", "Lon": "0", "Confirmed": 6228, "Deaths": 293, "Recovered": 5000, "Active": 935, "Date": "2020-05-15T00:00:00Z"}, {"Country": "Finland", "CountryCode": "", "Province": "", "City": "", "CityCode": "", "Lat": "0", "Lon": "0", "Confirmed": 6286, "Deaths": 297, "Recovered": 5000, "Active": 989, "Date": "2020-05-16T00:00:00Z"}, {"Country": "Finland", "CountryCode": "", "Province": "", "City": "", "CityCode": "", "Lat": "0", "Lon": "0", "Confirmed": 6347, "Deaths": 298, "Recovered": 5000, "Active": 1049, "Date": "2020-05-17T00:00:00Z"}, {"Country": "Finland", "CountryCode": "", "Province": "", "City": "", "CityCode": "", "Lat": "0", "Lon": "0", "Confirmed": 6380, "Deaths": 300, "Recovered": 5000, "Active": 1080, "Date": "2020-05-18T00:00:00Z"}, {"Country": "Finland", "CountryCode": "", "Province": "", "City": "", "CityCode": "", "Lat": "0", "Lon": "0", "Confirmed": 6399, "Deaths": 301, "Recovered": 5000, "Active": 1098, "Date": "2020-05-19T00:00:00Z"}, {"Country": "Finland", "CountryCode": "", "Province": "", "City": "", "CityCode": "", "Lat": "0", "Lon": "0", "Confirmed": 6443, "Deaths": 304, "Recovered": 4800, "Active": 1339, "Date": "2020-05-20T00:00:00Z"}, {"Country": "Finland", "CountryCode": "", "Province": "", "City": "", "CityCode": "", "Lat": "0", "Lon": "0", "Confirmed": 6493, "Deaths": 306, "Recovered": 4800, "Active": 1387, "Date": "2020-05-21T00:00:00Z"}, {"Country": "Finland", "CountryCode": "", "Province": "", "City": "", "CityCode": "", "Lat": "0", "Lon": "0", "Confirmed": 6537, "Deaths": 306, "Recovered": 4800, "Active": 1431, "Date": "2020-05-22T00:00:00Z"}, {"Country": "Finland", "CountryCode": "", "Province": "", "City": "", "CityCode": "", "Lat": "0", "Lon": "0", "Confirmed": 6568, "Deaths": 306, "Recovered": 4800, "Active": 1462, "Date": "2020-05-23T00:00:00Z"}, {"Country": "Finland", "CountryCode": "", "Province": "", "City": "", "CityCode": "", "Lat": "0", "Lon": "0", "Confirmed": 6579, "Deaths": 307, "Recovered": 4800, "Active": 1472, "Date": "2020-05-24T00:00:00Z"}, {"Country": "Finland", "CountryCode": "", "Province": "", "City": "", "CityCode": "", "Lat": "0", "Lon": "0", "Confirmed": 6599, "Deaths": 308, "Recovered": 5100, "Active": 1191, "Date": "2020-05-25T00:00:00Z"}, {"Country": "Finland", "CountryCode": "", "Province": "", "City": "", "CityCode": "", "Lat": "0", "Lon": "0", "Confirmed": 6628, "Deaths": 312, "Recovered": 5100, "Active": 1216, "Date": "2020-05-26T00:00:00Z"}, {"Country": "Finland", "CountryCode": "", "Province": "", "City": "", "CityCode": "", "Lat": "0", "Lon": "0", "Confirmed": 6692, "Deaths": 313, "Recovered": 5100, "Active": 1279, "Date": "2020-05-27T00:00:00Z"}, {"Country": "Finland", "CountryCode": "", "Province": "", "City": "", "CityCode": "", "Lat": "0", "Lon": "0", "Confirmed": 6743, "Deaths": 313, "Recovered": 5500, "Active": 930, "Date": "2020-05-28T00:00:00Z"}, {"Country": "Finland", "CountryCode": "", "Province": "", "City": "", "CityCode": "", "Lat": "0", "Lon": "0", "Confirmed": 6776, "Deaths": 314, "Recovered": 5500, "Active": 962, "Date": "2020-05-29T00:00:00Z"}, {"Country": "Finland", "CountryCode": "", "Province": "", "City": "", "CityCode": "", "Lat": "0", "Lon": "0", "Confirmed": 6826, "Deaths": 316, "Recovered": 5500, "Active": 1010, "Date": "2020-05-30T00:00:00Z"}, {"Country": "Finland", "CountryCode": "", "Province": "", "City": "", "CityCode": "", "Lat": "0", "Lon": "0", "Confirmed": 6859, "Deaths": 320, "Recovered": 5500, "Active": 1039, "Date": "2020-05-31T00:00:00Z"}, {"Country": "Finland", "CountryCode": "", "Province": "", "City": "", "CityCode": "", "Lat": "0", "Lon": "0", "Confirmed": 6885, "Deaths": 318, "Recovered": 5500, "Active": 1067, "Date": "2020-06-01T00:00:00Z"}, {"Country": "Finland", "CountryCode": "", "Province": "", "City": "", "CityCode": "", "Lat": "0", "Lon": "0", "Confirmed": 6887, "Deaths": 320, "Recovered": 5500, "Active": 1067, "Date": "2020-06-02T00:00:00Z"}, {"Country": "Finland", "CountryCode": "", "Province": "", "City": "", "CityCode": "", "Lat": "0", "Lon": "0", "Confirmed": 6911, "Deaths": 321, "Recovered": 5500, "Active": 1090, "Date": "2020-06-03T00:00:00Z"}, {"Country": "Finland", "CountryCode": "", "Province": "", "City": "", "CityCode": "", "Lat": "0", "Lon": "0", "Confirmed": 6911, "Deaths": 322, "Recovered": 5800, "Active": 789, "Date": "2020-06-04T00:00:00Z"}, {"Country": "Finland", "CountryCode": "", "Province": "", "City": "", "CityCode": "", "Lat": "0", "Lon": "0", "Confirmed": 6941, "Deaths": 322, "Recovered": 5800, "Active": 819, "Date": "2020-06-05T00:00:00Z"}, {"Country": "Finland", "CountryCode": "", "Province": "", "City": "", "CityCode": "", "Lat": "0", "Lon": "0", "Confirmed": 6964, "Deaths": 322, "Recovered": 5800, "Active": 842, "Date": "2020-06-06T00:00:00Z"}, {"Country": "Finland", "CountryCode": "", "Province": "", "City": "", "CityCode": "", "Lat": "0", "Lon": "0", "Confirmed": 6981, "Deaths": 323, "Recovered": 5800, "Active": 858, "Date": "2020-06-07T00:00:00Z"}, {"Country": "Finland", "CountryCode": "", "Province": "", "City": "", "CityCode": "", "Lat": "0", "Lon": "0", "Confirmed": 7001, "Deaths": 323, "Recovered": 5800, "Active": 878, "Date": "2020-06-08T00:00:00Z"}, {"Country": "Finland", "CountryCode": "", "Province": "", "City": "", "CityCode": "", "Lat": "0", "Lon": "0", "Confirmed": 7025, "Deaths": 324, "Recovered": 5800, "Active": 901, "Date": "2020-06-09T00:00:00Z"}, {"Country": "Finland", "CountryCode": "", "Province": "", "City": "", "CityCode": "", "Lat": "0", "Lon": "0", "Confirmed": 7040, "Deaths": 324, "Recovered": 5800, "Active": 916, "Date": "2020-06-10T00:00:00Z"}, {"Country": "Finland", "CountryCode": "", "Province": "", "City": "", "CityCode": "", "Lat": "0", "Lon": "0", "Confirmed": 7064, "Deaths": 325, "Recovered": 6200, "Active": 539, "Date": "2020-06-11T00:00:00Z"}, {"Country": "Finland", "CountryCode": "", "Province": "", "City": "", "CityCode": "", "Lat": "0", "Lon": "0", "Confirmed": 7073, "Deaths": 325, "Recovered": 6200, "Active": 548, "Date": "2020-06-12T00:00:00Z"}, {"Country": "Finland", "CountryCode": "", "Province": "", "City": "", "CityCode": "", "Lat": "0", "Lon": "0", "Confirmed": 7087, "Deaths": 325, "Recovered": 6200, "Active": 562, "Date": "2020-06-13T00:00:00Z"}, {"Country": "Finland", "CountryCode": "", "Province": "", "City": "", "CityCode": "", "Lat": "0", "Lon": "0", "Confirmed": 7104, "Deaths": 326, "Recovered": 6200, "Active": 578, "Date": "2020-06-14T00:00:00Z"}, {"Country": "Finland", "CountryCode": "", "Province": "", "City": "", "CityCode": "", "Lat": "0", "Lon": "0", "Confirmed": 7108, "Deaths": 326, "Recovered": 6200, "Active": 582, "Date": "2020-06-15T00:00:00Z"}, {"Country": "Finland", "CountryCode": "", "Province": "", "City": "", "CityCode": "", "Lat": "0", "Lon": "0", "Confirmed": 7112, "Deaths": 326, "Recovered": 6200, "Active": 586, "Date": "2020-06-16T00:00:00Z"}, {"Country": "Finland", "CountryCode": "", "Province": "", "City": "", "CityCode": "", "Lat": "0", "Lon": "0", "Confirmed": 7117, "Deaths": 326, "Recovered": 6200, "Active": 591, "Date": "2020-06-17T00:00:00Z"}, {"Country": "Finland", "CountryCode": "", "Province": "", "City": "", "CityCode": "", "Lat": "0", "Lon": "0", "Confirmed": 7119, "Deaths": 326, "Recovered": 6200, "Active": 593, "Date": "2020-06-18T00:00:00Z"}, {"Country": "Finland", "CountryCode": "", "Province": "", "City": "", "CityCode": "", "Lat": "0", "Lon": "0", "Confirmed": 7133, "Deaths": 326, "Recovered": 6200, "Active": 607, "Date": "2020-06-19T00:00:00Z"}, {"Country": "Finland", "CountryCode": "", "Province": "", "City": "", "CityCode": "", "Lat": "0", "Lon": "0", "Confirmed": 7142, "Deaths": 326, "Recovered": 6200, "Active": 616, "Date": "2020-06-20T00:00:00Z"}, {"Country": "Finland", "CountryCode": "", "Province": "", "City": "", "CityCode": "", "Lat": "0", "Lon": "0", "Confirmed": 7143, "Deaths": 326, "Recovered": 6200, "Active": 617, "Date": "2020-06-21T00:00:00Z"}, {"Country": "Finland", "CountryCode": "", "Province": "", "City": "", "CityCode": "", "Lat": "0", "Lon": "0", "Confirmed": 7144, "Deaths": 327, "Recovered": 6400, "Active": 417, "Date": "2020-06-22T00:00:00Z"}, {"Country": "Finland", "CountryCode": "", "Province": "", "City": "", "CityCode": "", "Lat": "0", "Lon": "0", "Confirmed": 7155, "Deaths": 327, "Recovered": 6400, "Active": 428, "Date": "2020-06-23T00:00:00Z"}, {"Country": "Finland", "CountryCode": "", "Province": "", "City": "", "CityCode": "", "Lat": "0", "Lon": "0", "Confirmed": 7167, "Deaths": 327, "Recovered": 6600, "Active": 240, "Date": "2020-06-24T00:00:00Z"}, {"Country": "Finland", "CountryCode": "", "Province": "", "City": "", "CityCode": "", "Lat": "0", "Lon": "0", "Confirmed": 7172, "Deaths": 327, "Recovered": 6600, "Active": 245, "Date": "2020-06-25T00:00:00Z"}, {"Country": "Finland", "CountryCode": "", "Province": "", "City": "", "CityCode": "", "Lat": "0", "Lon": "0", "Confirmed": 7191, "Deaths": 328, "Recovered": 6600, "Active": 263, "Date": "2020-06-26T00:00:00Z"}, {"Country": "Finland", "CountryCode": "", "Province": "", "City": "", "CityCode": "", "Lat": "0", "Lon": "0", "Confirmed": 7198, "Deaths": 328, "Recovered": 6600, "Active": 270, "Date": "2020-06-27T00:00:00Z"}, {"Country": "Finland", "CountryCode": "", "Province": "", "City": "", "CityCode": "", "Lat": "0", "Lon": "0", "Confirmed": 7198, "Deaths": 328, "Recovered": 6600, "Active": 270, "Date": "2020-06-28T00:00:00Z"}, {"Country": "Finland", "CountryCode": "", "Province": "", "City": "", "CityCode": "", "Lat": "0", "Lon": "0", "Confirmed": 7209, "Deaths": 328, "Recovered": 6600, "Active": 281, "Date": "2020-06-29T00:00:00Z"}, {"Country": "Finland", "CountryCode": "", "Province": "", "City": "", "CityCode": "", "Lat": "0", "Lon": "0", "Confirmed": 7214, "Deaths": 328, "Recovered": 6600, "Active": 286, "Date": "2020-06-30T00:00:00Z"}, {"Country": "Finland", "CountryCode": "", "Province": "", "City": "", "CityCode": "", "Lat": "0", "Lon": "0", "Confirmed": 7236, "Deaths": 328, "Recovered": 6700, "Active": 208, "Date": "2020-07-01T00:00:00Z"}, {"Country": "Finland", "CountryCode": "", "Province": "", "City": "", "CityCode": "", "Lat": "0", "Lon": "0", "Confirmed": 7241, "Deaths": 328, "Recovered": 6700, "Active": 213, "Date": "2020-07-02T00:00:00Z"}, {"Country": "Finland", "CountryCode": "", "Province": "", "City": "", "CityCode": "", "Lat": "0", "Lon": "0", "Confirmed": 7242, "Deaths": 329, "Recovered": 6700, "Active": 213, "Date": "2020-07-03T00:00:00Z"}, {"Country": "Finland", "CountryCode": "", "Province": "", "City": "", "CityCode": "", "Lat": "0", "Lon": "0", "Confirmed": 7248, "Deaths": 329, "Recovered": 6700, "Active": 219, "Date": "2020-07-04T00:00:00Z"}, {"Country": "Finland", "CountryCode": "", "Province": "", "City": "", "CityCode": "", "Lat": "0", "Lon": "0", "Confirmed": 7253, "Deaths": 329, "Recovered": 6700, "Active": 224, "Date": "2020-07-05T00:00:00Z"}, {"Country": "Finland", "CountryCode": "", "Province": "", "City": "", "CityCode": "", "Lat": "0", "Lon": "0", "Confirmed": 7257, "Deaths": 329, "Recovered": 6700, "Active": 228, "Date": "2020-07-06T00:00:00Z"}, {"Country": "Finland", "CountryCode": "", "Province": "", "City": "", "CityCode": "", "Lat": "0", "Lon": "0", "Confirmed": 7262, "Deaths": 329, "Recovered": 6700, "Active": 233, "Date": "2020-07-07T00:00:00Z"}, {"Country": "Finland", "CountryCode": "", "Province": "", "City": "", "CityCode": "", "Lat": "0", "Lon": "0", "Confirmed": 7265, "Deaths": 329, "Recovered": 6800, "Active": 136, "Date": "2020-07-08T00:00:00Z"}, {"Country": "Finland", "CountryCode": "", "Province": "", "City": "", "CityCode": "", "Lat": "0", "Lon": "0", "Confirmed": 7273, "Deaths": 329, "Recovered": 6800, "Active": 144, "Date": "2020-07-09T00:00:00Z"}, {"Country": "Finland", "CountryCode": "", "Province": "", "City": "", "CityCode": "", "Lat": "0", "Lon": "0", "Confirmed": 7279, "Deaths": 329, "Recovered": 6800, "Active": 150, "Date": "2020-07-10T00:00:00Z"}, {"Country": "Finland", "CountryCode": "", "Province": "", "City": "", "CityCode": "", "Lat": "0", "Lon": "0", "Confirmed": 7291, "Deaths": 329, "Recovered": 6800, "Active": 162, "Date": "2020-07-11T00:00:00Z"}, {"Country": "Finland", "CountryCode": "", "Province": "", "City": "", "CityCode": "", "Lat": "0", "Lon": "0", "Confirmed": 7294, "Deaths": 329, "Recovered": 6800, "Active": 165, "Date": "2020-07-12T00:00:00Z"}, {"Country": "Finland", "CountryCode": "", "Province": "", "City": "", "CityCode": "", "Lat": "0", "Lon": "0", "Confirmed": 7295, "Deaths": 329, "Recovered": 6800, "Active": 166, "Date": "2020-07-13T00:00:00Z"}, {"Country": "Finland", "CountryCode": "", "Province": "", "City": "", "CityCode": "", "Lat": "0", "Lon": "0", "Confirmed": 7301, "Deaths": 329, "Recovered": 6800, "Active": 172, "Date": "2020-07-14T00:00:00Z"}, {"Country": "Finland", "CountryCode": "", "Province": "", "City": "", "CityCode": "", "Lat": "0", "Lon": "0", "Confirmed": 7296, "Deaths": 328, "Recovered": 6880, "Active": 88, "Date": "2020-07-15T00:00:00Z"}, {"Country": "Finland", "CountryCode": "", "Province": "", "City": "", "CityCode": "", "Lat": "0", "Lon": "0", "Confirmed": 7293, "Deaths": 328, "Recovered": 6880, "Active": 85, "Date": "2020-07-16T00:00:00Z"}, {"Country": "Finland", "CountryCode": "", "Province": "", "City": "", "CityCode": "", "Lat": "0", "Lon": "0", "Confirmed": 7301, "Deaths": 328, "Recovered": 6880, "Active": 93, "Date": "2020-07-17T00:00:00Z"}, {"Country": "Finland", "CountryCode": "", "Province": "", "City": "", "CityCode": "", "Lat": "0", "Lon": "0", "Confirmed": 7318, "Deaths": 328, "Recovered": 6880, "Active": 110, "Date": "2020-07-18T00:00:00Z"}, {"Country": "Finland", "CountryCode": "", "Province": "", "City": "", "CityCode": "", "Lat": "0", "Lon": "0", "Confirmed": 7335, "Deaths": 328, "Recovered": 6880, "Active": 127, "Date": "2020-07-19T00:00:00Z"}, {"Country": "Finland", "CountryCode": "", "Province": "", "City": "", "CityCode": "", "Lat": "0", "Lon": "0", "Confirmed": 7340, "Deaths": 328, "Recovered": 6880, "Active": 132, "Date": "2020-07-20T00:00:00Z"}, {"Country": "Finland", "CountryCode": "", "Province": "", "City": "", "CityCode": "", "Lat": "0", "Lon": "0", "Confirmed": 7351, "Deaths": 328, "Recovered": 6880, "Active": 143, "Date": "2020-07-21T00:00:00Z"}, {"Country": "Finland", "CountryCode": "", "Province": "", "City": "", "CityCode": "", "Lat": "0", "Lon": "0", "Confirmed": 7362, "Deaths": 328, "Recovered": 6920, "Active": 114, "Date": "2020-07-22T00:00:00Z"}, {"Country": "Finland", "CountryCode": "", "Province": "", "City": "", "CityCode": "", "Lat": "0", "Lon": "0", "Confirmed": 7372, "Deaths": 328, "Recovered": 6920, "Active": 124, "Date": "2020-07-23T00:00:00Z"}, {"Country": "Finland", "CountryCode": "", "Province": "", "City": "", "CityCode": "", "Lat": "0", "Lon": "0", "Confirmed": 7380, "Deaths": 329, "Recovered": 6920, "Active": 131, "Date": "2020-07-24T00:00:00Z"}, {"Country": "Finland", "CountryCode": "", "Province": "", "City": "", "CityCode": "", "Lat": "0", "Lon": "0", "Confirmed": 7388, "Deaths": 329, "Recovered": 6920, "Active": 139, "Date": "2020-07-25T00:00:00Z"}, {"Country": "Finland", "CountryCode": "", "Province": "", "City": "", "CityCode": "", "Lat": "0", "Lon": "0", "Confirmed": 7393, "Deaths": 329, "Recovered": 6920, "Active": 144, "Date": "2020-07-26T00:00:00Z"}, {"Country": "Finland", "CountryCode": "", "Province": "", "City": "", "CityCode": "", "Lat": "0", "Lon": "0", "Confirmed": 7398, "Deaths": 329, "Recovered": 6920, "Active": 149, "Date": "2020-07-27T00:00:00Z"}, {"Country": "Finland", "CountryCode": "", "Province": "", "City": "", "CityCode": "", "Lat": "0", "Lon": "0", "Confirmed": 7404, "Deaths": 329, "Recovered": 6920, "Active": 155, "Date": "2020-07-28T00:00:00Z"}, {"Country": "Finland", "CountryCode": "", "Province": "", "City": "", "CityCode": "", "Lat": "0", "Lon": "0", "Confirmed": 7414, "Deaths": 329, "Recovered": 6950, "Active": 135, "Date": "2020-07-29T00:00:00Z"}, {"Country": "Finland", "CountryCode": "", "Province": "", "City": "", "CityCode": "", "Lat": "0", "Lon": "0", "Confirmed": 7423, "Deaths": 329, "Recovered": 6950, "Active": 144, "Date": "2020-07-30T00:00:00Z"}, {"Country": "Finland", "CountryCode": "", "Province": "", "City": "", "CityCode": "", "Lat": "0", "Lon": "0", "Confirmed": 7432, "Deaths": 329, "Recovered": 6950, "Active": 153, "Date": "2020-07-31T00:00:00Z"}, {"Country": "Finland", "CountryCode": "", "Province": "", "City": "", "CityCode": "", "Lat": "0", "Lon": "0", "Confirmed": 7443, "Deaths": 329, "Recovered": 6950, "Active": 164, "Date": "2020-08-01T00:00:00Z"}, {"Country": "Finland", "CountryCode": "", "Province": "", "City": "", "CityCode": "", "Lat": "0", "Lon": "0", "Confirmed": 7453, "Deaths": 329, "Recovered": 6950, "Active": 174, "Date": "2020-08-02T00:00:00Z"}, {"Country": "Finland", "CountryCode": "", "Province": "", "City": "", "CityCode": "", "Lat": "0", "Lon": "0", "Confirmed": 7466, "Deaths": 329, "Recovered": 6950, "Active": 187, "Date": "2020-08-03T00:00:00Z"}, {"Country": "Finland", "CountryCode": "", "Province": "", "City": "", "CityCode": "", "Lat": "0", "Lon": "0", "Confirmed": 7483, "Deaths": 331, "Recovered": 6950, "Active": 202, "Date": "2020-08-04T00:00:00Z"}, {"Country": "Finland", "CountryCode": "", "Province": "", "City": "", "CityCode": "", "Lat": "0", "Lon": "0", "Confirmed": 7512, "Deaths": 331, "Recovered": 6980, "Active": 201, "Date": "2020-08-05T00:00:00Z"}, {"Country": "Finland", "CountryCode": "", "Province": "", "City": "", "CityCode": "", "Lat": "0", "Lon": "0", "Confirmed": 7532, "Deaths": 331, "Recovered": 6980, "Active": 221, "Date": "2020-08-06T00:00:00Z"}, {"Country": "Finland", "CountryCode": "", "Province": "", "City": "", "CityCode": "", "Lat": "0", "Lon": "0", "Confirmed": 7554, "Deaths": 331, "Recovered": 6980, "Active": 243, "Date": "2020-08-07T00:00:00Z"}, {"Country": "Finland", "CountryCode": "", "Province": "", "City": "", "CityCode": "", "Lat": "0", "Lon": "0", "Confirmed": 7568, "Deaths": 331, "Recovered": 6980, "Active": 257, "Date": "2020-08-08T00:00:00Z"}, {"Country": "Finland", "CountryCode": "", "Province": "", "City": "", "CityCode": "", "Lat": "0", "Lon": "0", "Confirmed": 7584, "Deaths": 331, "Recovered": 6980, "Active": 273, "Date": "2020-08-09T00:00:00Z"}, {"Country": "Finland", "CountryCode": "", "Province": "", "City": "", "CityCode": "", "Lat": "0", "Lon": "0", "Confirmed": 7601, "Deaths": 333, "Recovered": 6980, "Active": 288, "Date": "2020-08-10T00:00:00Z"}, {"Country": "Finland", "CountryCode": "", "Province": "", "City": "", "CityCode": "", "Lat": "0", "Lon": "0", "Confirmed": 7623, "Deaths": 333, "Recovered": 6980, "Active": 310, "Date": "2020-08-11T00:00:00Z"}, {"Country": "Finland", "CountryCode": "", "Province": "", "City": "", "CityCode": "", "Lat": "0", "Lon": "0", "Confirmed": 7642, "Deaths": 333, "Recovered": 7050, "Active": 259, "Date": "2020-08-12T00:00:00Z"}, {"Country": "Finland", "CountryCode": "", "Province": "", "City": "", "CityCode": "", "Lat": "0", "Lon": "0", "Confirmed": 7683, "Deaths": 333, "Recovered": 7050, "Active": 300, "Date": "2020-08-13T00:00:00Z"}, {"Country": "Finland", "CountryCode": "", "Province": "", "City": "", "CityCode": "", "Lat": "0", "Lon": "0", "Confirmed": 7700, "Deaths": 333, "Recovered": 7050, "Active": 317, "Date": "2020-08-14T00:00:00Z"}, {"Country": "Finland", "CountryCode": "", "Province": "", "City": "", "CityCode": "", "Lat": "0", "Lon": "0", "Confirmed": 7720, "Deaths": 333, "Recovered": 7050, "Active": 337, "Date": "2020-08-15T00:00:00Z"}, {"Country": "Finland", "CountryCode": "", "Province": "", "City": "", "CityCode": "", "Lat": "0", "Lon": "0", "Confirmed": 7731, "Deaths": 333, "Recovered": 7050, "Active": 348, "Date": "2020-08-16T00:00:00Z"}, {"Country": "Finland", "CountryCode": "", "Province": "", "City": "", "CityCode": "", "Lat": "0", "Lon": "0", "Confirmed": 7752, "Deaths": 334, "Recovered": 7050, "Active": 368, "Date": "2020-08-17T00:00:00Z"}, {"Country": "Finland", "CountryCode": "", "Province": "", "City": "", "CityCode": "", "Lat": "0", "Lon": "0", "Confirmed": 7776, "Deaths": 334, "Recovered": 7050, "Active": 392, "Date": "2020-08-18T00:00:00Z"}, {"Country": "Finland", "CountryCode": "", "Province": "", "City": "", "CityCode": "", "Lat": "0", "Lon": "0", "Confirmed": 7805, "Deaths": 334, "Recovered": 7100, "Active": 371, "Date": "2020-08-19T00:00:00Z"}, {"Country": "Finland", "CountryCode": "", "Province": "", "City": "", "CityCode": "", "Lat": "0", "Lon": "0", "Confirmed": 7842, "Deaths": 334, "Recovered": 7100, "Active": 408, "Date": "2020-08-20T00:00:00Z"}, {"Country": "Finland", "CountryCode": "", "Province": "", "City": "", "CityCode": "", "Lat": "0", "Lon": "0", "Confirmed": 7871, "Deaths": 334, "Recovered": 7100, "Active": 437, "Date": "2020-08-21T00:00:00Z"}, {"Country": "Finland", "CountryCode": "", "Province": "", "City": "", "CityCode": "", "Lat": "0", "Lon": "0", "Confirmed": 7906, "Deaths": 334, "Recovered": 7100, "Active": 472, "Date": "2020-08-22T00:00:00Z"}, {"Country": "Finland", "CountryCode": "", "Province": "", "City": "", "CityCode": "", "Lat": "0", "Lon": "0", "Confirmed": 7920, "Deaths": 334, "Recovered": 7100, "Active": 486, "Date": "2020-08-23T00:00:00Z"}, {"Country": "Finland", "CountryCode": "", "Province": "", "City": "", "CityCode": "", "Lat": "0", "Lon": "0", "Confirmed": 7938, "Deaths": 335, "Recovered": 7100, "Active": 503, "Date": "2020-08-24T00:00:00Z"}, {"Country": "Finland", "CountryCode": "", "Province": "", "City": "", "CityCode": "", "Lat": "0", "Lon": "0", "Confirmed": 7981, "Deaths": 335, "Recovered": 7100, "Active": 546, "Date": "2020-08-25T00:00:00Z"}, {"Country": "Finland", "CountryCode": "", "Province": "", "City": "", "CityCode": "", "Lat": "0", "Lon": "0", "Confirmed": 8002, "Deaths": 335, "Recovered": 7200, "Active": 467, "Date": "2020-08-26T00:00:00Z"}, {"Country": "Finland", "CountryCode": "", "Province": "", "City": "", "CityCode": "", "Lat": "0", "Lon": "0", "Confirmed": 8019, "Deaths": 335, "Recovered": 7200, "Active": 484, "Date": "2020-08-27T00:00:00Z"}, {"Country": "Finland", "CountryCode": "", "Province": "", "City": "", "CityCode": "", "Lat": "0", "Lon": "0", "Confirmed": 8042, "Deaths": 335, "Recovered": 7200, "Active": 507, "Date": "2020-08-28T00:00:00Z"}, {"Country": "Finland", "CountryCode": "", "Province": "", "City": "", "CityCode": "", "Lat": "0", "Lon": "0", "Confirmed": 8049, "Deaths": 335, "Recovered": 7200, "Active": 514, "Date": "2020-08-29T00:00:00Z"}, {"Country": "Finland", "CountryCode": "", "Province": "", "City": "", "CityCode": "", "Lat": "0", "Lon": "0", "Confirmed": 8077, "Deaths": 335, "Recovered": 7200, "Active": 542, "Date": "2020-08-30T00:00:00Z"}, {"Country": "Finland", "CountryCode": "", "Province": "", "City": "", "CityCode": "", "Lat": "0", "Lon": "0", "Confirmed": 8086, "Deaths": 336, "Recovered": 7200, "Active": 550, "Date": "2020-08-31T00:00:00Z"}, {"Country": "Finland", "CountryCode": "", "Province": "", "City": "", "CityCode": "", "Lat": "0", "Lon": "0", "Confirmed": 8142, "Deaths": 336, "Recovered": 7200, "Active": 606, "Date": "2020-09-01T00:00:00Z"}, {"Country": "Finland", "CountryCode": "", "Province": "", "City": "", "CityCode": "", "Lat": "0", "Lon": "0", "Confirmed": 8161, "Deaths": 336, "Recovered": 7350, "Active": 475, "Date": "2020-09-02T00:00:00Z"}, {"Country": "Finland", "CountryCode": "", "Province": "", "City": "", "CityCode": "", "Lat": "0", "Lon": "0", "Confirmed": 8200, "Deaths": 336, "Recovered": 7350, "Active": 514, "Date": "2020-09-03T00:00:00Z"}, {"Country": "Finland", "CountryCode": "", "Province": "", "City": "", "CityCode": "", "Lat": "0", "Lon": "0", "Confirmed": 8225, "Deaths": 336, "Recovered": 7350, "Active": 539, "Date": "2020-09-04T00:00:00Z"}, {"Country": "Finland", "CountryCode": "", "Province": "", "City": "", "CityCode": "", "Lat": "0", "Lon": "0", "Confirmed": 8261, "Deaths": 336, "Recovered": 7350, "Active": 575, "Date": "2020-09-05T00:00:00Z"}, {"Country": "Finland", "CountryCode": "", "Province": "", "City": "", "CityCode": "", "Lat": "0", "Lon": "0", "Confirmed": 8291, "Deaths": 336, "Recovered": 7350, "Active": 605, "Date": "2020-09-06T00:00:00Z"}, {"Country": "Finland", "CountryCode": "", "Province": "", "City": "", "CityCode": "", "Lat": "0", "Lon": "0", "Confirmed": 8327, "Deaths": 336, "Recovered": 7350, "Active": 641, "Date": "2020-09-07T00:00:00Z"}, {"Country": "Finland", "CountryCode": "", "Province": "", "City": "", "CityCode": "", "Lat": "0", "Lon": "0", "Confirmed": 8337, "Deaths": 336, "Recovered": 7350, "Active": 651, "Date": "2020-09-08T00:00:00Z"}, {"Country": "Finland", "CountryCode": "", "Province": "", "City": "", "CityCode": "", "Lat": "0", "Lon": "0", "Confirmed": 8430, "Deaths": 337, "Recovered": 7500, "Active": 593, "Date": "2020-09-09T00:00:00Z"}, {"Country": "Finland", "CountryCode": "", "Province": "", "City": "", "CityCode": "", "Lat": "0", "Lon": "0", "Confirmed": 8469, "Deaths": 337, "Recovered": 7500, "Active": 632, "Date": "2020-09-10T00:00:00Z"}, {"Country": "Finland", "CountryCode": "", "Province": "", "City": "", "CityCode": "", "Lat": "0", "Lon": "0", "Confirmed": 8512, "Deaths": 337, "Recovered": 7500, "Active": 675, "Date": "2020-09-11T00:00:00Z"}, {"Country": "Finland", "CountryCode": "", "Province": "", "City": "", "CityCode": "", "Lat": "0", "Lon": "0", "Confirmed": 8557, "Deaths": 337, "Recovered": 7500, "Active": 720, "Date": "2020-09-12T00:00:00Z"}, {"Country": "Finland", "CountryCode": "", "Province": "", "City": "", "CityCode": "", "Lat": "0", "Lon": "0", "Confirmed": 8580, "Deaths": 337, "Recovered": 7500, "Active": 743, "Date": "2020-09-13T00:00:00Z"}, {"Country": "Finland", "CountryCode": "", "Province": "", "City": "", "CityCode": "", "Lat": "0", "Lon": "0", "Confirmed": 8627, "Deaths": 337, "Recovered": 7500, "Active": 790, "Date": "2020-09-14T00:00:00Z"}, {"Country": "Finland", "CountryCode": "", "Province": "", "City": "", "CityCode": "", "Lat": "0", "Lon": "0", "Confirmed": 8725, "Deaths": 339, "Recovered": 7500, "Active": 886, "Date": "2020-09-15T00:00:00Z"}, {"Country": "Finland", "CountryCode": "", "Province": "", "City": "", "CityCode": "", "Lat": "0", "Lon": "0", "Confirmed": 8750, "Deaths": 339, "Recovered": 7700, "Active": 711, "Date": "2020-09-16T00:00:00Z"}, {"Country": "Finland", "CountryCode": "", "Province": "", "City": "", "CityCode": "", "Lat": "0", "Lon": "0", "Confirmed": 8799, "Deaths": 339, "Recovered": 7700, "Active": 760, "Date": "2020-09-17T00:00:00Z"}, {"Country": "Finland", "CountryCode": "", "Province": "", "City": "", "CityCode": "", "Lat": "0", "Lon": "0", "Confirmed": 8858, "Deaths": 339, "Recovered": 7700, "Active": 819, "Date": "2020-09-18T00:00:00Z"}, {"Country": "Finland", "CountryCode": "", "Province": "", "City": "", "CityCode": "", "Lat": "0", "Lon": "0", "Confirmed": 8922, "Deaths": 339, "Recovered": 7700, "Active": 883, "Date": "2020-09-19T00:00:00Z"}, {"Country": "Finland", "CountryCode": "", "Province": "", "City": "", "CityCode": "", "Lat": "0", "Lon": "0", "Confirmed": 8980, "Deaths": 339, "Recovered": 7700, "Active": 941, "Date": "2020-09-20T00:00:00Z"}, {"Country": "Finland", "CountryCode": "", "Province": "", "City": "", "CityCode": "", "Lat": "0", "Lon": "0", "Confirmed": 9046, "Deaths": 341, "Recovered": 7700, "Active": 1005, "Date": "2020-09-21T00:00:00Z"}, {"Country": "Finland", "CountryCode": "", "Province": "", "City": "", "CityCode": "", "Lat": "0", "Lon": "0", "Confirmed": 9195, "Deaths": 341, "Recovered": 7700, "Active": 1154, "Date": "2020-09-22T00:00:00Z"}, {"Country": "Finland", "CountryCode": "", "Province": "", "City": "", "CityCode": "", "Lat": "0", "Lon": "0", "Confirmed": 9288, "Deaths": 343, "Recovered": 7850, "Active": 1095, "Date": "2020-09-23T00:00:00Z"}, {"Country": "Finland", "CountryCode": "", "Province": "", "City": "", "CityCode": "", "Lat": "0", "Lon": "0", "Confirmed": 9379, "Deaths": 343, "Recovered": 7850, "Active": 1186, "Date": "2020-09-24T00:00:00Z"}, {"Country": "Finland", "CountryCode": "", "Province": "", "City": "", "CityCode": "", "Lat": "0", "Lon": "0", "Confirmed": 9484, "Deaths": 343, "Recovered": 7850, "Active": 1291, "Date": "2020-09-25T00:00:00Z"}, {"Country": "Finland", "CountryCode": "", "Province": "", "City": "", "CityCode": "", "Lat": "0", "Lon": "0", "Confirmed": 9577, "Deaths": 343, "Recovered": 7850, "Active": 1384, "Date": "2020-09-26T00:00:00Z"}, {"Country": "Finland", "CountryCode": "", "Province": "", "City": "", "CityCode": "", "Lat": "0", "Lon": "0", "Confirmed": 9682, "Deaths": 343, "Recovered": 7850, "Active": 1489, "Date": "2020-09-27T00:00:00Z"}, {"Country": "Finland", "CountryCode": "", "Province": "", "City": "", "CityCode": "", "Lat": "0", "Lon": "0", "Confirmed": 9743, "Deaths": 345, "Recovered": 7850, "Active": 1548, "Date": "2020-09-28T00:00:00Z"}, {"Country": "Finland", "CountryCode": "", "Province": "", "City": "", "CityCode": "", "Lat": "0", "Lon": "0", "Confirmed": 9892, "Deaths": 345, "Recovered": 7850, "Active": 1697, "Date": "2020-09-29T00:00:00Z"}, {"Country": "Finland", "CountryCode": "", "Province": "", "City": "", "CityCode": "", "Lat": "0", "Lon": "0", "Confirmed": 9992, "Deaths": 344, "Recovered": 8100, "Active": 1548, "Date": "2020-09-30T00:00:00Z"}, {"Country": "Finland", "CountryCode": "", "Province": "", "City": "", "CityCode": "", "Lat": "0", "Lon": "0", "Confirmed": 10103, "Deaths": 344, "Recovered": 8100, "Active": 1659, "Date": "2020-10-01T00:00:00Z"}, {"Country": "Finland", "CountryCode": "", "Province": "", "City": "", "CityCode": "", "Lat": "0", "Lon": "0", "Confirmed": 10244, "Deaths": 345, "Recovered": 8100, "Active": 1799, "Date": "2020-10-02T00:00:00Z"}, {"Country": "Finland", "CountryCode": "", "Province": "", "City": "", "CityCode": "", "Lat": "0", "Lon": "0", "Confirmed": 10391, "Deaths": 345, "Recovered": 8100, "Active": 1946, "Date": "2020-10-03T00:00:00Z"}, {"Country": "Finland", "CountryCode": "", "Province": "", "City": "", "CityCode": "", "Lat": "0", "Lon": "0", "Confirmed": 10538, "Deaths": 345, "Recovered": 8100, "Active": 2093, "Date": "2020-10-04T00:00:00Z"}, {"Country": "Finland", "CountryCode": "", "Province": "", "City": "", "CityCode": "", "Lat": "0", "Lon": "0", "Confirmed": 10702, "Deaths": 346, "Recovered": 8100, "Active": 2256, "Date": "2020-10-05T00:00:00Z"}, {"Country": "Finland", "CountryCode": "", "Province": "", "City": "", "CityCode": "", "Lat": "0", "Lon": "0", "Confirmed": 10929, "Deaths": 346, "Recovered": 8100, "Active": 2483, "Date": "2020-10-06T00:00:00Z"}, {"Country": "Finland", "CountryCode": "", "Province": "", "City": "", "CityCode": "", "Lat": "0", "Lon": "0", "Confirmed": 11049, "Deaths": 346, "Recovered": 8500, "Active": 2203, "Date": "2020-10-07T00:00:00Z"}, {"Country": "Finland", "CountryCode": "", "Province": "", "City": "", "CityCode": "", "Lat": "0", "Lon": "0", "Confirmed": 11345, "Deaths": 346, "Recovered": 8500, "Active": 2499, "Date": "2020-10-08T00:00:00Z"}, {"Country": "Finland", "CountryCode": "", "Province": "", "City": "", "CityCode": "", "Lat": "0", "Lon": "0", "Confirmed": 11580, "Deaths": 346, "Recovered": 8500, "Active": 2734, "Date": "2020-10-09T00:00:00Z"}, {"Country": "Finland", "CountryCode": "", "Province": "", "City": "", "CityCode": "", "Lat": "0", "Lon": "0", "Confirmed": 11849, "Deaths": 346, "Recovered": 8500, "Active": 3003, "Date": "2020-10-10T00:00:00Z"}, {"Country": "Finland", "CountryCode": "", "Province": "", "City": "", "CityCode": "", "Lat": "0", "Lon": "0", "Confirmed": 11998, "Deaths": 346, "Recovered": 8500, "Active": 3152, "Date": "2020-10-11T00:00:00Z"}, {"Country": "Finland", "CountryCode": "", "Province": "", "City": "", "CityCode": "", "Lat": "0", "Lon": "0", "Confirmed": 12212, "Deaths": 346, "Recovered": 8500, "Active": 3366, "Date": "2020-10-12T00:00:00Z"}, {"Country": "Finland", "CountryCode": "", "Province": "", "City": "", "CityCode": "", "Lat": "0", "Lon": "0", "Confirmed": 12499, "Deaths": 346, "Recovered": 8500, "Active": 3653, "Date": "2020-10-13T00:00:00Z"}, {"Country": "Finland", "CountryCode": "", "Province": "", "City": "", "CityCode": "", "Lat": "0", "Lon": "0", "Confirmed": 12703, "Deaths": 350, "Recovered": 9100, "Active": 3253, "Date": "2020-10-14T00:00:00Z"}, {"Country": "Finland", "CountryCode": "", "Province": "", "City": "", "CityCode": "", "Lat": "0", "Lon": "0", "Confirmed": 12944, "Deaths": 350, "Recovered": 9100, "Active": 3494, "Date": "2020-10-15T00:00:00Z"}, {"Country": "Finland", "CountryCode": "", "Province": "", "City": "", "CityCode": "", "Lat": "0", "Lon": "0", "Confirmed": 13133, "Deaths": 351, "Recovered": 9100, "Active": 3682, "Date": "2020-10-16T00:00:00Z"}, {"Country": "Finland", "CountryCode": "", "Province": "", "City": "", "CityCode": "", "Lat": "0", "Lon": "0", "Confirmed": 13293, "Deaths": 351, "Recovered": 9100, "Active": 3842, "Date": "2020-10-17T00:00:00Z"}, {"Country": "Finland", "CountryCode": "", "Province": "", "City": "", "CityCode": "", "Lat": "0", "Lon": "0", "Confirmed": 13424, "Deaths": 351, "Recovered": 9100, "Active": 3973, "Date": "2020-10-18T00:00:00Z"}, {"Country": "Finland", "CountryCode": "", "Province": "", "City": "", "CityCode": "", "Lat": "0", "Lon": "0", "Confirmed": 13555, "Deaths": 351, "Recovered": 9100, "Active": 4104, "Date": "2020-10-19T00:00:00Z"}, {"Country": "Finland", "CountryCode": "", "Province": "", "City": "", "CityCode": "", "Lat": "0", "Lon": "0", "Confirmed": 13849, "Deaths": 351, "Recovered": 9100, "Active": 4398, "Date": "2020-10-20T00:00:00Z"}, {"Country": "Finland", "CountryCode": "", "Province": "", "City": "", "CityCode": "", "Lat": "0", "Lon": "0", "Confirmed": 14071, "Deaths": 355, "Recovered": 9800, "Active": 3916, "Date": "2020-10-21T00:00:00Z"}, {"Country": "Finland", "CountryCode": "", "Province": "", "City": "", "CityCode": "", "Lat": "0", "Lon": "0", "Confirmed": 14255, "Deaths": 355, "Recovered": 9800, "Active": 4100, "Date": "2020-10-22T00:00:00Z"}, {"Country": "Finland", "CountryCode": "", "Province": "", "City": "", "CityCode": "", "Lat": "0", "Lon": "0", "Confirmed": 14474, "Deaths": 353, "Recovered": 9800, "Active": 4321, "Date": "2020-10-23T00:00:00Z"}, {"Country": "Finland", "CountryCode": "", "Province": "", "City": "", "CityCode": "", "Lat": "0", "Lon": "0", "Confirmed": 14652, "Deaths": 353, "Recovered": 9800, "Active": 4499, "Date": "2020-10-24T00:00:00Z"}, {"Country": "Finland", "CountryCode": "", "Province": "", "City": "", "CityCode": "", "Lat": "0", "Lon": "0", "Confirmed": 14848, "Deaths": 353, "Recovered": 9800, "Active": 4695, "Date": "2020-10-25T00:00:00Z"}, {"Country": "Finland", "CountryCode": "", "Province": "", "City": "", "CityCode": "", "Lat": "0", "Lon": "0", "Confirmed": 14970, "Deaths": 354, "Recovered": 9800, "Active": 4816, "Date": "2020-10-26T00:00:00Z"}, {"Country": "Finland", "CountryCode": "", "Province": "", "City": "", "CityCode": "", "Lat": "0", "Lon": "0", "Confirmed": 15163, "Deaths": 354, "Recovered": 9800, "Active": 5009, "Date": "2020-10-27T00:00:00Z"}, {"Country": "Finland", "CountryCode": "", "Province": "", "City": "", "CityCode": "", "Lat": "0", "Lon": "0", "Confirmed": 15378, "Deaths": 354, "Recovered": 11300, "Active": 3724, "Date": "2020-10-28T00:00:00Z"}, {"Country": "Finland", "CountryCode": "", "Province": "", "City": "", "CityCode": "", "Lat": "0", "Lon": "0", "Confirmed": 15566, "Deaths": 354, "Recovered": 11300, "Active": 3912, "Date": "2020-10-29T00:00:00Z"}, {"Country": "Finland", "CountryCode": "", "Province": "", "City": "", "CityCode": "", "Lat": "0", "Lon": "0", "Confirmed": 15910, "Deaths": 358, "Recovered": 11300, "Active": 4252, "Date": "2020-10-30T00:00:00Z"}, {"Country": "Finland", "CountryCode": "", "Province": "", "City": "", "CityCode": "", "Lat": "0", "Lon": "0", "Confirmed": 16113, "Deaths": 358, "Recovered": 11300, "Active": 4455, "Date": "2020-10-31T00:00:00Z"}, {"Country": "Finland", "CountryCode": "", "Province": "", "City": "", "CityCode": "", "Lat": "0", "Lon": "0", "Confirmed": 16291, "Deaths": 358, "Recovered": 11300, "Active": 4633, "Date": "2020-11-01T00:00:00Z"}, {"Country": "Finland", "CountryCode": "", "Province": "", "City": "", "CityCode": "", "Lat": "0", "Lon": "0", "Confirmed": 16400, "Deaths": 359, "Recovered": 11300, "Active": 4741, "Date": "2020-11-02T00:00:00Z"}, {"Country": "Finland", "CountryCode": "", "Province": "", "City": "", "CityCode": "", "Lat": "0", "Lon": "0", "Confirmed": 16637, "Deaths": 359, "Recovered": 11300, "Active": 4978, "Date": "2020-11-03T00:00:00Z"}, {"Country": "Finland", "CountryCode": "", "Province": "", "City": "", "CityCode": "", "Lat": "0", "Lon": "0", "Confirmed": 16930, "Deaths": 361, "Recovered": 12700, "Active": 3869, "Date": "2020-11-04T00:00:00Z"}, {"Country": "Finland", "CountryCode": "", "Province": "", "City": "", "CityCode": "", "Lat": "0", "Lon": "0", "Confirmed": 17119, "Deaths": 361, "Recovered": 12700, "Active": 4058, "Date": "2020-11-05T00:00:00Z"}, {"Country": "Finland", "CountryCode": "", "Province": "", "City": "", "CityCode": "", "Lat": "0", "Lon": "0", "Confirmed": 17385, "Deaths": 362, "Recovered": 12700, "Active": 4323, "Date": "2020-11-06T00:00:00Z"}, {"Country": "Finland", "CountryCode": "", "Province": "", "City": "", "CityCode": "", "Lat": "0", "Lon": "0", "Confirmed": 17385, "Deaths": 362, "Recovered": 12700, "Active": 4323, "Date": "2020-11-07T00:00:00Z"}, {"Country": "Finland", "CountryCode": "", "Province": "", "City": "", "CityCode": "", "Lat": "0", "Lon": "0", "Confirmed": 17797, "Deaths": 362, "Recovered": 12700, "Active": 4735, "Date": "2020-11-08T00:00:00Z"}, {"Country": "Finland", "CountryCode": "", "Province": "", "City": "", "CityCode": "", "Lat": "0", "Lon": "0", "Confirmed": 17887, "Deaths": 363, "Recovered": 12700, "Active": 4824, "Date": "2020-11-09T00:00:00Z"}, {"Country": "Finland", "CountryCode": "", "Province": "", "City": "", "CityCode": "", "Lat": "0", "Lon": "0", "Confirmed": 18107, "Deaths": 363, "Recovered": 12700, "Active": 5044, "Date": "2020-11-10T00:00:00Z"}, {"Country": "Finland", "CountryCode": "", "Province": "", "City": "", "CityCode": "", "Lat": "0", "Lon": "0", "Confirmed": 18345, "Deaths": 365, "Recovered": 14000, "Active": 3980, "Date": "2020-11-11T00:00:00Z"}, {"Country": "Finland", "CountryCode": "", "Province": "", "City": "", "CityCode": "", "Lat": "0", "Lon": "0", "Confirmed": 18542, "Deaths": 365, "Recovered": 14000, "Active": 4177, "Date": "2020-11-12T00:00:00Z"}, {"Country": "Finland", "CountryCode": "", "Province": "", "City": "", "CityCode": "", "Lat": "0", "Lon": "0", "Confirmed": 18858, "Deaths": 369, "Recovered": 14000, "Active": 4489, "Date": "2020-11-13T00:00:00Z"}, {"Country": "Finland", "CountryCode": "", "Province": "", "City": "", "CityCode": "", "Lat": "0", "Lon": "0", "Confirmed": 19102, "Deaths": 369, "Recovered": 14000, "Active": 4733, "Date": "2020-11-14T00:00:00Z"}, {"Country": "Finland", "CountryCode": "", "Province": "", "City": "", "CityCode": "", "Lat": "0", "Lon": "0", "Confirmed": 19315, "Deaths": 369, "Recovered": 14000, "Active": 4946, "Date": "2020-11-15T00:00:00Z"}, {"Country": "Finland", "CountryCode": "", "Province": "", "City": "", "CityCode": "", "Lat": "0", "Lon": "0", "Confirmed": 19419, "Deaths": 371, "Recovered": 14000, "Active": 5048, "Date": "2020-11-16T00:00:00Z"}, {"Country": "Finland", "CountryCode": "", "Province": "", "City": "", "CityCode": "", "Lat": "0", "Lon": "0", "Confirmed": 19647, "Deaths": 371, "Recovered": 14000, "Active": 5276, "Date": "2020-11-17T00:00:00Z"}, {"Country": "Finland", "CountryCode": "", "Province": "", "City": "", "CityCode": "", "Lat": "0", "Lon": "0", "Confirmed": 19935, "Deaths": 374, "Recovered": 15300, "Active": 4261, "Date": "2020-11-18T00:00:00Z"}, {"Country": "Finland", "CountryCode": "", "Province": "", "City": "", "CityCode": "", "Lat": "0", "Lon": "0", "Confirmed": 20286, "Deaths": 374, "Recovered": 15300, "Active": 4612, "Date": "2020-11-19T00:00:00Z"}, {"Country": "Finland", "CountryCode": "", "Province": "", "City": "", "CityCode": "", "Lat": "0", "Lon": "0", "Confirmed": 20747, "Deaths": 375, "Recovered": 15300, "Active": 5072, "Date": "2020-11-20T00:00:00Z"}, {"Country": "Finland", "CountryCode": "", "Province": "", "City": "", "CityCode": "", "Lat": "0", "Lon": "0", "Confirmed": 21216, "Deaths": 375, "Recovered": 15300, "Active": 5541, "Date": "2020-11-21T00:00:00Z"}, {"Country": "Finland", "CountryCode": "", "Province": "", "City": "", "CityCode": "", "Lat": "0", "Lon": "0", "Confirmed": 21639, "Deaths": 375, "Recovered": 15300, "Active": 5964, "Date": "2020-11-22T00:00:00Z"}, {"Country": "Finland", "CountryCode": "", "Province": "", "City": "", "CityCode": "", "Lat": "0", "Lon": "0", "Confirmed": 21936, "Deaths": 384, "Recovered": 15300, "Active": 6252, "Date": "2020-11-23T00:00:00Z"}, {"Country": "Finland", "CountryCode": "", "Province": "", "City": "", "CityCode": "", "Lat": "0", "Lon": "0", "Confirmed": 22289, "Deaths": 384, "Recovered": 15300, "Active": 6605, "Date": "2020-11-24T00:00:00Z"}, {"Country": "Finland", "CountryCode": "", "Province": "", "City": "", "CityCode": "", "Lat": "0", "Lon": "0", "Confirmed": 22652, "Deaths": 388, "Recovered": 16800, "Active": 5464, "Date": "2020-11-25T00:00:00Z"}, {"Country": "Finland", "CountryCode": "", "Province": "", "City": "", "CityCode": "", "Lat": "0", "Lon": "0", "Confirmed": 23148, "Deaths": 388, "Recovered": 16800, "Active": 5960, "Date": "2020-11-26T00:00:00Z"}, {"Country": "Finland", "CountryCode": "", "Province": "", "City": "", "CityCode": "", "Lat": "0", "Lon": "0", "Confirmed": 23766, "Deaths": 393, "Recovered": 16800, "Active": 6573, "Date": "2020-11-27T00:00:00Z"}, {"Country": "Finland", "CountryCode": "", "Province": "", "City": "", "CityCode": "", "Lat": "0", "Lon": "0", "Confirmed": 24307, "Deaths": 393, "Recovered": 16800, "Active": 7114, "Date": "2020-11-28T00:00:00Z"}, {"Country": "Finland", "CountryCode": "", "Province": "", "City": "", "CityCode": "", "Lat": "0", "Lon": "0", "Confirmed": 24629, "Deaths": 393, "Recovered": 16800, "Active": 7436, "Date": "2020-11-29T00:00:00Z"}, {"Country": "Finland", "CountryCode": "", "Province": "", "City": "", "CityCode": "", "Lat": "0", "Lon": "0", "Confirmed": 24912, "Deaths": 399, "Recovered": 16800, "Active": 7713, "Date": "2020-11-30T00:00:00Z"}, {"Country": "Finland", "CountryCode": "", "Province": "", "City": "", "CityCode": "", "Lat": "0", "Lon": "0", "Confirmed": 25462, "Deaths": 399, "Recovered": 16800, "Active": 8263, "Date": "2020-12-01T00:00:00Z"}, {"Country": "Finland", "CountryCode": "", "Province": "", "City": "", "CityCode": "", "Lat": "0", "Lon": "0", "Confirmed": 25882, "Deaths": 408, "Recovered": 18100, "Active": 7374, "Date": "2020-12-02T00:00:00Z"}, {"Country": "Finland", "CountryCode": "", "Province": "", "City": "", "CityCode": "", "Lat": "0", "Lon": "0", "Confirmed": 26422, "Deaths": 408, "Recovered": 18100, "Active": 7914, "Date": "2020-12-03T00:00:00Z"}, {"Country": "Finland", "CountryCode": "", "Province": "", "City": "", "CityCode": "", "Lat": "0", "Lon": "0", "Confirmed": 26758, "Deaths": 408, "Recovered": 18100, "Active": 8250, "Date": "2020-12-04T00:00:00Z"}, {"Country": "Finland", "CountryCode": "", "Province": "", "City": "", "CityCode": "", "Lat": "0", "Lon": "0", "Confirmed": 27218, "Deaths": 415, "Recovered": 18100, "Active": 8703, "Date": "2020-12-05T00:00:00Z"}, {"Country": "Finland", "CountryCode": "", "Province": "", "City": "", "CityCode": "", "Lat": "0", "Lon": "0", "Confirmed": 27631, "Deaths": 415, "Recovered": 18100, "Active": 9116, "Date": "2020-12-06T00:00:00Z"}, {"Country": "Finland", "CountryCode": "", "Province": "", "City": "", "CityCode": "", "Lat": "0", "Lon": "0", "Confirmed": 27881, "Deaths": 424, "Recovered": 18100, "Active": 9357, "Date": "2020-12-07T00:00:00Z"}, {"Country": "Finland", "CountryCode": "", "Province": "", "City": "", "CityCode": "", "Lat": "0", "Lon": "0", "Confirmed": 28242, "Deaths": 424, "Recovered": 18100, "Active": 9718, "Date": "2020-12-08T00:00:00Z"}, {"Country": "Finland", "CountryCode": "", "Province": "", "City": "", "CityCode": "", "Lat": "0", "Lon": "0", "Confirmed": 28732, "Deaths": 433, "Recovered": 18100, "Active": 10199, "Date": "2020-12-09T00:00:00Z"}, {"Country": "Finland", "CountryCode": "", "Province": "", "City": "", "CityCode": "", "Lat": "0", "Lon": "0", "Confirmed": 29572, "Deaths": 442, "Recovered": 20000, "Active": 9130, "Date": "2020-12-10T00:00:00Z"}, {"Country": "Finland", "CountryCode": "", "Province": "", "City": "", "CityCode": "", "Lat": "0", "Lon": "0", "Confirmed": 30073, "Deaths": 453, "Recovered": 20000, "Active": 9620, "Date": "2020-12-11T00:00:00Z"}, {"Country": "Finland", "CountryCode": "", "Province": "", "City": "", "CityCode": "", "Lat": "0", "Lon": "0", "Confirmed": 30450, "Deaths": 453, "Recovered": 20000, "Active": 9997, "Date": "2020-12-12T00:00:00Z"}, {"Country": "Finland", "CountryCode": "", "Province": "", "City": "", "CityCode": "", "Lat": "0", "Lon": "0", "Confirmed": 30810, "Deaths": 453, "Recovered": 20000, "Active": 10357, "Date": "2020-12-13T00:00:00Z"}, {"Country": "Finland", "CountryCode": "", "Province": "", "City": "", "CityCode": "", "Lat": "0", "Lon": "0", "Confirmed": 31110, "Deaths": 461, "Recovered": 20000, "Active": 10649, "Date": "2020-12-14T00:00:00Z"}, {"Country": "Finland", "CountryCode": "", "Province": "", "City": "", "CityCode": "", "Lat": "0", "Lon": "0", "Confirmed": 31459, "Deaths": 466, "Recovered": 20000, "Active": 10993, "Date": "2020-12-15T00:00:00Z"}, {"Country": "Finland", "CountryCode": "", "Province": "", "City": "", "CityCode": "", "Lat": "0", "Lon": "0", "Confirmed": 31870, "Deaths": 472, "Recovered": 22500, "Active": 8898, "Date": "2020-12-16T00:00:00Z"}, {"Country": "Finland", "CountryCode": "", "Province": "", "City": "", "CityCode": "", "Lat": "0", "Lon": "0", "Confirmed": 32228, "Deaths": 484, "Recovered": 22500, "Active": 9244, "Date": "2020-12-17T00:00:00Z"}, {"Country": "Finland", "CountryCode": "", "Province": "", "City": "", "CityCode": "", "Lat": "0", "Lon": "0", "Confirmed": 32582, "Deaths": 489, "Recovered": 22500, "Active": 9593, "Date": "2020-12-18T00:00:00Z"}, {"Country": "Finland", "CountryCode": "", "Province": "", "City": "", "CityCode": "", "Lat": "0", "Lon": "0", "Confirmed": 32853, "Deaths": 489, "Recovered": 22500, "Active": 9864, "Date": "2020-12-19T00:00:00Z"}, {"Country": "Finland", "CountryCode": "", "Province": "", "City": "", "CityCode": "", "Lat": "0", "Lon": "0", "Confirmed": 33162, "Deaths": 489, "Recovered": 22500, "Active": 10173, "Date": "2020-12-20T00:00:00Z"}, {"Country": "Finland", "CountryCode": "", "Province": "", "City": "", "CityCode": "", "Lat": "0", "Lon": "0", "Confirmed": 33414, "Deaths": 506, "Recovered": 22500, "Active": 10408, "Date": "2020-12-21T00:00:00Z"}, {"Country": "Finland", "CountryCode": "", "Province": "", "City": "", "CityCode": "", "Lat": "0", "Lon": "0", "Confirmed": 33717, "Deaths": 511, "Recovered": 22500, "Active": 10706, "Date": "2020-12-22T00:00:00Z"}, {"Country": "Finland", "CountryCode": "", "Province": "", "City": "", "CityCode": "", "Lat": "0", "Lon": "0", "Confirmed": 34084, "Deaths": 524, "Recovered": 26000, "Active": 7560, "Date": "2020-12-23T00:00:00Z"}, {"Country": "Finland", "CountryCode": "", "Province": "", "City": "", "CityCode": "", "Lat": "0", "Lon": "0", "Confirmed": 34447, "Deaths": 524, "Recovered": 26000, "Active": 7923, "Date": "2020-12-24T00:00:00Z"}, {"Country": "Finland", "CountryCode": "", "Province": "", "City": "", "CityCode": "", "Lat": "0", "Lon": "0", "Confirmed": 34648, "Deaths": 524, "Recovered": 26000, "Active": 8124, "Date": "2020-12-25T00:00:00Z"}, {"Country": "Finland", "CountryCode": "", "Province": "", "City": "", "CityCode": "", "Lat": "0", "Lon": "0", "Confirmed": 34821, "Deaths": 524, "Recovered": 26000, "Active": 8297, "Date": "2020-12-26T00:00:00Z"}, {"Country": "Finland", "CountryCode": "", "Province": "", "City": "", "CityCode": "", "Lat": "0", "Lon": "0", "Confirmed": 34977, "Deaths": 524, "Recovered": 26000, "Active": 8453, "Date": "2020-12-27T00:00:00Z"}, {"Country": "Finland", "CountryCode": "", "Province": "", "City": "", "CityCode": "", "Lat": "0", "Lon": "0", "Confirmed": 35137, "Deaths": 546, "Recovered": 26000, "Active": 8591, "Date": "2020-12-28T00:00:00Z"}, {"Country": "Finland", "CountryCode": "", "Province": "", "City": "", "CityCode": "", "Lat": "0", "Lon": "0", "Confirmed": 35420, "Deaths": 550, "Recovered": 26000, "Active": 8870, "Date": "2020-12-29T00:00:00Z"}, {"Country": "Finland", "CountryCode": "", "Province": "", "City": "", "CityCode": "", "Lat": "0", "Lon": "0", "Confirmed": 35858, "Deaths": 556, "Recovered": 29000, "Active": 6302, "Date": "2020-12-30T00:00:00Z"}, {"Country": "Finland", "CountryCode": "", "Province": "", "City": "", "CityCode": "", "Lat": "0", "Lon": "0", "Confirmed": 36107, "Deaths": 561, "Recovered": 29000, "Active": 6546, "Date": "2020-12-31T00:00:00Z"}, {"Country": "Finland", "CountryCode": "", "Province": "", "City": "", "CityCode": "", "Lat": "0", "Lon": "0", "Confirmed": 36403, "Deaths": 561, "Recovered": 29000, "Active": 6842, "Date": "2021-01-01T00:00:00Z"}, {"Country": "Finland", "CountryCode": "", "Province": "", "City": "", "CityCode": "", "Lat": "0", "Lon": "0", "Confirmed": 36604, "Deaths": 561, "Recovered": 29000, "Active": 7043, "Date": "2021-01-02T00:00:00Z"}, {"Country": "Finland", "CountryCode": "", "Province": "", "City": "", "CityCode": "", "Lat": "0", "Lon": "0", "Confirmed": 36772, "Deaths": 561, "Recovered": 29000, "Active": 7211, "Date": "2021-01-03T00:00:00Z"}, {"Country": "Finland", "CountryCode": "", "Province": "", "City": "", "CityCode": "", "Lat": "0", "Lon": "0", "Confirmed": 36919, "Deaths": 565, "Recovered": 29000, "Active": 7354, "Date": "2021-01-04T00:00:00Z"}, {"Country": "Finland", "CountryCode": "", "Province": "", "City": "", "CityCode": "", "Lat": "0", "Lon": "0", "Confirmed": 37218, "Deaths": 576, "Recovered": 31000, "Active": 5642, "Date": "2021-01-05T00:00:00Z"}, {"Country": "Finland", "CountryCode": "", "Province": "", "City": "", "CityCode": "", "Lat": "0", "Lon": "0", "Confirmed": 37549, "Deaths": 576, "Recovered": 31000, "Active": 5973, "Date": "2021-01-06T00:00:00Z"}, {"Country": "Finland", "CountryCode": "", "Province": "", "City": "", "CityCode": "", "Lat": "0", "Lon": "0", "Confirmed": 37772, "Deaths": 584, "Recovered": 31000, "Active": 6188, "Date": "2021-01-07T00:00:00Z"}, {"Country": "Finland", "CountryCode": "", "Province": "", "City": "", "CityCode": "", "Lat": "0", "Lon": "0", "Confirmed": 38068, "Deaths": 586, "Recovered": 31000, "Active": 6482, "Date": "2021-01-08T00:00:00Z"}, {"Country": "Finland", "CountryCode": "", "Province": "", "City": "", "CityCode": "", "Lat": "0", "Lon": "0", "Confirmed": 38392, "Deaths": 586, "Recovered": 31000, "Active": 6806, "Date": "2021-01-09T00:00:00Z"}, {"Country": "Finland", "CountryCode": "", "Province": "", "City": "", "CityCode": "", "Lat": "0", "Lon": "0", "Confirmed": 38590, "Deaths": 586, "Recovered": 31000, "Active": 7004, "Date": "2021-01-10T00:00:00Z"}, {"Country": "Finland", "CountryCode": "", "Province": "", "City": "", "CityCode": "", "Lat": "0", "Lon": "0", "Confirmed": 38790, "Deaths": 597, "Recovered": 31000, "Active": 7193, "Date": "2021-01-11T00:00:00Z"}, {"Country": "Finland", "CountryCode": "", "Province": "", "City": "", "CityCode": "", "Lat": "0", "Lon": "0", "Confirmed": 39011, "Deaths": 602, "Recovered": 31000, "Active": 7409, "Date": "2021-01-12T00:00:00Z"}, {"Country": "Finland", "CountryCode": "", "Province": "", "City": "", "CityCode": "", "Lat": "0", "Lon": "0", "Confirmed": 39335, "Deaths": 602, "Recovered": 31000, "Active": 7733, "Date": "2021-01-13T00:00:00Z"}, {"Country": "Finland", "CountryCode": "", "Province": "", "City": "", "CityCode": "", "Lat": "0", "Lon": "0", "Confirmed": 39593, "Deaths": 616, "Recovered": 31000, "Active": 7977, "Date": "2021-01-14T00:00:00Z"}, {"Country": "Finland", "CountryCode": "", "Province": "", "City": "", "CityCode": "", "Lat": "0", "Lon": "0", "Confirmed": 39911, "Deaths": 618, "Recovered": 31000, "Active": 8293, "Date": "2021-01-15T00:00:00Z"}, {"Country": "Finland", "CountryCode": "", "Province": "", "City": "", "CityCode": "", "Lat": "0", "Lon": "0", "Confirmed": 40101, "Deaths": 618, "Recovered": 31000, "Active": 8483, "Date": "2021-01-16T00:00:00Z"}, {"Country": "Finland", "CountryCode": "", "Province": "", "City": "", "CityCode": "", "Lat": "0", "Lon": "0", "Confirmed": 40337, "Deaths": 618, "Recovered": 31000, "Active": 8719, "Date": "2021-01-17T00:00:00Z"}, {"Country": "Finland", "CountryCode": "", "Province": "", "City": "", "CityCode": "", "Lat": "0", "Lon": "0", "Confirmed": 40505, "Deaths": 618, "Recovered": 31000, "Active": 8887, "Date": "2021-01-18T00:00:00Z"}, {"Country": "Finland", "CountryCode": "", "Province": "", "City": "", "CityCode": "", "Lat": "0", "Lon": "0", "Confirmed": 40722, "Deaths": 621, "Recovered": 31000, "Active": 9101, "Date": "2021-01-19T00:00:00Z"}, {"Country": "Finland", "CountryCode": "", "Province": "", "City": "", "CityCode": "", "Lat": "0", "Lon": "0", "Confirmed": 41166, "Deaths": 632, "Recovered": 31000, "Active": 9534, "Date": "2021-01-20T00:00:00Z"}, {"Country": "Finland", "CountryCode": "", "Province": "", "City": "", "CityCode": "", "Lat": "0", "Lon": "0", "Confirmed": 41565, "Deaths": 632, "Recovered": 31000, "Active": 9933, "Date": "2021-01-21T00:00:00Z"}, {"Country": "Finland", "CountryCode": "", "Province": "", "City": "", "CityCode": "", "Lat": "0", "Lon": "0", "Confirmed": 41915, "Deaths": 644, "Recovered": 31000, "Active": 10271, "Date": "2021-01-22T00:00:00Z"}, {"Country": "Finland", "CountryCode": "", "Province": "", "City": "", "CityCode": "", "Lat": "0", "Lon": "0", "Confirmed": 42334, "Deaths": 644, "Recovered": 31000, "Active": 10690, "Date": "2021-01-23T00:00:00Z"}, {"Country": "Finland", "CountryCode": "", "Province": "", "City": "", "CityCode": "", "Lat": "0", "Lon": "0", "Confirmed": 42580, "Deaths": 644, "Recovered": 31000, "Active": 10936, "Date": "2021-01-24T00:00:00Z"}, {"Country": "Finland", "CountryCode": "", "Province": "", "City": "", "CityCode": "", "Lat": "0", "Lon": "0", "Confirmed": 42772, "Deaths": 655, "Recovered": 31000, "Active": 11117, "Date": "2021-01-25T00:00:00Z"}, {"Country": "Finland", "CountryCode": "", "Province": "", "City": "", "CityCode": "", "Lat": "0", "Lon": "0", "Confirmed": 43120, "Deaths": 655, "Recovered": 31000, "Active": 11465, "Date": "2021-01-26T00:00:00Z"}, {"Country": "Finland", "CountryCode": "", "Province": "", "City": "", "CityCode": "", "Lat": "0", "Lon": "0", "Confirmed": 43616, "Deaths": 660, "Recovered": 31000, "Active": 11956, "Date": "2021-01-27T00:00:00Z"}, {"Country": "Finland", "CountryCode": "", "Province": "", "City": "", "CityCode": "", "Lat": "0", "Lon": "0", "Confirmed": 44039, "Deaths": 664, "Recovered": 31000, "Active": 12375, "Date": "2021-01-28T00:00:00Z"}, {"Country": "Finland", "CountryCode": "", "Province": "", "City": "", "CityCode": "", "Lat": "0", "Lon": "0", "Confirmed": 44402, "Deaths": 671, "Recovered": 31000, "Active": 12731, "Date": "2021-01-29T00:00:00Z"}, {"Country": "Finland", "CountryCode": "", "Province": "", "City": "", "CityCode": "", "Lat": "0", "Lon": "0", "Confirmed": 44871, "Deaths": 671, "Recovered": 31000, "Active": 13200, "Date": "2021-01-30T00:00:00Z"}, {"Country": "Finland", "CountryCode": "", "Province": "", "City": "", "CityCode": "", "Lat": "0", "Lon": "0", "Confirmed": 45238, "Deaths": 671, "Recovered": 31000, "Active": 13567, "Date": "2021-01-31T00:00:00Z"}, {"Country": "Finland", "CountryCode": "", "Province": "", "City": "", "CityCode": "", "Lat": "0", "Lon": "0", "Confirmed": 45482, "Deaths": 677, "Recovered": 31000, "Active": 13805, "Date": "2021-02-01T00:00:00Z"}, {"Country": "Finland", "CountryCode": "", "Province": "", "City": "", "CityCode": "", "Lat": "0", "Lon": "0", "Confirmed": 45784, "Deaths": 684, "Recovered": 31000, "Active": 14100, "Date": "2021-02-02T00:00:00Z"}, {"Country": "Finland", "CountryCode": "", "Province": "", "City": "", "CityCode": "", "Lat": "0", "Lon": "0", "Confirmed": 46049, "Deaths": 685, "Recovered": 31000, "Active": 14364, "Date": "2021-02-03T00:00:00Z"}, {"Country": "Finland", "CountryCode": "", "Province": "", "City": "", "CityCode": "", "Lat": "0", "Lon": "0", "Confirmed": 46493, "Deaths": 688, "Recovered": 31000, "Active": 14805, "Date": "2021-02-04T00:00:00Z"}, {"Country": "Finland", "CountryCode": "", "Province": "", "City": "", "CityCode": "", "Lat": "0", "Lon": "0", "Confirmed": 46894, "Deaths": 688, "Recovered": 31000, "Active": 15206, "Date": "2021-02-05T00:00:00Z"}, {"Country": "Finland", "CountryCode": "", "Province": "", "City": "", "CityCode": "", "Lat": "0", "Lon": "0", "Confirmed": 47262, "Deaths": 688, "Recovered": 31000, "Active": 15574, "Date": "2021-02-06T00:00:00Z"}, {"Country": "Finland", "CountryCode": "", "Province": "", "City": "", "CityCode": "", "Lat": "0", "Lon": "0", "Confirmed": 47616, "Deaths": 688, "Recovered": 31000, "Active": 15928, "Date": "2021-02-07T00:00:00Z"}, {"Country": "Finland", "CountryCode": "", "Province": "", "City": "", "CityCode": "", "Lat": "0", "Lon": "0", "Confirmed": 47969, "Deaths": 688, "Recovered": 31000, "Active": 16281, "Date": "2021-02-08T00:00:00Z"}, {"Country": "Finland", "CountryCode": "", "Province": "", "City": "", "CityCode": "", "Lat": "0", "Lon": "0", "Confirmed": 48407, "Deaths": 703, "Recovered": 31000, "Active": 16704, "Date": "2021-02-09T00:00:00Z"}, {"Country": "Finland", "CountryCode": "", "Province": "", "City": "", "CityCode": "", "Lat": "0", "Lon": "0", "Confirmed": 48807, "Deaths": 703, "Recovered": 31000, "Active": 17104, "Date": "2021-02-10T00:00:00Z"}, {"Country": "Finland", "CountryCode": "", "Province": "", "City": "", "CityCode": "", "Lat": "0", "Lon": "0", "Confirmed": 49165, "Deaths": 708, "Recovered": 40000, "Active": 8457, "Date": "2021-02-11T00:00:00Z"}, {"Country": "Finland", "CountryCode": "", "Province": "", "City": "", "CityCode": "", "Lat": "0", "Lon": "0", "Confirmed": 49572, "Deaths": 710, "Recovered": 40000, "Active": 8862, "Date": "2021-02-12T00:00:00Z"}, {"Country": "Finland", "CountryCode": "", "Province": "", "City": "", "CityCode": "", "Lat": "0", "Lon": "0", "Confirmed": 50007, "Deaths": 710, "Recovered": 40000, "Active": 9297, "Date": "2021-02-13T00:00:00Z"}, {"Country": "Finland", "CountryCode": "", "Province": "", "City": "", "CityCode": "", "Lat": "0", "Lon": "0", "Confirmed": 50319, "Deaths": 710, "Recovered": 40000, "Active": 9609, "Date": "2021-02-14T00:00:00Z"}, {"Country": "Finland", "CountryCode": "", "Province": "", "City": "", "CityCode": "", "Lat": "0", "Lon": "0", "Confirmed": 50662, "Deaths": 716, "Recovered": 40000, "Active": 9946, "Date": "2021-02-15T00:00:00Z"}, {"Country": "Finland", "CountryCode": "", "Province": "", "City": "", "CityCode": "", "Lat": "0", "Lon": "0", "Confirmed": 51047, "Deaths": 720, "Recovered": 40000, "Active": 10327, "Date": "2021-02-16T00:00:00Z"}, {"Country": "Finland", "CountryCode": "", "Province": "", "City": "", "CityCode": "", "Lat": "0", "Lon": "0", "Confirmed": 51595, "Deaths": 723, "Recovered": 40000, "Active": 10872, "Date": "2021-02-17T00:00:00Z"}, {"Country": "Finland", "CountryCode": "", "Province": "", "City": "", "CityCode": "", "Lat": "0", "Lon": "0", "Confirmed": 52209, "Deaths": 725, "Recovered": 40000, "Active": 11484, "Date": "2021-02-18T00:00:00Z"}, {"Country": "Finland", "CountryCode": "", "Province": "", "City": "", "CityCode": "", "Lat": "0", "Lon": "0", "Confirmed": 52653, "Deaths": 725, "Recovered": 40000, "Active": 11928, "Date": "2021-02-19T00:00:00Z"}, {"Country": "Finland", "CountryCode": "", "Province": "", "City": "", "CityCode": "", "Lat": "0", "Lon": "0", "Confirmed": 53285, "Deaths": 726, "Recovered": 40000, "Active": 12559, "Date": "2021-02-20T00:00:00Z"}, {"Country": "Finland", "CountryCode": "", "Province": "", "City": "", "CityCode": "", "Lat": "0", "Lon": "0", "Confirmed": 53742, "Deaths": 726, "Recovered": 40000, "Active": 13016, "Date": "2021-02-21T00:00:00Z"}, {"Country": "Finland", "CountryCode": "", "Province": "", "City": "", "CityCode": "", "Lat": "0", "Lon": "0", "Confirmed": 54132, "Deaths": 733, "Recovered": 40000, "Active": 13399, "Date": "2021-02-22T00:00:00Z"}, {"Country": "Finland", "CountryCode": "", "Province": "", "City": "", "CityCode": "", "Lat": "0", "Lon": "0", "Confirmed": 54532, "Deaths": 734, "Recovered": 40000, "Active": 13798, "Date": "2021-02-23T00:00:00Z"}, {"Country": "Finland", "CountryCode": "", "Province": "", "City": "", "CityCode": "", "Lat": "0", "Lon": "0", "Confirmed": 55122, "Deaths": 737, "Recovered": 40000, "Active": 14385, "Date": "2021-02-24T00:00:00Z"}, {"Country": "Finland", "CountryCode": "", "Province": "", "City": "", "CityCode": "", "Lat": "0", "Lon": "0", "Confirmed": 55687, "Deaths": 740, "Recovered": 40000, "Active": 14947, "Date": "2021-02-25T00:00:00Z"}, {"Country": "Finland", "CountryCode": "", "Province": "", "City": "", "CityCode": "", "Lat": "0", "Lon": "0", "Confirmed": 56407, "Deaths": 742, "Recovered": 40000, "Active": 15665, "Date": "2021-02-26T00:00:00Z"}, {"Country": "Finland", "CountryCode": "", "Province": "", "City": "", "CityCode": "", "Lat": "0", "Lon": "0", "Confirmed": 57052, "Deaths": 742, "Recovered": 46000, "Active": 10310, "Date": "2021-02-27T00:00:00Z"}, {"Country": "Finland", "CountryCode": "", "Province": "", "City": "", "CityCode": "", "Lat": "0", "Lon": "0", "Confirmed": 57672, "Deaths": 742, "Recovered": 46000, "Active": 10930, "Date": "2021-02-28T00:00:00Z"}, {"Country": "Finland", "CountryCode": "", "Province": "", "City": "", "CityCode": "", "Lat": "0", "Lon": "0", "Confirmed": 58064, "Deaths": 750, "Recovered": 46000, "Active": 11314, "Date": "2021-03-01T00:00:00Z"}, {"Country": "Finland", "CountryCode": "", "Province": "", "City": "", "CityCode": "", "Lat": "0", "Lon": "0", "Confirmed": 58645, "Deaths": 755, "Recovered": 46000, "Active": 11890, "Date": "2021-03-02T00:00:00Z"}, {"Country": "Finland", "CountryCode": "", "Province": "", "City": "", "CityCode": "", "Lat": "0", "Lon": "0", "Confirmed": 59442, "Deaths": 759, "Recovered": 46000, "Active": 12683, "Date": "2021-03-03T00:00:00Z"}, {"Country": "Finland", "CountryCode": "", "Province": "", "City": "", "CityCode": "", "Lat": "0", "Lon": "0", "Confirmed": 60200, "Deaths": 764, "Recovered": 46000, "Active": 13436, "Date": "2021-03-04T00:00:00Z"}, {"Country": "Finland", "CountryCode": "", "Province": "", "City": "", "CityCode": "", "Lat": "0", "Lon": "0", "Confirmed": 60904, "Deaths": 767, "Recovered": 46000, "Active": 14137, "Date": "2021-03-05T00:00:00Z"}, {"Country": "Finland", "CountryCode": "", "Province": "", "City": "", "CityCode": "", "Lat": "0", "Lon": "0", "Confirmed": 61552, "Deaths": 767, "Recovered": 46000, "Active": 14785, "Date": "2021-03-06T00:00:00Z"}, {"Country": "Finland", "CountryCode": "", "Province": "", "City": "", "CityCode": "", "Lat": "0", "Lon": "0", "Confirmed": 62063, "Deaths": 767, "Recovered": 46000, "Active": 61296, "Date": "2021-03-07T00:00:00Z"}, {"Country": "Finland", "CountryCode": "", "Province": "", "City": "", "CityCode": "", "Lat": "0", "Lon": "0", "Confirmed": 62522, "Deaths": 774, "Recovered": 46000, "Active": 15748, "Date": "2021-03-08T00:00:00Z"}, {"Country": "Finland", "CountryCode": "", "Province": "", "City": "", "CityCode": "", "Lat": "0", "Lon": "0", "Confirmed": 63110, "Deaths": 776, "Recovered": 46000, "Active": 16334, "Date": "2021-03-09T00:00:00Z"}, {"Country": "Finland", "CountryCode": "", "Province": "", "City": "", "CityCode": "", "Lat": "0", "Lon": "0", "Confirmed": 63889, "Deaths": 776, "Recovered": 46000, "Active": 17113, "Date": "2021-03-10T00:00:00Z"}, {"Country": "Finland", "CountryCode": "", "Province": "", "City": "", "CityCode": "", "Lat": "0", "Lon": "0", "Confirmed": 64609, "Deaths": 776, "Recovered": 46000, "Active": 17833, "Date": "2021-03-11T00:00:00Z"}, {"Country": "Finland", "CountryCode": "", "Province": "", "City": "", "CityCode": "", "Lat": "0", "Lon": "0", "Confirmed": 65315, "Deaths": 786, "Recovered": 46000, "Active": 18529, "Date": "2021-03-12T00:00:00Z"}, {"Country": "Finland", "CountryCode": "", "Province": "", "City": "", "CityCode": "", "Lat": "0", "Lon": "0", "Confirmed": 66006, "Deaths": 786, "Recovered": 46000, "Active": 19220, "Date": "2021-03-13T00:00:00Z"}]