[{"Country": "France", "CountryCode": "", "Province": "", "City": "", "CityCode": "", "Lat": "0", "Lon": "0", "Confirmed": 2, "Deaths": 0, "Recovered": 0, "Active": 2, "Date": "2020-01-24T00:00:00Z"}, {"Country": "France", "CountryCode": "", "Province": "", "City": "", "CityCode": "", "Lat": "0", "Lon": "0", "Confirmed": 3, "Deaths": 0, "Recovered": 0, "Active": 3, "Date": "2020-01-25T00:00:00Z"}, {"Country": "France", "CountryCode": "", "Province": "", "City": "", "CityCode": "", "Lat": "0", "Lon": "0", "Confirmed": 3, "Deaths": 0, "Recovered": 0, "Active": 3, "Date": "2020-01-26T00:00:00Z"}, {"Country": "France", "CountryCode": "", "Province": "", "City": "", "CityCode": "", "Lat": "0", "Lon": "0", "Confirmed": 3, "Deaths": 0, "Recovered": 0, "Active": 3, "Date": "2020-01-27T00:00:00Z"}, {"Country": "France", "CountryCode": "", "Province": "", "City": "", "CityCode": "", "Lat": "0", "Lon": "0", "Confirmed": 4, "Deaths": 0, "Recovered": 0, "Active": 4, "Date": "2020-01-28T00:00:00Z"}, {"Country": "France", "CountryCode": "", "Province": "", "City": "", "CityCode": "", "Lat": "0", "Lon": "0", "Confirmed": 5, "Deaths": 0, "Recovered": 0, "Active": 5, "Date": "2020-01-29T00:00:00Z"}, {"Country": "France", "CountryCode": "", "Province": "", "City": "", "CityCode": "", "Lat": "0", "Lon": "0", "Confirmed": 5, "Deaths": 0, "Recovered": 0, "Active": 5, "Date": "2020-01-30T00:00:00Z"}, {"Country": "France", "CountryCode": "", "Province": "", "City": "", "CityCode": "", "Lat": "0", "Lon": "0", "Confirmed": 5, "Deaths": 0, "Recovered": 0, "Active": 5, "Date": "2020-01-31T00:00:00Z"}, {"Country": "France", "CountryCode": "", "Province": "", "City": "", "CityCode": "", "Lat": "0", "Lon": "0", "Confirmed": 6, "Deaths": 0, "Recovered": 0, "Active": 6, "Date": "2020-02-01T00:00:00Z"}, {"Country": "France", "CountryCode": "", "Province": "", "City": "", "CityCode": "", "Lat": "0", "Lon": "0", "Confirmed": 6, "Deaths": 0, "Recovered": 0, "Active": 6, "Date": "2020-02-02T00:00:00Z"}, {"Country": "France", "CountryCode": "", "Province": "", "City": "", "CityCode": "", "Lat": "0", "Lon": "0", "Confirmed": 6, "Deaths": 0, "Recovered": 0, "Active": 6, "Date": "2020-02-03T00:00:00Z"}, {"Country": "France", "CountryCode": "", "Province": "", "City": "", "CityCode": "", "Lat": "0", "Lon": "0", "Confirmed": 6, "Deaths": 0, "Recovered": 0, "Active": 6, "Date": "2020-02-04T00:00:00Z"}, {"Country": "France", "CountryCode": "", "Province": "", "City": "", "CityCode": "", "Lat": "0", "Lon": "0", "Confirmed": 6, "Deaths": 0, "Recovered": 0, "Active": 6, "Date": "2020-02-05T00:00:00Z"}, {"Country": "France", "CountryCode": "", "Province": "", "City": "", "CityCode": "", "Lat": "0", "Lon": "0", "Confirmed": 6, "Deaths": 0, "Recovered": 0, "Active": 6, "Date": "2020-02-06T00:00:00Z"}, {"Country": "France", "CountryCode": "", "Province": "", "City": "", "CityCode": "", "Lat": "0", "Lon": "0", "Confirmed": 6, "Deaths": 0, "Recovered": 0, "Active": 6, "Date": "2020-02-07T00:00:00Z"}, {"Country": "France", "CountryCode": "", "Province": "", "City": "", "CityCode": "", "Lat": "0", "Lon": "0", "Confirmed": 11, "Deaths": 0, "Recovered": 0, "Active": 11, "Date": "2020-02-08T00:00:00Z"}, {"Country": "France", "CountryCode": "", "Province": "", "City": "", "CityCode": "", "Lat": "0", "Lon": "0", "Confirmed": 11, "Deaths": 0, "Recovered": 0, "Active": 11, "Date": "2020-02-09T00:00:00Z"}, {"Country": "France", "CountryCode": "", "Province": "", "City": "", "CityCode": "", "Lat": "0", "Lon": "0", "Confirmed": 11, "Deaths": 0, "Recovered": 0, "Active": 11, "Date": "2020-02-10T00:00:00Z"}, {"Country": "France", "CountryCode": "", "Province": "", "City": "", "CityCode": "", "Lat": "0", "Lon": "0", "Confirmed": 11, "Deaths": 0, "Recovered": 0, "Active": 11, "Date": "2020-02-11T00:00:00Z"}, {"Country": "France", "CountryCode": "", "Province": "", "City": "", "CityCode": "", "Lat": "0", "Lon": "0", "Confirmed": 11, "Deaths": 0, "Recovered": 2, "Active": 9, "Date": "2020-02-12T00:00:00Z"}, {"Country": "France", "CountryCode": "", "Province": "", "City": "", "CityCode": "", "Lat": "0", "Lon": "0", "Confirmed": 11, "Deaths": 0, "Recovered": 2, "Active": 9, "Date": "2020-02-13T00:00:00Z"}, {"Country": "France", "CountryCode": "", "Province": "", "City": "", "CityCode": "", "Lat": "0", "Lon": "0", "Confirmed": 11, "Deaths": 0, "Recovered": 2, "Active": 9, "Date": "2020-02-14T00:00:00Z"}, {"Country": "France", "CountryCode": "", "Province": "", "City": "", "CityCode": "", "Lat": "0", "Lon": "0", "Confirmed": 12, "Deaths": 1, "Recovered": 4, "Active": 7, "Date": "2020-02-15T00:00:00Z"}, {"Country": "France", "CountryCode": "", "Province": "", "City": "", "CityCode": "", "Lat": "0", "Lon": "0", "Confirmed": 12, "Deaths": 1, "Recovered": 4, "Active": 7, "Date": "2020-02-16T00:00:00Z"}, {"Country": "France", "CountryCode": "", "Province": "", "City": "", "CityCode": "", "Lat": "0", "Lon": "0", "Confirmed": 12, "Deaths": 1, "Recovered": 4, "Active": 7, "Date": "2020-02-17T00:00:00Z"}, {"Country": "France", "CountryCode": "", "Province": "", "City": "", "CityCode": "", "Lat": "0", "Lon": "0", "Confirmed": 12, "Deaths": 1, "Recovered": 4, "Active": 7, "Date": "2020-02-18T00:00:00Z"}, {"Country": "France", "CountryCode": "", "Province": "", "City": "", "CityCode": "", "Lat": "0", "Lon": "0", "Confirmed": 12, "Deaths": 1, "Recovered": 4, "Active": 7, "Date": "2020-02-19T00:00:00Z"}, {"Country": "France", "CountryCode": "", "Province": "", "City": "", "CityCode": "", "Lat": "0", "Lon": "0", "Confirmed": 12, "Deaths": 1, "Recovered": 4, "Active": 7, "Date": "2020-02-20T00:00:00Z"}, {"Country": "France", "CountryCode": "", "Province": "", "City": "", "CityCode": "", "Lat": "0", "Lon": "0", "Confirmed": 12, "Deaths": 1, "Recovered": 4, "Active": 7, "Date": "2020-02-21T00:00:00Z"}, {"Country": "France", "CountryCode": "", "Province": "", "City": "", "CityCode": "", "Lat": "0", "Lon": "0", "Confirmed": 12, "Deaths": 1, "Recovered": 4, "Active": 7, "Date": "2020-02-22T00:00:00Z"}, {"Country": "France", "CountryCode": "", "Province": "", "City": "", "CityCode": "", "Lat": "0", "Lon": "0", "Confirmed": 12, "Deaths": 1, "Recovered": 4, "Active": 7, "Date": "2020-02-23T00:00:00Z"}, {"Country": "France", "CountryCode": "", "Province": "", "City": "", "CityCode": "", "Lat": "0", "Lon": "0", "Confirmed": 12, "Deaths": 1, "Recovered": 4, "Active": 7, "Date": "2020-02-24T00:00:00Z"}, {"Country": "France", "CountryCode": "", "Province": "", "City": "", "CityCode": "", "Lat": "0", "Lon": "0", "Confirmed": 14, "Deaths": 1, "Recovered": 11, "Active": 2, "Date": "2020-02-25T00:00:00Z"}, {"Country": "France", "CountryCode": "", "Province": "", "City": "", "CityCode": "", "Lat": "0", "Lon": "0", "Confirmed": 18, "Deaths": 2, "Recovered": 11, "Active": 5, "Date": "2020-02-26T00:00:00Z"}, {"Country": "France", "CountryCode": "", "Province": "", "City": "", "CityCode": "", "Lat": "0", "Lon": "0", "Confirmed": 38, "Deaths": 2, "Recovered": 11, "Active": 25, "Date": "2020-02-27T00:00:00Z"}, {"Country": "France", "CountryCode": "", "Province": "", "City": "", "CityCode": "", "Lat": "0", "Lon": "0", "Confirmed": 57, "Deaths": 2, "Recovered": 11, "Active": 44, "Date": "2020-02-28T00:00:00Z"}, {"Country": "France", "CountryCode": "", "Province": "", "City": "", "CityCode": "", "Lat": "0", "Lon": "0", "Confirmed": 100, "Deaths": 2, "Recovered": 12, "Active": 86, "Date": "2020-02-29T00:00:00Z"}, {"Country": "France", "CountryCode": "", "Province": "", "City": "", "CityCode": "", "Lat": "0", "Lon": "0", "Confirmed": 130, "Deaths": 2, "Recovered": 12, "Active": 116, "Date": "2020-03-01T00:00:00Z"}, {"Country": "France", "CountryCode": "", "Province": "", "City": "", "CityCode": "", "Lat": "0", "Lon": "0", "Confirmed": 191, "Deaths": 3, "Recovered": 12, "Active": 176, "Date": "2020-03-02T00:00:00Z"}, {"Country": "France", "CountryCode": "", "Province": "", "City": "", "CityCode": "", "Lat": "0", "Lon": "0", "Confirmed": 212, "Deaths": 4, "Recovered": 12, "Active": 196, "Date": "2020-03-03T00:00:00Z"}, {"Country": "France", "CountryCode": "", "Province": "", "City": "", "CityCode": "", "Lat": "0", "Lon": "0", "Confirmed": 288, "Deaths": 4, "Recovered": 12, "Active": 272, "Date": "2020-03-04T00:00:00Z"}, {"Country": "France", "CountryCode": "", "Province": "", "City": "", "CityCode": "", "Lat": "0", "Lon": "0", "Confirmed": 426, "Deaths": 7, "Recovered": 12, "Active": 407, "Date": "2020-03-05T00:00:00Z"}, {"Country": "France", "CountryCode": "", "Province": "", "City": "", "CityCode": "", "Lat": "0", "Lon": "0", "Confirmed": 616, "Deaths": 9, "Recovered": 12, "Active": 595, "Date": "2020-03-06T00:00:00Z"}, {"Country": "France", "CountryCode": "", "Province": "", "City": "", "CityCode": "", "Lat": "0", "Lon": "0", "Confirmed": 948, "Deaths": 16, "Recovered": 12, "Active": 920, "Date": "2020-03-07T00:00:00Z"}, {"Country": "France", "CountryCode": "", "Province": "", "City": "", "CityCode": "", "Lat": "0", "Lon": "0", "Confirmed": 1125, "Deaths": 19, "Recovered": 12, "Active": 1094, "Date": "2020-03-08T00:00:00Z"}, {"Country": "France", "CountryCode": "", "Province": "", "City": "", "CityCode": "", "Lat": "0", "Lon": "0", "Confirmed": 1411, "Deaths": 25, "Recovered": 12, "Active": 1374, "Date": "2020-03-09T00:00:00Z"}, {"Country": "France", "CountryCode": "", "Province": "", "City": "", "CityCode": "", "Lat": "0", "Lon": "0", "Confirmed": 1783, "Deaths": 33, "Recovered": 12, "Active": 1738, "Date": "2020-03-10T00:00:00Z"}, {"Country": "France", "CountryCode": "", "Province": "", "City": "", "CityCode": "", "Lat": "0", "Lon": "0", "Confirmed": 2293, "Deaths": 48, "Recovered": 12, "Active": 2233, "Date": "2020-03-11T00:00:00Z"}, {"Country": "France", "CountryCode": "", "Province": "", "City": "", "CityCode": "", "Lat": "0", "Lon": "0", "Confirmed": 2293, "Deaths": 48, "Recovered": 12, "Active": 2233, "Date": "2020-03-12T00:00:00Z"}, {"Country": "France", "CountryCode": "", "Province": "", "City": "", "CityCode": "", "Lat": "0", "Lon": "0", "Confirmed": 3681, "Deaths": 79, "Recovered": 12, "Active": 3590, "Date": "2020-03-13T00:00:00Z"}, {"Country": "France", "CountryCode": "", "Province": "", "City": "", "CityCode": "", "Lat": "0", "Lon": "0", "Confirmed": 4496, "Deaths": 91, "Recovered": 12, "Active": 4393, "Date": "2020-03-14T00:00:00Z"}, {"Country": "France", "CountryCode": "", "Province": "", "City": "", "CityCode": "", "Lat": "0", "Lon": "0", "Confirmed": 4532, "Deaths": 91, "Recovered": 12, "Active": 4429, "Date": "2020-03-15T00:00:00Z"}, {"Country": "France", "CountryCode": "", "Province": "", "City": "", "CityCode": "", "Lat": "0", "Lon": "0", "Confirmed": 6683, "Deaths": 149, "Recovered": 12, "Active": 6522, "Date": "2020-03-16T00:00:00Z"}, {"Country": "France", "CountryCode": "", "Province": "", "City": "", "CityCode": "", "Lat": "0", "Lon": "0", "Confirmed": 7715, "Deaths": 149, "Recovered": 12, "Active": 7554, "Date": "2020-03-17T00:00:00Z"}, {"Country": "France", "CountryCode": "", "Province": "", "City": "", "CityCode": "", "Lat": "0", "Lon": "0", "Confirmed": 9124, "Deaths": 149, "Recovered": 12, "Active": 8963, "Date": "2020-03-18T00:00:00Z"}, {"Country": "France", "CountryCode": "", "Province": "", "City": "", "CityCode": "", "Lat": "0", "Lon": "0", "Confirmed": 10970, "Deaths": 244, "Recovered": 12, "Active": 10714, "Date": "2020-03-19T00:00:00Z"}, {"Country": "France", "CountryCode": "", "Province": "", "City": "", "CityCode": "", "Lat": "0", "Lon": "0", "Confirmed": 12758, "Deaths": 451, "Recovered": 12, "Active": 12295, "Date": "2020-03-20T00:00:00Z"}, {"Country": "France", "CountryCode": "", "Province": "", "City": "", "CityCode": "", "Lat": "0", "Lon": "0", "Confirmed": 14463, "Deaths": 563, "Recovered": 12, "Active": 13888, "Date": "2020-03-21T00:00:00Z"}, {"Country": "France", "CountryCode": "", "Province": "", "City": "", "CityCode": "", "Lat": "0", "Lon": "0", "Confirmed": 16758, "Deaths": 676, "Recovered": 2206, "Active": 13876, "Date": "2020-03-22T00:00:00Z"}, {"Country": "France", "CountryCode": "", "Province": "", "City": "", "CityCode": "", "Lat": "0", "Lon": "0", "Confirmed": 20123, "Deaths": 862, "Recovered": 2206, "Active": 17055, "Date": "2020-03-23T00:00:00Z"}, {"Country": "France", "CountryCode": "", "Province": "", "City": "", "CityCode": "", "Lat": "0", "Lon": "0", "Confirmed": 22372, "Deaths": 1102, "Recovered": 3250, "Active": 18020, "Date": "2020-03-24T00:00:00Z"}, {"Country": "France", "CountryCode": "", "Province": "", "City": "", "CityCode": "", "Lat": "0", "Lon": "0", "Confirmed": 25334, "Deaths": 1333, "Recovered": 3907, "Active": 20094, "Date": "2020-03-25T00:00:00Z"}, {"Country": "France", "CountryCode": "", "Province": "", "City": "", "CityCode": "", "Lat": "0", "Lon": "0", "Confirmed": 29252, "Deaths": 1697, "Recovered": 4955, "Active": 22600, "Date": "2020-03-26T00:00:00Z"}, {"Country": "France", "CountryCode": "", "Province": "", "City": "", "CityCode": "", "Lat": "0", "Lon": "0", "Confirmed": 33047, "Deaths": 1996, "Recovered": 5707, "Active": 25344, "Date": "2020-03-27T00:00:00Z"}, {"Country": "France", "CountryCode": "", "Province": "", "City": "", "CityCode": "", "Lat": "0", "Lon": "0", "Confirmed": 37692, "Deaths": 2314, "Recovered": 5724, "Active": 29654, "Date": "2020-03-28T00:00:00Z"}, {"Country": "France", "CountryCode": "", "Province": "", "City": "", "CityCode": "", "Lat": "0", "Lon": "0", "Confirmed": 40295, "Deaths": 2608, "Recovered": 7226, "Active": 30461, "Date": "2020-03-29T00:00:00Z"}, {"Country": "France", "CountryCode": "", "Province": "", "City": "", "CityCode": "", "Lat": "0", "Lon": "0", "Confirmed": 44649, "Deaths": 3026, "Recovered": 7964, "Active": 33659, "Date": "2020-03-30T00:00:00Z"}, {"Country": "France", "CountryCode": "", "Province": "", "City": "", "CityCode": "", "Lat": "0", "Lon": "0", "Confirmed": 52278, "Deaths": 3526, "Recovered": 9513, "Active": 39239, "Date": "2020-03-31T00:00:00Z"}, {"Country": "France", "CountryCode": "", "Province": "", "City": "", "CityCode": "", "Lat": "0", "Lon": "0", "Confirmed": 57122, "Deaths": 4778, "Recovered": 11053, "Active": 41291, "Date": "2020-04-01T00:00:00Z"}, {"Country": "France", "CountryCode": "", "Province": "", "City": "", "CityCode": "", "Lat": "0", "Lon": "0", "Confirmed": 59228, "Deaths": 5387, "Recovered": 12548, "Active": 41293, "Date": "2020-04-02T00:00:00Z"}, {"Country": "France", "CountryCode": "", "Province": "", "City": "", "CityCode": "", "Lat": "0", "Lon": "0", "Confirmed": 64452, "Deaths": 6509, "Recovered": 14135, "Active": 43808, "Date": "2020-04-03T00:00:00Z"}, {"Country": "France", "CountryCode": "", "Province": "", "City": "", "CityCode": "", "Lat": "0", "Lon": "0", "Confirmed": 47378, "Deaths": 7562, "Recovered": 15572, "Active": 24244, "Date": "2020-04-04T00:00:00Z"}, {"Country": "France", "CountryCode": "", "Province": "", "City": "", "CityCode": "", "Lat": "0", "Lon": "0", "Confirmed": 48233, "Deaths": 8081, "Recovered": 16349, "Active": 23803, "Date": "2020-04-05T00:00:00Z"}, {"Country": "France", "CountryCode": "", "Province": "", "City": "", "CityCode": "", "Lat": "0", "Lon": "0", "Confirmed": 50887, "Deaths": 8914, "Recovered": 17428, "Active": 24545, "Date": "2020-04-06T00:00:00Z"}, {"Country": "France", "CountryCode": "", "Province": "", "City": "", "CityCode": "", "Lat": "0", "Lon": "0", "Confirmed": 47396, "Deaths": 10330, "Recovered": 19523, "Active": 17543, "Date": "2020-04-07T00:00:00Z"}, {"Country": "France", "CountryCode": "", "Province": "", "City": "", "CityCode": "", "Lat": "0", "Lon": "0", "Confirmed": 51251, "Deaths": 10874, "Recovered": 21452, "Active": 18925, "Date": "2020-04-08T00:00:00Z"}, {"Country": "France", "CountryCode": "", "Province": "", "City": "", "CityCode": "", "Lat": "0", "Lon": "0", "Confirmed": 55035, "Deaths": 12214, "Recovered": 23413, "Active": 19408, "Date": "2020-04-09T00:00:00Z"}, {"Country": "France", "CountryCode": "", "Province": "", "City": "", "CityCode": "", "Lat": "0", "Lon": "0", "Confirmed": 56600, "Deaths": 13199, "Recovered": 25195, "Active": 18206, "Date": "2020-04-10T00:00:00Z"}, {"Country": "France", "CountryCode": "", "Province": "", "City": "", "CityCode": "", "Lat": "0", "Lon": "0", "Confirmed": 58045, "Deaths": 13835, "Recovered": 26663, "Active": 17547, "Date": "2020-04-11T00:00:00Z"}, {"Country": "France", "CountryCode": "", "Province": "", "City": "", "CityCode": "", "Lat": "0", "Lon": "0", "Confirmed": 108791, "Deaths": 14396, "Recovered": 27469, "Active": 66926, "Date": "2020-04-12T00:00:00Z"}, {"Country": "France", "CountryCode": "", "Province": "", "City": "", "CityCode": "", "Lat": "0", "Lon": "0", "Confirmed": 111932, "Deaths": 14969, "Recovered": 28001, "Active": 68962, "Date": "2020-04-13T00:00:00Z"}, {"Country": "France", "CountryCode": "", "Province": "", "City": "", "CityCode": "", "Lat": "0", "Lon": "0", "Confirmed": 129380, "Deaths": 15712, "Recovered": 28805, "Active": 84863, "Date": "2020-04-14T00:00:00Z"}, {"Country": "France", "CountryCode": "", "Province": "", "City": "", "CityCode": "", "Lat": "0", "Lon": "0", "Confirmed": 132588, "Deaths": 17150, "Recovered": 30955, "Active": 84483, "Date": "2020-04-15T00:00:00Z"}, {"Country": "France", "CountryCode": "", "Province": "", "City": "", "CityCode": "", "Lat": "0", "Lon": "0", "Confirmed": 145166, "Deaths": 17903, "Recovered": 32812, "Active": 94451, "Date": "2020-04-16T00:00:00Z"}, {"Country": "France", "CountryCode": "", "Province": "", "City": "", "CityCode": "", "Lat": "0", "Lon": "0", "Confirmed": 147057, "Deaths": 18664, "Recovered": 34420, "Active": 93973, "Date": "2020-04-17T00:00:00Z"}, {"Country": "France", "CountryCode": "", "Province": "", "City": "", "CityCode": "", "Lat": "0", "Lon": "0", "Confirmed": 150863, "Deaths": 19305, "Recovered": 35983, "Active": 95575, "Date": "2020-04-18T00:00:00Z"}, {"Country": "France", "CountryCode": "", "Province": "", "City": "", "CityCode": "", "Lat": "0", "Lon": "0", "Confirmed": 151955, "Deaths": 19694, "Recovered": 36578, "Active": 95683, "Date": "2020-04-19T00:00:00Z"}, {"Country": "France", "CountryCode": "", "Province": "", "City": "", "CityCode": "", "Lat": "0", "Lon": "0", "Confirmed": 154402, "Deaths": 20241, "Recovered": 37409, "Active": 96752, "Date": "2020-04-20T00:00:00Z"}, {"Country": "France", "CountryCode": "", "Province": "", "City": "", "CityCode": "", "Lat": "0", "Lon": "0", "Confirmed": 157068, "Deaths": 20769, "Recovered": 39181, "Active": 97118, "Date": "2020-04-21T00:00:00Z"}, {"Country": "France", "CountryCode": "", "Province": "", "City": "", "CityCode": "", "Lat": "0", "Lon": "0", "Confirmed": 158868, "Deaths": 21313, "Recovered": 40657, "Active": 96898, "Date": "2020-04-22T00:00:00Z"}, {"Country": "France", "CountryCode": "", "Province": "", "City": "", "CityCode": "", "Lat": "0", "Lon": "0", "Confirmed": 157158, "Deaths": 21829, "Recovered": 42088, "Active": 93241, "Date": "2020-04-23T00:00:00Z"}, {"Country": "France", "CountryCode": "", "Province": "", "City": "", "CityCode": "", "Lat": "0", "Lon": "0", "Confirmed": 159969, "Deaths": 22219, "Recovered": 43493, "Active": 94257, "Date": "2020-04-24T00:00:00Z"}, {"Country": "France", "CountryCode": "", "Province": "", "City": "", "CityCode": "", "Lat": "0", "Lon": "0", "Confirmed": 161647, "Deaths": 22588, "Recovered": 44594, "Active": 94465, "Date": "2020-04-25T00:00:00Z"}, {"Country": "France", "CountryCode": "", "Province": "", "City": "", "CityCode": "", "Lat": "0", "Lon": "0", "Confirmed": 162280, "Deaths": 22830, "Recovered": 44903, "Active": 94547, "Date": "2020-04-26T00:00:00Z"}, {"Country": "France", "CountryCode": "", "Province": "", "City": "", "CityCode": "", "Lat": "0", "Lon": "0", "Confirmed": 165966, "Deaths": 23267, "Recovered": 45513, "Active": 97186, "Date": "2020-04-27T00:00:00Z"}, {"Country": "France", "CountryCode": "", "Province": "", "City": "", "CityCode": "", "Lat": "0", "Lon": "0", "Confirmed": 169098, "Deaths": 23634, "Recovered": 46886, "Active": 98578, "Date": "2020-04-28T00:00:00Z"}, {"Country": "France", "CountryCode": "", "Province": "", "City": "", "CityCode": "", "Lat": "0", "Lon": "0", "Confirmed": 167643, "Deaths": 24060, "Recovered": 48228, "Active": 95355, "Date": "2020-04-29T00:00:00Z"}, {"Country": "France", "CountryCode": "", "Province": "", "City": "", "CityCode": "", "Lat": "0", "Lon": "0", "Confirmed": 168861, "Deaths": 24349, "Recovered": 49476, "Active": 95036, "Date": "2020-04-30T00:00:00Z"}, {"Country": "France", "CountryCode": "", "Province": "", "City": "", "CityCode": "", "Lat": "0", "Lon": "0", "Confirmed": 169387, "Deaths": 24566, "Recovered": 50212, "Active": 94609, "Date": "2020-05-01T00:00:00Z"}, {"Country": "France", "CountryCode": "", "Province": "", "City": "", "CityCode": "", "Lat": "0", "Lon": "0", "Confirmed": 170179, "Deaths": 24763, "Recovered": 50663, "Active": 94753, "Date": "2020-05-02T00:00:00Z"}, {"Country": "France", "CountryCode": "", "Province": "", "City": "", "CityCode": "", "Lat": "0", "Lon": "0", "Confirmed": 170540, "Deaths": 24898, "Recovered": 50885, "Active": 94757, "Date": "2020-05-03T00:00:00Z"}, {"Country": "France", "CountryCode": "", "Province": "", "City": "", "CityCode": "", "Lat": "0", "Lon": "0", "Confirmed": 171102, "Deaths": 25204, "Recovered": 51476, "Active": 94422, "Date": "2020-05-04T00:00:00Z"}, {"Country": "France", "CountryCode": "", "Province": "", "City": "", "CityCode": "", "Lat": "0", "Lon": "0", "Confirmed": 172219, "Deaths": 25537, "Recovered": 52842, "Active": 93840, "Date": "2020-05-05T00:00:00Z"}, {"Country": "France", "CountryCode": "", "Province": "", "City": "", "CityCode": "", "Lat": "0", "Lon": "0", "Confirmed": 176355, "Deaths": 25812, "Recovered": 54079, "Active": 96464, "Date": "2020-05-06T00:00:00Z"}, {"Country": "France", "CountryCode": "", "Province": "", "City": "", "CityCode": "", "Lat": "0", "Lon": "0", "Confirmed": 177096, "Deaths": 25991, "Recovered": 55191, "Active": 95914, "Date": "2020-05-07T00:00:00Z"}, {"Country": "France", "CountryCode": "", "Province": "", "City": "", "CityCode": "", "Lat": "0", "Lon": "0", "Confirmed": 177627, "Deaths": 26233, "Recovered": 55892, "Active": 95502, "Date": "2020-05-08T00:00:00Z"}, {"Country": "France", "CountryCode": "", "Province": "", "City": "", "CityCode": "", "Lat": "0", "Lon": "0", "Confirmed": 178156, "Deaths": 26313, "Recovered": 56148, "Active": 95695, "Date": "2020-05-09T00:00:00Z"}, {"Country": "France", "CountryCode": "", "Province": "", "City": "", "CityCode": "", "Lat": "0", "Lon": "0", "Confirmed": 178405, "Deaths": 26383, "Recovered": 56327, "Active": 95695, "Date": "2020-05-10T00:00:00Z"}, {"Country": "France", "CountryCode": "", "Province": "", "City": "", "CityCode": "", "Lat": "0", "Lon": "0", "Confirmed": 178719, "Deaths": 26646, "Recovered": 56835, "Active": 95238, "Date": "2020-05-11T00:00:00Z"}, {"Country": "France", "CountryCode": "", "Province": "", "City": "", "CityCode": "", "Lat": "0", "Lon": "0", "Confirmed": 179472, "Deaths": 26994, "Recovered": 57898, "Active": 94580, "Date": "2020-05-12T00:00:00Z"}, {"Country": "France", "CountryCode": "", "Province": "", "City": "", "CityCode": "", "Lat": "0", "Lon": "0", "Confirmed": 179993, "Deaths": 27079, "Recovered": 58786, "Active": 94128, "Date": "2020-05-13T00:00:00Z"}, {"Country": "France", "CountryCode": "", "Province": "", "City": "", "CityCode": "", "Lat": "0", "Lon": "0", "Confirmed": 180635, "Deaths": 27430, "Recovered": 59719, "Active": 93486, "Date": "2020-05-14T00:00:00Z"}, {"Country": "France", "CountryCode": "", "Province": "", "City": "", "CityCode": "", "Lat": "0", "Lon": "0", "Confirmed": 181148, "Deaths": 27532, "Recovered": 60562, "Active": 93054, "Date": "2020-05-15T00:00:00Z"}, {"Country": "France", "CountryCode": "", "Province": "", "City": "", "CityCode": "", "Lat": "0", "Lon": "0", "Confirmed": 181563, "Deaths": 27630, "Recovered": 60562, "Active": 93371, "Date": "2020-05-16T00:00:00Z"}, {"Country": "France", "CountryCode": "", "Province": "", "City": "", "CityCode": "", "Lat": "0", "Lon": "0", "Confirmed": 181703, "Deaths": 28113, "Recovered": 61327, "Active": 92263, "Date": "2020-05-17T00:00:00Z"}, {"Country": "France", "CountryCode": "", "Province": "", "City": "", "CityCode": "", "Lat": "0", "Lon": "0", "Confirmed": 182147, "Deaths": 28242, "Recovered": 61843, "Active": 92062, "Date": "2020-05-18T00:00:00Z"}, {"Country": "France", "CountryCode": "", "Province": "", "City": "", "CityCode": "", "Lat": "0", "Lon": "0", "Confirmed": 182648, "Deaths": 28025, "Recovered": 62678, "Active": 91945, "Date": "2020-05-19T00:00:00Z"}, {"Country": "France", "CountryCode": "", "Province": "", "City": "", "CityCode": "", "Lat": "0", "Lon": "0", "Confirmed": 183130, "Deaths": 28136, "Recovered": 63472, "Active": 91522, "Date": "2020-05-20T00:00:00Z"}, {"Country": "France", "CountryCode": "", "Province": "", "City": "", "CityCode": "", "Lat": "0", "Lon": "0", "Confirmed": 183397, "Deaths": 28218, "Recovered": 63976, "Active": 91203, "Date": "2020-05-21T00:00:00Z"}, {"Country": "France", "CountryCode": "", "Province": "", "City": "", "CityCode": "", "Lat": "0", "Lon": "0", "Confirmed": 184153, "Deaths": 28366, "Recovered": 64327, "Active": 91460, "Date": "2020-05-22T00:00:00Z"}, {"Country": "France", "CountryCode": "", "Province": "", "City": "", "CityCode": "", "Lat": "0", "Lon": "0", "Confirmed": 184699, "Deaths": 28452, "Recovered": 64665, "Active": 91582, "Date": "2020-05-23T00:00:00Z"}, {"Country": "France", "CountryCode": "", "Province": "", "City": "", "CityCode": "", "Lat": "0", "Lon": "0", "Confirmed": 184260, "Deaths": 28372, "Recovered": 64735, "Active": 91153, "Date": "2020-05-24T00:00:00Z"}, {"Country": "France", "CountryCode": "", "Province": "", "City": "", "CityCode": "", "Lat": "0", "Lon": "0", "Confirmed": 184585, "Deaths": 28461, "Recovered": 65317, "Active": 90807, "Date": "2020-05-25T00:00:00Z"}, {"Country": "France", "CountryCode": "", "Province": "", "City": "", "CityCode": "", "Lat": "0", "Lon": "0", "Confirmed": 184840, "Deaths": 28598, "Recovered": 65997, "Active": 90245, "Date": "2020-05-26T00:00:00Z"}, {"Country": "France", "CountryCode": "", "Province": "", "City": "", "CityCode": "", "Lat": "0", "Lon": "0", "Confirmed": 185012, "Deaths": 28599, "Recovered": 66702, "Active": 89711, "Date": "2020-05-27T00:00:00Z"}, {"Country": "France", "CountryCode": "", "Province": "", "City": "", "CityCode": "", "Lat": "0", "Lon": "0", "Confirmed": 188355, "Deaths": 28666, "Recovered": 67309, "Active": 92380, "Date": "2020-05-28T00:00:00Z"}, {"Country": "France", "CountryCode": "", "Province": "", "City": "", "CityCode": "", "Lat": "0", "Lon": "0", "Confirmed": 188949, "Deaths": 28717, "Recovered": 67921, "Active": 92311, "Date": "2020-05-29T00:00:00Z"}, {"Country": "France", "CountryCode": "", "Province": "", "City": "", "CityCode": "", "Lat": "0", "Lon": "0", "Confirmed": 190744, "Deaths": 28774, "Recovered": 68386, "Active": 93584, "Date": "2020-05-30T00:00:00Z"}, {"Country": "France", "CountryCode": "", "Province": "", "City": "", "CityCode": "", "Lat": "0", "Lon": "0", "Confirmed": 190975, "Deaths": 28805, "Recovered": 68473, "Active": 93697, "Date": "2020-05-31T00:00:00Z"}, {"Country": "France", "CountryCode": "", "Province": "", "City": "", "CityCode": "", "Lat": "0", "Lon": "0", "Confirmed": 191382, "Deaths": 28837, "Recovered": 68558, "Active": 93987, "Date": "2020-06-01T00:00:00Z"}, {"Country": "France", "CountryCode": "", "Province": "", "City": "", "CityCode": "", "Lat": "0", "Lon": "0", "Confirmed": 190735, "Deaths": 28943, "Recovered": 68930, "Active": 92862, "Date": "2020-06-02T00:00:00Z"}, {"Country": "France", "CountryCode": "", "Province": "", "City": "", "CityCode": "", "Lat": "0", "Lon": "0", "Confirmed": 187509, "Deaths": 29024, "Recovered": 69573, "Active": 88912, "Date": "2020-06-03T00:00:00Z"}, {"Country": "France", "CountryCode": "", "Province": "", "City": "", "CityCode": "", "Lat": "0", "Lon": "0", "Confirmed": 191869, "Deaths": 29069, "Recovered": 70094, "Active": 92706, "Date": "2020-06-04T00:00:00Z"}, {"Country": "France", "CountryCode": "", "Province": "", "City": "", "CityCode": "", "Lat": "0", "Lon": "0", "Confirmed": 192450, "Deaths": 29114, "Recovered": 70622, "Active": 92714, "Date": "2020-06-05T00:00:00Z"}, {"Country": "France", "CountryCode": "", "Province": "", "City": "", "CityCode": "", "Lat": "0", "Lon": "0", "Confirmed": 193022, "Deaths": 29145, "Recovered": 70924, "Active": 92953, "Date": "2020-06-06T00:00:00Z"}, {"Country": "France", "CountryCode": "", "Province": "", "City": "", "CityCode": "", "Lat": "0", "Lon": "0", "Confirmed": 193363, "Deaths": 29158, "Recovered": 70961, "Active": 93244, "Date": "2020-06-07T00:00:00Z"}, {"Country": "France", "CountryCode": "", "Province": "", "City": "", "CityCode": "", "Lat": "0", "Lon": "0", "Confirmed": 193637, "Deaths": 29213, "Recovered": 71182, "Active": 93242, "Date": "2020-06-08T00:00:00Z"}, {"Country": "France", "CountryCode": "", "Province": "", "City": "", "CityCode": "", "Lat": "0", "Lon": "0", "Confirmed": 194190, "Deaths": 29301, "Recovered": 71626, "Active": 93263, "Date": "2020-06-09T00:00:00Z"}, {"Country": "France", "CountryCode": "", "Province": "", "City": "", "CityCode": "", "Lat": "0", "Lon": "0", "Confirmed": 194815, "Deaths": 29322, "Recovered": 71952, "Active": 93541, "Date": "2020-06-10T00:00:00Z"}, {"Country": "France", "CountryCode": "", "Province": "", "City": "", "CityCode": "", "Lat": "0", "Lon": "0", "Confirmed": 195179, "Deaths": 29349, "Recovered": 72269, "Active": 93561, "Date": "2020-06-11T00:00:00Z"}, {"Country": "France", "CountryCode": "", "Province": "", "City": "", "CityCode": "", "Lat": "0", "Lon": "0", "Confirmed": 195981, "Deaths": 29377, "Recovered": 72695, "Active": 93909, "Date": "2020-06-12T00:00:00Z"}, {"Country": "France", "CountryCode": "", "Province": "", "City": "", "CityCode": "", "Lat": "0", "Lon": "0", "Confirmed": 196478, "Deaths": 29401, "Recovered": 72931, "Active": 94146, "Date": "2020-06-13T00:00:00Z"}, {"Country": "France", "CountryCode": "", "Province": "", "City": "", "CityCode": "", "Lat": "0", "Lon": "0", "Confirmed": 196868, "Deaths": 29411, "Recovered": 72982, "Active": 94475, "Date": "2020-06-14T00:00:00Z"}, {"Country": "France", "CountryCode": "", "Province": "", "City": "", "CityCode": "", "Lat": "0", "Lon": "0", "Confirmed": 197004, "Deaths": 29439, "Recovered": 73168, "Active": 94397, "Date": "2020-06-15T00:00:00Z"}, {"Country": "France", "CountryCode": "", "Province": "", "City": "", "CityCode": "", "Lat": "0", "Lon": "0", "Confirmed": 197667, "Deaths": 29553, "Recovered": 73459, "Active": 94655, "Date": "2020-06-16T00:00:00Z"}, {"Country": "France", "CountryCode": "", "Province": "", "City": "", "CityCode": "", "Lat": "0", "Lon": "0", "Confirmed": 198155, "Deaths": 29578, "Recovered": 73791, "Active": 94786, "Date": "2020-06-17T00:00:00Z"}, {"Country": "France", "CountryCode": "", "Province": "", "City": "", "CityCode": "", "Lat": "0", "Lon": "0", "Confirmed": 198741, "Deaths": 29606, "Recovered": 74011, "Active": 95124, "Date": "2020-06-18T00:00:00Z"}, {"Country": "France", "CountryCode": "", "Province": "", "City": "", "CityCode": "", "Lat": "0", "Lon": "0", "Confirmed": 199528, "Deaths": 29620, "Recovered": 74241, "Active": 95667, "Date": "2020-06-19T00:00:00Z"}, {"Country": "France", "CountryCode": "", "Province": "", "City": "", "CityCode": "", "Lat": "0", "Lon": "0", "Confirmed": 200147, "Deaths": 29638, "Recovered": 74436, "Active": 96073, "Date": "2020-06-20T00:00:00Z"}, {"Country": "France", "CountryCode": "", "Province": "", "City": "", "CityCode": "", "Lat": "0", "Lon": "0", "Confirmed": 200490, "Deaths": 29644, "Recovered": 74496, "Active": 96350, "Date": "2020-06-21T00:00:00Z"}, {"Country": "France", "CountryCode": "", "Province": "", "City": "", "CityCode": "", "Lat": "0", "Lon": "0", "Confirmed": 200632, "Deaths": 29668, "Recovered": 74736, "Active": 96228, "Date": "2020-06-22T00:00:00Z"}, {"Country": "France", "CountryCode": "", "Province": "", "City": "", "CityCode": "", "Lat": "0", "Lon": "0", "Confirmed": 201330, "Deaths": 29722, "Recovered": 74995, "Active": 96613, "Date": "2020-06-23T00:00:00Z"}, {"Country": "France", "CountryCode": "", "Province": "", "City": "", "CityCode": "", "Lat": "0", "Lon": "0", "Confirmed": 201598, "Deaths": 29735, "Recovered": 75251, "Active": 96612, "Date": "2020-06-24T00:00:00Z"}, {"Country": "France", "CountryCode": "", "Province": "", "City": "", "CityCode": "", "Lat": "0", "Lon": "0", "Confirmed": 201853, "Deaths": 29754, "Recovered": 75475, "Active": 96624, "Date": "2020-06-25T00:00:00Z"}, {"Country": "France", "CountryCode": "", "Province": "", "City": "", "CityCode": "", "Lat": "0", "Lon": "0", "Confirmed": 203116, "Deaths": 29780, "Recovered": 75773, "Active": 97563, "Date": "2020-06-26T00:00:00Z"}, {"Country": "France", "CountryCode": "", "Province": "", "City": "", "CityCode": "", "Lat": "0", "Lon": "0", "Confirmed": 203564, "Deaths": 29781, "Recovered": 75773, "Active": 98010, "Date": "2020-06-27T00:00:00Z"}, {"Country": "France", "CountryCode": "", "Province": "", "City": "", "CityCode": "", "Lat": "0", "Lon": "0", "Confirmed": 203158, "Deaths": 29781, "Recovered": 75774, "Active": 97603, "Date": "2020-06-28T00:00:00Z"}, {"Country": "France", "CountryCode": "", "Province": "", "City": "", "CityCode": "", "Lat": "0", "Lon": "0", "Confirmed": 203803, "Deaths": 29816, "Recovered": 76124, "Active": 97863, "Date": "2020-06-29T00:00:00Z"}, {"Country": "France", "CountryCode": "", "Province": "", "City": "", "CityCode": "", "Lat": "0", "Lon": "0", "Confirmed": 204244, "Deaths": 29846, "Recovered": 76399, "Active": 97999, "Date": "2020-06-30T00:00:00Z"}, {"Country": "France", "CountryCode": "", "Province": "", "City": "", "CityCode": "", "Lat": "0", "Lon": "0", "Confirmed": 205234, "Deaths": 29865, "Recovered": 76674, "Active": 98695, "Date": "2020-07-01T00:00:00Z"}, {"Country": "France", "CountryCode": "", "Province": "", "City": "", "CityCode": "", "Lat": "0", "Lon": "0", "Confirmed": 205773, "Deaths": 29878, "Recovered": 76927, "Active": 98968, "Date": "2020-07-02T00:00:00Z"}, {"Country": "France", "CountryCode": "", "Province": "", "City": "", "CityCode": "", "Lat": "0", "Lon": "0", "Confirmed": 206312, "Deaths": 29896, "Recovered": 77185, "Active": 99231, "Date": "2020-07-03T00:00:00Z"}, {"Country": "France", "CountryCode": "", "Province": "", "City": "", "CityCode": "", "Lat": "0", "Lon": "0", "Confirmed": 206670, "Deaths": 29896, "Recovered": 77185, "Active": 99589, "Date": "2020-07-04T00:00:00Z"}, {"Country": "France", "CountryCode": "", "Province": "", "City": "", "CityCode": "", "Lat": "0", "Lon": "0", "Confirmed": 206681, "Deaths": 29895, "Recovered": 77185, "Active": 99601, "Date": "2020-07-05T00:00:00Z"}, {"Country": "France", "CountryCode": "", "Province": "", "City": "", "CityCode": "", "Lat": "0", "Lon": "0", "Confirmed": 207699, "Deaths": 29925, "Recovered": 77444, "Active": 100330, "Date": "2020-07-06T00:00:00Z"}, {"Country": "France", "CountryCode": "", "Province": "", "City": "", "CityCode": "", "Lat": "0", "Lon": "0", "Confirmed": 208153, "Deaths": 29936, "Recovered": 77780, "Active": 100437, "Date": "2020-07-07T00:00:00Z"}, {"Country": "France", "CountryCode": "", "Province": "", "City": "", "CityCode": "", "Lat": "0", "Lon": "0", "Confirmed": 208975, "Deaths": 29967, "Recovered": 77780, "Active": 101228, "Date": "2020-07-08T00:00:00Z"}, {"Country": "France", "CountryCode": "", "Province": "", "City": "", "CityCode": "", "Lat": "0", "Lon": "0", "Confirmed": 209419, "Deaths": 29983, "Recovered": 78295, "Active": 101141, "Date": "2020-07-09T00:00:00Z"}, {"Country": "France", "CountryCode": "", "Province": "", "City": "", "CityCode": "", "Lat": "0", "Lon": "0", "Confirmed": 210134, "Deaths": 30009, "Recovered": 78513, "Active": 101612, "Date": "2020-07-10T00:00:00Z"}, {"Country": "France", "CountryCode": "", "Province": "", "City": "", "CityCode": "", "Lat": "0", "Lon": "0", "Confirmed": 210385, "Deaths": 30012, "Recovered": 78513, "Active": 101860, "Date": "2020-07-11T00:00:00Z"}, {"Country": "France", "CountryCode": "", "Province": "", "City": "", "CityCode": "", "Lat": "0", "Lon": "0", "Confirmed": 210401, "Deaths": 30012, "Recovered": 78513, "Active": 101876, "Date": "2020-07-12T00:00:00Z"}, {"Country": "France", "CountryCode": "", "Province": "", "City": "", "CityCode": "", "Lat": "0", "Lon": "0", "Confirmed": 211824, "Deaths": 30035, "Recovered": 78722, "Active": 103067, "Date": "2020-07-13T00:00:00Z"}, {"Country": "France", "CountryCode": "", "Province": "", "City": "", "CityCode": "", "Lat": "0", "Lon": "0", "Confirmed": 211886, "Deaths": 30037, "Recovered": 78722, "Active": 103127, "Date": "2020-07-14T00:00:00Z"}, {"Country": "France", "CountryCode": "", "Province": "", "City": "", "CityCode": "", "Lat": "0", "Lon": "0", "Confirmed": 212613, "Deaths": 30125, "Recovered": 78945, "Active": 103543, "Date": "2020-07-15T00:00:00Z"}, {"Country": "France", "CountryCode": "", "Province": "", "City": "", "CityCode": "", "Lat": "0", "Lon": "0", "Confirmed": 213182, "Deaths": 30142, "Recovered": 79161, "Active": 103879, "Date": "2020-07-16T00:00:00Z"}, {"Country": "France", "CountryCode": "", "Province": "", "City": "", "CityCode": "", "Lat": "0", "Lon": "0", "Confirmed": 214011, "Deaths": 30155, "Recovered": 79371, "Active": 104485, "Date": "2020-07-17T00:00:00Z"}, {"Country": "France", "CountryCode": "", "Province": "", "City": "", "CityCode": "", "Lat": "0", "Lon": "0", "Confirmed": 214174, "Deaths": 30158, "Recovered": 79371, "Active": 104645, "Date": "2020-07-18T00:00:00Z"}, {"Country": "France", "CountryCode": "", "Province": "", "City": "", "CityCode": "", "Lat": "0", "Lon": "0", "Confirmed": 214178, "Deaths": 30158, "Recovered": 79371, "Active": 104649, "Date": "2020-07-19T00:00:00Z"}, {"Country": "France", "CountryCode": "", "Province": "", "City": "", "CityCode": "", "Lat": "0", "Lon": "0", "Confirmed": 216089, "Deaths": 30182, "Recovered": 79668, "Active": 106239, "Date": "2020-07-20T00:00:00Z"}, {"Country": "France", "CountryCode": "", "Province": "", "City": "", "CityCode": "", "Lat": "0", "Lon": "0", "Confirmed": 216684, "Deaths": 30169, "Recovered": 79861, "Active": 106654, "Date": "2020-07-21T00:00:00Z"}, {"Country": "France", "CountryCode": "", "Province": "", "City": "", "CityCode": "", "Lat": "0", "Lon": "0", "Confirmed": 217605, "Deaths": 30175, "Recovered": 80084, "Active": 107346, "Date": "2020-07-22T00:00:00Z"}, {"Country": "France", "CountryCode": "", "Province": "", "City": "", "CityCode": "", "Lat": "0", "Lon": "0", "Confirmed": 218841, "Deaths": 30186, "Recovered": 80600, "Active": 108055, "Date": "2020-07-23T00:00:00Z"}, {"Country": "France", "CountryCode": "", "Province": "", "City": "", "CityCode": "", "Lat": "0", "Lon": "0", "Confirmed": 219932, "Deaths": 30196, "Recovered": 80943, "Active": 108793, "Date": "2020-07-24T00:00:00Z"}, {"Country": "France", "CountryCode": "", "Province": "", "City": "", "CityCode": "", "Lat": "0", "Lon": "0", "Confirmed": 220020, "Deaths": 30196, "Recovered": 80945, "Active": 108879, "Date": "2020-07-25T00:00:00Z"}, {"Country": "France", "CountryCode": "", "Province": "", "City": "", "CityCode": "", "Lat": "0", "Lon": "0", "Confirmed": 220020, "Deaths": 30196, "Recovered": 80945, "Active": 108879, "Date": "2020-07-26T00:00:00Z"}, {"Country": "France", "CountryCode": "", "Province": "", "City": "", "CityCode": "", "Lat": "0", "Lon": "0", "Confirmed": 222508, "Deaths": 30214, "Recovered": 81212, "Active": 111082, "Date": "2020-07-27T00:00:00Z"}, {"Country": "France", "CountryCode": "", "Province": "", "City": "", "CityCode": "", "Lat": "0", "Lon": "0", "Confirmed": 223072, "Deaths": 30227, "Recovered": 81441, "Active": 111404, "Date": "2020-07-28T00:00:00Z"}, {"Country": "France", "CountryCode": "", "Province": "", "City": "", "CityCode": "", "Lat": "0", "Lon": "0", "Confirmed": 224542, "Deaths": 30241, "Recovered": 81443, "Active": 112858, "Date": "2020-07-29T00:00:00Z"}, {"Country": "France", "CountryCode": "", "Province": "", "City": "", "CityCode": "", "Lat": "0", "Lon": "0", "Confirmed": 225931, "Deaths": 30257, "Recovered": 81632, "Active": 114042, "Date": "2020-07-30T00:00:00Z"}, {"Country": "France", "CountryCode": "", "Province": "", "City": "", "CityCode": "", "Lat": "0", "Lon": "0", "Confirmed": 227239, "Deaths": 30268, "Recovered": 81764, "Active": 115207, "Date": "2020-07-31T00:00:00Z"}, {"Country": "France", "CountryCode": "", "Province": "", "City": "", "CityCode": "", "Lat": "0", "Lon": "0", "Confirmed": 227302, "Deaths": 30268, "Recovered": 81764, "Active": 115270, "Date": "2020-08-01T00:00:00Z"}, {"Country": "France", "CountryCode": "", "Province": "", "City": "", "CityCode": "", "Lat": "0", "Lon": "0", "Confirmed": 227305, "Deaths": 30268, "Recovered": 81764, "Active": 115273, "Date": "2020-08-02T00:00:00Z"}, {"Country": "France", "CountryCode": "", "Province": "", "City": "", "CityCode": "", "Lat": "0", "Lon": "0", "Confirmed": 230665, "Deaths": 30298, "Recovered": 81764, "Active": 118603, "Date": "2020-08-03T00:00:00Z"}, {"Country": "France", "CountryCode": "", "Province": "", "City": "", "CityCode": "", "Lat": "0", "Lon": "0", "Confirmed": 231636, "Deaths": 30300, "Recovered": 81764, "Active": 119572, "Date": "2020-08-04T00:00:00Z"}, {"Country": "France", "CountryCode": "", "Province": "", "City": "", "CityCode": "", "Lat": "0", "Lon": "0", "Confirmed": 233344, "Deaths": 30311, "Recovered": 82298, "Active": 120735, "Date": "2020-08-05T00:00:00Z"}, {"Country": "France", "CountryCode": "", "Province": "", "City": "", "CityCode": "", "Lat": "0", "Lon": "0", "Confirmed": 234945, "Deaths": 30315, "Recovered": 82592, "Active": 122038, "Date": "2020-08-06T00:00:00Z"}, {"Country": "France", "CountryCode": "", "Province": "", "City": "", "CityCode": "", "Lat": "0", "Lon": "0", "Confirmed": 237332, "Deaths": 30328, "Recovered": 82968, "Active": 124036, "Date": "2020-08-07T00:00:00Z"}, {"Country": "France", "CountryCode": "", "Province": "", "City": "", "CityCode": "", "Lat": "0", "Lon": "0", "Confirmed": 237402, "Deaths": 30329, "Recovered": 82968, "Active": 124105, "Date": "2020-08-08T00:00:00Z"}, {"Country": "France", "CountryCode": "", "Province": "", "City": "", "CityCode": "", "Lat": "0", "Lon": "0", "Confirmed": 237437, "Deaths": 30329, "Recovered": 82971, "Active": 124137, "Date": "2020-08-09T00:00:00Z"}, {"Country": "France", "CountryCode": "", "Province": "", "City": "", "CityCode": "", "Lat": "0", "Lon": "0", "Confirmed": 242168, "Deaths": 30344, "Recovered": 82971, "Active": 128853, "Date": "2020-08-10T00:00:00Z"}, {"Country": "France", "CountryCode": "", "Province": "", "City": "", "CityCode": "", "Lat": "0", "Lon": "0", "Confirmed": 243582, "Deaths": 30358, "Recovered": 82971, "Active": 130253, "Date": "2020-08-11T00:00:00Z"}, {"Country": "France", "CountryCode": "", "Province": "", "City": "", "CityCode": "", "Lat": "0", "Lon": "0", "Confirmed": 246180, "Deaths": 30376, "Recovered": 83609, "Active": 132195, "Date": "2020-08-12T00:00:00Z"}, {"Country": "France", "CountryCode": "", "Province": "", "City": "", "CityCode": "", "Lat": "0", "Lon": "0", "Confirmed": 248858, "Deaths": 30393, "Recovered": 83612, "Active": 134853, "Date": "2020-08-13T00:00:00Z"}, {"Country": "France", "CountryCode": "", "Province": "", "City": "", "CityCode": "", "Lat": "0", "Lon": "0", "Confirmed": 251781, "Deaths": 30412, "Recovered": 83993, "Active": 137376, "Date": "2020-08-14T00:00:00Z"}, {"Country": "France", "CountryCode": "", "Province": "", "City": "", "CityCode": "", "Lat": "0", "Lon": "0", "Confirmed": 254991, "Deaths": 30413, "Recovered": 83993, "Active": 140585, "Date": "2020-08-15T00:00:00Z"}, {"Country": "France", "CountryCode": "", "Province": "", "City": "", "CityCode": "", "Lat": "0", "Lon": "0", "Confirmed": 257994, "Deaths": 30414, "Recovered": 83993, "Active": 143587, "Date": "2020-08-16T00:00:00Z"}, {"Country": "France", "CountryCode": "", "Province": "", "City": "", "CityCode": "", "Lat": "0", "Lon": "0", "Confirmed": 258644, "Deaths": 30434, "Recovered": 84214, "Active": 143996, "Date": "2020-08-17T00:00:00Z"}, {"Country": "France", "CountryCode": "", "Province": "", "City": "", "CityCode": "", "Lat": "0", "Lon": "0", "Confirmed": 260763, "Deaths": 30456, "Recovered": 84214, "Active": 146093, "Date": "2020-08-18T00:00:00Z"}, {"Country": "France", "CountryCode": "", "Province": "", "City": "", "CityCode": "", "Lat": "0", "Lon": "0", "Confirmed": 264535, "Deaths": 30474, "Recovered": 84214, "Active": 149847, "Date": "2020-08-19T00:00:00Z"}, {"Country": "France", "CountryCode": "", "Province": "", "City": "", "CityCode": "", "Lat": "0", "Lon": "0", "Confirmed": 269335, "Deaths": 30485, "Recovered": 84214, "Active": 154636, "Date": "2020-08-20T00:00:00Z"}, {"Country": "France", "CountryCode": "", "Province": "", "City": "", "CityCode": "", "Lat": "0", "Lon": "0", "Confirmed": 274344, "Deaths": 30509, "Recovered": 84981, "Active": 158854, "Date": "2020-08-21T00:00:00Z"}, {"Country": "France", "CountryCode": "", "Province": "", "City": "", "CityCode": "", "Lat": "0", "Lon": "0", "Confirmed": 277818, "Deaths": 30518, "Recovered": 85102, "Active": 162198, "Date": "2020-08-22T00:00:00Z"}, {"Country": "France", "CountryCode": "", "Province": "", "City": "", "CityCode": "", "Lat": "0", "Lon": "0", "Confirmed": 282498, "Deaths": 30518, "Recovered": 85125, "Active": 166855, "Date": "2020-08-23T00:00:00Z"}, {"Country": "France", "CountryCode": "", "Province": "", "City": "", "CityCode": "", "Lat": "0", "Lon": "0", "Confirmed": 284474, "Deaths": 30534, "Recovered": 85352, "Active": 168588, "Date": "2020-08-24T00:00:00Z"}, {"Country": "France", "CountryCode": "", "Province": "", "City": "", "CityCode": "", "Lat": "0", "Lon": "0", "Confirmed": 288090, "Deaths": 30553, "Recovered": 85757, "Active": 171780, "Date": "2020-08-25T00:00:00Z"}, {"Country": "France", "CountryCode": "", "Province": "", "City": "", "CityCode": "", "Lat": "0", "Lon": "0", "Confirmed": 288377, "Deaths": 30553, "Recovered": 85811, "Active": 172013, "Date": "2020-08-26T00:00:00Z"}, {"Country": "France", "CountryCode": "", "Province": "", "City": "", "CityCode": "", "Lat": "0", "Lon": "0", "Confirmed": 299580, "Deaths": 30588, "Recovered": 86271, "Active": 182721, "Date": "2020-08-27T00:00:00Z"}, {"Country": "France", "CountryCode": "", "Province": "", "City": "", "CityCode": "", "Lat": "0", "Lon": "0", "Confirmed": 307221, "Deaths": 30606, "Recovered": 86495, "Active": 190120, "Date": "2020-08-28T00:00:00Z"}, {"Country": "France", "CountryCode": "", "Province": "", "City": "", "CityCode": "", "Lat": "0", "Lon": "0", "Confirmed": 312681, "Deaths": 30612, "Recovered": 86495, "Active": 195574, "Date": "2020-08-29T00:00:00Z"}, {"Country": "France", "CountryCode": "", "Province": "", "City": "", "CityCode": "", "Lat": "0", "Lon": "0", "Confirmed": 318047, "Deaths": 30615, "Recovered": 86495, "Active": 200937, "Date": "2020-08-30T00:00:00Z"}, {"Country": "France", "CountryCode": "", "Province": "", "City": "", "CityCode": "", "Lat": "0", "Lon": "0", "Confirmed": 321160, "Deaths": 30646, "Recovered": 86790, "Active": 203724, "Date": "2020-08-31T00:00:00Z"}, {"Country": "France", "CountryCode": "", "Province": "", "City": "", "CityCode": "", "Lat": "0", "Lon": "0", "Confirmed": 326264, "Deaths": 30673, "Recovered": 87036, "Active": 208555, "Date": "2020-09-01T00:00:00Z"}, {"Country": "France", "CountryCode": "", "Province": "", "City": "", "CityCode": "", "Lat": "0", "Lon": "0", "Confirmed": 333377, "Deaths": 30700, "Recovered": 87418, "Active": 215259, "Date": "2020-09-02T00:00:00Z"}, {"Country": "France", "CountryCode": "", "Province": "", "City": "", "CityCode": "", "Lat": "0", "Lon": "0", "Confirmed": 340499, "Deaths": 30717, "Recovered": 87661, "Active": 222121, "Date": "2020-09-03T00:00:00Z"}, {"Country": "France", "CountryCode": "", "Province": "", "City": "", "CityCode": "", "Lat": "0", "Lon": "0", "Confirmed": 349333, "Deaths": 30696, "Recovered": 87927, "Active": 230710, "Date": "2020-09-04T00:00:00Z"}, {"Country": "France", "CountryCode": "", "Province": "", "City": "", "CityCode": "", "Lat": "0", "Lon": "0", "Confirmed": 357927, "Deaths": 30708, "Recovered": 87927, "Active": 239292, "Date": "2020-09-05T00:00:00Z"}, {"Country": "France", "CountryCode": "", "Province": "", "City": "", "CityCode": "", "Lat": "0", "Lon": "0", "Confirmed": 364943, "Deaths": 30712, "Recovered": 87927, "Active": 246304, "Date": "2020-09-06T00:00:00Z"}, {"Country": "France", "CountryCode": "", "Province": "", "City": "", "CityCode": "", "Lat": "0", "Lon": "0", "Confirmed": 369209, "Deaths": 30735, "Recovered": 88484, "Active": 249990, "Date": "2020-09-07T00:00:00Z"}, {"Country": "France", "CountryCode": "", "Province": "", "City": "", "CityCode": "", "Lat": "0", "Lon": "0", "Confirmed": 375947, "Deaths": 30773, "Recovered": 88876, "Active": 256298, "Date": "2020-09-08T00:00:00Z"}, {"Country": "France", "CountryCode": "", "Province": "", "City": "", "CityCode": "", "Lat": "0", "Lon": "0", "Confirmed": 384566, "Deaths": 30805, "Recovered": 89242, "Active": 264519, "Date": "2020-09-09T00:00:00Z"}, {"Country": "France", "CountryCode": "", "Province": "", "City": "", "CityCode": "", "Lat": "0", "Lon": "0", "Confirmed": 394328, "Deaths": 30824, "Recovered": 89468, "Active": 274036, "Date": "2020-09-10T00:00:00Z"}, {"Country": "France", "CountryCode": "", "Province": "", "City": "", "CityCode": "", "Lat": "0", "Lon": "0", "Confirmed": 403837, "Deaths": 30906, "Recovered": 89890, "Active": 283041, "Date": "2020-09-11T00:00:00Z"}, {"Country": "France", "CountryCode": "", "Province": "", "City": "", "CityCode": "", "Lat": "0", "Lon": "0", "Confirmed": 415174, "Deaths": 30924, "Recovered": 90445, "Active": 293805, "Date": "2020-09-12T00:00:00Z"}, {"Country": "France", "CountryCode": "", "Province": "", "City": "", "CityCode": "", "Lat": "0", "Lon": "0", "Confirmed": 421519, "Deaths": 30929, "Recovered": 90445, "Active": 300145, "Date": "2020-09-13T00:00:00Z"}, {"Country": "France", "CountryCode": "", "Province": "", "City": "", "CityCode": "", "Lat": "0", "Lon": "0", "Confirmed": 427915, "Deaths": 30963, "Recovered": 90432, "Active": 306520, "Date": "2020-09-14T00:00:00Z"}, {"Country": "France", "CountryCode": "", "Province": "", "City": "", "CityCode": "", "Lat": "0", "Lon": "0", "Confirmed": 435741, "Deaths": 31013, "Recovered": 90816, "Active": 313912, "Date": "2020-09-15T00:00:00Z"}, {"Country": "France", "CountryCode": "", "Province": "", "City": "", "CityCode": "", "Lat": "0", "Lon": "0", "Confirmed": 445932, "Deaths": 31061, "Recovered": 91293, "Active": 323578, "Date": "2020-09-16T00:00:00Z"}, {"Country": "France", "CountryCode": "", "Province": "", "City": "", "CityCode": "", "Lat": "0", "Lon": "0", "Confirmed": 456171, "Deaths": 31108, "Recovered": 91765, "Active": 333298, "Date": "2020-09-17T00:00:00Z"}, {"Country": "France", "CountryCode": "", "Province": "", "City": "", "CityCode": "", "Lat": "0", "Lon": "0", "Confirmed": 469404, "Deaths": 31262, "Recovered": 92700, "Active": 345442, "Date": "2020-09-18T00:00:00Z"}, {"Country": "France", "CountryCode": "", "Province": "", "City": "", "CityCode": "", "Lat": "0", "Lon": "0", "Confirmed": 482964, "Deaths": 31287, "Recovered": 93586, "Active": 358091, "Date": "2020-09-19T00:00:00Z"}, {"Country": "France", "CountryCode": "", "Province": "", "City": "", "CityCode": "", "Lat": "0", "Lon": "0", "Confirmed": 493500, "Deaths": 31298, "Recovered": 93586, "Active": 368616, "Date": "2020-09-20T00:00:00Z"}, {"Country": "France", "CountryCode": "", "Province": "", "City": "", "CityCode": "", "Lat": "0", "Lon": "0", "Confirmed": 499039, "Deaths": 31351, "Recovered": 94289, "Active": 373399, "Date": "2020-09-21T00:00:00Z"}, {"Country": "France", "CountryCode": "", "Province": "", "City": "", "CityCode": "", "Lat": "0", "Lon": "0", "Confirmed": 509123, "Deaths": 31430, "Recovered": 94961, "Active": 382732, "Date": "2020-09-22T00:00:00Z"}, {"Country": "France", "CountryCode": "", "Province": "", "City": "", "CityCode": "", "Lat": "0", "Lon": "0", "Confirmed": 522414, "Deaths": 31478, "Recovered": 96498, "Active": 394438, "Date": "2020-09-23T00:00:00Z"}, {"Country": "France", "CountryCode": "", "Province": "", "City": "", "CityCode": "", "Lat": "0", "Lon": "0", "Confirmed": 538264, "Deaths": 31524, "Recovered": 95980, "Active": 410760, "Date": "2020-09-24T00:00:00Z"}, {"Country": "France", "CountryCode": "", "Province": "", "City": "", "CityCode": "", "Lat": "0", "Lon": "0", "Confirmed": 554368, "Deaths": 31675, "Recovered": 96909, "Active": 425784, "Date": "2020-09-25T00:00:00Z"}, {"Country": "France", "CountryCode": "", "Province": "", "City": "", "CityCode": "", "Lat": "0", "Lon": "0", "Confirmed": 568588, "Deaths": 31714, "Recovered": 96937, "Active": 439937, "Date": "2020-09-26T00:00:00Z"}, {"Country": "France", "CountryCode": "", "Province": "", "City": "", "CityCode": "", "Lat": "0", "Lon": "0", "Confirmed": 579223, "Deaths": 31741, "Recovered": 96937, "Active": 450545, "Date": "2020-09-27T00:00:00Z"}, {"Country": "France", "CountryCode": "", "Province": "", "City": "", "CityCode": "", "Lat": "0", "Lon": "0", "Confirmed": 583522, "Deaths": 31825, "Recovered": 97127, "Active": 454570, "Date": "2020-09-28T00:00:00Z"}, {"Country": "France", "CountryCode": "", "Province": "", "City": "", "CityCode": "", "Lat": "0", "Lon": "0", "Confirmed": 591527, "Deaths": 31898, "Recovered": 98088, "Active": 461541, "Date": "2020-09-29T00:00:00Z"}, {"Country": "France", "CountryCode": "", "Province": "", "City": "", "CityCode": "", "Lat": "0", "Lon": "0", "Confirmed": 605893, "Deaths": 31978, "Recovered": 98632, "Active": 475283, "Date": "2020-09-30T00:00:00Z"}, {"Country": "France", "CountryCode": "", "Province": "", "City": "", "CityCode": "", "Lat": "0", "Lon": "0", "Confirmed": 618944, "Deaths": 32035, "Recovered": 99154, "Active": 487755, "Date": "2020-10-01T00:00:00Z"}, {"Country": "France", "CountryCode": "", "Province": "", "City": "", "CityCode": "", "Lat": "0", "Lon": "0", "Confirmed": 631380, "Deaths": 32171, "Recovered": 100253, "Active": 498956, "Date": "2020-10-02T00:00:00Z"}, {"Country": "France", "CountryCode": "", "Province": "", "City": "", "CityCode": "", "Lat": "0", "Lon": "0", "Confirmed": 647868, "Deaths": 32196, "Recovered": 100281, "Active": 515391, "Date": "2020-10-03T00:00:00Z"}, {"Country": "France", "CountryCode": "", "Province": "", "City": "", "CityCode": "", "Lat": "0", "Lon": "0", "Confirmed": 660372, "Deaths": 32228, "Recovered": 100281, "Active": 527863, "Date": "2020-10-04T00:00:00Z"}, {"Country": "France", "CountryCode": "", "Province": "", "City": "", "CityCode": "", "Lat": "0", "Lon": "0", "Confirmed": 666011, "Deaths": 32299, "Recovered": 100873, "Active": 532839, "Date": "2020-10-05T00:00:00Z"}, {"Country": "France", "CountryCode": "", "Province": "", "City": "", "CityCode": "", "Lat": "0", "Lon": "0", "Confirmed": 677321, "Deaths": 32386, "Recovered": 101443, "Active": 543492, "Date": "2020-10-06T00:00:00Z"}, {"Country": "France", "CountryCode": "", "Province": "", "City": "", "CityCode": "", "Lat": "0", "Lon": "0", "Confirmed": 696274, "Deaths": 32466, "Recovered": 102061, "Active": 561747, "Date": "2020-10-07T00:00:00Z"}, {"Country": "France", "CountryCode": "", "Province": "", "City": "", "CityCode": "", "Lat": "0", "Lon": "0", "Confirmed": 713676, "Deaths": 32539, "Recovered": 102542, "Active": 578595, "Date": "2020-10-08T00:00:00Z"}, {"Country": "France", "CountryCode": "", "Province": "", "City": "", "CityCode": "", "Lat": "0", "Lon": "0", "Confirmed": 734764, "Deaths": 32649, "Recovered": 103232, "Active": 598883, "Date": "2020-10-09T00:00:00Z"}, {"Country": "France", "CountryCode": "", "Province": "", "City": "", "CityCode": "", "Lat": "0", "Lon": "0", "Confirmed": 761441, "Deaths": 32684, "Recovered": 103232, "Active": 625525, "Date": "2020-10-10T00:00:00Z"}, {"Country": "France", "CountryCode": "", "Province": "", "City": "", "CityCode": "", "Lat": "0", "Lon": "0", "Confirmed": 777378, "Deaths": 32730, "Recovered": 103232, "Active": 641416, "Date": "2020-10-11T00:00:00Z"}, {"Country": "France", "CountryCode": "", "Province": "", "City": "", "CityCode": "", "Lat": "0", "Lon": "0", "Confirmed": 786590, "Deaths": 32827, "Recovered": 104035, "Active": 649728, "Date": "2020-10-12T00:00:00Z"}, {"Country": "France", "CountryCode": "", "Province": "", "City": "", "CityCode": "", "Lat": "0", "Lon": "0", "Confirmed": 800216, "Deaths": 32955, "Recovered": 105203, "Active": 662058, "Date": "2020-10-13T00:00:00Z"}, {"Country": "France", "CountryCode": "", "Province": "", "City": "", "CityCode": "", "Lat": "0", "Lon": "0", "Confirmed": 823218, "Deaths": 33061, "Recovered": 106374, "Active": 683783, "Date": "2020-10-14T00:00:00Z"}, {"Country": "France", "CountryCode": "", "Province": "", "City": "", "CityCode": "", "Lat": "0", "Lon": "0", "Confirmed": 852975, "Deaths": 33146, "Recovered": 107043, "Active": 712786, "Date": "2020-10-15T00:00:00Z"}, {"Country": "France", "CountryCode": "", "Province": "", "City": "", "CityCode": "", "Lat": "0", "Lon": "0", "Confirmed": 878607, "Deaths": 33325, "Recovered": 108014, "Active": 737268, "Date": "2020-10-16T00:00:00Z"}, {"Country": "France", "CountryCode": "", "Province": "", "City": "", "CityCode": "", "Lat": "0", "Lon": "0", "Confirmed": 910711, "Deaths": 33398, "Recovered": 108014, "Active": 769299, "Date": "2020-10-17T00:00:00Z"}, {"Country": "France", "CountryCode": "", "Province": "", "City": "", "CityCode": "", "Lat": "0", "Lon": "0", "Confirmed": 940548, "Deaths": 33483, "Recovered": 108014, "Active": 799051, "Date": "2020-10-18T00:00:00Z"}, {"Country": "France", "CountryCode": "", "Province": "", "City": "", "CityCode": "", "Lat": "0", "Lon": "0", "Confirmed": 954837, "Deaths": 33631, "Recovered": 109611, "Active": 811595, "Date": "2020-10-19T00:00:00Z"}, {"Country": "France", "CountryCode": "", "Province": "", "City": "", "CityCode": "", "Lat": "0", "Lon": "0", "Confirmed": 975213, "Deaths": 33912, "Recovered": 110515, "Active": 830786, "Date": "2020-10-20T00:00:00Z"}, {"Country": "France", "CountryCode": "", "Province": "", "City": "", "CityCode": "", "Lat": "0", "Lon": "0", "Confirmed": 1002635, "Deaths": 34080, "Recovered": 111715, "Active": 856840, "Date": "2020-10-21T00:00:00Z"}, {"Country": "France", "CountryCode": "", "Province": "", "City": "", "CityCode": "", "Lat": "0", "Lon": "0", "Confirmed": 1043448, "Deaths": 34234, "Recovered": 112662, "Active": 896552, "Date": "2020-10-22T00:00:00Z"}, {"Country": "France", "CountryCode": "", "Province": "", "City": "", "CityCode": "", "Lat": "0", "Lon": "0", "Confirmed": 1086285, "Deaths": 34534, "Recovered": 113636, "Active": 938115, "Date": "2020-10-23T00:00:00Z"}, {"Country": "France", "CountryCode": "", "Province": "", "City": "", "CityCode": "", "Lat": "0", "Lon": "0", "Confirmed": 1131550, "Deaths": 34670, "Recovered": 113636, "Active": 983244, "Date": "2020-10-24T00:00:00Z"}, {"Country": "France", "CountryCode": "", "Province": "", "City": "", "CityCode": "", "Lat": "0", "Lon": "0", "Confirmed": 1138166, "Deaths": 34649, "Recovered": 113698, "Active": 989819, "Date": "2020-10-25T00:00:00Z"}, {"Country": "France", "CountryCode": "", "Province": "", "City": "", "CityCode": "", "Lat": "0", "Lon": "0", "Confirmed": 1211176, "Deaths": 35038, "Recovered": 115964, "Active": 1060174, "Date": "2020-10-26T00:00:00Z"}, {"Country": "France", "CountryCode": "", "Province": "", "City": "", "CityCode": "", "Lat": "0", "Lon": "0", "Confirmed": 1245658, "Deaths": 35567, "Recovered": 117400, "Active": 1092691, "Date": "2020-10-27T00:00:00Z"}, {"Country": "France", "CountryCode": "", "Province": "", "City": "", "CityCode": "", "Lat": "0", "Lon": "0", "Confirmed": 1283208, "Deaths": 35826, "Recovered": 119413, "Active": 1127969, "Date": "2020-10-28T00:00:00Z"}, {"Country": "France", "CountryCode": "", "Province": "", "City": "", "CityCode": "", "Lat": "0", "Lon": "0", "Confirmed": 1329820, "Deaths": 36058, "Recovered": 120723, "Active": 1173039, "Date": "2020-10-29T00:00:00Z"}, {"Country": "France", "CountryCode": "", "Province": "", "City": "", "CityCode": "", "Lat": "0", "Lon": "0", "Confirmed": 1379294, "Deaths": 36605, "Recovered": 122224, "Active": 1220465, "Date": "2020-10-30T00:00:00Z"}, {"Country": "France", "CountryCode": "", "Province": "", "City": "", "CityCode": "", "Lat": "0", "Lon": "0", "Confirmed": 1414364, "Deaths": 36827, "Recovered": 123095, "Active": 1254442, "Date": "2020-10-31T00:00:00Z"}, {"Country": "France", "CountryCode": "", "Province": "", "City": "", "CityCode": "", "Lat": "0", "Lon": "0", "Confirmed": 1460543, "Deaths": 37058, "Recovered": 123664, "Active": 1299821, "Date": "2020-11-01T00:00:00Z"}, {"Country": "France", "CountryCode": "", "Province": "", "City": "", "CityCode": "", "Lat": "0", "Lon": "0", "Confirmed": 1566634, "Deaths": 37486, "Recovered": 123664, "Active": 1405484, "Date": "2020-11-02T00:00:00Z"}, {"Country": "France", "CountryCode": "", "Province": "", "City": "", "CityCode": "", "Lat": "0", "Lon": "0", "Confirmed": 1639235, "Deaths": 38765, "Recovered": 123664, "Active": 1476806, "Date": "2020-11-03T00:00:00Z"}, {"Country": "France", "CountryCode": "", "Province": "", "City": "", "CityCode": "", "Lat": "0", "Lon": "0", "Confirmed": 1593159, "Deaths": 38734, "Recovered": 126195, "Active": 1428230, "Date": "2020-11-04T00:00:00Z"}, {"Country": "France", "CountryCode": "", "Province": "", "City": "", "CityCode": "", "Lat": "0", "Lon": "0", "Confirmed": 1650965, "Deaths": 39088, "Recovered": 129759, "Active": 1482118, "Date": "2020-11-05T00:00:00Z"}, {"Country": "France", "CountryCode": "", "Province": "", "City": "", "CityCode": "", "Lat": "0", "Lon": "0", "Confirmed": 1711917, "Deaths": 39917, "Recovered": 131810, "Active": 1540190, "Date": "2020-11-06T00:00:00Z"}, {"Country": "France", "CountryCode": "", "Province": "", "City": "", "CityCode": "", "Lat": "0", "Lon": "0", "Confirmed": 1798572, "Deaths": 40220, "Recovered": 133419, "Active": 1624933, "Date": "2020-11-07T00:00:00Z"}, {"Country": "France", "CountryCode": "", "Province": "", "City": "", "CityCode": "", "Lat": "0", "Lon": "0", "Confirmed": 1837134, "Deaths": 40490, "Recovered": 134095, "Active": 1662549, "Date": "2020-11-08T00:00:00Z"}, {"Country": "France", "CountryCode": "", "Province": "", "City": "", "CityCode": "", "Lat": "0", "Lon": "0", "Confirmed": 1858558, "Deaths": 41050, "Recovered": 135216, "Active": 1682292, "Date": "2020-11-09T00:00:00Z"}, {"Country": "France", "CountryCode": "", "Province": "", "City": "", "CityCode": "", "Lat": "0", "Lon": "0", "Confirmed": 1881171, "Deaths": 42281, "Recovered": 137401, "Active": 1701489, "Date": "2020-11-10T00:00:00Z"}, {"Country": "France", "CountryCode": "", "Province": "", "City": "", "CityCode": "", "Lat": "0", "Lon": "0", "Confirmed": 1917577, "Deaths": 42609, "Recovered": 139177, "Active": 1735791, "Date": "2020-11-11T00:00:00Z"}, {"Country": "France", "CountryCode": "", "Province": "", "City": "", "CityCode": "", "Lat": "0", "Lon": "0", "Confirmed": 1950205, "Deaths": 43024, "Recovered": 140470, "Active": 1766711, "Date": "2020-11-12T00:00:00Z"}, {"Country": "France", "CountryCode": "", "Province": "", "City": "", "CityCode": "", "Lat": "0", "Lon": "0", "Confirmed": 1974270, "Deaths": 43957, "Recovered": 142671, "Active": 1787642, "Date": "2020-11-13T00:00:00Z"}, {"Country": "France", "CountryCode": "", "Province": "", "City": "", "CityCode": "", "Lat": "0", "Lon": "0", "Confirmed": 2006227, "Deaths": 44310, "Recovered": 144656, "Active": 1817261, "Date": "2020-11-14T00:00:00Z"}, {"Country": "France", "CountryCode": "", "Province": "", "City": "", "CityCode": "", "Lat": "0", "Lon": "0", "Confirmed": 2033419, "Deaths": 44613, "Recovered": 145326, "Active": 1843480, "Date": "2020-11-15T00:00:00Z"}, {"Country": "France", "CountryCode": "", "Province": "", "City": "", "CityCode": "", "Lat": "0", "Lon": "0", "Confirmed": 2043469, "Deaths": 45124, "Recovered": 146396, "Active": 1851949, "Date": "2020-11-16T00:00:00Z"}, {"Country": "France", "CountryCode": "", "Province": "", "City": "", "CityCode": "", "Lat": "0", "Lon": "0", "Confirmed": 2089071, "Deaths": 46350, "Recovered": 148669, "Active": 1894052, "Date": "2020-11-17T00:00:00Z"}, {"Country": "France", "CountryCode": "", "Province": "", "City": "", "CityCode": "", "Lat": "0", "Lon": "0", "Confirmed": 2117968, "Deaths": 46781, "Recovered": 150966, "Active": 1920221, "Date": "2020-11-18T00:00:00Z"}, {"Country": "France", "CountryCode": "", "Province": "", "City": "", "CityCode": "", "Lat": "0", "Lon": "0", "Confirmed": 2138704, "Deaths": 47198, "Recovered": 153145, "Active": 1938361, "Date": "2020-11-19T00:00:00Z"}, {"Country": "France", "CountryCode": "", "Province": "", "City": "", "CityCode": "", "Lat": "0", "Lon": "0", "Confirmed": 2161968, "Deaths": 48339, "Recovered": 155829, "Active": 1957800, "Date": "2020-11-20T00:00:00Z"}, {"Country": "France", "CountryCode": "", "Province": "", "City": "", "CityCode": "", "Lat": "0", "Lon": "0", "Confirmed": 2179638, "Deaths": 48591, "Recovered": 156755, "Active": 1974292, "Date": "2020-11-21T00:00:00Z"}, {"Country": "France", "CountryCode": "", "Province": "", "City": "", "CityCode": "", "Lat": "0", "Lon": "0", "Confirmed": 2192768, "Deaths": 48805, "Recovered": 157259, "Active": 1986704, "Date": "2020-11-22T00:00:00Z"}, {"Country": "France", "CountryCode": "", "Province": "", "City": "", "CityCode": "", "Lat": "0", "Lon": "0", "Confirmed": 2197830, "Deaths": 49311, "Recovered": 158170, "Active": 1990349, "Date": "2020-11-23T00:00:00Z"}, {"Country": "France", "CountryCode": "", "Province": "", "City": "", "CityCode": "", "Lat": "0", "Lon": "0", "Confirmed": 2207751, "Deaths": 50322, "Recovered": 160257, "Active": 1997172, "Date": "2020-11-24T00:00:00Z"}, {"Country": "France", "CountryCode": "", "Province": "", "City": "", "CityCode": "", "Lat": "0", "Lon": "0", "Confirmed": 2224505, "Deaths": 50710, "Recovered": 162130, "Active": 2011665, "Date": "2020-11-25T00:00:00Z"}, {"Country": "France", "CountryCode": "", "Province": "", "City": "", "CityCode": "", "Lat": "0", "Lon": "0", "Confirmed": 2237506, "Deaths": 51041, "Recovered": 163814, "Active": 2022651, "Date": "2020-11-26T00:00:00Z"}, {"Country": "France", "CountryCode": "", "Province": "", "City": "", "CityCode": "", "Lat": "0", "Lon": "0", "Confirmed": 2250280, "Deaths": 52000, "Recovered": 165493, "Active": 2032787, "Date": "2020-11-27T00:00:00Z"}, {"Country": "France", "CountryCode": "", "Province": "", "City": "", "CityCode": "", "Lat": "0", "Lon": "0", "Confirmed": 2262757, "Deaths": 52212, "Recovered": 166715, "Active": 2043830, "Date": "2020-11-28T00:00:00Z"}, {"Country": "France", "CountryCode": "", "Province": "", "City": "", "CityCode": "", "Lat": "0", "Lon": "0", "Confirmed": 2272520, "Deaths": 52410, "Recovered": 167005, "Active": 2053105, "Date": "2020-11-29T00:00:00Z"}, {"Country": "France", "CountryCode": "", "Province": "", "City": "", "CityCode": "", "Lat": "0", "Lon": "0", "Confirmed": 2276874, "Deaths": 52819, "Recovered": 167913, "Active": 2056142, "Date": "2020-11-30T00:00:00Z"}, {"Country": "France", "CountryCode": "", "Province": "", "City": "", "CityCode": "", "Lat": "0", "Lon": "0", "Confirmed": 2285238, "Deaths": 53596, "Recovered": 169663, "Active": 2061979, "Date": "2020-12-01T00:00:00Z"}, {"Country": "France", "CountryCode": "", "Province": "", "City": "", "CityCode": "", "Lat": "0", "Lon": "0", "Confirmed": 2299466, "Deaths": 53907, "Recovered": 171197, "Active": 2074362, "Date": "2020-12-02T00:00:00Z"}, {"Country": "France", "CountryCode": "", "Province": "", "City": "", "CityCode": "", "Lat": "0", "Lon": "0", "Confirmed": 2312253, "Deaths": 54231, "Recovered": 172574, "Active": 2085448, "Date": "2020-12-03T00:00:00Z"}, {"Country": "France", "CountryCode": "", "Province": "", "City": "", "CityCode": "", "Lat": "0", "Lon": "0", "Confirmed": 2323764, "Deaths": 54861, "Recovered": 173986, "Active": 2094917, "Date": "2020-12-04T00:00:00Z"}, {"Country": "France", "CountryCode": "", "Province": "", "City": "", "CityCode": "", "Lat": "0", "Lon": "0", "Confirmed": 2336646, "Deaths": 55073, "Recovered": 174992, "Active": 2106581, "Date": "2020-12-05T00:00:00Z"}, {"Country": "France", "CountryCode": "", "Province": "", "City": "", "CityCode": "", "Lat": "0", "Lon": "0", "Confirmed": 2347595, "Deaths": 55247, "Recovered": 175220, "Active": 2117128, "Date": "2020-12-06T00:00:00Z"}, {"Country": "France", "CountryCode": "", "Province": "", "City": "", "CityCode": "", "Lat": "0", "Lon": "0", "Confirmed": 2351006, "Deaths": 55613, "Recovered": 175919, "Active": 2119474, "Date": "2020-12-07T00:00:00Z"}, {"Country": "France", "CountryCode": "", "Province": "", "City": "", "CityCode": "", "Lat": "0", "Lon": "0", "Confirmed": 2365043, "Deaths": 56451, "Recovered": 177558, "Active": 2131034, "Date": "2020-12-08T00:00:00Z"}, {"Country": "France", "CountryCode": "", "Province": "", "City": "", "CityCode": "", "Lat": "0", "Lon": "0", "Confirmed": 2379718, "Deaths": 56748, "Recovered": 178937, "Active": 2144033, "Date": "2020-12-09T00:00:00Z"}, {"Country": "France", "CountryCode": "", "Province": "", "City": "", "CityCode": "", "Lat": "0", "Lon": "0", "Confirmed": 2393590, "Deaths": 57044, "Recovered": 180348, "Active": 2156198, "Date": "2020-12-10T00:00:00Z"}, {"Country": "France", "CountryCode": "", "Province": "", "City": "", "CityCode": "", "Lat": "0", "Lon": "0", "Confirmed": 2407079, "Deaths": 57672, "Recovered": 181581, "Active": 2167826, "Date": "2020-12-11T00:00:00Z"}, {"Country": "France", "CountryCode": "", "Province": "", "City": "", "CityCode": "", "Lat": "0", "Lon": "0", "Confirmed": 2421026, "Deaths": 57865, "Recovered": 181581, "Active": 2167827, "Date": "2020-12-12T00:00:00Z"}, {"Country": "France", "CountryCode": "", "Province": "", "City": "", "CityCode": "", "Lat": "0", "Lon": "0", "Confirmed": 2432559, "Deaths": 58015, "Recovered": 182685, "Active": 2191859, "Date": "2020-12-13T00:00:00Z"}, {"Country": "France", "CountryCode": "", "Province": "", "City": "", "CityCode": "", "Lat": "0", "Lon": "0", "Confirmed": 2435751, "Deaths": 58391, "Recovered": 183340, "Active": 2194020, "Date": "2020-12-14T00:00:00Z"}, {"Country": "France", "CountryCode": "", "Province": "", "City": "", "CityCode": "", "Lat": "0", "Lon": "0", "Confirmed": 2447406, "Deaths": 59182, "Recovered": 184780, "Active": 2203444, "Date": "2020-12-15T00:00:00Z"}, {"Country": "France", "CountryCode": "", "Province": "", "City": "", "CityCode": "", "Lat": "0", "Lon": "0", "Confirmed": 2465126, "Deaths": 59472, "Recovered": 186004, "Active": 2219650, "Date": "2020-12-16T00:00:00Z"}, {"Country": "France", "CountryCode": "", "Province": "", "City": "", "CityCode": "", "Lat": "0", "Lon": "0", "Confirmed": 2483524, "Deaths": 59733, "Recovered": 187199, "Active": 2236592, "Date": "2020-12-17T00:00:00Z"}, {"Country": "France", "CountryCode": "", "Province": "", "City": "", "CityCode": "", "Lat": "0", "Lon": "0", "Confirmed": 2499529, "Deaths": 60345, "Recovered": 188488, "Active": 2250696, "Date": "2020-12-18T00:00:00Z"}, {"Country": "France", "CountryCode": "", "Province": "", "City": "", "CityCode": "", "Lat": "0", "Lon": "0", "Confirmed": 2516957, "Deaths": 60534, "Recovered": 189403, "Active": 2267020, "Date": "2020-12-19T00:00:00Z"}, {"Country": "France", "CountryCode": "", "Province": "", "City": "", "CityCode": "", "Lat": "0", "Lon": "0", "Confirmed": 2529756, "Deaths": 60665, "Recovered": 189638, "Active": 2279453, "Date": "2020-12-20T00:00:00Z"}, {"Country": "France", "CountryCode": "", "Province": "", "City": "", "CityCode": "", "Lat": "0", "Lon": "0", "Confirmed": 2535716, "Deaths": 61019, "Recovered": 190296, "Active": 2284401, "Date": "2020-12-21T00:00:00Z"}, {"Country": "France", "CountryCode": "", "Province": "", "City": "", "CityCode": "", "Lat": "0", "Lon": "0", "Confirmed": 2547577, "Deaths": 61821, "Recovered": 191892, "Active": 2293864, "Date": "2020-12-22T00:00:00Z"}, {"Country": "France", "CountryCode": "", "Province": "", "City": "", "CityCode": "", "Lat": "0", "Lon": "0", "Confirmed": 2562615, "Deaths": 62098, "Recovered": 193192, "Active": 2307325, "Date": "2020-12-23T00:00:00Z"}, {"Country": "France", "CountryCode": "", "Province": "", "City": "", "CityCode": "", "Lat": "0", "Lon": "0", "Confirmed": 2584333, "Deaths": 62389, "Recovered": 194559, "Active": 2327385, "Date": "2020-12-24T00:00:00Z"}, {"Country": "France", "CountryCode": "", "Province": "", "City": "", "CityCode": "", "Lat": "0", "Lon": "0", "Confirmed": 2604595, "Deaths": 62548, "Recovered": 195365, "Active": 2346682, "Date": "2020-12-25T00:00:00Z"}, {"Country": "France", "CountryCode": "", "Province": "", "City": "", "CityCode": "", "Lat": "0", "Lon": "0", "Confirmed": 2607688, "Deaths": 62694, "Recovered": 195638, "Active": 2349356, "Date": "2020-12-26T00:00:00Z"}, {"Country": "France", "CountryCode": "", "Province": "", "City": "", "CityCode": "", "Lat": "0", "Lon": "0", "Confirmed": 2616510, "Deaths": 62867, "Recovered": 195861, "Active": 2357782, "Date": "2020-12-27T00:00:00Z"}, {"Country": "France", "CountryCode": "", "Province": "", "City": "", "CityCode": "", "Lat": "0", "Lon": "0", "Confirmed": 2619616, "Deaths": 63235, "Recovered": 196642, "Active": 2359739, "Date": "2020-12-28T00:00:00Z"}, {"Country": "France", "CountryCode": "", "Province": "", "City": "", "CityCode": "", "Lat": "0", "Lon": "0", "Confirmed": 2631110, "Deaths": 64204, "Recovered": 197726, "Active": 2369180, "Date": "2020-12-29T00:00:00Z"}, {"Country": "France", "CountryCode": "", "Province": "", "City": "", "CityCode": "", "Lat": "0", "Lon": "0", "Confirmed": 2657624, "Deaths": 64508, "Recovered": 198966, "Active": 2394150, "Date": "2020-12-30T00:00:00Z"}, {"Country": "France", "CountryCode": "", "Province": "", "City": "", "CityCode": "", "Lat": "0", "Lon": "0", "Confirmed": 2677666, "Deaths": 64759, "Recovered": 200142, "Active": 2412765, "Date": "2020-12-31T00:00:00Z"}, {"Country": "France", "CountryCode": "", "Province": "", "City": "", "CityCode": "", "Lat": "0", "Lon": "0", "Confirmed": 2697014, "Deaths": 64892, "Recovered": 200822, "Active": 2431300, "Date": "2021-01-01T00:00:00Z"}, {"Country": "France", "CountryCode": "", "Province": "", "City": "", "CityCode": "", "Lat": "0", "Lon": "0", "Confirmed": 2700480, "Deaths": 65048, "Recovered": 201095, "Active": 2434337, "Date": "2021-01-02T00:00:00Z"}, {"Country": "France", "CountryCode": "", "Province": "", "City": "", "CityCode": "", "Lat": "0", "Lon": "0", "Confirmed": 2712975, "Deaths": 65164, "Recovered": 201308, "Active": 2446503, "Date": "2021-01-03T00:00:00Z"}, {"Country": "France", "CountryCode": "", "Province": "", "City": "", "CityCode": "", "Lat": "0", "Lon": "0", "Confirmed": 2717059, "Deaths": 65549, "Recovered": 201959, "Active": 2449551, "Date": "2021-01-04T00:00:00Z"}, {"Country": "France", "CountryCode": "", "Province": "", "City": "", "CityCode": "", "Lat": "0", "Lon": "0", "Confirmed": 2737884, "Deaths": 66417, "Recovered": 203425, "Active": 2468042, "Date": "2021-01-05T00:00:00Z"}, {"Country": "France", "CountryCode": "", "Province": "", "City": "", "CityCode": "", "Lat": "0", "Lon": "0", "Confirmed": 2763116, "Deaths": 66699, "Recovered": 204679, "Active": 2491738, "Date": "2021-01-06T00:00:00Z"}, {"Country": "France", "CountryCode": "", "Province": "", "City": "", "CityCode": "", "Lat": "0", "Lon": "0", "Confirmed": 2784883, "Deaths": 66975, "Recovered": 204680, "Active": 2491990, "Date": "2021-01-07T00:00:00Z"}, {"Country": "France", "CountryCode": "", "Province": "", "City": "", "CityCode": "", "Lat": "0", "Lon": "0", "Confirmed": 2804743, "Deaths": 67566, "Recovered": 207211, "Active": 2529966, "Date": "2021-01-08T00:00:00Z"}, {"Country": "France", "CountryCode": "", "Province": "", "City": "", "CityCode": "", "Lat": "0", "Lon": "0", "Confirmed": 2824920, "Deaths": 67734, "Recovered": 208090, "Active": 2549096, "Date": "2021-01-09T00:00:00Z"}, {"Country": "France", "CountryCode": "", "Province": "", "City": "", "CityCode": "", "Lat": "0", "Lon": "0", "Confirmed": 2840864, "Deaths": 67885, "Recovered": 208354, "Active": 2564625, "Date": "2021-01-10T00:00:00Z"}, {"Country": "France", "CountryCode": "", "Province": "", "City": "", "CityCode": "", "Lat": "0", "Lon": "0", "Confirmed": 2844680, "Deaths": 68197, "Recovered": 208997, "Active": 2567486, "Date": "2021-01-11T00:00:00Z"}, {"Country": "France", "CountryCode": "", "Province": "", "City": "", "CityCode": "", "Lat": "0", "Lon": "0", "Confirmed": 2864360, "Deaths": 68939, "Recovered": 210315, "Active": 2585106, "Date": "2021-01-12T00:00:00Z"}, {"Country": "France", "CountryCode": "", "Province": "", "City": "", "CityCode": "", "Lat": "0", "Lon": "0", "Confirmed": 2888292, "Deaths": 69168, "Recovered": 211598, "Active": 2607526, "Date": "2021-01-13T00:00:00Z"}, {"Country": "France", "CountryCode": "", "Province": "", "City": "", "CityCode": "", "Lat": "0", "Lon": "0", "Confirmed": 2909723, "Deaths": 69452, "Recovered": 212728, "Active": 2627543, "Date": "2021-01-14T00:00:00Z"}, {"Country": "France", "CountryCode": "", "Province": "", "City": "", "CityCode": "", "Lat": "0", "Lon": "0", "Confirmed": 2931040, "Deaths": 70088, "Recovered": 213997, "Active": 2647309, "Date": "2021-01-15T00:00:00Z"}, {"Country": "France", "CountryCode": "", "Province": "", "City": "", "CityCode": "", "Lat": "0", "Lon": "0", "Confirmed": 2952449, "Deaths": 70281, "Recovered": 213997, "Active": 2647596, "Date": "2021-01-16T00:00:00Z"}, {"Country": "France", "CountryCode": "", "Province": "", "City": "", "CityCode": "", "Lat": "0", "Lon": "0", "Confirmed": 2969091, "Deaths": 70422, "Recovered": 215269, "Active": 2683400, "Date": "2021-01-17T00:00:00Z"}, {"Country": "France", "CountryCode": "", "Province": "", "City": "", "CityCode": "", "Lat": "0", "Lon": "0", "Confirmed": 2972889, "Deaths": 70826, "Recovered": 216129, "Active": 2685934, "Date": "2021-01-18T00:00:00Z"}, {"Country": "France", "CountryCode": "", "Province": "", "City": "", "CityCode": "", "Lat": "0", "Lon": "0", "Confirmed": 2996784, "Deaths": 71482, "Recovered": 217745, "Active": 2707557, "Date": "2021-01-19T00:00:00Z"}, {"Country": "France", "CountryCode": "", "Province": "", "City": "", "CityCode": "", "Lat": "0", "Lon": "0", "Confirmed": 3023661, "Deaths": 71792, "Recovered": 219354, "Active": 2732515, "Date": "2021-01-20T00:00:00Z"}, {"Country": "France", "CountryCode": "", "Province": "", "City": "", "CityCode": "", "Lat": "0", "Lon": "0", "Confirmed": 3046371, "Deaths": 72139, "Recovered": 220650, "Active": 2753582, "Date": "2021-01-21T00:00:00Z"}, {"Country": "France", "CountryCode": "", "Province": "", "City": "", "CityCode": "", "Lat": "0", "Lon": "0", "Confirmed": 3069695, "Deaths": 72788, "Recovered": 221937, "Active": 2774970, "Date": "2021-01-22T00:00:00Z"}, {"Country": "France", "CountryCode": "", "Province": "", "City": "", "CityCode": "", "Lat": "0", "Lon": "0", "Confirmed": 3093619, "Deaths": 73018, "Recovered": 222840, "Active": 2797761, "Date": "2021-01-23T00:00:00Z"}, {"Country": "France", "CountryCode": "", "Province": "", "City": "", "CityCode": "", "Lat": "0", "Lon": "0", "Confirmed": 3112055, "Deaths": 73190, "Recovered": 223080, "Active": 2815785, "Date": "2021-01-24T00:00:00Z"}, {"Country": "France", "CountryCode": "", "Province": "", "City": "", "CityCode": "", "Lat": "0", "Lon": "0", "Confirmed": 3116355, "Deaths": 73636, "Recovered": 223823, "Active": 2818896, "Date": "2021-01-25T00:00:00Z"}, {"Country": "France", "CountryCode": "", "Province": "", "City": "", "CityCode": "", "Lat": "0", "Lon": "0", "Confirmed": 3138498, "Deaths": 74250, "Recovered": 225267, "Active": 2838981, "Date": "2021-01-26T00:00:00Z"}, {"Country": "France", "CountryCode": "", "Province": "", "City": "", "CityCode": "", "Lat": "0", "Lon": "0", "Confirmed": 3165449, "Deaths": 74600, "Recovered": 226685, "Active": 2864164, "Date": "2021-01-27T00:00:00Z"}, {"Country": "France", "CountryCode": "", "Province": "", "City": "", "CityCode": "", "Lat": "0", "Lon": "0", "Confirmed": 3189405, "Deaths": 74944, "Recovered": 226772, "Active": 2864772, "Date": "2021-01-28T00:00:00Z"}, {"Country": "France", "CountryCode": "", "Province": "", "City": "", "CityCode": "", "Lat": "0", "Lon": "0", "Confirmed": 3212640, "Deaths": 75765, "Recovered": 229634, "Active": 2907241, "Date": "2021-01-29T00:00:00Z"}, {"Country": "France", "CountryCode": "", "Province": "", "City": "", "CityCode": "", "Lat": "0", "Lon": "0", "Confirmed": 3236685, "Deaths": 76006, "Recovered": 230326, "Active": 2930353, "Date": "2021-01-30T00:00:00Z"}, {"Country": "France", "CountryCode": "", "Province": "", "City": "", "CityCode": "", "Lat": "0", "Lon": "0", "Confirmed": 3255920, "Deaths": 76201, "Recovered": 230612, "Active": 2949107, "Date": "2021-01-31T00:00:00Z"}, {"Country": "France", "CountryCode": "", "Province": "", "City": "", "CityCode": "", "Lat": "0", "Lon": "0", "Confirmed": 3260308, "Deaths": 76657, "Recovered": 231525, "Active": 2952126, "Date": "2021-02-01T00:00:00Z"}, {"Country": "France", "CountryCode": "", "Province": "", "City": "", "CityCode": "", "Lat": "0", "Lon": "0", "Confirmed": 3283645, "Deaths": 77383, "Recovered": 233102, "Active": 2973160, "Date": "2021-02-02T00:00:00Z"}, {"Country": "France", "CountryCode": "", "Province": "", "City": "", "CityCode": "", "Lat": "0", "Lon": "0", "Confirmed": 3310051, "Deaths": 77741, "Recovered": 234678, "Active": 2997632, "Date": "2021-02-03T00:00:00Z"}, {"Country": "France", "CountryCode": "", "Province": "", "City": "", "CityCode": "", "Lat": "0", "Lon": "0", "Confirmed": 3310071, "Deaths": 77741, "Recovered": 234678, "Active": 2997652, "Date": "2021-02-04T00:00:00Z"}, {"Country": "France", "CountryCode": "", "Province": "", "City": "", "CityCode": "", "Lat": "0", "Lon": "0", "Confirmed": 3355678, "Deaths": 78749, "Recovered": 237755, "Active": 3039174, "Date": "2021-02-05T00:00:00Z"}, {"Country": "France", "CountryCode": "", "Province": "", "City": "", "CityCode": "", "Lat": "0", "Lon": "0", "Confirmed": 3376266, "Deaths": 78940, "Recovered": 238899, "Active": 3058427, "Date": "2021-02-06T00:00:00Z"}, {"Country": "France", "CountryCode": "", "Province": "", "City": "", "CityCode": "", "Lat": "0", "Lon": "0", "Confirmed": 3395981, "Deaths": 79111, "Recovered": 239183, "Active": 3077687, "Date": "2021-02-07T00:00:00Z"}, {"Country": "France", "CountryCode": "", "Province": "", "City": "", "CityCode": "", "Lat": "0", "Lon": "0", "Confirmed": 3400324, "Deaths": 79571, "Recovered": 240200, "Active": 3080553, "Date": "2021-02-08T00:00:00Z"}, {"Country": "France", "CountryCode": "", "Province": "", "City": "", "CityCode": "", "Lat": "0", "Lon": "0", "Confirmed": 3419210, "Deaths": 80295, "Recovered": 241924, "Active": 3096991, "Date": "2021-02-09T00:00:00Z"}, {"Country": "France", "CountryCode": "", "Province": "", "City": "", "CityCode": "", "Lat": "0", "Lon": "0", "Confirmed": 3444888, "Deaths": 80591, "Recovered": 243320, "Active": 3120977, "Date": "2021-02-10T00:00:00Z"}, {"Country": "France", "CountryCode": "", "Province": "", "City": "", "CityCode": "", "Lat": "0", "Lon": "0", "Confirmed": 3465964, "Deaths": 80951, "Recovered": 244961, "Active": 3140052, "Date": "2021-02-11T00:00:00Z"}, {"Country": "France", "CountryCode": "", "Province": "", "City": "", "CityCode": "", "Lat": "0", "Lon": "0", "Confirmed": 3486673, "Deaths": 81596, "Recovered": 244962, "Active": 3140713, "Date": "2021-02-12T00:00:00Z"}, {"Country": "France", "CountryCode": "", "Province": "", "City": "", "CityCode": "", "Lat": "0", "Lon": "0", "Confirmed": 3507904, "Deaths": 81795, "Recovered": 244962, "Active": 3141134, "Date": "2021-02-13T00:00:00Z"}, {"Country": "France", "CountryCode": "", "Province": "", "City": "", "CityCode": "", "Lat": "0", "Lon": "0", "Confirmed": 3524450, "Deaths": 81962, "Recovered": 244962, "Active": 3141961, "Date": "2021-02-14T00:00:00Z"}, {"Country": "France", "CountryCode": "", "Province": "", "City": "", "CityCode": "", "Lat": "0", "Lon": "0", "Confirmed": 3528856, "Deaths": 82374, "Recovered": 248737, "Active": 3197745, "Date": "2021-02-15T00:00:00Z"}, {"Country": "France", "CountryCode": "", "Province": "", "City": "", "CityCode": "", "Lat": "0", "Lon": "0", "Confirmed": 3548452, "Deaths": 82961, "Recovered": 250447, "Active": 3215044, "Date": "2021-02-16T00:00:00Z"}, {"Country": "France", "CountryCode": "", "Province": "", "City": "", "CityCode": "", "Lat": "0", "Lon": "0", "Confirmed": 3573638, "Deaths": 83271, "Recovered": 251947, "Active": 3238420, "Date": "2021-02-17T00:00:00Z"}, {"Country": "France", "CountryCode": "", "Province": "", "City": "", "CityCode": "", "Lat": "0", "Lon": "0", "Confirmed": 3596156, "Deaths": 83542, "Recovered": 253337, "Active": 3259277, "Date": "2021-02-18T00:00:00Z"}, {"Country": "France", "CountryCode": "", "Province": "", "City": "", "CityCode": "", "Lat": "0", "Lon": "0", "Confirmed": 3620283, "Deaths": 84114, "Recovered": 253337, "Active": 3259287, "Date": "2021-02-19T00:00:00Z"}, {"Country": "France", "CountryCode": "", "Province": "", "City": "", "CityCode": "", "Lat": "0", "Lon": "0", "Confirmed": 3642654, "Deaths": 84271, "Recovered": 253337, "Active": 3260230, "Date": "2021-02-20T00:00:00Z"}, {"Country": "France", "CountryCode": "", "Province": "", "City": "", "CityCode": "", "Lat": "0", "Lon": "0", "Confirmed": 3664700, "Deaths": 84430, "Recovered": 253337, "Active": 3260657, "Date": "2021-02-21T00:00:00Z"}, {"Country": "France", "CountryCode": "", "Province": "", "City": "", "CityCode": "", "Lat": "0", "Lon": "0", "Confirmed": 3669354, "Deaths": 84764, "Recovered": 256748, "Active": 3327842, "Date": "2021-02-22T00:00:00Z"}, {"Country": "France", "CountryCode": "", "Province": "", "City": "", "CityCode": "", "Lat": "0", "Lon": "0", "Confirmed": 3689534, "Deaths": 85195, "Recovered": 258863, "Active": 3345476, "Date": "2021-02-23T00:00:00Z"}, {"Country": "France", "CountryCode": "", "Province": "", "City": "", "CityCode": "", "Lat": "0", "Lon": "0", "Confirmed": 3721061, "Deaths": 85473, "Recovered": 260230, "Active": 3375358, "Date": "2021-02-24T00:00:00Z"}, {"Country": "France", "CountryCode": "", "Province": "", "City": "", "CityCode": "", "Lat": "0", "Lon": "0", "Confirmed": 3746475, "Deaths": 85734, "Recovered": 261648, "Active": 3399093, "Date": "2021-02-25T00:00:00Z"}, {"Country": "France", "CountryCode": "", "Province": "", "City": "", "CityCode": "", "Lat": "0", "Lon": "0", "Confirmed": 3771691, "Deaths": 86273, "Recovered": 261649, "Active": 3399320, "Date": "2021-02-26T00:00:00Z"}, {"Country": "France", "CountryCode": "", "Province": "", "City": "", "CityCode": "", "Lat": "0", "Lon": "0", "Confirmed": 3795687, "Deaths": 86458, "Recovered": 261649, "Active": 3399873, "Date": "2021-02-27T00:00:00Z"}, {"Country": "France", "CountryCode": "", "Province": "", "City": "", "CityCode": "", "Lat": "0", "Lon": "0", "Confirmed": 3815639, "Deaths": 86580, "Recovered": 261649, "Active": 3399873, "Date": "2021-02-28T00:00:00Z"}, {"Country": "France", "CountryCode": "", "Province": "", "City": "", "CityCode": "", "Lat": "0", "Lon": "0", "Confirmed": 3820369, "Deaths": 86955, "Recovered": 265165, "Active": 3468249, "Date": "2021-03-01T00:00:00Z"}, {"Country": "France", "CountryCode": "", "Province": "", "City": "", "CityCode": "", "Lat": "0", "Lon": "0", "Confirmed": 3843241, "Deaths": 87373, "Recovered": 266674, "Active": 3489194, "Date": "2021-03-02T00:00:00Z"}, {"Country": "France", "CountryCode": "", "Province": "", "City": "", "CityCode": "", "Lat": "0", "Lon": "0", "Confirmed": 3870144, "Deaths": 87695, "Recovered": 268073, "Active": 3514376, "Date": "2021-03-03T00:00:00Z"}, {"Country": "France", "CountryCode": "", "Province": "", "City": "", "CityCode": "", "Lat": "0", "Lon": "0", "Confirmed": 3895430, "Deaths": 87988, "Recovered": 269474, "Active": 3537968, "Date": "2021-03-04T00:00:00Z"}, {"Country": "France", "CountryCode": "", "Province": "", "City": "", "CityCode": "", "Lat": "0", "Lon": "0", "Confirmed": 3918937, "Deaths": 88427, "Recovered": 270703, "Active": 3559807, "Date": "2021-03-05T00:00:00Z"}, {"Country": "France", "CountryCode": "", "Province": "", "City": "", "CityCode": "", "Lat": "0", "Lon": "0", "Confirmed": 3942243, "Deaths": 88597, "Recovered": 271693, "Active": 3581953, "Date": "2021-03-06T00:00:00Z"}, {"Country": "France", "CountryCode": "", "Province": "", "City": "", "CityCode": "", "Lat": "0", "Lon": "0", "Confirmed": 3964078, "Deaths": 88727, "Recovered": 272079, "Active": 3875351, "Date": "2021-03-07T00:00:00Z"}, {"Country": "France", "CountryCode": "", "Province": "", "City": "", "CityCode": "", "Lat": "0", "Lon": "0", "Confirmed": 3969612, "Deaths": 89090, "Recovered": 272887, "Active": 3607635, "Date": "2021-03-08T00:00:00Z"}, {"Country": "France", "CountryCode": "", "Province": "", "City": "", "CityCode": "", "Lat": "0", "Lon": "0", "Confirmed": 3992755, "Deaths": 89455, "Recovered": 274331, "Active": 3628969, "Date": "2021-03-09T00:00:00Z"}, {"Country": "France", "CountryCode": "", "Province": "", "City": "", "CityCode": "", "Lat": "0", "Lon": "0", "Confirmed": 4022429, "Deaths": 89707, "Recovered": 275811, "Active": 3656882, "Date": "2021-03-10T00:00:00Z"}, {"Country": "France", "CountryCode": "", "Province": "", "City": "", "CityCode": "", "Lat": "0", "Lon": "0", "Confirmed": 4050558, "Deaths": 89984, "Recovered": 277225, "Active": 3683349, "Date": "2021-03-11T00:00:00Z"}, {"Country": "France", "CountryCode": "", "Province": "", "City": "", "CityCode": "", "Lat": "0", "Lon": "0", "Confirmed": 4075735, "Deaths": 90207, "Recovered": 278470, "Active": 3707058, "Date": "2021-03-12T00:00:00Z"}, {"Country": "France", "CountryCode": "", "Province": "", "City": "", "CityCode": "", "Lat": "0", "Lon": "0", "Confirmed": 4017844, "Deaths": 89720, "Recovered": 244927, "Active": 3735744, "Date": "2021-03-13T00:00:00Z"}]