[{"Country": "Germany", "CountryCode": "", "Province": "", "City": "", "CityCode": "", "Lat": "0", "Lon": "0", "Confirmed": 1, "Deaths": 0, "Recovered": 0, "Active": 1, "Date": "2020-01-27T00:00:00Z"}, {"Country": "Germany", "CountryCode": "", "Province": "", "City": "", "CityCode": "", "Lat": "0", "Lon": "0", "Confirmed": 4, "Deaths": 0, "Recovered": 0, "Active": 4, "Date": "2020-01-28T00:00:00Z"}, {"Country": "Germany", "CountryCode": "", "Province": "", "City": "", "CityCode": "", "Lat": "0", "Lon": "0", "Confirmed": 4, "Deaths": 0, "Recovered": 0, "Active": 4, "Date": "2020-01-29T00:00:00Z"}, {"Country": "Germany", "CountryCode": "", "Province": "", "City": "", "CityCode": "", "Lat": "0", "Lon": "0", "Confirmed": 4, "Deaths": 0, "Recovered": 0, "Active": 4, "Date": "2020-01-30T00:00:00Z"}, {"Country": "Germany", "CountryCode": "", "Province": "", "City": "", "CityCode": "", "Lat": "0", "Lon": "0", "Confirmed": 5, "Deaths": 0, "Recovered": 0, "Active": 5, "Date": "2020-01-31T00:00:00Z"}, {"Country": "Germany", "CountryCode": "", "Province": "", "City": "", "CityCode": "", "Lat": "0", "Lon": "0", "Confirmed": 8, "Deaths": 0, "Recovered": 0, "Active": 8, "Date": "2020-02-01T00:00:00Z"}, {"Country": "Germany", "CountryCode": "", "Province": "", "City": "", "CityCode": "", "Lat": "0", "Lon": "0", "Confirmed": 10, "Deaths": 0, "Recovered": 0, "Active": 10, "Date": "2020-02-02T00:00:00Z"}, {"Country": "Germany", "CountryCode": "", "Province": "", "City": "", "CityCode": "", "Lat": "0", "Lon": "0", "Confirmed": 12, "Deaths": 0, "Recovered": 0, "Active": 12, "Date": "2020-02-03T00:00:00Z"}, {"Country": "Germany", "CountryCode": "", "Province": "", "City": "", "CityCode": "", "Lat": "0", "Lon": "0", "Confirmed": 12, "Deaths": 0, "Recovered": 0, "Active": 12, "Date": "2020-02-04T00:00:00Z"}, {"Country": "Germany", "CountryCode": "", "Province": "", "City": "", "CityCode": "", "Lat": "0", "Lon": "0", "Confirmed": 12, "Deaths": 0, "Recovered": 0, "Active": 12, "Date": "2020-02-05T00:00:00Z"}, {"Country": "Germany", "CountryCode": "", "Province": "", "City": "", "CityCode": "", "Lat": "0", "Lon": "0", "Confirmed": 12, "Deaths": 0, "Recovered": 0, "Active": 12, "Date": "2020-02-06T00:00:00Z"}, {"Country": "Germany", "CountryCode": "", "Province": "", "City": "", "CityCode": "", "Lat": "0", "Lon": "0", "Confirmed": 13, "Deaths": 0, "Recovered": 0, "Active": 13, "Date": "2020-02-07T00:00:00Z"}, {"Country": "Germany", "CountryCode": "", "Province": "", "City": "", "CityCode": "", "Lat": "0", "Lon": "0", "Confirmed": 13, "Deaths": 0, "Recovered": 0, "Active": 13, "Date": "2020-02-08T00:00:00Z"}, {"Country": "Germany", "CountryCode": "", "Province": "", "City": "", "CityCode": "", "Lat": "0", "Lon": "0", "Confirmed": 14, "Deaths": 0, "Recovered": 0, "Active": 14, "Date": "2020-02-09T00:00:00Z"}, {"Country": "Germany", "CountryCode": "", "Province": "", "City": "", "CityCode": "", "Lat": "0", "Lon": "0", "Confirmed": 14, "Deaths": 0, "Recovered": 0, "Active": 14, "Date": "2020-02-10T00:00:00Z"}, {"Country": "Germany", "CountryCode": "", "Province": "", "City": "", "CityCode": "", "Lat": "0", "Lon": "0", "Confirmed": 16, "Deaths": 0, "Recovered": 0, "Active": 16, "Date": "2020-02-11T00:00:00Z"}, {"Country": "Germany", "CountryCode": "", "Province": "", "City": "", "CityCode": "", "Lat": "0", "Lon": "0", "Confirmed": 16, "Deaths": 0, "Recovered": 0, "Active": 16, "Date": "2020-02-12T00:00:00Z"}, {"Country": "Germany", "CountryCode": "", "Province": "", "City": "", "CityCode": "", "Lat": "0", "Lon": "0", "Confirmed": 16, "Deaths": 0, "Recovered": 1, "Active": 15, "Date": "2020-02-13T00:00:00Z"}, {"Country": "Germany", "CountryCode": "", "Province": "", "City": "", "CityCode": "", "Lat": "0", "Lon": "0", "Confirmed": 16, "Deaths": 0, "Recovered": 1, "Active": 15, "Date": "2020-02-14T00:00:00Z"}, {"Country": "Germany", "CountryCode": "", "Province": "", "City": "", "CityCode": "", "Lat": "0", "Lon": "0", "Confirmed": 16, "Deaths": 0, "Recovered": 1, "Active": 15, "Date": "2020-02-15T00:00:00Z"}, {"Country": "Germany", "CountryCode": "", "Province": "", "City": "", "CityCode": "", "Lat": "0", "Lon": "0", "Confirmed": 16, "Deaths": 0, "Recovered": 1, "Active": 15, "Date": "2020-02-16T00:00:00Z"}, {"Country": "Germany", "CountryCode": "", "Province": "", "City": "", "CityCode": "", "Lat": "0", "Lon": "0", "Confirmed": 16, "Deaths": 0, "Recovered": 1, "Active": 15, "Date": "2020-02-17T00:00:00Z"}, {"Country": "Germany", "CountryCode": "", "Province": "", "City": "", "CityCode": "", "Lat": "0", "Lon": "0", "Confirmed": 16, "Deaths": 0, "Recovered": 12, "Active": 4, "Date": "2020-02-18T00:00:00Z"}, {"Country": "Germany", "CountryCode": "", "Province": "", "City": "", "CityCode": "", "Lat": "0", "Lon": "0", "Confirmed": 16, "Deaths": 0, "Recovered": 12, "Active": 4, "Date": "2020-02-19T00:00:00Z"}, {"Country": "Germany", "CountryCode": "", "Province": "", "City": "", "CityCode": "", "Lat": "0", "Lon": "0", "Confirmed": 16, "Deaths": 0, "Recovered": 12, "Active": 4, "Date": "2020-02-20T00:00:00Z"}, {"Country": "Germany", "CountryCode": "", "Province": "", "City": "", "CityCode": "", "Lat": "0", "Lon": "0", "Confirmed": 16, "Deaths": 0, "Recovered": 14, "Active": 2, "Date": "2020-02-21T00:00:00Z"}, {"Country": "Germany", "CountryCode": "", "Province": "", "City": "", "CityCode": "", "Lat": "0", "Lon": "0", "Confirmed": 16, "Deaths": 0, "Recovered": 14, "Active": 2, "Date": "2020-02-22T00:00:00Z"}, {"Country": "Germany", "CountryCode": "", "Province": "", "City": "", "CityCode": "", "Lat": "0", "Lon": "0", "Confirmed": 16, "Deaths": 0, "Recovered": 14, "Active": 2, "Date": "2020-02-23T00:00:00Z"}, {"Country": "Germany", "CountryCode": "", "Province": "", "City": "", "CityCode": "", "Lat": "0", "Lon": "0", "Confirmed": 16, "Deaths": 0, "Recovered": 14, "Active": 2, "Date": "2020-02-24T00:00:00Z"}, {"Country": "Germany", "CountryCode": "", "Province": "", "City": "", "CityCode": "", "Lat": "0", "Lon": "0", "Confirmed": 17, "Deaths": 0, "Recovered": 14, "Active": 3, "Date": "2020-02-25T00:00:00Z"}, {"Country": "Germany", "CountryCode": "", "Province": "", "City": "", "CityCode": "", "Lat": "0", "Lon": "0", "Confirmed": 27, "Deaths": 0, "Recovered": 15, "Active": 12, "Date": "2020-02-26T00:00:00Z"}, {"Country": "Germany", "CountryCode": "", "Province": "", "City": "", "CityCode": "", "Lat": "0", "Lon": "0", "Confirmed": 46, "Deaths": 0, "Recovered": 16, "Active": 30, "Date": "2020-02-27T00:00:00Z"}, {"Country": "Germany", "CountryCode": "", "Province": "", "City": "", "CityCode": "", "Lat": "0", "Lon": "0", "Confirmed": 48, "Deaths": 0, "Recovered": 16, "Active": 32, "Date": "2020-02-28T00:00:00Z"}, {"Country": "Germany", "CountryCode": "", "Province": "", "City": "", "CityCode": "", "Lat": "0", "Lon": "0", "Confirmed": 79, "Deaths": 0, "Recovered": 16, "Active": 63, "Date": "2020-02-29T00:00:00Z"}, {"Country": "Germany", "CountryCode": "", "Province": "", "City": "", "CityCode": "", "Lat": "0", "Lon": "0", "Confirmed": 130, "Deaths": 0, "Recovered": 16, "Active": 114, "Date": "2020-03-01T00:00:00Z"}, {"Country": "Germany", "CountryCode": "", "Province": "", "City": "", "CityCode": "", "Lat": "0", "Lon": "0", "Confirmed": 159, "Deaths": 0, "Recovered": 16, "Active": 143, "Date": "2020-03-02T00:00:00Z"}, {"Country": "Germany", "CountryCode": "", "Province": "", "City": "", "CityCode": "", "Lat": "0", "Lon": "0", "Confirmed": 196, "Deaths": 0, "Recovered": 16, "Active": 180, "Date": "2020-03-03T00:00:00Z"}, {"Country": "Germany", "CountryCode": "", "Province": "", "City": "", "CityCode": "", "Lat": "0", "Lon": "0", "Confirmed": 262, "Deaths": 0, "Recovered": 16, "Active": 246, "Date": "2020-03-04T00:00:00Z"}, {"Country": "Germany", "CountryCode": "", "Province": "", "City": "", "CityCode": "", "Lat": "0", "Lon": "0", "Confirmed": 482, "Deaths": 0, "Recovered": 16, "Active": 466, "Date": "2020-03-05T00:00:00Z"}, {"Country": "Germany", "CountryCode": "", "Province": "", "City": "", "CityCode": "", "Lat": "0", "Lon": "0", "Confirmed": 670, "Deaths": 0, "Recovered": 17, "Active": 653, "Date": "2020-03-06T00:00:00Z"}, {"Country": "Germany", "CountryCode": "", "Province": "", "City": "", "CityCode": "", "Lat": "0", "Lon": "0", "Confirmed": 799, "Deaths": 0, "Recovered": 18, "Active": 781, "Date": "2020-03-07T00:00:00Z"}, {"Country": "Germany", "CountryCode": "", "Province": "", "City": "", "CityCode": "", "Lat": "0", "Lon": "0", "Confirmed": 1040, "Deaths": 0, "Recovered": 18, "Active": 1022, "Date": "2020-03-08T00:00:00Z"}, {"Country": "Germany", "CountryCode": "", "Province": "", "City": "", "CityCode": "", "Lat": "0", "Lon": "0", "Confirmed": 1176, "Deaths": 2, "Recovered": 18, "Active": 1156, "Date": "2020-03-09T00:00:00Z"}, {"Country": "Germany", "CountryCode": "", "Province": "", "City": "", "CityCode": "", "Lat": "0", "Lon": "0", "Confirmed": 1457, "Deaths": 2, "Recovered": 18, "Active": 1437, "Date": "2020-03-10T00:00:00Z"}, {"Country": "Germany", "CountryCode": "", "Province": "", "City": "", "CityCode": "", "Lat": "0", "Lon": "0", "Confirmed": 1908, "Deaths": 3, "Recovered": 25, "Active": 1880, "Date": "2020-03-11T00:00:00Z"}, {"Country": "Germany", "CountryCode": "", "Province": "", "City": "", "CityCode": "", "Lat": "0", "Lon": "0", "Confirmed": 2078, "Deaths": 3, "Recovered": 25, "Active": 2050, "Date": "2020-03-12T00:00:00Z"}, {"Country": "Germany", "CountryCode": "", "Province": "", "City": "", "CityCode": "", "Lat": "0", "Lon": "0", "Confirmed": 3675, "Deaths": 7, "Recovered": 46, "Active": 3622, "Date": "2020-03-13T00:00:00Z"}, {"Country": "Germany", "CountryCode": "", "Province": "", "City": "", "CityCode": "", "Lat": "0", "Lon": "0", "Confirmed": 4585, "Deaths": 9, "Recovered": 46, "Active": 4530, "Date": "2020-03-14T00:00:00Z"}, {"Country": "Germany", "CountryCode": "", "Province": "", "City": "", "CityCode": "", "Lat": "0", "Lon": "0", "Confirmed": 5795, "Deaths": 11, "Recovered": 46, "Active": 5738, "Date": "2020-03-15T00:00:00Z"}, {"Country": "Germany", "CountryCode": "", "Province": "", "City": "", "CityCode": "", "Lat": "0", "Lon": "0", "Confirmed": 7272, "Deaths": 17, "Recovered": 67, "Active": 7188, "Date": "2020-03-16T00:00:00Z"}, {"Country": "Germany", "CountryCode": "", "Province": "", "City": "", "CityCode": "", "Lat": "0", "Lon": "0", "Confirmed": 9257, "Deaths": 24, "Recovered": 67, "Active": 9166, "Date": "2020-03-17T00:00:00Z"}, {"Country": "Germany", "CountryCode": "", "Province": "", "City": "", "CityCode": "", "Lat": "0", "Lon": "0", "Confirmed": 12327, "Deaths": 28, "Recovered": 105, "Active": 12194, "Date": "2020-03-18T00:00:00Z"}, {"Country": "Germany", "CountryCode": "", "Province": "", "City": "", "CityCode": "", "Lat": "0", "Lon": "0", "Confirmed": 15320, "Deaths": 44, "Recovered": 113, "Active": 15163, "Date": "2020-03-19T00:00:00Z"}, {"Country": "Germany", "CountryCode": "", "Province": "", "City": "", "CityCode": "", "Lat": "0", "Lon": "0", "Confirmed": 19848, "Deaths": 67, "Recovered": 180, "Active": 19601, "Date": "2020-03-20T00:00:00Z"}, {"Country": "Germany", "CountryCode": "", "Province": "", "City": "", "CityCode": "", "Lat": "0", "Lon": "0", "Confirmed": 22213, "Deaths": 84, "Recovered": 233, "Active": 21896, "Date": "2020-03-21T00:00:00Z"}, {"Country": "Germany", "CountryCode": "", "Province": "", "City": "", "CityCode": "", "Lat": "0", "Lon": "0", "Confirmed": 24873, "Deaths": 94, "Recovered": 266, "Active": 24513, "Date": "2020-03-22T00:00:00Z"}, {"Country": "Germany", "CountryCode": "", "Province": "", "City": "", "CityCode": "", "Lat": "0", "Lon": "0", "Confirmed": 29056, "Deaths": 123, "Recovered": 266, "Active": 28667, "Date": "2020-03-23T00:00:00Z"}, {"Country": "Germany", "CountryCode": "", "Province": "", "City": "", "CityCode": "", "Lat": "0", "Lon": "0", "Confirmed": 32986, "Deaths": 157, "Recovered": 3243, "Active": 29586, "Date": "2020-03-24T00:00:00Z"}, {"Country": "Germany", "CountryCode": "", "Province": "", "City": "", "CityCode": "", "Lat": "0", "Lon": "0", "Confirmed": 37323, "Deaths": 206, "Recovered": 3547, "Active": 33570, "Date": "2020-03-25T00:00:00Z"}, {"Country": "Germany", "CountryCode": "", "Province": "", "City": "", "CityCode": "", "Lat": "0", "Lon": "0", "Confirmed": 43938, "Deaths": 267, "Recovered": 5673, "Active": 37998, "Date": "2020-03-26T00:00:00Z"}, {"Country": "Germany", "CountryCode": "", "Province": "", "City": "", "CityCode": "", "Lat": "0", "Lon": "0", "Confirmed": 50871, "Deaths": 342, "Recovered": 6658, "Active": 43871, "Date": "2020-03-27T00:00:00Z"}, {"Country": "Germany", "CountryCode": "", "Province": "", "City": "", "CityCode": "", "Lat": "0", "Lon": "0", "Confirmed": 57695, "Deaths": 433, "Recovered": 8481, "Active": 48781, "Date": "2020-03-28T00:00:00Z"}, {"Country": "Germany", "CountryCode": "", "Province": "", "City": "", "CityCode": "", "Lat": "0", "Lon": "0", "Confirmed": 62095, "Deaths": 533, "Recovered": 9211, "Active": 52351, "Date": "2020-03-29T00:00:00Z"}, {"Country": "Germany", "CountryCode": "", "Province": "", "City": "", "CityCode": "", "Lat": "0", "Lon": "0", "Confirmed": 66885, "Deaths": 645, "Recovered": 13500, "Active": 52740, "Date": "2020-03-30T00:00:00Z"}, {"Country": "Germany", "CountryCode": "", "Province": "", "City": "", "CityCode": "", "Lat": "0", "Lon": "0", "Confirmed": 71808, "Deaths": 775, "Recovered": 16100, "Active": 54933, "Date": "2020-03-31T00:00:00Z"}, {"Country": "Germany", "CountryCode": "", "Province": "", "City": "", "CityCode": "", "Lat": "0", "Lon": "0", "Confirmed": 77872, "Deaths": 920, "Recovered": 18700, "Active": 58252, "Date": "2020-04-01T00:00:00Z"}, {"Country": "Germany", "CountryCode": "", "Province": "", "City": "", "CityCode": "", "Lat": "0", "Lon": "0", "Confirmed": 84794, "Deaths": 1107, "Recovered": 22440, "Active": 61247, "Date": "2020-04-02T00:00:00Z"}, {"Country": "Germany", "CountryCode": "", "Province": "", "City": "", "CityCode": "", "Lat": "0", "Lon": "0", "Confirmed": 91159, "Deaths": 1275, "Recovered": 24575, "Active": 65309, "Date": "2020-04-03T00:00:00Z"}, {"Country": "Germany", "CountryCode": "", "Province": "", "City": "", "CityCode": "", "Lat": "0", "Lon": "0", "Confirmed": 96092, "Deaths": 1444, "Recovered": 26400, "Active": 68248, "Date": "2020-04-04T00:00:00Z"}, {"Country": "Germany", "CountryCode": "", "Province": "", "City": "", "CityCode": "", "Lat": "0", "Lon": "0", "Confirmed": 100123, "Deaths": 1584, "Recovered": 28700, "Active": 69839, "Date": "2020-04-05T00:00:00Z"}, {"Country": "Germany", "CountryCode": "", "Province": "", "City": "", "CityCode": "", "Lat": "0", "Lon": "0", "Confirmed": 103374, "Deaths": 1810, "Recovered": 28700, "Active": 72864, "Date": "2020-04-06T00:00:00Z"}, {"Country": "Germany", "CountryCode": "", "Province": "", "City": "", "CityCode": "", "Lat": "0", "Lon": "0", "Confirmed": 107663, "Deaths": 2016, "Recovered": 36081, "Active": 69566, "Date": "2020-04-07T00:00:00Z"}, {"Country": "Germany", "CountryCode": "", "Province": "", "City": "", "CityCode": "", "Lat": "0", "Lon": "0", "Confirmed": 113296, "Deaths": 2349, "Recovered": 46300, "Active": 64647, "Date": "2020-04-08T00:00:00Z"}, {"Country": "Germany", "CountryCode": "", "Province": "", "City": "", "CityCode": "", "Lat": "0", "Lon": "0", "Confirmed": 118181, "Deaths": 2607, "Recovered": 52407, "Active": 63167, "Date": "2020-04-09T00:00:00Z"}, {"Country": "Germany", "CountryCode": "", "Province": "", "City": "", "CityCode": "", "Lat": "0", "Lon": "0", "Confirmed": 122171, "Deaths": 2767, "Recovered": 53913, "Active": 65491, "Date": "2020-04-10T00:00:00Z"}, {"Country": "Germany", "CountryCode": "", "Province": "", "City": "", "CityCode": "", "Lat": "0", "Lon": "0", "Confirmed": 124908, "Deaths": 2736, "Recovered": 57400, "Active": 64772, "Date": "2020-04-11T00:00:00Z"}, {"Country": "Germany", "CountryCode": "", "Province": "", "City": "", "CityCode": "", "Lat": "0", "Lon": "0", "Confirmed": 127854, "Deaths": 3022, "Recovered": 60300, "Active": 64532, "Date": "2020-04-12T00:00:00Z"}, {"Country": "Germany", "CountryCode": "", "Province": "", "City": "", "CityCode": "", "Lat": "0", "Lon": "0", "Confirmed": 130072, "Deaths": 3194, "Recovered": 64300, "Active": 62578, "Date": "2020-04-13T00:00:00Z"}, {"Country": "Germany", "CountryCode": "", "Province": "", "City": "", "CityCode": "", "Lat": "0", "Lon": "0", "Confirmed": 131359, "Deaths": 3294, "Recovered": 68200, "Active": 59865, "Date": "2020-04-14T00:00:00Z"}, {"Country": "Germany", "CountryCode": "", "Province": "", "City": "", "CityCode": "", "Lat": "0", "Lon": "0", "Confirmed": 134753, "Deaths": 3804, "Recovered": 72600, "Active": 58349, "Date": "2020-04-15T00:00:00Z"}, {"Country": "Germany", "CountryCode": "", "Province": "", "City": "", "CityCode": "", "Lat": "0", "Lon": "0", "Confirmed": 137698, "Deaths": 4052, "Recovered": 77000, "Active": 56646, "Date": "2020-04-16T00:00:00Z"}, {"Country": "Germany", "CountryCode": "", "Province": "", "City": "", "CityCode": "", "Lat": "0", "Lon": "0", "Confirmed": 141397, "Deaths": 4352, "Recovered": 83114, "Active": 53931, "Date": "2020-04-17T00:00:00Z"}, {"Country": "Germany", "CountryCode": "", "Province": "", "City": "", "CityCode": "", "Lat": "0", "Lon": "0", "Confirmed": 143342, "Deaths": 4459, "Recovered": 85400, "Active": 53483, "Date": "2020-04-18T00:00:00Z"}, {"Country": "Germany", "CountryCode": "", "Province": "", "City": "", "CityCode": "", "Lat": "0", "Lon": "0", "Confirmed": 145184, "Deaths": 4586, "Recovered": 88000, "Active": 52598, "Date": "2020-04-19T00:00:00Z"}, {"Country": "Germany", "CountryCode": "", "Province": "", "City": "", "CityCode": "", "Lat": "0", "Lon": "0", "Confirmed": 147065, "Deaths": 4862, "Recovered": 91500, "Active": 50703, "Date": "2020-04-20T00:00:00Z"}, {"Country": "Germany", "CountryCode": "", "Province": "", "City": "", "CityCode": "", "Lat": "0", "Lon": "0", "Confirmed": 148291, "Deaths": 5033, "Recovered": 95200, "Active": 48058, "Date": "2020-04-21T00:00:00Z"}, {"Country": "Germany", "CountryCode": "", "Province": "", "City": "", "CityCode": "", "Lat": "0", "Lon": "0", "Confirmed": 150648, "Deaths": 5279, "Recovered": 99400, "Active": 45969, "Date": "2020-04-22T00:00:00Z"}, {"Country": "Germany", "CountryCode": "", "Province": "", "City": "", "CityCode": "", "Lat": "0", "Lon": "0", "Confirmed": 153129, "Deaths": 5575, "Recovered": 103300, "Active": 44254, "Date": "2020-04-23T00:00:00Z"}, {"Country": "Germany", "CountryCode": "", "Province": "", "City": "", "CityCode": "", "Lat": "0", "Lon": "0", "Confirmed": 154999, "Deaths": 5760, "Recovered": 109800, "Active": 39439, "Date": "2020-04-24T00:00:00Z"}, {"Country": "Germany", "CountryCode": "", "Province": "", "City": "", "CityCode": "", "Lat": "0", "Lon": "0", "Confirmed": 156513, "Deaths": 5877, "Recovered": 109800, "Active": 40836, "Date": "2020-04-25T00:00:00Z"}, {"Country": "Germany", "CountryCode": "", "Province": "", "City": "", "CityCode": "", "Lat": "0", "Lon": "0", "Confirmed": 157770, "Deaths": 5976, "Recovered": 112000, "Active": 39794, "Date": "2020-04-26T00:00:00Z"}, {"Country": "Germany", "CountryCode": "", "Province": "", "City": "", "CityCode": "", "Lat": "0", "Lon": "0", "Confirmed": 158758, "Deaths": 6126, "Recovered": 114500, "Active": 38132, "Date": "2020-04-27T00:00:00Z"}, {"Country": "Germany", "CountryCode": "", "Province": "", "City": "", "CityCode": "", "Lat": "0", "Lon": "0", "Confirmed": 159912, "Deaths": 6314, "Recovered": 117400, "Active": 36198, "Date": "2020-04-28T00:00:00Z"}, {"Country": "Germany", "CountryCode": "", "Province": "", "City": "", "CityCode": "", "Lat": "0", "Lon": "0", "Confirmed": 161539, "Deaths": 6467, "Recovered": 120400, "Active": 34672, "Date": "2020-04-29T00:00:00Z"}, {"Country": "Germany", "CountryCode": "", "Province": "", "City": "", "CityCode": "", "Lat": "0", "Lon": "0", "Confirmed": 163009, "Deaths": 6623, "Recovered": 123500, "Active": 32886, "Date": "2020-04-30T00:00:00Z"}, {"Country": "Germany", "CountryCode": "", "Province": "", "City": "", "CityCode": "", "Lat": "0", "Lon": "0", "Confirmed": 164077, "Deaths": 6736, "Recovered": 126900, "Active": 30441, "Date": "2020-05-01T00:00:00Z"}, {"Country": "Germany", "CountryCode": "", "Province": "", "City": "", "CityCode": "", "Lat": "0", "Lon": "0", "Confirmed": 164967, "Deaths": 6812, "Recovered": 129000, "Active": 29155, "Date": "2020-05-02T00:00:00Z"}, {"Country": "Germany", "CountryCode": "", "Province": "", "City": "", "CityCode": "", "Lat": "0", "Lon": "0", "Confirmed": 165664, "Deaths": 6866, "Recovered": 130600, "Active": 28198, "Date": "2020-05-03T00:00:00Z"}, {"Country": "Germany", "CountryCode": "", "Province": "", "City": "", "CityCode": "", "Lat": "0", "Lon": "0", "Confirmed": 166152, "Deaths": 6993, "Recovered": 132700, "Active": 26459, "Date": "2020-05-04T00:00:00Z"}, {"Country": "Germany", "CountryCode": "", "Province": "", "City": "", "CityCode": "", "Lat": "0", "Lon": "0", "Confirmed": 167007, "Deaths": 6993, "Recovered": 135100, "Active": 24914, "Date": "2020-05-05T00:00:00Z"}, {"Country": "Germany", "CountryCode": "", "Province": "", "City": "", "CityCode": "", "Lat": "0", "Lon": "0", "Confirmed": 168162, "Deaths": 7275, "Recovered": 139900, "Active": 20987, "Date": "2020-05-06T00:00:00Z"}, {"Country": "Germany", "CountryCode": "", "Province": "", "City": "", "CityCode": "", "Lat": "0", "Lon": "0", "Confirmed": 169430, "Deaths": 7392, "Recovered": 141700, "Active": 20338, "Date": "2020-05-07T00:00:00Z"}, {"Country": "Germany", "CountryCode": "", "Province": "", "City": "", "CityCode": "", "Lat": "0", "Lon": "0", "Confirmed": 170588, "Deaths": 7510, "Recovered": 141700, "Active": 21378, "Date": "2020-05-08T00:00:00Z"}, {"Country": "Germany", "CountryCode": "", "Province": "", "City": "", "CityCode": "", "Lat": "0", "Lon": "0", "Confirmed": 171324, "Deaths": 7549, "Recovered": 143300, "Active": 20475, "Date": "2020-05-09T00:00:00Z"}, {"Country": "Germany", "CountryCode": "", "Province": "", "City": "", "CityCode": "", "Lat": "0", "Lon": "0", "Confirmed": 171879, "Deaths": 7569, "Recovered": 144400, "Active": 19910, "Date": "2020-05-10T00:00:00Z"}, {"Country": "Germany", "CountryCode": "", "Province": "", "City": "", "CityCode": "", "Lat": "0", "Lon": "0", "Confirmed": 172576, "Deaths": 7661, "Recovered": 145617, "Active": 19298, "Date": "2020-05-11T00:00:00Z"}, {"Country": "Germany", "CountryCode": "", "Province": "", "City": "", "CityCode": "", "Lat": "0", "Lon": "0", "Confirmed": 173171, "Deaths": 7738, "Recovered": 147200, "Active": 18233, "Date": "2020-05-12T00:00:00Z"}, {"Country": "Germany", "CountryCode": "", "Province": "", "City": "", "CityCode": "", "Lat": "0", "Lon": "0", "Confirmed": 174098, "Deaths": 7861, "Recovered": 148700, "Active": 17537, "Date": "2020-05-13T00:00:00Z"}, {"Country": "Germany", "CountryCode": "", "Province": "", "City": "", "CityCode": "", "Lat": "0", "Lon": "0", "Confirmed": 174478, "Deaths": 7884, "Recovered": 150300, "Active": 16294, "Date": "2020-05-14T00:00:00Z"}, {"Country": "Germany", "CountryCode": "", "Province": "", "City": "", "CityCode": "", "Lat": "0", "Lon": "0", "Confirmed": 175233, "Deaths": 7897, "Recovered": 151597, "Active": 15739, "Date": "2020-05-15T00:00:00Z"}, {"Country": "Germany", "CountryCode": "", "Province": "", "City": "", "CityCode": "", "Lat": "0", "Lon": "0", "Confirmed": 175752, "Deaths": 7938, "Recovered": 152600, "Active": 15214, "Date": "2020-05-16T00:00:00Z"}, {"Country": "Germany", "CountryCode": "", "Province": "", "City": "", "CityCode": "", "Lat": "0", "Lon": "0", "Confirmed": 176369, "Deaths": 7962, "Recovered": 154011, "Active": 14396, "Date": "2020-05-17T00:00:00Z"}, {"Country": "Germany", "CountryCode": "", "Province": "", "City": "", "CityCode": "", "Lat": "0", "Lon": "0", "Confirmed": 176551, "Deaths": 8003, "Recovered": 155041, "Active": 13507, "Date": "2020-05-18T00:00:00Z"}, {"Country": "Germany", "CountryCode": "", "Province": "", "City": "", "CityCode": "", "Lat": "0", "Lon": "0", "Confirmed": 177778, "Deaths": 8081, "Recovered": 155681, "Active": 14016, "Date": "2020-05-19T00:00:00Z"}, {"Country": "Germany", "CountryCode": "", "Province": "", "City": "", "CityCode": "", "Lat": "0", "Lon": "0", "Confirmed": 178473, "Deaths": 8144, "Recovered": 156966, "Active": 13363, "Date": "2020-05-20T00:00:00Z"}, {"Country": "Germany", "CountryCode": "", "Province": "", "City": "", "CityCode": "", "Lat": "0", "Lon": "0", "Confirmed": 179021, "Deaths": 8203, "Recovered": 158087, "Active": 12731, "Date": "2020-05-21T00:00:00Z"}, {"Country": "Germany", "CountryCode": "", "Province": "", "City": "", "CityCode": "", "Lat": "0", "Lon": "0", "Confirmed": 179710, "Deaths": 8228, "Recovered": 159064, "Active": 12418, "Date": "2020-05-22T00:00:00Z"}, {"Country": "Germany", "CountryCode": "", "Province": "", "City": "", "CityCode": "", "Lat": "0", "Lon": "0", "Confirmed": 179986, "Deaths": 8261, "Recovered": 159716, "Active": 12009, "Date": "2020-05-23T00:00:00Z"}, {"Country": "Germany", "CountryCode": "", "Province": "", "City": "", "CityCode": "", "Lat": "0", "Lon": "0", "Confirmed": 180328, "Deaths": 8283, "Recovered": 160281, "Active": 11764, "Date": "2020-05-24T00:00:00Z"}, {"Country": "Germany", "CountryCode": "", "Province": "", "City": "", "CityCode": "", "Lat": "0", "Lon": "0", "Confirmed": 180600, "Deaths": 8309, "Recovered": 161199, "Active": 11092, "Date": "2020-05-25T00:00:00Z"}, {"Country": "Germany", "CountryCode": "", "Province": "", "City": "", "CityCode": "", "Lat": "0", "Lon": "0", "Confirmed": 181200, "Deaths": 8372, "Recovered": 161967, "Active": 10861, "Date": "2020-05-26T00:00:00Z"}, {"Country": "Germany", "CountryCode": "", "Province": "", "City": "", "CityCode": "", "Lat": "0", "Lon": "0", "Confirmed": 181524, "Deaths": 8428, "Recovered": 162820, "Active": 10276, "Date": "2020-05-27T00:00:00Z"}, {"Country": "Germany", "CountryCode": "", "Province": "", "City": "", "CityCode": "", "Lat": "0", "Lon": "0", "Confirmed": 182196, "Deaths": 8470, "Recovered": 163360, "Active": 10366, "Date": "2020-05-28T00:00:00Z"}, {"Country": "Germany", "CountryCode": "", "Province": "", "City": "", "CityCode": "", "Lat": "0", "Lon": "0", "Confirmed": 182922, "Deaths": 8504, "Recovered": 164245, "Active": 10173, "Date": "2020-05-29T00:00:00Z"}, {"Country": "Germany", "CountryCode": "", "Province": "", "City": "", "CityCode": "", "Lat": "0", "Lon": "0", "Confirmed": 183189, "Deaths": 8530, "Recovered": 164908, "Active": 9751, "Date": "2020-05-30T00:00:00Z"}, {"Country": "Germany", "CountryCode": "", "Province": "", "City": "", "CityCode": "", "Lat": "0", "Lon": "0", "Confirmed": 183410, "Deaths": 8540, "Recovered": 165352, "Active": 9518, "Date": "2020-05-31T00:00:00Z"}, {"Country": "Germany", "CountryCode": "", "Province": "", "City": "", "CityCode": "", "Lat": "0", "Lon": "0", "Confirmed": 183594, "Deaths": 8555, "Recovered": 165632, "Active": 9407, "Date": "2020-06-01T00:00:00Z"}, {"Country": "Germany", "CountryCode": "", "Province": "", "City": "", "CityCode": "", "Lat": "0", "Lon": "0", "Confirmed": 183879, "Deaths": 8563, "Recovered": 166609, "Active": 8707, "Date": "2020-06-02T00:00:00Z"}, {"Country": "Germany", "CountryCode": "", "Province": "", "City": "", "CityCode": "", "Lat": "0", "Lon": "0", "Confirmed": 184121, "Deaths": 8602, "Recovered": 167453, "Active": 8066, "Date": "2020-06-03T00:00:00Z"}, {"Country": "Germany", "CountryCode": "", "Province": "", "City": "", "CityCode": "", "Lat": "0", "Lon": "0", "Confirmed": 184472, "Deaths": 8635, "Recovered": 167909, "Active": 7928, "Date": "2020-06-04T00:00:00Z"}, {"Country": "Germany", "CountryCode": "", "Province": "", "City": "", "CityCode": "", "Lat": "0", "Lon": "0", "Confirmed": 184924, "Deaths": 8658, "Recovered": 168480, "Active": 7786, "Date": "2020-06-05T00:00:00Z"}, {"Country": "Germany", "CountryCode": "", "Province": "", "City": "", "CityCode": "", "Lat": "0", "Lon": "0", "Confirmed": 185450, "Deaths": 8673, "Recovered": 168958, "Active": 7819, "Date": "2020-06-06T00:00:00Z"}, {"Country": "Germany", "CountryCode": "", "Province": "", "City": "", "CityCode": "", "Lat": "0", "Lon": "0", "Confirmed": 185750, "Deaths": 8685, "Recovered": 169224, "Active": 7841, "Date": "2020-06-07T00:00:00Z"}, {"Country": "Germany", "CountryCode": "", "Province": "", "City": "", "CityCode": "", "Lat": "0", "Lon": "0", "Confirmed": 186109, "Deaths": 8695, "Recovered": 169556, "Active": 7858, "Date": "2020-06-08T00:00:00Z"}, {"Country": "Germany", "CountryCode": "", "Province": "", "City": "", "CityCode": "", "Lat": "0", "Lon": "0", "Confirmed": 186506, "Deaths": 8736, "Recovered": 170129, "Active": 7641, "Date": "2020-06-09T00:00:00Z"}, {"Country": "Germany", "CountryCode": "", "Province": "", "City": "", "CityCode": "", "Lat": "0", "Lon": "0", "Confirmed": 186522, "Deaths": 8752, "Recovered": 170630, "Active": 7140, "Date": "2020-06-10T00:00:00Z"}, {"Country": "Germany", "CountryCode": "", "Province": "", "City": "", "CityCode": "", "Lat": "0", "Lon": "0", "Confirmed": 186691, "Deaths": 8772, "Recovered": 170961, "Active": 6958, "Date": "2020-06-11T00:00:00Z"}, {"Country": "Germany", "CountryCode": "", "Province": "", "City": "", "CityCode": "", "Lat": "0", "Lon": "0", "Confirmed": 187226, "Deaths": 8783, "Recovered": 171535, "Active": 6908, "Date": "2020-06-12T00:00:00Z"}, {"Country": "Germany", "CountryCode": "", "Province": "", "City": "", "CityCode": "", "Lat": "0", "Lon": "0", "Confirmed": 187267, "Deaths": 8793, "Recovered": 171970, "Active": 6504, "Date": "2020-06-13T00:00:00Z"}, {"Country": "Germany", "CountryCode": "", "Province": "", "City": "", "CityCode": "", "Lat": "0", "Lon": "0", "Confirmed": 187518, "Deaths": 8801, "Recovered": 172089, "Active": 6628, "Date": "2020-06-14T00:00:00Z"}, {"Country": "Germany", "CountryCode": "", "Province": "", "City": "", "CityCode": "", "Lat": "0", "Lon": "0", "Confirmed": 187682, "Deaths": 8807, "Recovered": 172692, "Active": 6183, "Date": "2020-06-15T00:00:00Z"}, {"Country": "Germany", "CountryCode": "", "Province": "", "City": "", "CityCode": "", "Lat": "0", "Lon": "0", "Confirmed": 188252, "Deaths": 8820, "Recovered": 172842, "Active": 6590, "Date": "2020-06-16T00:00:00Z"}, {"Country": "Germany", "CountryCode": "", "Province": "", "City": "", "CityCode": "", "Lat": "0", "Lon": "0", "Confirmed": 188604, "Deaths": 8851, "Recovered": 173599, "Active": 6154, "Date": "2020-06-17T00:00:00Z"}, {"Country": "Germany", "CountryCode": "", "Province": "", "City": "", "CityCode": "", "Lat": "0", "Lon": "0", "Confirmed": 189817, "Deaths": 8875, "Recovered": 173847, "Active": 7095, "Date": "2020-06-18T00:00:00Z"}, {"Country": "Germany", "CountryCode": "", "Province": "", "City": "", "CityCode": "", "Lat": "0", "Lon": "0", "Confirmed": 190299, "Deaths": 8887, "Recovered": 173972, "Active": 7440, "Date": "2020-06-19T00:00:00Z"}, {"Country": "Germany", "CountryCode": "", "Province": "", "City": "", "CityCode": "", "Lat": "0", "Lon": "0", "Confirmed": 190670, "Deaths": 8895, "Recovered": 174609, "Active": 7166, "Date": "2020-06-20T00:00:00Z"}, {"Country": "Germany", "CountryCode": "", "Province": "", "City": "", "CityCode": "", "Lat": "0", "Lon": "0", "Confirmed": 191272, "Deaths": 8895, "Recovered": 174740, "Active": 7637, "Date": "2020-06-21T00:00:00Z"}, {"Country": "Germany", "CountryCode": "", "Province": "", "City": "", "CityCode": "", "Lat": "0", "Lon": "0", "Confirmed": 191768, "Deaths": 8899, "Recovered": 175143, "Active": 7726, "Date": "2020-06-22T00:00:00Z"}, {"Country": "Germany", "CountryCode": "", "Province": "", "City": "", "CityCode": "", "Lat": "0", "Lon": "0", "Confirmed": 192480, "Deaths": 8914, "Recovered": 175825, "Active": 7741, "Date": "2020-06-23T00:00:00Z"}, {"Country": "Germany", "CountryCode": "", "Province": "", "City": "", "CityCode": "", "Lat": "0", "Lon": "0", "Confirmed": 192871, "Deaths": 8928, "Recovered": 176422, "Active": 7521, "Date": "2020-06-24T00:00:00Z"}, {"Country": "Germany", "CountryCode": "", "Province": "", "City": "", "CityCode": "", "Lat": "0", "Lon": "0", "Confirmed": 193371, "Deaths": 8940, "Recovered": 176764, "Active": 7667, "Date": "2020-06-25T00:00:00Z"}, {"Country": "Germany", "CountryCode": "", "Province": "", "City": "", "CityCode": "", "Lat": "0", "Lon": "0", "Confirmed": 194036, "Deaths": 8965, "Recovered": 177149, "Active": 7922, "Date": "2020-06-26T00:00:00Z"}, {"Country": "Germany", "CountryCode": "", "Province": "", "City": "", "CityCode": "", "Lat": "0", "Lon": "0", "Confirmed": 194458, "Deaths": 8968, "Recovered": 177518, "Active": 7972, "Date": "2020-06-27T00:00:00Z"}, {"Country": "Germany", "CountryCode": "", "Province": "", "City": "", "CityCode": "", "Lat": "0", "Lon": "0", "Confirmed": 194693, "Deaths": 8968, "Recovered": 177657, "Active": 8068, "Date": "2020-06-28T00:00:00Z"}, {"Country": "Germany", "CountryCode": "", "Province": "", "City": "", "CityCode": "", "Lat": "0", "Lon": "0", "Confirmed": 195042, "Deaths": 8976, "Recovered": 177770, "Active": 8296, "Date": "2020-06-29T00:00:00Z"}, {"Country": "Germany", "CountryCode": "", "Province": "", "City": "", "CityCode": "", "Lat": "0", "Lon": "0", "Confirmed": 195418, "Deaths": 8990, "Recovered": 178100, "Active": 8328, "Date": "2020-06-30T00:00:00Z"}, {"Country": "Germany", "CountryCode": "", "Province": "", "City": "", "CityCode": "", "Lat": "0", "Lon": "0", "Confirmed": 195893, "Deaths": 8995, "Recovered": 179100, "Active": 7798, "Date": "2020-07-01T00:00:00Z"}, {"Country": "Germany", "CountryCode": "", "Province": "", "City": "", "CityCode": "", "Lat": "0", "Lon": "0", "Confirmed": 196370, "Deaths": 9006, "Recovered": 179800, "Active": 7564, "Date": "2020-07-02T00:00:00Z"}, {"Country": "Germany", "CountryCode": "", "Province": "", "City": "", "CityCode": "", "Lat": "0", "Lon": "0", "Confirmed": 196780, "Deaths": 9010, "Recovered": 180300, "Active": 7470, "Date": "2020-07-03T00:00:00Z"}, {"Country": "Germany", "CountryCode": "", "Province": "", "City": "", "CityCode": "", "Lat": "0", "Lon": "0", "Confirmed": 197198, "Deaths": 9020, "Recovered": 181000, "Active": 7178, "Date": "2020-07-04T00:00:00Z"}, {"Country": "Germany", "CountryCode": "", "Province": "", "City": "", "CityCode": "", "Lat": "0", "Lon": "0", "Confirmed": 197523, "Deaths": 9023, "Recovered": 181719, "Active": 6781, "Date": "2020-07-05T00:00:00Z"}, {"Country": "Germany", "CountryCode": "", "Province": "", "City": "", "CityCode": "", "Lat": "0", "Lon": "0", "Confirmed": 198064, "Deaths": 9022, "Recovered": 182160, "Active": 6882, "Date": "2020-07-06T00:00:00Z"}, {"Country": "Germany", "CountryCode": "", "Province": "", "City": "", "CityCode": "", "Lat": "0", "Lon": "0", "Confirmed": 198343, "Deaths": 9032, "Recovered": 182661, "Active": 6650, "Date": "2020-07-07T00:00:00Z"}, {"Country": "Germany", "CountryCode": "", "Province": "", "City": "", "CityCode": "", "Lat": "0", "Lon": "0", "Confirmed": 198699, "Deaths": 9046, "Recovered": 183153, "Active": 6500, "Date": "2020-07-08T00:00:00Z"}, {"Country": "Germany", "CountryCode": "", "Province": "", "City": "", "CityCode": "", "Lat": "0", "Lon": "0", "Confirmed": 199001, "Deaths": 9057, "Recovered": 183728, "Active": 6216, "Date": "2020-07-09T00:00:00Z"}, {"Country": "Germany", "CountryCode": "", "Province": "", "City": "", "CityCode": "", "Lat": "0", "Lon": "0", "Confirmed": 199332, "Deaths": 9063, "Recovered": 184028, "Active": 6241, "Date": "2020-07-10T00:00:00Z"}, {"Country": "Germany", "CountryCode": "", "Province": "", "City": "", "CityCode": "", "Lat": "0", "Lon": "0", "Confirmed": 199709, "Deaths": 9070, "Recovered": 184266, "Active": 6373, "Date": "2020-07-11T00:00:00Z"}, {"Country": "Germany", "CountryCode": "", "Province": "", "City": "", "CityCode": "", "Lat": "0", "Lon": "0", "Confirmed": 199919, "Deaths": 9071, "Recovered": 184414, "Active": 6434, "Date": "2020-07-12T00:00:00Z"}, {"Country": "Germany", "CountryCode": "", "Province": "", "City": "", "CityCode": "", "Lat": "0", "Lon": "0", "Confirmed": 200180, "Deaths": 9074, "Recovered": 185100, "Active": 6006, "Date": "2020-07-13T00:00:00Z"}, {"Country": "Germany", "CountryCode": "", "Province": "", "City": "", "CityCode": "", "Lat": "0", "Lon": "0", "Confirmed": 200456, "Deaths": 9078, "Recovered": 185100, "Active": 6278, "Date": "2020-07-14T00:00:00Z"}, {"Country": "Germany", "CountryCode": "", "Province": "", "City": "", "CityCode": "", "Lat": "0", "Lon": "0", "Confirmed": 200890, "Deaths": 9080, "Recovered": 186000, "Active": 5810, "Date": "2020-07-15T00:00:00Z"}, {"Country": "Germany", "CountryCode": "", "Province": "", "City": "", "CityCode": "", "Lat": "0", "Lon": "0", "Confirmed": 201450, "Deaths": 9087, "Recovered": 186400, "Active": 5963, "Date": "2020-07-16T00:00:00Z"}, {"Country": "Germany", "CountryCode": "", "Province": "", "City": "", "CityCode": "", "Lat": "0", "Lon": "0", "Confirmed": 202045, "Deaths": 9088, "Recovered": 186900, "Active": 6057, "Date": "2020-07-17T00:00:00Z"}, {"Country": "Germany", "CountryCode": "", "Province": "", "City": "", "CityCode": "", "Lat": "0", "Lon": "0", "Confirmed": 202426, "Deaths": 9091, "Recovered": 187200, "Active": 6135, "Date": "2020-07-18T00:00:00Z"}, {"Country": "Germany", "CountryCode": "", "Province": "", "City": "", "CityCode": "", "Lat": "0", "Lon": "0", "Confirmed": 202735, "Deaths": 9092, "Recovered": 187400, "Active": 6243, "Date": "2020-07-19T00:00:00Z"}, {"Country": "Germany", "CountryCode": "", "Province": "", "City": "", "CityCode": "", "Lat": "0", "Lon": "0", "Confirmed": 203325, "Deaths": 9094, "Recovered": 188070, "Active": 6161, "Date": "2020-07-20T00:00:00Z"}, {"Country": "Germany", "CountryCode": "", "Province": "", "City": "", "CityCode": "", "Lat": "0", "Lon": "0", "Confirmed": 203717, "Deaths": 9099, "Recovered": 188221, "Active": 6397, "Date": "2020-07-21T00:00:00Z"}, {"Country": "Germany", "CountryCode": "", "Province": "", "City": "", "CityCode": "", "Lat": "0", "Lon": "0", "Confirmed": 204276, "Deaths": 9102, "Recovered": 188628, "Active": 6546, "Date": "2020-07-22T00:00:00Z"}, {"Country": "Germany", "CountryCode": "", "Province": "", "City": "", "CityCode": "", "Lat": "0", "Lon": "0", "Confirmed": 204881, "Deaths": 9110, "Recovered": 189140, "Active": 6631, "Date": "2020-07-23T00:00:00Z"}, {"Country": "Germany", "CountryCode": "", "Province": "", "City": "", "CityCode": "", "Lat": "0", "Lon": "0", "Confirmed": 205623, "Deaths": 9120, "Recovered": 189696, "Active": 6807, "Date": "2020-07-24T00:00:00Z"}, {"Country": "Germany", "CountryCode": "", "Province": "", "City": "", "CityCode": "", "Lat": "0", "Lon": "0", "Confirmed": 206278, "Deaths": 9124, "Recovered": 189919, "Active": 7235, "Date": "2020-07-25T00:00:00Z"}, {"Country": "Germany", "CountryCode": "", "Province": "", "City": "", "CityCode": "", "Lat": "0", "Lon": "0", "Confirmed": 206667, "Deaths": 9124, "Recovered": 190055, "Active": 7488, "Date": "2020-07-26T00:00:00Z"}, {"Country": "Germany", "CountryCode": "", "Province": "", "City": "", "CityCode": "", "Lat": "0", "Lon": "0", "Confirmed": 207112, "Deaths": 9125, "Recovered": 190314, "Active": 7673, "Date": "2020-07-27T00:00:00Z"}, {"Country": "Germany", "CountryCode": "", "Province": "", "City": "", "CityCode": "", "Lat": "0", "Lon": "0", "Confirmed": 207707, "Deaths": 9131, "Recovered": 190711, "Active": 7865, "Date": "2020-07-28T00:00:00Z"}, {"Country": "Germany", "CountryCode": "", "Province": "", "City": "", "CityCode": "", "Lat": "0", "Lon": "0", "Confirmed": 208546, "Deaths": 9135, "Recovered": 191279, "Active": 8132, "Date": "2020-07-29T00:00:00Z"}, {"Country": "Germany", "CountryCode": "", "Province": "", "City": "", "CityCode": "", "Lat": "0", "Lon": "0", "Confirmed": 209535, "Deaths": 9144, "Recovered": 191551, "Active": 8840, "Date": "2020-07-30T00:00:00Z"}, {"Country": "Germany", "CountryCode": "", "Province": "", "City": "", "CityCode": "", "Lat": "0", "Lon": "0", "Confirmed": 210399, "Deaths": 9147, "Recovered": 191992, "Active": 9260, "Date": "2020-07-31T00:00:00Z"}, {"Country": "Germany", "CountryCode": "", "Province": "", "City": "", "CityCode": "", "Lat": "0", "Lon": "0", "Confirmed": 211005, "Deaths": 9154, "Recovered": 192636, "Active": 9215, "Date": "2020-08-01T00:00:00Z"}, {"Country": "Germany", "CountryCode": "", "Province": "", "City": "", "CityCode": "", "Lat": "0", "Lon": "0", "Confirmed": 211220, "Deaths": 9154, "Recovered": 192908, "Active": 9158, "Date": "2020-08-02T00:00:00Z"}, {"Country": "Germany", "CountryCode": "", "Province": "", "City": "", "CityCode": "", "Lat": "0", "Lon": "0", "Confirmed": 212111, "Deaths": 9154, "Recovered": 193594, "Active": 9363, "Date": "2020-08-03T00:00:00Z"}, {"Country": "Germany", "CountryCode": "", "Province": "", "City": "", "CityCode": "", "Lat": "0", "Lon": "0", "Confirmed": 212828, "Deaths": 9163, "Recovered": 194173, "Active": 9492, "Date": "2020-08-04T00:00:00Z"}, {"Country": "Germany", "CountryCode": "", "Province": "", "City": "", "CityCode": "", "Lat": "0", "Lon": "0", "Confirmed": 214113, "Deaths": 9179, "Recovered": 194568, "Active": 10366, "Date": "2020-08-05T00:00:00Z"}, {"Country": "Germany", "CountryCode": "", "Province": "", "City": "", "CityCode": "", "Lat": "0", "Lon": "0", "Confirmed": 215039, "Deaths": 9181, "Recovered": 195281, "Active": 10577, "Date": "2020-08-06T00:00:00Z"}, {"Country": "Germany", "CountryCode": "", "Province": "", "City": "", "CityCode": "", "Lat": "0", "Lon": "0", "Confirmed": 216196, "Deaths": 9195, "Recovered": 195935, "Active": 11066, "Date": "2020-08-07T00:00:00Z"}, {"Country": "Germany", "CountryCode": "", "Province": "", "City": "", "CityCode": "", "Lat": "0", "Lon": "0", "Confirmed": 216903, "Deaths": 9201, "Recovered": 196550, "Active": 11152, "Date": "2020-08-08T00:00:00Z"}, {"Country": "Germany", "CountryCode": "", "Province": "", "City": "", "CityCode": "", "Lat": "0", "Lon": "0", "Confirmed": 217288, "Deaths": 9202, "Recovered": 196783, "Active": 11303, "Date": "2020-08-09T00:00:00Z"}, {"Country": "Germany", "CountryCode": "", "Province": "", "City": "", "CityCode": "", "Lat": "0", "Lon": "0", "Confirmed": 218508, "Deaths": 9203, "Recovered": 197382, "Active": 11923, "Date": "2020-08-10T00:00:00Z"}, {"Country": "Germany", "CountryCode": "", "Province": "", "City": "", "CityCode": "", "Lat": "0", "Lon": "0", "Confirmed": 219540, "Deaths": 9208, "Recovered": 198347, "Active": 11985, "Date": "2020-08-11T00:00:00Z"}, {"Country": "Germany", "CountryCode": "", "Province": "", "City": "", "CityCode": "", "Lat": "0", "Lon": "0", "Confirmed": 220859, "Deaths": 9213, "Recovered": 198991, "Active": 12655, "Date": "2020-08-12T00:00:00Z"}, {"Country": "Germany", "CountryCode": "", "Province": "", "City": "", "CityCode": "", "Lat": "0", "Lon": "0", "Confirmed": 222281, "Deaths": 9217, "Recovered": 199654, "Active": 13410, "Date": "2020-08-13T00:00:00Z"}, {"Country": "Germany", "CountryCode": "", "Province": "", "City": "", "CityCode": "", "Lat": "0", "Lon": "0", "Confirmed": 223791, "Deaths": 9230, "Recovered": 200440, "Active": 14121, "Date": "2020-08-14T00:00:00Z"}, {"Country": "Germany", "CountryCode": "", "Province": "", "City": "", "CityCode": "", "Lat": "0", "Lon": "0", "Confirmed": 224488, "Deaths": 9235, "Recovered": 200756, "Active": 14497, "Date": "2020-08-15T00:00:00Z"}, {"Country": "Germany", "CountryCode": "", "Province": "", "City": "", "CityCode": "", "Lat": "0", "Lon": "0", "Confirmed": 225007, "Deaths": 9235, "Recovered": 201187, "Active": 14585, "Date": "2020-08-16T00:00:00Z"}, {"Country": "Germany", "CountryCode": "", "Province": "", "City": "", "CityCode": "", "Lat": "0", "Lon": "0", "Confirmed": 226700, "Deaths": 9236, "Recovered": 202249, "Active": 15215, "Date": "2020-08-17T00:00:00Z"}, {"Country": "Germany", "CountryCode": "", "Province": "", "City": "", "CityCode": "", "Lat": "0", "Lon": "0", "Confirmed": 228120, "Deaths": 9241, "Recovered": 203677, "Active": 15202, "Date": "2020-08-18T00:00:00Z"}, {"Country": "Germany", "CountryCode": "", "Province": "", "City": "", "CityCode": "", "Lat": "0", "Lon": "0", "Confirmed": 229706, "Deaths": 9249, "Recovered": 204454, "Active": 16003, "Date": "2020-08-19T00:00:00Z"}, {"Country": "Germany", "CountryCode": "", "Province": "", "City": "", "CityCode": "", "Lat": "0", "Lon": "0", "Confirmed": 231292, "Deaths": 9263, "Recovered": 205359, "Active": 16670, "Date": "2020-08-20T00:00:00Z"}, {"Country": "Germany", "CountryCode": "", "Province": "", "City": "", "CityCode": "", "Lat": "0", "Lon": "0", "Confirmed": 233029, "Deaths": 9266, "Recovered": 206656, "Active": 17107, "Date": "2020-08-21T00:00:00Z"}, {"Country": "Germany", "CountryCode": "", "Province": "", "City": "", "CityCode": "", "Lat": "0", "Lon": "0", "Confirmed": 233861, "Deaths": 9272, "Recovered": 207606, "Active": 16983, "Date": "2020-08-22T00:00:00Z"}, {"Country": "Germany", "CountryCode": "", "Province": "", "City": "", "CityCode": "", "Lat": "0", "Lon": "0", "Confirmed": 234494, "Deaths": 9275, "Recovered": 207985, "Active": 17234, "Date": "2020-08-23T00:00:00Z"}, {"Country": "Germany", "CountryCode": "", "Province": "", "City": "", "CityCode": "", "Lat": "0", "Lon": "0", "Confirmed": 236122, "Deaths": 9276, "Recovered": 208653, "Active": 18193, "Date": "2020-08-24T00:00:00Z"}, {"Country": "Germany", "CountryCode": "", "Province": "", "City": "", "CityCode": "", "Lat": "0", "Lon": "0", "Confirmed": 237583, "Deaths": 9281, "Recovered": 210333, "Active": 17969, "Date": "2020-08-25T00:00:00Z"}, {"Country": "Germany", "CountryCode": "", "Province": "", "City": "", "CityCode": "", "Lat": "0", "Lon": "0", "Confirmed": 239010, "Deaths": 9285, "Recovered": 211691, "Active": 18034, "Date": "2020-08-26T00:00:00Z"}, {"Country": "Germany", "CountryCode": "", "Province": "", "City": "", "CityCode": "", "Lat": "0", "Lon": "0", "Confirmed": 240571, "Deaths": 9290, "Recovered": 212909, "Active": 18372, "Date": "2020-08-27T00:00:00Z"}, {"Country": "Germany", "CountryCode": "", "Province": "", "City": "", "CityCode": "", "Lat": "0", "Lon": "0", "Confirmed": 242126, "Deaths": 9290, "Recovered": 214186, "Active": 18650, "Date": "2020-08-28T00:00:00Z"}, {"Country": "Germany", "CountryCode": "", "Province": "", "City": "", "CityCode": "", "Lat": "0", "Lon": "0", "Confirmed": 242835, "Deaths": 9299, "Recovered": 214790, "Active": 18746, "Date": "2020-08-29T00:00:00Z"}, {"Country": "Germany", "CountryCode": "", "Province": "", "City": "", "CityCode": "", "Lat": "0", "Lon": "0", "Confirmed": 243305, "Deaths": 9300, "Recovered": 215283, "Active": 18722, "Date": "2020-08-30T00:00:00Z"}, {"Country": "Germany", "CountryCode": "", "Province": "", "City": "", "CityCode": "", "Lat": "0", "Lon": "0", "Confirmed": 244802, "Deaths": 9303, "Recovered": 216795, "Active": 18704, "Date": "2020-08-31T00:00:00Z"}, {"Country": "Germany", "CountryCode": "", "Province": "", "City": "", "CityCode": "", "Lat": "0", "Lon": "0", "Confirmed": 246015, "Deaths": 9307, "Recovered": 218403, "Active": 18305, "Date": "2020-09-01T00:00:00Z"}, {"Country": "Germany", "CountryCode": "", "Province": "", "City": "", "CityCode": "", "Lat": "0", "Lon": "0", "Confirmed": 247411, "Deaths": 9322, "Recovered": 219904, "Active": 18185, "Date": "2020-09-02T00:00:00Z"}, {"Country": "Germany", "CountryCode": "", "Province": "", "City": "", "CityCode": "", "Lat": "0", "Lon": "0", "Confirmed": 248840, "Deaths": 9322, "Recovered": 221525, "Active": 17993, "Date": "2020-09-03T00:00:00Z"}, {"Country": "Germany", "CountryCode": "", "Province": "", "City": "", "CityCode": "", "Lat": "0", "Lon": "0", "Confirmed": 250283, "Deaths": 9327, "Recovered": 222802, "Active": 18154, "Date": "2020-09-04T00:00:00Z"}, {"Country": "Germany", "CountryCode": "", "Province": "", "City": "", "CityCode": "", "Lat": "0", "Lon": "0", "Confirmed": 251058, "Deaths": 9329, "Recovered": 223570, "Active": 18159, "Date": "2020-09-05T00:00:00Z"}, {"Country": "Germany", "CountryCode": "", "Province": "", "City": "", "CityCode": "", "Lat": "0", "Lon": "0", "Confirmed": 251728, "Deaths": 9330, "Recovered": 224215, "Active": 18183, "Date": "2020-09-06T00:00:00Z"}, {"Country": "Germany", "CountryCode": "", "Province": "", "City": "", "CityCode": "", "Lat": "0", "Lon": "0", "Confirmed": 253626, "Deaths": 9331, "Recovered": 225704, "Active": 18591, "Date": "2020-09-07T00:00:00Z"}, {"Country": "Germany", "CountryCode": "", "Province": "", "City": "", "CityCode": "", "Lat": "0", "Lon": "0", "Confirmed": 254957, "Deaths": 9336, "Recovered": 227379, "Active": 18242, "Date": "2020-09-08T00:00:00Z"}, {"Country": "Germany", "CountryCode": "", "Province": "", "City": "", "CityCode": "", "Lat": "0", "Lon": "0", "Confirmed": 256433, "Deaths": 9342, "Recovered": 228784, "Active": 18307, "Date": "2020-09-09T00:00:00Z"}, {"Country": "Germany", "CountryCode": "", "Province": "", "City": "", "CityCode": "", "Lat": "0", "Lon": "0", "Confirmed": 258149, "Deaths": 9345, "Recovered": 230283, "Active": 18521, "Date": "2020-09-10T00:00:00Z"}, {"Country": "Germany", "CountryCode": "", "Province": "", "City": "", "CityCode": "", "Lat": "0", "Lon": "0", "Confirmed": 259735, "Deaths": 9348, "Recovered": 231349, "Active": 19038, "Date": "2020-09-11T00:00:00Z"}, {"Country": "Germany", "CountryCode": "", "Province": "", "City": "", "CityCode": "", "Lat": "0", "Lon": "0", "Confirmed": 260817, "Deaths": 9352, "Recovered": 231953, "Active": 19512, "Date": "2020-09-12T00:00:00Z"}, {"Country": "Germany", "CountryCode": "", "Province": "", "City": "", "CityCode": "", "Lat": "0", "Lon": "0", "Confirmed": 261737, "Deaths": 9354, "Recovered": 232541, "Active": 19842, "Date": "2020-09-13T00:00:00Z"}, {"Country": "Germany", "CountryCode": "", "Province": "", "City": "", "CityCode": "", "Lat": "0", "Lon": "0", "Confirmed": 263222, "Deaths": 9356, "Recovered": 234017, "Active": 19849, "Date": "2020-09-14T00:00:00Z"}, {"Country": "Germany", "CountryCode": "", "Province": "", "City": "", "CityCode": "", "Lat": "0", "Lon": "0", "Confirmed": 265014, "Deaths": 9367, "Recovered": 235112, "Active": 20535, "Date": "2020-09-15T00:00:00Z"}, {"Country": "Germany", "CountryCode": "", "Province": "", "City": "", "CityCode": "", "Lat": "0", "Lon": "0", "Confirmed": 266869, "Deaths": 9373, "Recovered": 236623, "Active": 20873, "Date": "2020-09-16T00:00:00Z"}, {"Country": "Germany", "CountryCode": "", "Province": "", "City": "", "CityCode": "", "Lat": "0", "Lon": "0", "Confirmed": 269048, "Deaths": 9376, "Recovered": 238437, "Active": 21235, "Date": "2020-09-17T00:00:00Z"}, {"Country": "Germany", "CountryCode": "", "Province": "", "City": "", "CityCode": "", "Lat": "0", "Lon": "0", "Confirmed": 271247, "Deaths": 9386, "Recovered": 239654, "Active": 22207, "Date": "2020-09-18T00:00:00Z"}, {"Country": "Germany", "CountryCode": "", "Province": "", "City": "", "CityCode": "", "Lat": "0", "Lon": "0", "Confirmed": 272932, "Deaths": 9388, "Recovered": 240510, "Active": 23034, "Date": "2020-09-19T00:00:00Z"}, {"Country": "Germany", "CountryCode": "", "Province": "", "City": "", "CityCode": "", "Lat": "0", "Lon": "0", "Confirmed": 273965, "Deaths": 9390, "Recovered": 241192, "Active": 23383, "Date": "2020-09-20T00:00:00Z"}, {"Country": "Germany", "CountryCode": "", "Province": "", "City": "", "CityCode": "", "Lat": "0", "Lon": "0", "Confirmed": 275560, "Deaths": 9390, "Recovered": 242656, "Active": 23514, "Date": "2020-09-21T00:00:00Z"}, {"Country": "Germany", "CountryCode": "", "Province": "", "City": "", "CityCode": "", "Lat": "0", "Lon": "0", "Confirmed": 277412, "Deaths": 9405, "Recovered": 244693, "Active": 23314, "Date": "2020-09-22T00:00:00Z"}, {"Country": "Germany", "CountryCode": "", "Province": "", "City": "", "CityCode": "", "Lat": "0", "Lon": "0", "Confirmed": 279025, "Deaths": 9423, "Recovered": 245706, "Active": 23896, "Date": "2020-09-23T00:00:00Z"}, {"Country": "Germany", "CountryCode": "", "Province": "", "City": "", "CityCode": "", "Lat": "0", "Lon": "0", "Confirmed": 281346, "Deaths": 9436, "Recovered": 247766, "Active": 24144, "Date": "2020-09-24T00:00:00Z"}, {"Country": "Germany", "CountryCode": "", "Province": "", "City": "", "CityCode": "", "Lat": "0", "Lon": "0", "Confirmed": 283712, "Deaths": 9451, "Recovered": 249164, "Active": 25097, "Date": "2020-09-25T00:00:00Z"}, {"Country": "Germany", "CountryCode": "", "Province": "", "City": "", "CityCode": "", "Lat": "0", "Lon": "0", "Confirmed": 285026, "Deaths": 9459, "Recovered": 250104, "Active": 25463, "Date": "2020-09-26T00:00:00Z"}, {"Country": "Germany", "CountryCode": "", "Province": "", "City": "", "CityCode": "", "Lat": "0", "Lon": "0", "Confirmed": 286339, "Deaths": 9464, "Recovered": 250866, "Active": 26009, "Date": "2020-09-27T00:00:00Z"}, {"Country": "Germany", "CountryCode": "", "Province": "", "City": "", "CityCode": "", "Lat": "0", "Lon": "0", "Confirmed": 288631, "Deaths": 9468, "Recovered": 252693, "Active": 26470, "Date": "2020-09-28T00:00:00Z"}, {"Country": "Germany", "CountryCode": "", "Province": "", "City": "", "CityCode": "", "Lat": "0", "Lon": "0", "Confirmed": 290471, "Deaths": 9483, "Recovered": 255212, "Active": 25776, "Date": "2020-09-29T00:00:00Z"}, {"Country": "Germany", "CountryCode": "", "Province": "", "City": "", "CityCode": "", "Lat": "0", "Lon": "0", "Confirmed": 292913, "Deaths": 9495, "Recovered": 256861, "Active": 26557, "Date": "2020-09-30T00:00:00Z"}, {"Country": "Germany", "CountryCode": "", "Province": "", "City": "", "CityCode": "", "Lat": "0", "Lon": "0", "Confirmed": 295539, "Deaths": 9509, "Recovered": 258220, "Active": 27810, "Date": "2020-10-01T00:00:00Z"}, {"Country": "Germany", "CountryCode": "", "Province": "", "City": "", "CityCode": "", "Lat": "0", "Lon": "0", "Confirmed": 298374, "Deaths": 9518, "Recovered": 259722, "Active": 29134, "Date": "2020-10-02T00:00:00Z"}, {"Country": "Germany", "CountryCode": "", "Province": "", "City": "", "CityCode": "", "Lat": "0", "Lon": "0", "Confirmed": 300027, "Deaths": 9531, "Recovered": 260916, "Active": 29580, "Date": "2020-10-03T00:00:00Z"}, {"Country": "Germany", "CountryCode": "", "Province": "", "City": "", "CityCode": "", "Lat": "0", "Lon": "0", "Confirmed": 301573, "Deaths": 9533, "Recovered": 262002, "Active": 30038, "Date": "2020-10-04T00:00:00Z"}, {"Country": "Germany", "CountryCode": "", "Province": "", "City": "", "CityCode": "", "Lat": "0", "Lon": "0", "Confirmed": 304673, "Deaths": 9554, "Recovered": 265624, "Active": 29495, "Date": "2020-10-05T00:00:00Z"}, {"Country": "Germany", "CountryCode": "", "Province": "", "City": "", "CityCode": "", "Lat": "0", "Lon": "0", "Confirmed": 307127, "Deaths": 9566, "Recovered": 267747, "Active": 29814, "Date": "2020-10-06T00:00:00Z"}, {"Country": "Germany", "CountryCode": "", "Province": "", "City": "", "CityCode": "", "Lat": "0", "Lon": "0", "Confirmed": 311137, "Deaths": 9582, "Recovered": 269722, "Active": 31833, "Date": "2020-10-07T00:00:00Z"}, {"Country": "Germany", "CountryCode": "", "Province": "", "City": "", "CityCode": "", "Lat": "0", "Lon": "0", "Confirmed": 315941, "Deaths": 9594, "Recovered": 271960, "Active": 34387, "Date": "2020-10-08T00:00:00Z"}, {"Country": "Germany", "CountryCode": "", "Province": "", "City": "", "CityCode": "", "Lat": "0", "Lon": "0", "Confirmed": 320495, "Deaths": 9599, "Recovered": 273718, "Active": 37178, "Date": "2020-10-09T00:00:00Z"}, {"Country": "Germany", "CountryCode": "", "Province": "", "City": "", "CityCode": "", "Lat": "0", "Lon": "0", "Confirmed": 323463, "Deaths": 9620, "Recovered": 274934, "Active": 38909, "Date": "2020-10-10T00:00:00Z"}, {"Country": "Germany", "CountryCode": "", "Province": "", "City": "", "CityCode": "", "Lat": "0", "Lon": "0", "Confirmed": 326309, "Deaths": 9626, "Recovered": 276983, "Active": 39700, "Date": "2020-10-11T00:00:00Z"}, {"Country": "Germany", "CountryCode": "", "Province": "", "City": "", "CityCode": "", "Lat": "0", "Lon": "0", "Confirmed": 332850, "Deaths": 9640, "Recovered": 278391, "Active": 44819, "Date": "2020-10-12T00:00:00Z"}, {"Country": "Germany", "CountryCode": "", "Province": "", "City": "", "CityCode": "", "Lat": "0", "Lon": "0", "Confirmed": 337314, "Deaths": 9682, "Recovered": 280533, "Active": 47099, "Date": "2020-10-13T00:00:00Z"}, {"Country": "Germany", "CountryCode": "", "Province": "", "City": "", "CityCode": "", "Lat": "0", "Lon": "0", "Confirmed": 344487, "Deaths": 9716, "Recovered": 283656, "Active": 51115, "Date": "2020-10-14T00:00:00Z"}, {"Country": "Germany", "CountryCode": "", "Province": "", "City": "", "CityCode": "", "Lat": "0", "Lon": "0", "Confirmed": 352107, "Deaths": 9739, "Recovered": 286137, "Active": 56231, "Date": "2020-10-15T00:00:00Z"}, {"Country": "Germany", "CountryCode": "", "Province": "", "City": "", "CityCode": "", "Lat": "0", "Lon": "0", "Confirmed": 359802, "Deaths": 9773, "Recovered": 289027, "Active": 61002, "Date": "2020-10-16T00:00:00Z"}, {"Country": "Germany", "CountryCode": "", "Province": "", "City": "", "CityCode": "", "Lat": "0", "Lon": "0", "Confirmed": 364664, "Deaths": 9785, "Recovered": 291129, "Active": 63750, "Date": "2020-10-17T00:00:00Z"}, {"Country": "Germany", "CountryCode": "", "Province": "", "City": "", "CityCode": "", "Lat": "0", "Lon": "0", "Confirmed": 368671, "Deaths": 9798, "Recovered": 293447, "Active": 65426, "Date": "2020-10-18T00:00:00Z"}, {"Country": "Germany", "CountryCode": "", "Province": "", "City": "", "CityCode": "", "Lat": "0", "Lon": "0", "Confirmed": 377068, "Deaths": 9842, "Recovered": 296672, "Active": 70554, "Date": "2020-10-19T00:00:00Z"}, {"Country": "Germany", "CountryCode": "", "Province": "", "City": "", "CityCode": "", "Lat": "0", "Lon": "0", "Confirmed": 385591, "Deaths": 9882, "Recovered": 299743, "Active": 75966, "Date": "2020-10-20T00:00:00Z"}, {"Country": "Germany", "CountryCode": "", "Province": "", "City": "", "CityCode": "", "Lat": "0", "Lon": "0", "Confirmed": 397922, "Deaths": 9911, "Recovered": 304173, "Active": 83838, "Date": "2020-10-21T00:00:00Z"}, {"Country": "Germany", "CountryCode": "", "Province": "", "City": "", "CityCode": "", "Lat": "0", "Lon": "0", "Confirmed": 403874, "Deaths": 9960, "Recovered": 308779, "Active": 85135, "Date": "2020-10-22T00:00:00Z"}, {"Country": "Germany", "CountryCode": "", "Province": "", "City": "", "CityCode": "", "Lat": "0", "Lon": "0", "Confirmed": 417350, "Deaths": 9978, "Recovered": 312347, "Active": 95025, "Date": "2020-10-23T00:00:00Z"}, {"Country": "Germany", "CountryCode": "", "Province": "", "City": "", "CityCode": "", "Lat": "0", "Lon": "0", "Confirmed": 427808, "Deaths": 10035, "Recovered": 316124, "Active": 101649, "Date": "2020-10-24T00:00:00Z"}, {"Country": "Germany", "CountryCode": "", "Province": "", "City": "", "CityCode": "", "Lat": "0", "Lon": "0", "Confirmed": 437698, "Deaths": 10062, "Recovered": 320004, "Active": 107632, "Date": "2020-10-25T00:00:00Z"}, {"Country": "Germany", "CountryCode": "", "Province": "", "City": "", "CityCode": "", "Lat": "0", "Lon": "0", "Confirmed": 450258, "Deaths": 10091, "Recovered": 325052, "Active": 115115, "Date": "2020-10-26T00:00:00Z"}, {"Country": "Germany", "CountryCode": "", "Province": "", "City": "", "CityCode": "", "Lat": "0", "Lon": "0", "Confirmed": 463419, "Deaths": 10121, "Recovered": 327697, "Active": 125601, "Date": "2020-10-27T00:00:00Z"}, {"Country": "Germany", "CountryCode": "", "Province": "", "City": "", "CityCode": "", "Lat": "0", "Lon": "0", "Confirmed": 479621, "Deaths": 10218, "Recovered": 336764, "Active": 132639, "Date": "2020-10-28T00:00:00Z"}, {"Country": "Germany", "CountryCode": "", "Province": "", "City": "", "CityCode": "", "Lat": "0", "Lon": "0", "Confirmed": 498354, "Deaths": 10305, "Recovered": 340436, "Active": 147613, "Date": "2020-10-29T00:00:00Z"}, {"Country": "Germany", "CountryCode": "", "Province": "", "City": "", "CityCode": "", "Lat": "0", "Lon": "0", "Confirmed": 517736, "Deaths": 10391, "Recovered": 351921, "Active": 155424, "Date": "2020-10-30T00:00:00Z"}, {"Country": "Germany", "CountryCode": "", "Province": "", "City": "", "CityCode": "", "Lat": "0", "Lon": "0", "Confirmed": 531790, "Deaths": 10483, "Recovered": 356410, "Active": 164897, "Date": "2020-10-31T00:00:00Z"}, {"Country": "Germany", "CountryCode": "", "Province": "", "City": "", "CityCode": "", "Lat": "0", "Lon": "0", "Confirmed": 544346, "Deaths": 10513, "Recovered": 363545, "Active": 170288, "Date": "2020-11-01T00:00:00Z"}, {"Country": "Germany", "CountryCode": "", "Province": "", "City": "", "CityCode": "", "Lat": "0", "Lon": "0", "Confirmed": 569598, "Deaths": 10669, "Recovered": 372499, "Active": 186430, "Date": "2020-11-02T00:00:00Z"}, {"Country": "Germany", "CountryCode": "", "Province": "", "City": "", "CityCode": "", "Lat": "0", "Lon": "0", "Confirmed": 577131, "Deaths": 10717, "Recovered": 373391, "Active": 193023, "Date": "2020-11-03T00:00:00Z"}, {"Country": "Germany", "CountryCode": "", "Province": "", "City": "", "CityCode": "", "Lat": "0", "Lon": "0", "Confirmed": 608611, "Deaths": 10949, "Recovered": 384012, "Active": 213650, "Date": "2020-11-04T00:00:00Z"}, {"Country": "Germany", "CountryCode": "", "Province": "", "City": "", "CityCode": "", "Lat": "0", "Lon": "0", "Confirmed": 631172, "Deaths": 11110, "Recovered": 394616, "Active": 225446, "Date": "2020-11-05T00:00:00Z"}, {"Country": "Germany", "CountryCode": "", "Province": "", "City": "", "CityCode": "", "Lat": "0", "Lon": "0", "Confirmed": 653992, "Deaths": 11240, "Recovered": 405809, "Active": 236943, "Date": "2020-11-06T00:00:00Z"}, {"Country": "Germany", "CountryCode": "", "Province": "", "City": "", "CityCode": "", "Lat": "0", "Lon": "0", "Confirmed": 668114, "Deaths": 11306, "Recovered": 413484, "Active": 243324, "Date": "2020-11-07T00:00:00Z"}, {"Country": "Germany", "CountryCode": "", "Province": "", "City": "", "CityCode": "", "Lat": "0", "Lon": "0", "Confirmed": 682624, "Deaths": 11372, "Recovered": 421151, "Active": 250101, "Date": "2020-11-08T00:00:00Z"}, {"Country": "Germany", "CountryCode": "", "Province": "", "City": "", "CityCode": "", "Lat": "0", "Lon": "0", "Confirmed": 689146, "Deaths": 11408, "Recovered": 443621, "Active": 234117, "Date": "2020-11-09T00:00:00Z"}, {"Country": "Germany", "CountryCode": "", "Province": "", "City": "", "CityCode": "", "Lat": "0", "Lon": "0", "Confirmed": 715693, "Deaths": 11781, "Recovered": 446402, "Active": 257510, "Date": "2020-11-10T00:00:00Z"}, {"Country": "Germany", "CountryCode": "", "Province": "", "City": "", "CityCode": "", "Lat": "0", "Lon": "0", "Confirmed": 738094, "Deaths": 11994, "Recovered": 460504, "Active": 265596, "Date": "2020-11-11T00:00:00Z"}, {"Country": "Germany", "CountryCode": "", "Province": "", "City": "", "CityCode": "", "Lat": "0", "Lon": "0", "Confirmed": 762832, "Deaths": 12216, "Recovered": 474208, "Active": 276408, "Date": "2020-11-12T00:00:00Z"}, {"Country": "Germany", "CountryCode": "", "Province": "", "City": "", "CityCode": "", "Lat": "0", "Lon": "0", "Confirmed": 785093, "Deaths": 12404, "Recovered": 487913, "Active": 284776, "Date": "2020-11-13T00:00:00Z"}, {"Country": "Germany", "CountryCode": "", "Province": "", "City": "", "CityCode": "", "Lat": "0", "Lon": "0", "Confirmed": 799733, "Deaths": 12511, "Recovered": 498996, "Active": 288226, "Date": "2020-11-14T00:00:00Z"}, {"Country": "Germany", "CountryCode": "", "Province": "", "City": "", "CityCode": "", "Lat": "0", "Lon": "0", "Confirmed": 802946, "Deaths": 12573, "Recovered": 505714, "Active": 284659, "Date": "2020-11-15T00:00:00Z"}, {"Country": "Germany", "CountryCode": "", "Province": "", "City": "", "CityCode": "", "Lat": "0", "Lon": "0", "Confirmed": 817526, "Deaths": 12833, "Recovered": 522313, "Active": 282380, "Date": "2020-11-16T00:00:00Z"}, {"Country": "Germany", "CountryCode": "", "Province": "", "City": "", "CityCode": "", "Lat": "0", "Lon": "0", "Confirmed": 843757, "Deaths": 13138, "Recovered": 537347, "Active": 293272, "Date": "2020-11-17T00:00:00Z"}, {"Country": "Germany", "CountryCode": "", "Province": "", "City": "", "CityCode": "", "Lat": "0", "Lon": "0", "Confirmed": 867484, "Deaths": 13390, "Recovered": 554272, "Active": 299822, "Date": "2020-11-18T00:00:00Z"}, {"Country": "Germany", "CountryCode": "", "Province": "", "City": "", "CityCode": "", "Lat": "0", "Lon": "0", "Confirmed": 891525, "Deaths": 13662, "Recovered": 570961, "Active": 306902, "Date": "2020-11-19T00:00:00Z"}, {"Country": "Germany", "CountryCode": "", "Province": "", "City": "", "CityCode": "", "Lat": "0", "Lon": "0", "Confirmed": 914118, "Deaths": 13918, "Recovered": 587780, "Active": 312420, "Date": "2020-11-20T00:00:00Z"}, {"Country": "Germany", "CountryCode": "", "Province": "", "City": "", "CityCode": "", "Lat": "0", "Lon": "0", "Confirmed": 927990, "Deaths": 14061, "Recovered": 600991, "Active": 312938, "Date": "2020-11-21T00:00:00Z"}, {"Country": "Germany", "CountryCode": "", "Province": "", "City": "", "CityCode": "", "Lat": "0", "Lon": "0", "Confirmed": 932367, "Deaths": 14159, "Recovered": 611627, "Active": 306581, "Date": "2020-11-22T00:00:00Z"}, {"Country": "Germany", "CountryCode": "", "Province": "", "City": "", "CityCode": "", "Lat": "0", "Lon": "0", "Confirmed": 946822, "Deaths": 14460, "Recovered": 630375, "Active": 301987, "Date": "2020-11-23T00:00:00Z"}, {"Country": "Germany", "CountryCode": "", "Province": "", "City": "", "CityCode": "", "Lat": "0", "Lon": "0", "Confirmed": 963192, "Deaths": 14832, "Recovered": 649070, "Active": 299290, "Date": "2020-11-24T00:00:00Z"}, {"Country": "Germany", "CountryCode": "", "Province": "", "City": "", "CityCode": "", "Lat": "0", "Lon": "0", "Confirmed": 995879, "Deaths": 15210, "Recovered": 666373, "Active": 314296, "Date": "2020-11-25T00:00:00Z"}, {"Country": "Germany", "CountryCode": "", "Province": "", "City": "", "CityCode": "", "Lat": "0", "Lon": "0", "Confirmed": 1017830, "Deaths": 15640, "Recovered": 685537, "Active": 316653, "Date": "2020-11-26T00:00:00Z"}, {"Country": "Germany", "CountryCode": "", "Province": "", "City": "", "CityCode": "", "Lat": "0", "Lon": "0", "Confirmed": 1038649, "Deaths": 16011, "Recovered": 705213, "Active": 317425, "Date": "2020-11-27T00:00:00Z"}, {"Country": "Germany", "CountryCode": "", "Province": "", "City": "", "CityCode": "", "Lat": "0", "Lon": "0", "Confirmed": 1052494, "Deaths": 16181, "Recovered": 718604, "Active": 317709, "Date": "2020-11-28T00:00:00Z"}, {"Country": "Germany", "CountryCode": "", "Province": "", "City": "", "CityCode": "", "Lat": "0", "Lon": "0", "Confirmed": 1055691, "Deaths": 16306, "Recovered": 730797, "Active": 308588, "Date": "2020-11-29T00:00:00Z"}, {"Country": "Germany", "CountryCode": "", "Province": "", "City": "", "CityCode": "", "Lat": "0", "Lon": "0", "Confirmed": 1069912, "Deaths": 16694, "Recovered": 749219, "Active": 303999, "Date": "2020-11-30T00:00:00Z"}, {"Country": "Germany", "CountryCode": "", "Province": "", "City": "", "CityCode": "", "Lat": "0", "Lon": "0", "Confirmed": 1094678, "Deaths": 17177, "Recovered": 769380, "Active": 308121, "Date": "2020-12-01T00:00:00Z"}, {"Country": "Germany", "CountryCode": "", "Province": "", "City": "", "CityCode": "", "Lat": "0", "Lon": "0", "Confirmed": 1117953, "Deaths": 17659, "Recovered": 789564, "Active": 310730, "Date": "2020-12-02T00:00:00Z"}, {"Country": "Germany", "CountryCode": "", "Province": "", "City": "", "CityCode": "", "Lat": "0", "Lon": "0", "Confirmed": 1141544, "Deaths": 18097, "Recovered": 811091, "Active": 312356, "Date": "2020-12-03T00:00:00Z"}, {"Country": "Germany", "CountryCode": "", "Province": "", "City": "", "CityCode": "", "Lat": "0", "Lon": "0", "Confirmed": 1157514, "Deaths": 18577, "Recovered": 831935, "Active": 307002, "Date": "2020-12-04T00:00:00Z"}, {"Country": "Germany", "CountryCode": "", "Province": "", "City": "", "CityCode": "", "Lat": "0", "Lon": "0", "Confirmed": 1183640, "Deaths": 18839, "Recovered": 852580, "Active": 312221, "Date": "2020-12-05T00:00:00Z"}, {"Country": "Germany", "CountryCode": "", "Province": "", "City": "", "CityCode": "", "Lat": "0", "Lon": "0", "Confirmed": 1194550, "Deaths": 18989, "Recovered": 868285, "Active": 307276, "Date": "2020-12-06T00:00:00Z"}, {"Country": "Germany", "CountryCode": "", "Province": "", "City": "", "CityCode": "", "Lat": "0", "Lon": "0", "Confirmed": 1200006, "Deaths": 19434, "Recovered": 888701, "Active": 291871, "Date": "2020-12-07T00:00:00Z"}, {"Country": "Germany", "CountryCode": "", "Province": "", "City": "", "CityCode": "", "Lat": "0", "Lon": "0", "Confirmed": 1229269, "Deaths": 20002, "Recovered": 909058, "Active": 300209, "Date": "2020-12-08T00:00:00Z"}, {"Country": "Germany", "CountryCode": "", "Province": "", "City": "", "CityCode": "", "Lat": "0", "Lon": "0", "Confirmed": 1254358, "Deaths": 20460, "Recovered": 929272, "Active": 304626, "Date": "2020-12-09T00:00:00Z"}, {"Country": "Germany", "CountryCode": "", "Province": "", "City": "", "CityCode": "", "Lat": "0", "Lon": "0", "Confirmed": 1287092, "Deaths": 21064, "Recovered": 949913, "Active": 316115, "Date": "2020-12-10T00:00:00Z"}, {"Country": "Germany", "CountryCode": "", "Province": "", "City": "", "CityCode": "", "Lat": "0", "Lon": "0", "Confirmed": 1314309, "Deaths": 21567, "Recovered": 966238, "Active": 326504, "Date": "2020-12-11T00:00:00Z"}, {"Country": "Germany", "CountryCode": "", "Province": "", "City": "", "CityCode": "", "Lat": "0", "Lon": "0", "Confirmed": 1336101, "Deaths": 21900, "Recovered": 975931, "Active": 338270, "Date": "2020-12-12T00:00:00Z"}, {"Country": "Germany", "CountryCode": "", "Province": "", "City": "", "CityCode": "", "Lat": "0", "Lon": "0", "Confirmed": 1350810, "Deaths": 22106, "Recovered": 990707, "Active": 337997, "Date": "2020-12-13T00:00:00Z"}, {"Country": "Germany", "CountryCode": "", "Province": "", "City": "", "CityCode": "", "Lat": "0", "Lon": "0", "Confirmed": 1357261, "Deaths": 22634, "Recovered": 1012077, "Active": 322550, "Date": "2020-12-14T00:00:00Z"}, {"Country": "Germany", "CountryCode": "", "Province": "", "City": "", "CityCode": "", "Lat": "0", "Lon": "0", "Confirmed": 1391086, "Deaths": 23544, "Recovered": 1031721, "Active": 335821, "Date": "2020-12-15T00:00:00Z"}, {"Country": "Germany", "CountryCode": "", "Province": "", "City": "", "CityCode": "", "Lat": "0", "Lon": "0", "Confirmed": 1423830, "Deaths": 24273, "Recovered": 1056477, "Active": 343080, "Date": "2020-12-16T00:00:00Z"}, {"Country": "Germany", "CountryCode": "", "Province": "", "City": "", "CityCode": "", "Lat": "0", "Lon": "0", "Confirmed": 1454009, "Deaths": 25027, "Recovered": 1078944, "Active": 350038, "Date": "2020-12-17T00:00:00Z"}, {"Country": "Germany", "CountryCode": "", "Province": "", "City": "", "CityCode": "", "Lat": "0", "Lon": "0", "Confirmed": 1486839, "Deaths": 25754, "Recovered": 1095982, "Active": 365103, "Date": "2020-12-18T00:00:00Z"}, {"Country": "Germany", "CountryCode": "", "Province": "", "City": "", "CityCode": "", "Lat": "0", "Lon": "0", "Confirmed": 1508518, "Deaths": 26171, "Recovered": 1107115, "Active": 375232, "Date": "2020-12-19T00:00:00Z"}, {"Country": "Germany", "CountryCode": "", "Province": "", "City": "", "CityCode": "", "Lat": "0", "Lon": "0", "Confirmed": 1514962, "Deaths": 26400, "Recovered": 1123725, "Active": 364837, "Date": "2020-12-20T00:00:00Z"}, {"Country": "Germany", "CountryCode": "", "Province": "", "City": "", "CityCode": "", "Lat": "0", "Lon": "0", "Confirmed": 1534218, "Deaths": 27110, "Recovered": 1147943, "Active": 359165, "Date": "2020-12-21T00:00:00Z"}, {"Country": "Germany", "CountryCode": "", "Province": "", "City": "", "CityCode": "", "Lat": "0", "Lon": "0", "Confirmed": 1570371, "Deaths": 28096, "Recovered": 1171444, "Active": 370831, "Date": "2020-12-22T00:00:00Z"}, {"Country": "Germany", "CountryCode": "", "Province": "", "City": "", "CityCode": "", "Lat": "0", "Lon": "0", "Confirmed": 1604129, "Deaths": 28909, "Recovered": 1197472, "Active": 377748, "Date": "2020-12-23T00:00:00Z"}, {"Country": "Germany", "CountryCode": "", "Province": "", "City": "", "CityCode": "", "Lat": "0", "Lon": "0", "Confirmed": 1630596, "Deaths": 29330, "Recovered": 1220277, "Active": 380989, "Date": "2020-12-24T00:00:00Z"}, {"Country": "Germany", "CountryCode": "", "Province": "", "City": "", "CityCode": "", "Lat": "0", "Lon": "0", "Confirmed": 1632736, "Deaths": 29580, "Recovered": 1235968, "Active": 367188, "Date": "2020-12-25T00:00:00Z"}, {"Country": "Germany", "CountryCode": "", "Province": "", "City": "", "CityCode": "", "Lat": "0", "Lon": "0", "Confirmed": 1646240, "Deaths": 29946, "Recovered": 1253285, "Active": 363009, "Date": "2020-12-26T00:00:00Z"}, {"Country": "Germany", "CountryCode": "", "Province": "", "City": "", "CityCode": "", "Lat": "0", "Lon": "0", "Confirmed": 1658639, "Deaths": 30297, "Recovered": 1272032, "Active": 356310, "Date": "2020-12-27T00:00:00Z"}, {"Country": "Germany", "CountryCode": "", "Province": "", "City": "", "CityCode": "", "Lat": "0", "Lon": "0", "Confirmed": 1672643, "Deaths": 31145, "Recovered": 1294932, "Active": 346566, "Date": "2020-12-28T00:00:00Z"}, {"Country": "Germany", "CountryCode": "", "Province": "", "City": "", "CityCode": "", "Lat": "0", "Lon": "0", "Confirmed": 1692109, "Deaths": 32267, "Recovered": 1319757, "Active": 340085, "Date": "2020-12-29T00:00:00Z"}, {"Country": "Germany", "CountryCode": "", "Province": "", "City": "", "CityCode": "", "Lat": "0", "Lon": "0", "Confirmed": 1741153, "Deaths": 33230, "Recovered": 1345952, "Active": 361971, "Date": "2020-12-30T00:00:00Z"}, {"Country": "Germany", "CountryCode": "", "Province": "", "City": "", "CityCode": "", "Lat": "0", "Lon": "0", "Confirmed": 1760520, "Deaths": 33791, "Recovered": 1350708, "Active": 376021, "Date": "2020-12-31T00:00:00Z"}, {"Country": "Germany", "CountryCode": "", "Province": "", "City": "", "CityCode": "", "Lat": "0", "Lon": "0", "Confirmed": 1762637, "Deaths": 34145, "Recovered": 1388744, "Active": 339748, "Date": "2021-01-01T00:00:00Z"}, {"Country": "Germany", "CountryCode": "", "Province": "", "City": "", "CityCode": "", "Lat": "0", "Lon": "0", "Confirmed": 1773540, "Deaths": 34480, "Recovered": 1400810, "Active": 338250, "Date": "2021-01-02T00:00:00Z"}, {"Country": "Germany", "CountryCode": "", "Province": "", "City": "", "CityCode": "", "Lat": "0", "Lon": "0", "Confirmed": 1783896, "Deaths": 34791, "Recovered": 1422151, "Active": 326954, "Date": "2021-01-03T00:00:00Z"}, {"Country": "Germany", "CountryCode": "", "Province": "", "City": "", "CityCode": "", "Lat": "0", "Lon": "0", "Confirmed": 1796216, "Deaths": 35748, "Recovered": 1445442, "Active": 315026, "Date": "2021-01-04T00:00:00Z"}, {"Country": "Germany", "CountryCode": "", "Province": "", "City": "", "CityCode": "", "Lat": "0", "Lon": "0", "Confirmed": 1814565, "Deaths": 36757, "Recovered": 1472311, "Active": 305497, "Date": "2021-01-05T00:00:00Z"}, {"Country": "Germany", "CountryCode": "", "Province": "", "City": "", "CityCode": "", "Lat": "0", "Lon": "0", "Confirmed": 1841228, "Deaths": 37835, "Recovered": 1496182, "Active": 307211, "Date": "2021-01-06T00:00:00Z"}, {"Country": "Germany", "CountryCode": "", "Province": "", "City": "", "CityCode": "", "Lat": "0", "Lon": "0", "Confirmed": 1886561, "Deaths": 38987, "Recovered": 1517019, "Active": 330555, "Date": "2021-01-07T00:00:00Z"}, {"Country": "Germany", "CountryCode": "", "Province": "", "City": "", "CityCode": "", "Lat": "0", "Lon": "0", "Confirmed": 1905638, "Deaths": 40022, "Recovered": 1533143, "Active": 332473, "Date": "2021-01-08T00:00:00Z"}, {"Country": "Germany", "CountryCode": "", "Province": "", "City": "", "CityCode": "", "Lat": "0", "Lon": "0", "Confirmed": 1928462, "Deaths": 40597, "Recovered": 1546206, "Active": 341659, "Date": "2021-01-09T00:00:00Z"}, {"Country": "Germany", "CountryCode": "", "Province": "", "City": "", "CityCode": "", "Lat": "0", "Lon": "0", "Confirmed": 1929410, "Deaths": 40936, "Recovered": 1566907, "Active": 321567, "Date": "2021-01-10T00:00:00Z"}, {"Country": "Germany", "CountryCode": "", "Province": "", "City": "", "CityCode": "", "Lat": "0", "Lon": "0", "Confirmed": 1941116, "Deaths": 41799, "Recovered": 1590171, "Active": 309146, "Date": "2021-01-11T00:00:00Z"}, {"Country": "Germany", "CountryCode": "", "Province": "", "City": "", "CityCode": "", "Lat": "0", "Lon": "0", "Confirmed": 1968326, "Deaths": 42889, "Recovered": 1616761, "Active": 308676, "Date": "2021-01-12T00:00:00Z"}, {"Country": "Germany", "CountryCode": "", "Province": "", "City": "", "CityCode": "", "Lat": "0", "Lon": "0", "Confirmed": 1993892, "Deaths": 44096, "Recovered": 1640682, "Active": 309114, "Date": "2021-01-13T00:00:00Z"}, {"Country": "Germany", "CountryCode": "", "Province": "", "City": "", "CityCode": "", "Lat": "0", "Lon": "0", "Confirmed": 2015235, "Deaths": 45207, "Recovered": 1661394, "Active": 308634, "Date": "2021-01-14T00:00:00Z"}, {"Country": "Germany", "CountryCode": "", "Province": "", "City": "", "CityCode": "", "Lat": "0", "Lon": "0", "Confirmed": 2023828, "Deaths": 45705, "Recovered": 1664176, "Active": 313947, "Date": "2021-01-15T00:00:00Z"}, {"Country": "Germany", "CountryCode": "", "Province": "", "City": "", "CityCode": "", "Lat": "0", "Lon": "0", "Confirmed": 2038645, "Deaths": 46464, "Recovered": 1680479, "Active": 311702, "Date": "2021-01-16T00:00:00Z"}, {"Country": "Germany", "CountryCode": "", "Province": "", "City": "", "CityCode": "", "Lat": "0", "Lon": "0", "Confirmed": 2050129, "Deaths": 46901, "Recovered": 1709540, "Active": 293688, "Date": "2021-01-17T00:00:00Z"}, {"Country": "Germany", "CountryCode": "", "Province": "", "City": "", "CityCode": "", "Lat": "0", "Lon": "0", "Confirmed": 2059382, "Deaths": 47263, "Recovered": 1713196, "Active": 298923, "Date": "2021-01-18T00:00:00Z"}, {"Country": "Germany", "CountryCode": "", "Province": "", "City": "", "CityCode": "", "Lat": "0", "Lon": "0", "Confirmed": 2071615, "Deaths": 48997, "Recovered": 1757713, "Active": 264905, "Date": "2021-01-19T00:00:00Z"}, {"Country": "Germany", "CountryCode": "", "Province": "", "City": "", "CityCode": "", "Lat": "0", "Lon": "0", "Confirmed": 2100618, "Deaths": 50010, "Recovered": 1778319, "Active": 272289, "Date": "2021-01-20T00:00:00Z"}, {"Country": "Germany", "CountryCode": "", "Province": "", "City": "", "CityCode": "", "Lat": "0", "Lon": "0", "Confirmed": 2108895, "Deaths": 50876, "Recovered": 1797648, "Active": 260371, "Date": "2021-01-21T00:00:00Z"}, {"Country": "Germany", "CountryCode": "", "Province": "", "City": "", "CityCode": "", "Lat": "0", "Lon": "0", "Confirmed": 2125261, "Deaths": 51713, "Recovered": 1813894, "Active": 259654, "Date": "2021-01-22T00:00:00Z"}, {"Country": "Germany", "CountryCode": "", "Province": "", "City": "", "CityCode": "", "Lat": "0", "Lon": "0", "Confirmed": 2137691, "Deaths": 51873, "Recovered": 1826161, "Active": 259657, "Date": "2021-01-23T00:00:00Z"}, {"Country": "Germany", "CountryCode": "", "Province": "", "City": "", "CityCode": "", "Lat": "0", "Lon": "0", "Confirmed": 2147769, "Deaths": 52296, "Recovered": 1840970, "Active": 254503, "Date": "2021-01-24T00:00:00Z"}, {"Country": "Germany", "CountryCode": "", "Province": "", "City": "", "CityCode": "", "Lat": "0", "Lon": "0", "Confirmed": 2154656, "Deaths": 53127, "Recovered": 1859936, "Active": 241593, "Date": "2021-01-25T00:00:00Z"}, {"Country": "Germany", "CountryCode": "", "Province": "", "City": "", "CityCode": "", "Lat": "0", "Lon": "0", "Confirmed": 2164043, "Deaths": 53619, "Recovered": 1881933, "Active": 228491, "Date": "2021-01-26T00:00:00Z"}, {"Country": "Germany", "CountryCode": "", "Province": "", "City": "", "CityCode": "", "Lat": "0", "Lon": "0", "Confirmed": 2179679, "Deaths": 54498, "Recovered": 1881933, "Active": 81408, "Date": "2021-01-27T00:00:00Z"}, {"Country": "Germany", "CountryCode": "", "Province": "", "City": "", "CityCode": "", "Lat": "0", "Lon": "0", "Confirmed": 2194562, "Deaths": 55883, "Recovered": 1915501, "Active": 223178, "Date": "2021-01-28T00:00:00Z"}, {"Country": "Germany", "CountryCode": "", "Province": "", "City": "", "CityCode": "", "Lat": "0", "Lon": "0", "Confirmed": 2207393, "Deaths": 56286, "Recovered": 1917964, "Active": 233143, "Date": "2021-01-29T00:00:00Z"}, {"Country": "Germany", "CountryCode": "", "Province": "", "City": "", "CityCode": "", "Lat": "0", "Lon": "0", "Confirmed": 2224911, "Deaths": 57105, "Recovered": 1938929, "Active": 228877, "Date": "2021-01-30T00:00:00Z"}, {"Country": "Germany", "CountryCode": "", "Province": "", "City": "", "CityCode": "", "Lat": "0", "Lon": "0", "Confirmed": 2225659, "Deaths": 57163, "Recovered": 1940046, "Active": 228450, "Date": "2021-01-31T00:00:00Z"}, {"Country": "Germany", "CountryCode": "", "Province": "", "City": "", "CityCode": "", "Lat": "0", "Lon": "0", "Confirmed": 2232327, "Deaths": 58059, "Recovered": 1967132, "Active": 207136, "Date": "2021-02-01T00:00:00Z"}, {"Country": "Germany", "CountryCode": "", "Province": "", "City": "", "CityCode": "", "Lat": "0", "Lon": "0", "Confirmed": 2240017, "Deaths": 58992, "Recovered": 1986214, "Active": 194811, "Date": "2021-02-02T00:00:00Z"}, {"Country": "Germany", "CountryCode": "", "Province": "", "City": "", "CityCode": "", "Lat": "0", "Lon": "0", "Confirmed": 2252504, "Deaths": 59776, "Recovered": 2003831, "Active": 188897, "Date": "2021-02-03T00:00:00Z"}, {"Country": "Germany", "CountryCode": "", "Province": "", "City": "", "CityCode": "", "Lat": "0", "Lon": "0", "Confirmed": 2265536, "Deaths": 60634, "Recovered": 2020303, "Active": 184599, "Date": "2021-02-04T00:00:00Z"}, {"Country": "Germany", "CountryCode": "", "Province": "", "City": "", "CityCode": "", "Lat": "0", "Lon": "0", "Confirmed": 2276371, "Deaths": 61324, "Recovered": 2033168, "Active": 181879, "Date": "2021-02-05T00:00:00Z"}, {"Country": "Germany", "CountryCode": "", "Province": "", "City": "", "CityCode": "", "Lat": "0", "Lon": "0", "Confirmed": 2285003, "Deaths": 61551, "Recovered": 2041988, "Active": 181464, "Date": "2021-02-06T00:00:00Z"}, {"Country": "Germany", "CountryCode": "", "Province": "", "City": "", "CityCode": "", "Lat": "0", "Lon": "0", "Confirmed": 2291673, "Deaths": 61708, "Recovered": 2052656, "Active": 177309, "Date": "2021-02-07T00:00:00Z"}, {"Country": "Germany", "CountryCode": "", "Province": "", "City": "", "CityCode": "", "Lat": "0", "Lon": "0", "Confirmed": 2296323, "Deaths": 62191, "Recovered": 2054340, "Active": 179792, "Date": "2021-02-08T00:00:00Z"}, {"Country": "Germany", "CountryCode": "", "Province": "", "City": "", "CityCode": "", "Lat": "0", "Lon": "0", "Confirmed": 2302051, "Deaths": 63006, "Recovered": 2081966, "Active": 157079, "Date": "2021-02-09T00:00:00Z"}, {"Country": "Germany", "CountryCode": "", "Province": "", "City": "", "CityCode": "", "Lat": "0", "Lon": "0", "Confirmed": 2311297, "Deaths": 63672, "Recovered": 2096775, "Active": 150850, "Date": "2021-02-10T00:00:00Z"}, {"Country": "Germany", "CountryCode": "", "Province": "", "City": "", "CityCode": "", "Lat": "0", "Lon": "0", "Confirmed": 2321225, "Deaths": 64224, "Recovered": 2109508, "Active": 147493, "Date": "2021-02-11T00:00:00Z"}, {"Country": "Germany", "CountryCode": "", "Province": "", "City": "", "CityCode": "", "Lat": "0", "Lon": "0", "Confirmed": 2330422, "Deaths": 64771, "Recovered": 2120342, "Active": 145309, "Date": "2021-02-12T00:00:00Z"}, {"Country": "Germany", "CountryCode": "", "Province": "", "City": "", "CityCode": "", "Lat": "0", "Lon": "0", "Confirmed": 2336906, "Deaths": 64990, "Recovered": 2128002, "Active": 143914, "Date": "2021-02-13T00:00:00Z"}, {"Country": "Germany", "CountryCode": "", "Province": "", "City": "", "CityCode": "", "Lat": "0", "Lon": "0", "Confirmed": 2341744, "Deaths": 65107, "Recovered": 2136933, "Active": 139704, "Date": "2021-02-14T00:00:00Z"}, {"Country": "Germany", "CountryCode": "", "Province": "", "City": "", "CityCode": "", "Lat": "0", "Lon": "0", "Confirmed": 2346876, "Deaths": 65288, "Recovered": 2148269, "Active": 133319, "Date": "2021-02-15T00:00:00Z"}, {"Country": "Germany", "CountryCode": "", "Province": "", "City": "", "CityCode": "", "Lat": "0", "Lon": "0", "Confirmed": 2352766, "Deaths": 65829, "Recovered": 2161100, "Active": 125837, "Date": "2021-02-16T00:00:00Z"}, {"Country": "Germany", "CountryCode": "", "Province": "", "City": "", "CityCode": "", "Lat": "0", "Lon": "0", "Confirmed": 2362364, "Deaths": 66732, "Recovered": 2172312, "Active": 123320, "Date": "2021-02-17T00:00:00Z"}, {"Country": "Germany", "CountryCode": "", "Province": "", "City": "", "CityCode": "", "Lat": "0", "Lon": "0", "Confirmed": 2372209, "Deaths": 67245, "Recovered": 2182370, "Active": 122594, "Date": "2021-02-18T00:00:00Z"}, {"Country": "Germany", "CountryCode": "", "Province": "", "City": "", "CityCode": "", "Lat": "0", "Lon": "0", "Confirmed": 2381259, "Deaths": 67741, "Recovered": 2191208, "Active": 122310, "Date": "2021-02-19T00:00:00Z"}, {"Country": "Germany", "CountryCode": "", "Province": "", "City": "", "CityCode": "", "Lat": "0", "Lon": "0", "Confirmed": 2388421, "Deaths": 67883, "Recovered": 2197065, "Active": 123473, "Date": "2021-02-20T00:00:00Z"}, {"Country": "Germany", "CountryCode": "", "Province": "", "City": "", "CityCode": "", "Lat": "0", "Lon": "0", "Confirmed": 2394515, "Deaths": 67946, "Recovered": 2204110, "Active": 122459, "Date": "2021-02-21T00:00:00Z"}, {"Country": "Germany", "CountryCode": "", "Province": "", "City": "", "CityCode": "", "Lat": "0", "Lon": "0", "Confirmed": 2399499, "Deaths": 68363, "Recovered": 2212439, "Active": 118697, "Date": "2021-02-22T00:00:00Z"}, {"Country": "Germany", "CountryCode": "", "Province": "", "City": "", "CityCode": "", "Lat": "0", "Lon": "0", "Confirmed": 2405263, "Deaths": 68785, "Recovered": 2221972, "Active": 114506, "Date": "2021-02-23T00:00:00Z"}, {"Country": "Germany", "CountryCode": "", "Province": "", "City": "", "CityCode": "", "Lat": "0", "Lon": "0", "Confirmed": 2416037, "Deaths": 69170, "Recovered": 2231073, "Active": 115794, "Date": "2021-02-24T00:00:00Z"}, {"Country": "Germany", "CountryCode": "", "Province": "", "City": "", "CityCode": "", "Lat": "0", "Lon": "0", "Confirmed": 2427069, "Deaths": 69343, "Recovered": 2232050, "Active": 125676, "Date": "2021-02-25T00:00:00Z"}, {"Country": "Germany", "CountryCode": "", "Province": "", "City": "", "CityCode": "", "Lat": "0", "Lon": "0", "Confirmed": 2436506, "Deaths": 69939, "Recovered": 2247173, "Active": 119394, "Date": "2021-02-26T00:00:00Z"}, {"Country": "Germany", "CountryCode": "", "Province": "", "City": "", "CityCode": "", "Lat": "0", "Lon": "0", "Confirmed": 2444177, "Deaths": 70092, "Recovered": 2252970, "Active": 121115, "Date": "2021-02-27T00:00:00Z"}, {"Country": "Germany", "CountryCode": "", "Province": "", "City": "", "CityCode": "", "Lat": "0", "Lon": "0", "Confirmed": 2450295, "Deaths": 70152, "Recovered": 2259548, "Active": 120595, "Date": "2021-02-28T00:00:00Z"}, {"Country": "Germany", "CountryCode": "", "Province": "", "City": "", "CityCode": "", "Lat": "0", "Lon": "0", "Confirmed": 2455569, "Deaths": 70514, "Recovered": 2260719, "Active": 124336, "Date": "2021-03-01T00:00:00Z"}, {"Country": "Germany", "CountryCode": "", "Province": "", "City": "", "CityCode": "", "Lat": "0", "Lon": "0", "Confirmed": 2462061, "Deaths": 70926, "Recovered": 2277626, "Active": 113509, "Date": "2021-03-02T00:00:00Z"}, {"Country": "Germany", "CountryCode": "", "Province": "", "City": "", "CityCode": "", "Lat": "0", "Lon": "0", "Confirmed": 2472913, "Deaths": 71285, "Recovered": 2286728, "Active": 114900, "Date": "2021-03-03T00:00:00Z"}, {"Country": "Germany", "CountryCode": "", "Province": "", "City": "", "CityCode": "", "Lat": "0", "Lon": "0", "Confirmed": 2484306, "Deaths": 71554, "Recovered": 2295405, "Active": 117347, "Date": "2021-03-04T00:00:00Z"}, {"Country": "Germany", "CountryCode": "", "Province": "", "City": "", "CityCode": "", "Lat": "0", "Lon": "0", "Confirmed": 2493887, "Deaths": 71852, "Recovered": 2302899, "Active": 119136, "Date": "2021-03-05T00:00:00Z"}, {"Country": "Germany", "CountryCode": "", "Province": "", "City": "", "CityCode": "", "Lat": "0", "Lon": "0", "Confirmed": 2502151, "Deaths": 71951, "Recovered": 2308094, "Active": 122106, "Date": "2021-03-06T00:00:00Z"}, {"Country": "Germany", "CountryCode": "", "Province": "", "City": "", "CityCode": "", "Lat": "0", "Lon": "0", "Confirmed": 2508655, "Deaths": 71984, "Recovered": 2314400, "Active": 2436671, "Date": "2021-03-07T00:00:00Z"}, {"Country": "Germany", "CountryCode": "", "Province": "", "City": "", "CityCode": "", "Lat": "0", "Lon": "0", "Confirmed": 2513784, "Deaths": 72236, "Recovered": 2322734, "Active": 118814, "Date": "2021-03-08T00:00:00Z"}, {"Country": "Germany", "CountryCode": "", "Province": "", "City": "", "CityCode": "", "Lat": "0", "Lon": "0", "Confirmed": 2520618, "Deaths": 72534, "Recovered": 2331890, "Active": 116194, "Date": "2021-03-09T00:00:00Z"}, {"Country": "Germany", "CountryCode": "", "Province": "", "City": "", "CityCode": "", "Lat": "0", "Lon": "0", "Confirmed": 2541781, "Deaths": 72858, "Recovered": 2340473, "Active": 128450, "Date": "2021-03-10T00:00:00Z"}, {"Country": "Germany", "CountryCode": "", "Province": "", "City": "", "CityCode": "", "Lat": "0", "Lon": "0", "Confirmed": 2546526, "Deaths": 73120, "Recovered": 2349384, "Active": 124022, "Date": "2021-03-11T00:00:00Z"}, {"Country": "Germany", "CountryCode": "", "Province": "", "City": "", "CityCode": "", "Lat": "0", "Lon": "0", "Confirmed": 2559296, "Deaths": 73348, "Recovered": 2356590, "Active": 129358, "Date": "2021-03-12T00:00:00Z"}, {"Country": "Germany", "CountryCode": "", "Province": "", "City": "", "CityCode": "", "Lat": "0", "Lon": "0", "Confirmed": 2569864, "Deaths": 73369, "Recovered": 2357374, "Active": 139121, "Date": "2021-03-13T00:00:00Z"}]