[{"Country": "Greece", "CountryCode": "", "Province": "", "City": "", "CityCode": "", "Lat": "0", "Lon": "0", "Confirmed": 1, "Deaths": 0, "Recovered": 0, "Active": 1, "Date": "2020-02-26T00:00:00Z"}, {"Country": "Greece", "CountryCode": "", "Province": "", "City": "", "CityCode": "", "Lat": "0", "Lon": "0", "Confirmed": 3, "Deaths": 0, "Recovered": 0, "Active": 3, "Date": "2020-02-27T00:00:00Z"}, {"Country": "Greece", "CountryCode": "", "Province": "", "City": "", "CityCode": "", "Lat": "0", "Lon": "0", "Confirmed": 4, "Deaths": 0, "Recovered": 0, "Active": 4, "Date": "2020-02-28T00:00:00Z"}, {"Country": "Greece", "CountryCode": "", "Province": "", "City": "", "CityCode": "", "Lat": "0", "Lon": "0", "Confirmed": 4, "Deaths": 0, "Recovered": 0, "Active": 4, "Date": "2020-02-29T00:00:00Z"}, {"Country": "Greece", "CountryCode": "", "Province": "", "City": "", "CityCode": "", "Lat": "0", "Lon": "0", "Confirmed": 7, "Deaths": 0, "Recovered": 0, "Active": 7, "Date": "2020-03-01T00:00:00Z"}, {"Country": "Greece", "CountryCode": "", "Province": "", "City": "", "CityCode": "", "Lat": "0", "Lon": "0", "Confirmed": 7, "Deaths": 0, "Recovered": 0, "Active": 7, "Date": "2020-03-02T00:00:00Z"}, {"Country": "Greece", "CountryCode": "", "Province": "", "City": "", "CityCode": "", "Lat": "0", "Lon": "0", "Confirmed": 7, "Deaths": 0, "Recovered": 0, "Active": 7, "Date": "2020-03-03T00:00:00Z"}, {"Country": "Greece", "CountryCode": "", "Province": "", "City": "", "CityCode": "", "Lat": "0", "Lon": "0", "Confirmed": 9, "Deaths": 0, "Recovered": 0, "Active": 9, "Date": "2020-03-04T00:00:00Z"}, {"Country": "Greece", "CountryCode": "", "Province": "", "City": "", "CityCode": "", "Lat": "0", "Lon": "0", "Confirmed": 31, "Deaths": 0, "Recovered": 0, "Active": 31, "Date": "2020-03-05T00:00:00Z"}, {"Country": "Greece", "CountryCode": "", "Province": "", "City": "", "CityCode": "", "Lat": "0", "Lon": "0", "Confirmed": 45, "Deaths": 0, "Recovered": 0, "Active": 45, "Date": "2020-03-06T00:00:00Z"}, {"Country": "Greece", "CountryCode": "", "Province": "", "City": "", "CityCode": "", "Lat": "0", "Lon": "0", "Confirmed": 46, "Deaths": 0, "Recovered": 0, "Active": 46, "Date": "2020-03-07T00:00:00Z"}, {"Country": "Greece", "CountryCode": "", "Province": "", "City": "", "CityCode": "", "Lat": "0", "Lon": "0", "Confirmed": 73, "Deaths": 0, "Recovered": 0, "Active": 73, "Date": "2020-03-08T00:00:00Z"}, {"Country": "Greece", "CountryCode": "", "Province": "", "City": "", "CityCode": "", "Lat": "0", "Lon": "0", "Confirmed": 73, "Deaths": 0, "Recovered": 0, "Active": 73, "Date": "2020-03-09T00:00:00Z"}, {"Country": "Greece", "CountryCode": "", "Province": "", "City": "", "CityCode": "", "Lat": "0", "Lon": "0", "Confirmed": 89, "Deaths": 0, "Recovered": 0, "Active": 89, "Date": "2020-03-10T00:00:00Z"}, {"Country": "Greece", "CountryCode": "", "Province": "", "City": "", "CityCode": "", "Lat": "0", "Lon": "0", "Confirmed": 99, "Deaths": 1, "Recovered": 0, "Active": 98, "Date": "2020-03-11T00:00:00Z"}, {"Country": "Greece", "CountryCode": "", "Province": "", "City": "", "CityCode": "", "Lat": "0", "Lon": "0", "Confirmed": 99, "Deaths": 1, "Recovered": 0, "Active": 98, "Date": "2020-03-12T00:00:00Z"}, {"Country": "Greece", "CountryCode": "", "Province": "", "City": "", "CityCode": "", "Lat": "0", "Lon": "0", "Confirmed": 190, "Deaths": 1, "Recovered": 0, "Active": 189, "Date": "2020-03-13T00:00:00Z"}, {"Country": "Greece", "CountryCode": "", "Province": "", "City": "", "CityCode": "", "Lat": "0", "Lon": "0", "Confirmed": 228, "Deaths": 3, "Recovered": 8, "Active": 217, "Date": "2020-03-14T00:00:00Z"}, {"Country": "Greece", "CountryCode": "", "Province": "", "City": "", "CityCode": "", "Lat": "0", "Lon": "0", "Confirmed": 331, "Deaths": 4, "Recovered": 8, "Active": 319, "Date": "2020-03-15T00:00:00Z"}, {"Country": "Greece", "CountryCode": "", "Province": "", "City": "", "CityCode": "", "Lat": "0", "Lon": "0", "Confirmed": 331, "Deaths": 4, "Recovered": 8, "Active": 319, "Date": "2020-03-16T00:00:00Z"}, {"Country": "Greece", "CountryCode": "", "Province": "", "City": "", "CityCode": "", "Lat": "0", "Lon": "0", "Confirmed": 387, "Deaths": 5, "Recovered": 8, "Active": 374, "Date": "2020-03-17T00:00:00Z"}, {"Country": "Greece", "CountryCode": "", "Province": "", "City": "", "CityCode": "", "Lat": "0", "Lon": "0", "Confirmed": 418, "Deaths": 5, "Recovered": 8, "Active": 405, "Date": "2020-03-18T00:00:00Z"}, {"Country": "Greece", "CountryCode": "", "Province": "", "City": "", "CityCode": "", "Lat": "0", "Lon": "0", "Confirmed": 418, "Deaths": 6, "Recovered": 8, "Active": 404, "Date": "2020-03-19T00:00:00Z"}, {"Country": "Greece", "CountryCode": "", "Province": "", "City": "", "CityCode": "", "Lat": "0", "Lon": "0", "Confirmed": 495, "Deaths": 6, "Recovered": 19, "Active": 470, "Date": "2020-03-20T00:00:00Z"}, {"Country": "Greece", "CountryCode": "", "Province": "", "City": "", "CityCode": "", "Lat": "0", "Lon": "0", "Confirmed": 530, "Deaths": 13, "Recovered": 19, "Active": 498, "Date": "2020-03-21T00:00:00Z"}, {"Country": "Greece", "CountryCode": "", "Province": "", "City": "", "CityCode": "", "Lat": "0", "Lon": "0", "Confirmed": 624, "Deaths": 15, "Recovered": 19, "Active": 590, "Date": "2020-03-22T00:00:00Z"}, {"Country": "Greece", "CountryCode": "", "Province": "", "City": "", "CityCode": "", "Lat": "0", "Lon": "0", "Confirmed": 695, "Deaths": 17, "Recovered": 19, "Active": 659, "Date": "2020-03-23T00:00:00Z"}, {"Country": "Greece", "CountryCode": "", "Province": "", "City": "", "CityCode": "", "Lat": "0", "Lon": "0", "Confirmed": 743, "Deaths": 20, "Recovered": 29, "Active": 694, "Date": "2020-03-24T00:00:00Z"}, {"Country": "Greece", "CountryCode": "", "Province": "", "City": "", "CityCode": "", "Lat": "0", "Lon": "0", "Confirmed": 821, "Deaths": 22, "Recovered": 36, "Active": 763, "Date": "2020-03-25T00:00:00Z"}, {"Country": "Greece", "CountryCode": "", "Province": "", "City": "", "CityCode": "", "Lat": "0", "Lon": "0", "Confirmed": 892, "Deaths": 26, "Recovered": 36, "Active": 830, "Date": "2020-03-26T00:00:00Z"}, {"Country": "Greece", "CountryCode": "", "Province": "", "City": "", "CityCode": "", "Lat": "0", "Lon": "0", "Confirmed": 966, "Deaths": 28, "Recovered": 52, "Active": 886, "Date": "2020-03-27T00:00:00Z"}, {"Country": "Greece", "CountryCode": "", "Province": "", "City": "", "CityCode": "", "Lat": "0", "Lon": "0", "Confirmed": 1061, "Deaths": 32, "Recovered": 52, "Active": 977, "Date": "2020-03-28T00:00:00Z"}, {"Country": "Greece", "CountryCode": "", "Province": "", "City": "", "CityCode": "", "Lat": "0", "Lon": "0", "Confirmed": 1156, "Deaths": 38, "Recovered": 52, "Active": 1066, "Date": "2020-03-29T00:00:00Z"}, {"Country": "Greece", "CountryCode": "", "Province": "", "City": "", "CityCode": "", "Lat": "0", "Lon": "0", "Confirmed": 1212, "Deaths": 43, "Recovered": 52, "Active": 1117, "Date": "2020-03-30T00:00:00Z"}, {"Country": "Greece", "CountryCode": "", "Province": "", "City": "", "CityCode": "", "Lat": "0", "Lon": "0", "Confirmed": 1314, "Deaths": 49, "Recovered": 52, "Active": 1213, "Date": "2020-03-31T00:00:00Z"}, {"Country": "Greece", "CountryCode": "", "Province": "", "City": "", "CityCode": "", "Lat": "0", "Lon": "0", "Confirmed": 1415, "Deaths": 50, "Recovered": 52, "Active": 1313, "Date": "2020-04-01T00:00:00Z"}, {"Country": "Greece", "CountryCode": "", "Province": "", "City": "", "CityCode": "", "Lat": "0", "Lon": "0", "Confirmed": 1544, "Deaths": 53, "Recovered": 61, "Active": 1430, "Date": "2020-04-02T00:00:00Z"}, {"Country": "Greece", "CountryCode": "", "Province": "", "City": "", "CityCode": "", "Lat": "0", "Lon": "0", "Confirmed": 1613, "Deaths": 63, "Recovered": 78, "Active": 1472, "Date": "2020-04-03T00:00:00Z"}, {"Country": "Greece", "CountryCode": "", "Province": "", "City": "", "CityCode": "", "Lat": "0", "Lon": "0", "Confirmed": 1673, "Deaths": 68, "Recovered": 78, "Active": 1527, "Date": "2020-04-04T00:00:00Z"}, {"Country": "Greece", "CountryCode": "", "Province": "", "City": "", "CityCode": "", "Lat": "0", "Lon": "0", "Confirmed": 1735, "Deaths": 73, "Recovered": 78, "Active": 1584, "Date": "2020-04-05T00:00:00Z"}, {"Country": "Greece", "CountryCode": "", "Province": "", "City": "", "CityCode": "", "Lat": "0", "Lon": "0", "Confirmed": 1755, "Deaths": 79, "Recovered": 269, "Active": 1407, "Date": "2020-04-06T00:00:00Z"}, {"Country": "Greece", "CountryCode": "", "Province": "", "City": "", "CityCode": "", "Lat": "0", "Lon": "0", "Confirmed": 1832, "Deaths": 81, "Recovered": 269, "Active": 1482, "Date": "2020-04-07T00:00:00Z"}, {"Country": "Greece", "CountryCode": "", "Province": "", "City": "", "CityCode": "", "Lat": "0", "Lon": "0", "Confirmed": 1884, "Deaths": 83, "Recovered": 269, "Active": 1532, "Date": "2020-04-08T00:00:00Z"}, {"Country": "Greece", "CountryCode": "", "Province": "", "City": "", "CityCode": "", "Lat": "0", "Lon": "0", "Confirmed": 1955, "Deaths": 87, "Recovered": 269, "Active": 1599, "Date": "2020-04-09T00:00:00Z"}, {"Country": "Greece", "CountryCode": "", "Province": "", "City": "", "CityCode": "", "Lat": "0", "Lon": "0", "Confirmed": 2011, "Deaths": 92, "Recovered": 269, "Active": 1650, "Date": "2020-04-10T00:00:00Z"}, {"Country": "Greece", "CountryCode": "", "Province": "", "City": "", "CityCode": "", "Lat": "0", "Lon": "0", "Confirmed": 2081, "Deaths": 93, "Recovered": 269, "Active": 1719, "Date": "2020-04-11T00:00:00Z"}, {"Country": "Greece", "CountryCode": "", "Province": "", "City": "", "CityCode": "", "Lat": "0", "Lon": "0", "Confirmed": 2114, "Deaths": 98, "Recovered": 269, "Active": 1747, "Date": "2020-04-12T00:00:00Z"}, {"Country": "Greece", "CountryCode": "", "Province": "", "City": "", "CityCode": "", "Lat": "0", "Lon": "0", "Confirmed": 2145, "Deaths": 99, "Recovered": 269, "Active": 1777, "Date": "2020-04-13T00:00:00Z"}, {"Country": "Greece", "CountryCode": "", "Province": "", "City": "", "CityCode": "", "Lat": "0", "Lon": "0", "Confirmed": 2170, "Deaths": 101, "Recovered": 269, "Active": 1800, "Date": "2020-04-14T00:00:00Z"}, {"Country": "Greece", "CountryCode": "", "Province": "", "City": "", "CityCode": "", "Lat": "0", "Lon": "0", "Confirmed": 2192, "Deaths": 102, "Recovered": 269, "Active": 1821, "Date": "2020-04-15T00:00:00Z"}, {"Country": "Greece", "CountryCode": "", "Province": "", "City": "", "CityCode": "", "Lat": "0", "Lon": "0", "Confirmed": 2207, "Deaths": 105, "Recovered": 269, "Active": 1833, "Date": "2020-04-16T00:00:00Z"}, {"Country": "Greece", "CountryCode": "", "Province": "", "City": "", "CityCode": "", "Lat": "0", "Lon": "0", "Confirmed": 2224, "Deaths": 108, "Recovered": 269, "Active": 1847, "Date": "2020-04-17T00:00:00Z"}, {"Country": "Greece", "CountryCode": "", "Province": "", "City": "", "CityCode": "", "Lat": "0", "Lon": "0", "Confirmed": 2235, "Deaths": 110, "Recovered": 269, "Active": 1856, "Date": "2020-04-18T00:00:00Z"}, {"Country": "Greece", "CountryCode": "", "Province": "", "City": "", "CityCode": "", "Lat": "0", "Lon": "0", "Confirmed": 2235, "Deaths": 113, "Recovered": 269, "Active": 1853, "Date": "2020-04-19T00:00:00Z"}, {"Country": "Greece", "CountryCode": "", "Province": "", "City": "", "CityCode": "", "Lat": "0", "Lon": "0", "Confirmed": 2245, "Deaths": 116, "Recovered": 269, "Active": 1860, "Date": "2020-04-20T00:00:00Z"}, {"Country": "Greece", "CountryCode": "", "Province": "", "City": "", "CityCode": "", "Lat": "0", "Lon": "0", "Confirmed": 2401, "Deaths": 121, "Recovered": 577, "Active": 1703, "Date": "2020-04-21T00:00:00Z"}, {"Country": "Greece", "CountryCode": "", "Province": "", "City": "", "CityCode": "", "Lat": "0", "Lon": "0", "Confirmed": 2408, "Deaths": 121, "Recovered": 577, "Active": 1710, "Date": "2020-04-22T00:00:00Z"}, {"Country": "Greece", "CountryCode": "", "Province": "", "City": "", "CityCode": "", "Lat": "0", "Lon": "0", "Confirmed": 2463, "Deaths": 125, "Recovered": 577, "Active": 1761, "Date": "2020-04-23T00:00:00Z"}, {"Country": "Greece", "CountryCode": "", "Province": "", "City": "", "CityCode": "", "Lat": "0", "Lon": "0", "Confirmed": 2490, "Deaths": 130, "Recovered": 577, "Active": 1783, "Date": "2020-04-24T00:00:00Z"}, {"Country": "Greece", "CountryCode": "", "Province": "", "City": "", "CityCode": "", "Lat": "0", "Lon": "0", "Confirmed": 2506, "Deaths": 130, "Recovered": 577, "Active": 1799, "Date": "2020-04-25T00:00:00Z"}, {"Country": "Greece", "CountryCode": "", "Province": "", "City": "", "CityCode": "", "Lat": "0", "Lon": "0", "Confirmed": 2517, "Deaths": 134, "Recovered": 577, "Active": 1806, "Date": "2020-04-26T00:00:00Z"}, {"Country": "Greece", "CountryCode": "", "Province": "", "City": "", "CityCode": "", "Lat": "0", "Lon": "0", "Confirmed": 2534, "Deaths": 136, "Recovered": 577, "Active": 1821, "Date": "2020-04-27T00:00:00Z"}, {"Country": "Greece", "CountryCode": "", "Province": "", "City": "", "CityCode": "", "Lat": "0", "Lon": "0", "Confirmed": 2566, "Deaths": 138, "Recovered": 577, "Active": 1851, "Date": "2020-04-28T00:00:00Z"}, {"Country": "Greece", "CountryCode": "", "Province": "", "City": "", "CityCode": "", "Lat": "0", "Lon": "0", "Confirmed": 2576, "Deaths": 139, "Recovered": 577, "Active": 1860, "Date": "2020-04-29T00:00:00Z"}, {"Country": "Greece", "CountryCode": "", "Province": "", "City": "", "CityCode": "", "Lat": "0", "Lon": "0", "Confirmed": 2591, "Deaths": 140, "Recovered": 1374, "Active": 1077, "Date": "2020-04-30T00:00:00Z"}, {"Country": "Greece", "CountryCode": "", "Province": "", "City": "", "CityCode": "", "Lat": "0", "Lon": "0", "Confirmed": 2612, "Deaths": 140, "Recovered": 1374, "Active": 1098, "Date": "2020-05-01T00:00:00Z"}, {"Country": "Greece", "CountryCode": "", "Province": "", "City": "", "CityCode": "", "Lat": "0", "Lon": "0", "Confirmed": 2620, "Deaths": 143, "Recovered": 1374, "Active": 1103, "Date": "2020-05-02T00:00:00Z"}, {"Country": "Greece", "CountryCode": "", "Province": "", "City": "", "CityCode": "", "Lat": "0", "Lon": "0", "Confirmed": 2626, "Deaths": 144, "Recovered": 1374, "Active": 1108, "Date": "2020-05-03T00:00:00Z"}, {"Country": "Greece", "CountryCode": "", "Province": "", "City": "", "CityCode": "", "Lat": "0", "Lon": "0", "Confirmed": 2632, "Deaths": 146, "Recovered": 1374, "Active": 1112, "Date": "2020-05-04T00:00:00Z"}, {"Country": "Greece", "CountryCode": "", "Province": "", "City": "", "CityCode": "", "Lat": "0", "Lon": "0", "Confirmed": 2642, "Deaths": 146, "Recovered": 1374, "Active": 1122, "Date": "2020-05-05T00:00:00Z"}, {"Country": "Greece", "CountryCode": "", "Province": "", "City": "", "CityCode": "", "Lat": "0", "Lon": "0", "Confirmed": 2663, "Deaths": 147, "Recovered": 1374, "Active": 1142, "Date": "2020-05-06T00:00:00Z"}, {"Country": "Greece", "CountryCode": "", "Province": "", "City": "", "CityCode": "", "Lat": "0", "Lon": "0", "Confirmed": 2678, "Deaths": 148, "Recovered": 1374, "Active": 1156, "Date": "2020-05-07T00:00:00Z"}, {"Country": "Greece", "CountryCode": "", "Province": "", "City": "", "CityCode": "", "Lat": "0", "Lon": "0", "Confirmed": 2691, "Deaths": 150, "Recovered": 1374, "Active": 1167, "Date": "2020-05-08T00:00:00Z"}, {"Country": "Greece", "CountryCode": "", "Province": "", "City": "", "CityCode": "", "Lat": "0", "Lon": "0", "Confirmed": 2710, "Deaths": 151, "Recovered": 1374, "Active": 1185, "Date": "2020-05-09T00:00:00Z"}, {"Country": "Greece", "CountryCode": "", "Province": "", "City": "", "CityCode": "", "Lat": "0", "Lon": "0", "Confirmed": 2716, "Deaths": 151, "Recovered": 1374, "Active": 1191, "Date": "2020-05-10T00:00:00Z"}, {"Country": "Greece", "CountryCode": "", "Province": "", "City": "", "CityCode": "", "Lat": "0", "Lon": "0", "Confirmed": 2726, "Deaths": 151, "Recovered": 1374, "Active": 1201, "Date": "2020-05-11T00:00:00Z"}, {"Country": "Greece", "CountryCode": "", "Province": "", "City": "", "CityCode": "", "Lat": "0", "Lon": "0", "Confirmed": 2744, "Deaths": 152, "Recovered": 1374, "Active": 1218, "Date": "2020-05-12T00:00:00Z"}, {"Country": "Greece", "CountryCode": "", "Province": "", "City": "", "CityCode": "", "Lat": "0", "Lon": "0", "Confirmed": 2760, "Deaths": 155, "Recovered": 1374, "Active": 1231, "Date": "2020-05-13T00:00:00Z"}, {"Country": "Greece", "CountryCode": "", "Province": "", "City": "", "CityCode": "", "Lat": "0", "Lon": "0", "Confirmed": 2770, "Deaths": 156, "Recovered": 1374, "Active": 1240, "Date": "2020-05-14T00:00:00Z"}, {"Country": "Greece", "CountryCode": "", "Province": "", "City": "", "CityCode": "", "Lat": "0", "Lon": "0", "Confirmed": 2810, "Deaths": 160, "Recovered": 1374, "Active": 1276, "Date": "2020-05-15T00:00:00Z"}, {"Country": "Greece", "CountryCode": "", "Province": "", "City": "", "CityCode": "", "Lat": "0", "Lon": "0", "Confirmed": 2819, "Deaths": 162, "Recovered": 1374, "Active": 1283, "Date": "2020-05-16T00:00:00Z"}, {"Country": "Greece", "CountryCode": "", "Province": "", "City": "", "CityCode": "", "Lat": "0", "Lon": "0", "Confirmed": 2834, "Deaths": 163, "Recovered": 1374, "Active": 1297, "Date": "2020-05-17T00:00:00Z"}, {"Country": "Greece", "CountryCode": "", "Province": "", "City": "", "CityCode": "", "Lat": "0", "Lon": "0", "Confirmed": 2836, "Deaths": 165, "Recovered": 1374, "Active": 1297, "Date": "2020-05-18T00:00:00Z"}, {"Country": "Greece", "CountryCode": "", "Province": "", "City": "", "CityCode": "", "Lat": "0", "Lon": "0", "Confirmed": 2840, "Deaths": 165, "Recovered": 1374, "Active": 1301, "Date": "2020-05-19T00:00:00Z"}, {"Country": "Greece", "CountryCode": "", "Province": "", "City": "", "CityCode": "", "Lat": "0", "Lon": "0", "Confirmed": 2850, "Deaths": 166, "Recovered": 1374, "Active": 1310, "Date": "2020-05-20T00:00:00Z"}, {"Country": "Greece", "CountryCode": "", "Province": "", "City": "", "CityCode": "", "Lat": "0", "Lon": "0", "Confirmed": 2853, "Deaths": 168, "Recovered": 1374, "Active": 1311, "Date": "2020-05-21T00:00:00Z"}, {"Country": "Greece", "CountryCode": "", "Province": "", "City": "", "CityCode": "", "Lat": "0", "Lon": "0", "Confirmed": 2874, "Deaths": 169, "Recovered": 1374, "Active": 1331, "Date": "2020-05-22T00:00:00Z"}, {"Country": "Greece", "CountryCode": "", "Province": "", "City": "", "CityCode": "", "Lat": "0", "Lon": "0", "Confirmed": 2876, "Deaths": 171, "Recovered": 1374, "Active": 1331, "Date": "2020-05-23T00:00:00Z"}, {"Country": "Greece", "CountryCode": "", "Province": "", "City": "", "CityCode": "", "Lat": "0", "Lon": "0", "Confirmed": 2878, "Deaths": 171, "Recovered": 1374, "Active": 1333, "Date": "2020-05-24T00:00:00Z"}, {"Country": "Greece", "CountryCode": "", "Province": "", "City": "", "CityCode": "", "Lat": "0", "Lon": "0", "Confirmed": 2882, "Deaths": 172, "Recovered": 1374, "Active": 1336, "Date": "2020-05-25T00:00:00Z"}, {"Country": "Greece", "CountryCode": "", "Province": "", "City": "", "CityCode": "", "Lat": "0", "Lon": "0", "Confirmed": 2892, "Deaths": 173, "Recovered": 1374, "Active": 1345, "Date": "2020-05-26T00:00:00Z"}, {"Country": "Greece", "CountryCode": "", "Province": "", "City": "", "CityCode": "", "Lat": "0", "Lon": "0", "Confirmed": 2903, "Deaths": 173, "Recovered": 1374, "Active": 1356, "Date": "2020-05-27T00:00:00Z"}, {"Country": "Greece", "CountryCode": "", "Province": "", "City": "", "CityCode": "", "Lat": "0", "Lon": "0", "Confirmed": 2906, "Deaths": 175, "Recovered": 1374, "Active": 1357, "Date": "2020-05-28T00:00:00Z"}, {"Country": "Greece", "CountryCode": "", "Province": "", "City": "", "CityCode": "", "Lat": "0", "Lon": "0", "Confirmed": 2909, "Deaths": 175, "Recovered": 1374, "Active": 1360, "Date": "2020-05-29T00:00:00Z"}, {"Country": "Greece", "CountryCode": "", "Province": "", "City": "", "CityCode": "", "Lat": "0", "Lon": "0", "Confirmed": 2915, "Deaths": 175, "Recovered": 1374, "Active": 1366, "Date": "2020-05-30T00:00:00Z"}, {"Country": "Greece", "CountryCode": "", "Province": "", "City": "", "CityCode": "", "Lat": "0", "Lon": "0", "Confirmed": 2917, "Deaths": 175, "Recovered": 1374, "Active": 1368, "Date": "2020-05-31T00:00:00Z"}, {"Country": "Greece", "CountryCode": "", "Province": "", "City": "", "CityCode": "", "Lat": "0", "Lon": "0", "Confirmed": 2918, "Deaths": 179, "Recovered": 1374, "Active": 1365, "Date": "2020-06-01T00:00:00Z"}, {"Country": "Greece", "CountryCode": "", "Province": "", "City": "", "CityCode": "", "Lat": "0", "Lon": "0", "Confirmed": 2937, "Deaths": 179, "Recovered": 1374, "Active": 1384, "Date": "2020-06-02T00:00:00Z"}, {"Country": "Greece", "CountryCode": "", "Province": "", "City": "", "CityCode": "", "Lat": "0", "Lon": "0", "Confirmed": 2937, "Deaths": 179, "Recovered": 1374, "Active": 1384, "Date": "2020-06-03T00:00:00Z"}, {"Country": "Greece", "CountryCode": "", "Province": "", "City": "", "CityCode": "", "Lat": "0", "Lon": "0", "Confirmed": 2952, "Deaths": 180, "Recovered": 1374, "Active": 1398, "Date": "2020-06-04T00:00:00Z"}, {"Country": "Greece", "CountryCode": "", "Province": "", "City": "", "CityCode": "", "Lat": "0", "Lon": "0", "Confirmed": 2967, "Deaths": 180, "Recovered": 1374, "Active": 1413, "Date": "2020-06-05T00:00:00Z"}, {"Country": "Greece", "CountryCode": "", "Province": "", "City": "", "CityCode": "", "Lat": "0", "Lon": "0", "Confirmed": 2980, "Deaths": 180, "Recovered": 1374, "Active": 1426, "Date": "2020-06-06T00:00:00Z"}, {"Country": "Greece", "CountryCode": "", "Province": "", "City": "", "CityCode": "", "Lat": "0", "Lon": "0", "Confirmed": 2997, "Deaths": 180, "Recovered": 1374, "Active": 1443, "Date": "2020-06-07T00:00:00Z"}, {"Country": "Greece", "CountryCode": "", "Province": "", "City": "", "CityCode": "", "Lat": "0", "Lon": "0", "Confirmed": 3049, "Deaths": 182, "Recovered": 1374, "Active": 1493, "Date": "2020-06-08T00:00:00Z"}, {"Country": "Greece", "CountryCode": "", "Province": "", "City": "", "CityCode": "", "Lat": "0", "Lon": "0", "Confirmed": 3058, "Deaths": 183, "Recovered": 1374, "Active": 1501, "Date": "2020-06-09T00:00:00Z"}, {"Country": "Greece", "CountryCode": "", "Province": "", "City": "", "CityCode": "", "Lat": "0", "Lon": "0", "Confirmed": 3068, "Deaths": 183, "Recovered": 1374, "Active": 1511, "Date": "2020-06-10T00:00:00Z"}, {"Country": "Greece", "CountryCode": "", "Province": "", "City": "", "CityCode": "", "Lat": "0", "Lon": "0", "Confirmed": 3088, "Deaths": 183, "Recovered": 1374, "Active": 1531, "Date": "2020-06-11T00:00:00Z"}, {"Country": "Greece", "CountryCode": "", "Province": "", "City": "", "CityCode": "", "Lat": "0", "Lon": "0", "Confirmed": 3108, "Deaths": 183, "Recovered": 1374, "Active": 1551, "Date": "2020-06-12T00:00:00Z"}, {"Country": "Greece", "CountryCode": "", "Province": "", "City": "", "CityCode": "", "Lat": "0", "Lon": "0", "Confirmed": 3112, "Deaths": 183, "Recovered": 1374, "Active": 1555, "Date": "2020-06-13T00:00:00Z"}, {"Country": "Greece", "CountryCode": "", "Province": "", "City": "", "CityCode": "", "Lat": "0", "Lon": "0", "Confirmed": 3121, "Deaths": 183, "Recovered": 1374, "Active": 1564, "Date": "2020-06-14T00:00:00Z"}, {"Country": "Greece", "CountryCode": "", "Province": "", "City": "", "CityCode": "", "Lat": "0", "Lon": "0", "Confirmed": 3134, "Deaths": 184, "Recovered": 1374, "Active": 1576, "Date": "2020-06-15T00:00:00Z"}, {"Country": "Greece", "CountryCode": "", "Province": "", "City": "", "CityCode": "", "Lat": "0", "Lon": "0", "Confirmed": 3148, "Deaths": 185, "Recovered": 1374, "Active": 1589, "Date": "2020-06-16T00:00:00Z"}, {"Country": "Greece", "CountryCode": "", "Province": "", "City": "", "CityCode": "", "Lat": "0", "Lon": "0", "Confirmed": 3203, "Deaths": 187, "Recovered": 1374, "Active": 1642, "Date": "2020-06-17T00:00:00Z"}, {"Country": "Greece", "CountryCode": "", "Province": "", "City": "", "CityCode": "", "Lat": "0", "Lon": "0", "Confirmed": 3227, "Deaths": 188, "Recovered": 1374, "Active": 1665, "Date": "2020-06-18T00:00:00Z"}, {"Country": "Greece", "CountryCode": "", "Province": "", "City": "", "CityCode": "", "Lat": "0", "Lon": "0", "Confirmed": 3237, "Deaths": 189, "Recovered": 1374, "Active": 1674, "Date": "2020-06-19T00:00:00Z"}, {"Country": "Greece", "CountryCode": "", "Province": "", "City": "", "CityCode": "", "Lat": "0", "Lon": "0", "Confirmed": 3256, "Deaths": 190, "Recovered": 1374, "Active": 1692, "Date": "2020-06-20T00:00:00Z"}, {"Country": "Greece", "CountryCode": "", "Province": "", "City": "", "CityCode": "", "Lat": "0", "Lon": "0", "Confirmed": 3266, "Deaths": 190, "Recovered": 1374, "Active": 1702, "Date": "2020-06-21T00:00:00Z"}, {"Country": "Greece", "CountryCode": "", "Province": "", "City": "", "CityCode": "", "Lat": "0", "Lon": "0", "Confirmed": 3287, "Deaths": 190, "Recovered": 1374, "Active": 1723, "Date": "2020-06-22T00:00:00Z"}, {"Country": "Greece", "CountryCode": "", "Province": "", "City": "", "CityCode": "", "Lat": "0", "Lon": "0", "Confirmed": 3302, "Deaths": 190, "Recovered": 1374, "Active": 1738, "Date": "2020-06-23T00:00:00Z"}, {"Country": "Greece", "CountryCode": "", "Province": "", "City": "", "CityCode": "", "Lat": "0", "Lon": "0", "Confirmed": 3310, "Deaths": 190, "Recovered": 1374, "Active": 1746, "Date": "2020-06-24T00:00:00Z"}, {"Country": "Greece", "CountryCode": "", "Province": "", "City": "", "CityCode": "", "Lat": "0", "Lon": "0", "Confirmed": 3321, "Deaths": 191, "Recovered": 1374, "Active": 1756, "Date": "2020-06-25T00:00:00Z"}, {"Country": "Greece", "CountryCode": "", "Province": "", "City": "", "CityCode": "", "Lat": "0", "Lon": "0", "Confirmed": 3343, "Deaths": 191, "Recovered": 1374, "Active": 1778, "Date": "2020-06-26T00:00:00Z"}, {"Country": "Greece", "CountryCode": "", "Province": "", "City": "", "CityCode": "", "Lat": "0", "Lon": "0", "Confirmed": 3366, "Deaths": 191, "Recovered": 1374, "Active": 1801, "Date": "2020-06-27T00:00:00Z"}, {"Country": "Greece", "CountryCode": "", "Province": "", "City": "", "CityCode": "", "Lat": "0", "Lon": "0", "Confirmed": 3376, "Deaths": 191, "Recovered": 1374, "Active": 1811, "Date": "2020-06-28T00:00:00Z"}, {"Country": "Greece", "CountryCode": "", "Province": "", "City": "", "CityCode": "", "Lat": "0", "Lon": "0", "Confirmed": 3390, "Deaths": 191, "Recovered": 1374, "Active": 1825, "Date": "2020-06-29T00:00:00Z"}, {"Country": "Greece", "CountryCode": "", "Province": "", "City": "", "CityCode": "", "Lat": "0", "Lon": "0", "Confirmed": 3409, "Deaths": 192, "Recovered": 1374, "Active": 1843, "Date": "2020-06-30T00:00:00Z"}, {"Country": "Greece", "CountryCode": "", "Province": "", "City": "", "CityCode": "", "Lat": "0", "Lon": "0", "Confirmed": 3432, "Deaths": 192, "Recovered": 1374, "Active": 1866, "Date": "2020-07-01T00:00:00Z"}, {"Country": "Greece", "CountryCode": "", "Province": "", "City": "", "CityCode": "", "Lat": "0", "Lon": "0", "Confirmed": 3458, "Deaths": 192, "Recovered": 1374, "Active": 1892, "Date": "2020-07-02T00:00:00Z"}, {"Country": "Greece", "CountryCode": "", "Province": "", "City": "", "CityCode": "", "Lat": "0", "Lon": "0", "Confirmed": 3486, "Deaths": 192, "Recovered": 1374, "Active": 1920, "Date": "2020-07-03T00:00:00Z"}, {"Country": "Greece", "CountryCode": "", "Province": "", "City": "", "CityCode": "", "Lat": "0", "Lon": "0", "Confirmed": 3511, "Deaths": 192, "Recovered": 1374, "Active": 1945, "Date": "2020-07-04T00:00:00Z"}, {"Country": "Greece", "CountryCode": "", "Province": "", "City": "", "CityCode": "", "Lat": "0", "Lon": "0", "Confirmed": 3519, "Deaths": 192, "Recovered": 1374, "Active": 1953, "Date": "2020-07-05T00:00:00Z"}, {"Country": "Greece", "CountryCode": "", "Province": "", "City": "", "CityCode": "", "Lat": "0", "Lon": "0", "Confirmed": 3562, "Deaths": 192, "Recovered": 1374, "Active": 1996, "Date": "2020-07-06T00:00:00Z"}, {"Country": "Greece", "CountryCode": "", "Province": "", "City": "", "CityCode": "", "Lat": "0", "Lon": "0", "Confirmed": 3589, "Deaths": 193, "Recovered": 1374, "Active": 2022, "Date": "2020-07-07T00:00:00Z"}, {"Country": "Greece", "CountryCode": "", "Province": "", "City": "", "CityCode": "", "Lat": "0", "Lon": "0", "Confirmed": 3622, "Deaths": 193, "Recovered": 1374, "Active": 2055, "Date": "2020-07-08T00:00:00Z"}, {"Country": "Greece", "CountryCode": "", "Province": "", "City": "", "CityCode": "", "Lat": "0", "Lon": "0", "Confirmed": 3672, "Deaths": 193, "Recovered": 1374, "Active": 2105, "Date": "2020-07-09T00:00:00Z"}, {"Country": "Greece", "CountryCode": "", "Province": "", "City": "", "CityCode": "", "Lat": "0", "Lon": "0", "Confirmed": 3732, "Deaths": 193, "Recovered": 1374, "Active": 2165, "Date": "2020-07-10T00:00:00Z"}, {"Country": "Greece", "CountryCode": "", "Province": "", "City": "", "CityCode": "", "Lat": "0", "Lon": "0", "Confirmed": 3772, "Deaths": 193, "Recovered": 1374, "Active": 2205, "Date": "2020-07-11T00:00:00Z"}, {"Country": "Greece", "CountryCode": "", "Province": "", "City": "", "CityCode": "", "Lat": "0", "Lon": "0", "Confirmed": 3803, "Deaths": 193, "Recovered": 1374, "Active": 2236, "Date": "2020-07-12T00:00:00Z"}, {"Country": "Greece", "CountryCode": "", "Province": "", "City": "", "CityCode": "", "Lat": "0", "Lon": "0", "Confirmed": 3826, "Deaths": 193, "Recovered": 1374, "Active": 2259, "Date": "2020-07-13T00:00:00Z"}, {"Country": "Greece", "CountryCode": "", "Province": "", "City": "", "CityCode": "", "Lat": "0", "Lon": "0", "Confirmed": 3883, "Deaths": 193, "Recovered": 1374, "Active": 2316, "Date": "2020-07-14T00:00:00Z"}, {"Country": "Greece", "CountryCode": "", "Province": "", "City": "", "CityCode": "", "Lat": "0", "Lon": "0", "Confirmed": 3910, "Deaths": 193, "Recovered": 1374, "Active": 2343, "Date": "2020-07-15T00:00:00Z"}, {"Country": "Greece", "CountryCode": "", "Province": "", "City": "", "CityCode": "", "Lat": "0", "Lon": "0", "Confirmed": 3939, "Deaths": 193, "Recovered": 1374, "Active": 2372, "Date": "2020-07-16T00:00:00Z"}, {"Country": "Greece", "CountryCode": "", "Province": "", "City": "", "CityCode": "", "Lat": "0", "Lon": "0", "Confirmed": 3964, "Deaths": 194, "Recovered": 1374, "Active": 2396, "Date": "2020-07-17T00:00:00Z"}, {"Country": "Greece", "CountryCode": "", "Province": "", "City": "", "CityCode": "", "Lat": "0", "Lon": "0", "Confirmed": 3983, "Deaths": 194, "Recovered": 1374, "Active": 2415, "Date": "2020-07-18T00:00:00Z"}, {"Country": "Greece", "CountryCode": "", "Province": "", "City": "", "CityCode": "", "Lat": "0", "Lon": "0", "Confirmed": 4007, "Deaths": 194, "Recovered": 1374, "Active": 2439, "Date": "2020-07-19T00:00:00Z"}, {"Country": "Greece", "CountryCode": "", "Province": "", "City": "", "CityCode": "", "Lat": "0", "Lon": "0", "Confirmed": 4012, "Deaths": 195, "Recovered": 1374, "Active": 2443, "Date": "2020-07-20T00:00:00Z"}, {"Country": "Greece", "CountryCode": "", "Province": "", "City": "", "CityCode": "", "Lat": "0", "Lon": "0", "Confirmed": 4048, "Deaths": 197, "Recovered": 1374, "Active": 2477, "Date": "2020-07-21T00:00:00Z"}, {"Country": "Greece", "CountryCode": "", "Province": "", "City": "", "CityCode": "", "Lat": "0", "Lon": "0", "Confirmed": 4077, "Deaths": 200, "Recovered": 1374, "Active": 2503, "Date": "2020-07-22T00:00:00Z"}, {"Country": "Greece", "CountryCode": "", "Province": "", "City": "", "CityCode": "", "Lat": "0", "Lon": "0", "Confirmed": 4110, "Deaths": 201, "Recovered": 1374, "Active": 2535, "Date": "2020-07-23T00:00:00Z"}, {"Country": "Greece", "CountryCode": "", "Province": "", "City": "", "CityCode": "", "Lat": "0", "Lon": "0", "Confirmed": 4135, "Deaths": 201, "Recovered": 1374, "Active": 2560, "Date": "2020-07-24T00:00:00Z"}, {"Country": "Greece", "CountryCode": "", "Province": "", "City": "", "CityCode": "", "Lat": "0", "Lon": "0", "Confirmed": 4166, "Deaths": 201, "Recovered": 1374, "Active": 2591, "Date": "2020-07-25T00:00:00Z"}, {"Country": "Greece", "CountryCode": "", "Province": "", "City": "", "CityCode": "", "Lat": "0", "Lon": "0", "Confirmed": 4193, "Deaths": 202, "Recovered": 1374, "Active": 2617, "Date": "2020-07-26T00:00:00Z"}, {"Country": "Greece", "CountryCode": "", "Province": "", "City": "", "CityCode": "", "Lat": "0", "Lon": "0", "Confirmed": 4227, "Deaths": 202, "Recovered": 1374, "Active": 2651, "Date": "2020-07-27T00:00:00Z"}, {"Country": "Greece", "CountryCode": "", "Province": "", "City": "", "CityCode": "", "Lat": "0", "Lon": "0", "Confirmed": 4279, "Deaths": 203, "Recovered": 1374, "Active": 2702, "Date": "2020-07-28T00:00:00Z"}, {"Country": "Greece", "CountryCode": "", "Province": "", "City": "", "CityCode": "", "Lat": "0", "Lon": "0", "Confirmed": 4336, "Deaths": 203, "Recovered": 1374, "Active": 2759, "Date": "2020-07-29T00:00:00Z"}, {"Country": "Greece", "CountryCode": "", "Province": "", "City": "", "CityCode": "", "Lat": "0", "Lon": "0", "Confirmed": 4401, "Deaths": 203, "Recovered": 1374, "Active": 2824, "Date": "2020-07-30T00:00:00Z"}, {"Country": "Greece", "CountryCode": "", "Province": "", "City": "", "CityCode": "", "Lat": "0", "Lon": "0", "Confirmed": 4477, "Deaths": 206, "Recovered": 1374, "Active": 2897, "Date": "2020-07-31T00:00:00Z"}, {"Country": "Greece", "CountryCode": "", "Province": "", "City": "", "CityCode": "", "Lat": "0", "Lon": "0", "Confirmed": 4587, "Deaths": 206, "Recovered": 1374, "Active": 3007, "Date": "2020-08-01T00:00:00Z"}, {"Country": "Greece", "CountryCode": "", "Province": "", "City": "", "CityCode": "", "Lat": "0", "Lon": "0", "Confirmed": 4662, "Deaths": 208, "Recovered": 1374, "Active": 3080, "Date": "2020-08-02T00:00:00Z"}, {"Country": "Greece", "CountryCode": "", "Province": "", "City": "", "CityCode": "", "Lat": "0", "Lon": "0", "Confirmed": 4737, "Deaths": 209, "Recovered": 1374, "Active": 3154, "Date": "2020-08-03T00:00:00Z"}, {"Country": "Greece", "CountryCode": "", "Province": "", "City": "", "CityCode": "", "Lat": "0", "Lon": "0", "Confirmed": 4855, "Deaths": 209, "Recovered": 3804, "Active": 842, "Date": "2020-08-04T00:00:00Z"}, {"Country": "Greece", "CountryCode": "", "Province": "", "City": "", "CityCode": "", "Lat": "0", "Lon": "0", "Confirmed": 4974, "Deaths": 210, "Recovered": 3804, "Active": 960, "Date": "2020-08-05T00:00:00Z"}, {"Country": "Greece", "CountryCode": "", "Province": "", "City": "", "CityCode": "", "Lat": "0", "Lon": "0", "Confirmed": 5123, "Deaths": 210, "Recovered": 3804, "Active": 1109, "Date": "2020-08-06T00:00:00Z"}, {"Country": "Greece", "CountryCode": "", "Province": "", "City": "", "CityCode": "", "Lat": "0", "Lon": "0", "Confirmed": 5270, "Deaths": 210, "Recovered": 3804, "Active": 1256, "Date": "2020-08-07T00:00:00Z"}, {"Country": "Greece", "CountryCode": "", "Province": "", "City": "", "CityCode": "", "Lat": "0", "Lon": "0", "Confirmed": 5421, "Deaths": 211, "Recovered": 3804, "Active": 1406, "Date": "2020-08-08T00:00:00Z"}, {"Country": "Greece", "CountryCode": "", "Province": "", "City": "", "CityCode": "", "Lat": "0", "Lon": "0", "Confirmed": 5623, "Deaths": 212, "Recovered": 3804, "Active": 1607, "Date": "2020-08-09T00:00:00Z"}, {"Country": "Greece", "CountryCode": "", "Province": "", "City": "", "CityCode": "", "Lat": "0", "Lon": "0", "Confirmed": 5749, "Deaths": 213, "Recovered": 3804, "Active": 1732, "Date": "2020-08-10T00:00:00Z"}, {"Country": "Greece", "CountryCode": "", "Province": "", "City": "", "CityCode": "", "Lat": "0", "Lon": "0", "Confirmed": 5942, "Deaths": 214, "Recovered": 3804, "Active": 1924, "Date": "2020-08-11T00:00:00Z"}, {"Country": "Greece", "CountryCode": "", "Province": "", "City": "", "CityCode": "", "Lat": "0", "Lon": "0", "Confirmed": 6177, "Deaths": 216, "Recovered": 3804, "Active": 2157, "Date": "2020-08-12T00:00:00Z"}, {"Country": "Greece", "CountryCode": "", "Province": "", "City": "", "CityCode": "", "Lat": "0", "Lon": "0", "Confirmed": 6381, "Deaths": 221, "Recovered": 3804, "Active": 2356, "Date": "2020-08-13T00:00:00Z"}, {"Country": "Greece", "CountryCode": "", "Province": "", "City": "", "CityCode": "", "Lat": "0", "Lon": "0", "Confirmed": 6632, "Deaths": 223, "Recovered": 3804, "Active": 2605, "Date": "2020-08-14T00:00:00Z"}, {"Country": "Greece", "CountryCode": "", "Province": "", "City": "", "CityCode": "", "Lat": "0", "Lon": "0", "Confirmed": 6858, "Deaths": 226, "Recovered": 3804, "Active": 2828, "Date": "2020-08-15T00:00:00Z"}, {"Country": "Greece", "CountryCode": "", "Province": "", "City": "", "CityCode": "", "Lat": "0", "Lon": "0", "Confirmed": 7075, "Deaths": 228, "Recovered": 3804, "Active": 3043, "Date": "2020-08-16T00:00:00Z"}, {"Country": "Greece", "CountryCode": "", "Province": "", "City": "", "CityCode": "", "Lat": "0", "Lon": "0", "Confirmed": 7222, "Deaths": 230, "Recovered": 3804, "Active": 3188, "Date": "2020-08-17T00:00:00Z"}, {"Country": "Greece", "CountryCode": "", "Province": "", "City": "", "CityCode": "", "Lat": "0", "Lon": "0", "Confirmed": 7472, "Deaths": 232, "Recovered": 3804, "Active": 3436, "Date": "2020-08-18T00:00:00Z"}, {"Country": "Greece", "CountryCode": "", "Province": "", "City": "", "CityCode": "", "Lat": "0", "Lon": "0", "Confirmed": 7684, "Deaths": 235, "Recovered": 3804, "Active": 3645, "Date": "2020-08-19T00:00:00Z"}, {"Country": "Greece", "CountryCode": "", "Province": "", "City": "", "CityCode": "", "Lat": "0", "Lon": "0", "Confirmed": 7934, "Deaths": 235, "Recovered": 3804, "Active": 3895, "Date": "2020-08-20T00:00:00Z"}, {"Country": "Greece", "CountryCode": "", "Province": "", "City": "", "CityCode": "", "Lat": "0", "Lon": "0", "Confirmed": 8138, "Deaths": 238, "Recovered": 3804, "Active": 4096, "Date": "2020-08-21T00:00:00Z"}, {"Country": "Greece", "CountryCode": "", "Province": "", "City": "", "CityCode": "", "Lat": "0", "Lon": "0", "Confirmed": 8381, "Deaths": 240, "Recovered": 3804, "Active": 4337, "Date": "2020-08-22T00:00:00Z"}, {"Country": "Greece", "CountryCode": "", "Province": "", "City": "", "CityCode": "", "Lat": "0", "Lon": "0", "Confirmed": 8664, "Deaths": 242, "Recovered": 3804, "Active": 4618, "Date": "2020-08-23T00:00:00Z"}, {"Country": "Greece", "CountryCode": "", "Province": "", "City": "", "CityCode": "", "Lat": "0", "Lon": "0", "Confirmed": 8819, "Deaths": 242, "Recovered": 3804, "Active": 4773, "Date": "2020-08-24T00:00:00Z"}, {"Country": "Greece", "CountryCode": "", "Province": "", "City": "", "CityCode": "", "Lat": "0", "Lon": "0", "Confirmed": 8987, "Deaths": 243, "Recovered": 3804, "Active": 4940, "Date": "2020-08-25T00:00:00Z"}, {"Country": "Greece", "CountryCode": "", "Province": "", "City": "", "CityCode": "", "Lat": "0", "Lon": "0", "Confirmed": 9280, "Deaths": 248, "Recovered": 3804, "Active": 5228, "Date": "2020-08-26T00:00:00Z"}, {"Country": "Greece", "CountryCode": "", "Province": "", "City": "", "CityCode": "", "Lat": "0", "Lon": "0", "Confirmed": 9531, "Deaths": 254, "Recovered": 3804, "Active": 5473, "Date": "2020-08-27T00:00:00Z"}, {"Country": "Greece", "CountryCode": "", "Province": "", "City": "", "CityCode": "", "Lat": "0", "Lon": "0", "Confirmed": 9800, "Deaths": 259, "Recovered": 3804, "Active": 5737, "Date": "2020-08-28T00:00:00Z"}, {"Country": "Greece", "CountryCode": "", "Province": "", "City": "", "CityCode": "", "Lat": "0", "Lon": "0", "Confirmed": 9977, "Deaths": 260, "Recovered": 3804, "Active": 5913, "Date": "2020-08-29T00:00:00Z"}, {"Country": "Greece", "CountryCode": "", "Province": "", "City": "", "CityCode": "", "Lat": "0", "Lon": "0", "Confirmed": 10134, "Deaths": 262, "Recovered": 3804, "Active": 6068, "Date": "2020-08-30T00:00:00Z"}, {"Country": "Greece", "CountryCode": "", "Province": "", "City": "", "CityCode": "", "Lat": "0", "Lon": "0", "Confirmed": 10317, "Deaths": 266, "Recovered": 3804, "Active": 6247, "Date": "2020-08-31T00:00:00Z"}, {"Country": "Greece", "CountryCode": "", "Province": "", "City": "", "CityCode": "", "Lat": "0", "Lon": "0", "Confirmed": 10524, "Deaths": 271, "Recovered": 6486, "Active": 3767, "Date": "2020-09-01T00:00:00Z"}, {"Country": "Greece", "CountryCode": "", "Province": "", "City": "", "CityCode": "", "Lat": "0", "Lon": "0", "Confirmed": 10757, "Deaths": 273, "Recovered": 6486, "Active": 3998, "Date": "2020-09-02T00:00:00Z"}, {"Country": "Greece", "CountryCode": "", "Province": "", "City": "", "CityCode": "", "Lat": "0", "Lon": "0", "Confirmed": 10998, "Deaths": 278, "Recovered": 6486, "Active": 4234, "Date": "2020-09-03T00:00:00Z"}, {"Country": "Greece", "CountryCode": "", "Province": "", "City": "", "CityCode": "", "Lat": "0", "Lon": "0", "Confirmed": 11200, "Deaths": 279, "Recovered": 6486, "Active": 4435, "Date": "2020-09-04T00:00:00Z"}, {"Country": "Greece", "CountryCode": "", "Province": "", "City": "", "CityCode": "", "Lat": "0", "Lon": "0", "Confirmed": 11386, "Deaths": 280, "Recovered": 6486, "Active": 4620, "Date": "2020-09-05T00:00:00Z"}, {"Country": "Greece", "CountryCode": "", "Province": "", "City": "", "CityCode": "", "Lat": "0", "Lon": "0", "Confirmed": 11524, "Deaths": 284, "Recovered": 6486, "Active": 4754, "Date": "2020-09-06T00:00:00Z"}, {"Country": "Greece", "CountryCode": "", "Province": "", "City": "", "CityCode": "", "Lat": "0", "Lon": "0", "Confirmed": 11663, "Deaths": 289, "Recovered": 6486, "Active": 4888, "Date": "2020-09-07T00:00:00Z"}, {"Country": "Greece", "CountryCode": "", "Province": "", "City": "", "CityCode": "", "Lat": "0", "Lon": "0", "Confirmed": 11832, "Deaths": 290, "Recovered": 7262, "Active": 4280, "Date": "2020-09-08T00:00:00Z"}, {"Country": "Greece", "CountryCode": "", "Province": "", "City": "", "CityCode": "", "Lat": "0", "Lon": "0", "Confirmed": 12080, "Deaths": 293, "Recovered": 7262, "Active": 4525, "Date": "2020-09-09T00:00:00Z"}, {"Country": "Greece", "CountryCode": "", "Province": "", "City": "", "CityCode": "", "Lat": "0", "Lon": "0", "Confirmed": 12452, "Deaths": 297, "Recovered": 7262, "Active": 4893, "Date": "2020-09-10T00:00:00Z"}, {"Country": "Greece", "CountryCode": "", "Province": "", "City": "", "CityCode": "", "Lat": "0", "Lon": "0", "Confirmed": 12734, "Deaths": 300, "Recovered": 7262, "Active": 5172, "Date": "2020-09-11T00:00:00Z"}, {"Country": "Greece", "CountryCode": "", "Province": "", "City": "", "CityCode": "", "Lat": "0", "Lon": "0", "Confirmed": 13036, "Deaths": 302, "Recovered": 7262, "Active": 5472, "Date": "2020-09-12T00:00:00Z"}, {"Country": "Greece", "CountryCode": "", "Province": "", "City": "", "CityCode": "", "Lat": "0", "Lon": "0", "Confirmed": 13240, "Deaths": 305, "Recovered": 7262, "Active": 5673, "Date": "2020-09-13T00:00:00Z"}, {"Country": "Greece", "CountryCode": "", "Province": "", "City": "", "CityCode": "", "Lat": "0", "Lon": "0", "Confirmed": 13420, "Deaths": 310, "Recovered": 7262, "Active": 5848, "Date": "2020-09-14T00:00:00Z"}, {"Country": "Greece", "CountryCode": "", "Province": "", "City": "", "CityCode": "", "Lat": "0", "Lon": "0", "Confirmed": 13730, "Deaths": 313, "Recovered": 8846, "Active": 4571, "Date": "2020-09-15T00:00:00Z"}, {"Country": "Greece", "CountryCode": "", "Province": "", "City": "", "CityCode": "", "Lat": "0", "Lon": "0", "Confirmed": 14041, "Deaths": 316, "Recovered": 8846, "Active": 4879, "Date": "2020-09-16T00:00:00Z"}, {"Country": "Greece", "CountryCode": "", "Province": "", "City": "", "CityCode": "", "Lat": "0", "Lon": "0", "Confirmed": 14400, "Deaths": 325, "Recovered": 8846, "Active": 5229, "Date": "2020-09-17T00:00:00Z"}, {"Country": "Greece", "CountryCode": "", "Province": "", "City": "", "CityCode": "", "Lat": "0", "Lon": "0", "Confirmed": 14738, "Deaths": 327, "Recovered": 8846, "Active": 5565, "Date": "2020-09-18T00:00:00Z"}, {"Country": "Greece", "CountryCode": "", "Province": "", "City": "", "CityCode": "", "Lat": "0", "Lon": "0", "Confirmed": 14978, "Deaths": 331, "Recovered": 8846, "Active": 5801, "Date": "2020-09-19T00:00:00Z"}, {"Country": "Greece", "CountryCode": "", "Province": "", "City": "", "CityCode": "", "Lat": "0", "Lon": "0", "Confirmed": 15142, "Deaths": 338, "Recovered": 8846, "Active": 5958, "Date": "2020-09-20T00:00:00Z"}, {"Country": "Greece", "CountryCode": "", "Province": "", "City": "", "CityCode": "", "Lat": "0", "Lon": "0", "Confirmed": 15595, "Deaths": 344, "Recovered": 8846, "Active": 6405, "Date": "2020-09-21T00:00:00Z"}, {"Country": "Greece", "CountryCode": "", "Province": "", "City": "", "CityCode": "", "Lat": "0", "Lon": "0", "Confirmed": 15928, "Deaths": 352, "Recovered": 10441, "Active": 5135, "Date": "2020-09-22T00:00:00Z"}, {"Country": "Greece", "CountryCode": "", "Province": "", "City": "", "CityCode": "", "Lat": "0", "Lon": "0", "Confirmed": 16286, "Deaths": 357, "Recovered": 10441, "Active": 5488, "Date": "2020-09-23T00:00:00Z"}, {"Country": "Greece", "CountryCode": "", "Province": "", "City": "", "CityCode": "", "Lat": "0", "Lon": "0", "Confirmed": 16627, "Deaths": 366, "Recovered": 10441, "Active": 5820, "Date": "2020-09-24T00:00:00Z"}, {"Country": "Greece", "CountryCode": "", "Province": "", "City": "", "CityCode": "", "Lat": "0", "Lon": "0", "Confirmed": 16913, "Deaths": 369, "Recovered": 10441, "Active": 6103, "Date": "2020-09-25T00:00:00Z"}, {"Country": "Greece", "CountryCode": "", "Province": "", "City": "", "CityCode": "", "Lat": "0", "Lon": "0", "Confirmed": 17228, "Deaths": 376, "Recovered": 10441, "Active": 6411, "Date": "2020-09-26T00:00:00Z"}, {"Country": "Greece", "CountryCode": "", "Province": "", "City": "", "CityCode": "", "Lat": "0", "Lon": "0", "Confirmed": 17444, "Deaths": 379, "Recovered": 10441, "Active": 6624, "Date": "2020-09-27T00:00:00Z"}, {"Country": "Greece", "CountryCode": "", "Province": "", "City": "", "CityCode": "", "Lat": "0", "Lon": "0", "Confirmed": 17707, "Deaths": 383, "Recovered": 10441, "Active": 6883, "Date": "2020-09-28T00:00:00Z"}, {"Country": "Greece", "CountryCode": "", "Province": "", "City": "", "CityCode": "", "Lat": "0", "Lon": "0", "Confirmed": 18123, "Deaths": 388, "Recovered": 11686, "Active": 6049, "Date": "2020-09-29T00:00:00Z"}, {"Country": "Greece", "CountryCode": "", "Province": "", "City": "", "CityCode": "", "Lat": "0", "Lon": "0", "Confirmed": 18475, "Deaths": 391, "Recovered": 11686, "Active": 6398, "Date": "2020-09-30T00:00:00Z"}, {"Country": "Greece", "CountryCode": "", "Province": "", "City": "", "CityCode": "", "Lat": "0", "Lon": "0", "Confirmed": 18886, "Deaths": 393, "Recovered": 11686, "Active": 6807, "Date": "2020-10-01T00:00:00Z"}, {"Country": "Greece", "CountryCode": "", "Province": "", "City": "", "CityCode": "", "Lat": "0", "Lon": "0", "Confirmed": 19346, "Deaths": 398, "Recovered": 11686, "Active": 7262, "Date": "2020-10-02T00:00:00Z"}, {"Country": "Greece", "CountryCode": "", "Province": "", "City": "", "CityCode": "", "Lat": "0", "Lon": "0", "Confirmed": 19613, "Deaths": 405, "Recovered": 11686, "Active": 7522, "Date": "2020-10-03T00:00:00Z"}, {"Country": "Greece", "CountryCode": "", "Province": "", "City": "", "CityCode": "", "Lat": "0", "Lon": "0", "Confirmed": 19842, "Deaths": 409, "Recovered": 11686, "Active": 7747, "Date": "2020-10-04T00:00:00Z"}, {"Country": "Greece", "CountryCode": "", "Province": "", "City": "", "CityCode": "", "Lat": "0", "Lon": "0", "Confirmed": 20142, "Deaths": 417, "Recovered": 11686, "Active": 8039, "Date": "2020-10-05T00:00:00Z"}, {"Country": "Greece", "CountryCode": "", "Province": "", "City": "", "CityCode": "", "Lat": "0", "Lon": "0", "Confirmed": 20541, "Deaths": 420, "Recovered": 13199, "Active": 6922, "Date": "2020-10-06T00:00:00Z"}, {"Country": "Greece", "CountryCode": "", "Province": "", "City": "", "CityCode": "", "Lat": "0", "Lon": "0", "Confirmed": 20947, "Deaths": 424, "Recovered": 13199, "Active": 7324, "Date": "2020-10-07T00:00:00Z"}, {"Country": "Greece", "CountryCode": "", "Province": "", "City": "", "CityCode": "", "Lat": "0", "Lon": "0", "Confirmed": 21381, "Deaths": 430, "Recovered": 13199, "Active": 7752, "Date": "2020-10-08T00:00:00Z"}, {"Country": "Greece", "CountryCode": "", "Province": "", "City": "", "CityCode": "", "Lat": "0", "Lon": "0", "Confirmed": 21772, "Deaths": 431, "Recovered": 13199, "Active": 8142, "Date": "2020-10-09T00:00:00Z"}, {"Country": "Greece", "CountryCode": "", "Province": "", "City": "", "CityCode": "", "Lat": "0", "Lon": "0", "Confirmed": 22078, "Deaths": 436, "Recovered": 13199, "Active": 8443, "Date": "2020-10-10T00:00:00Z"}, {"Country": "Greece", "CountryCode": "", "Province": "", "City": "", "CityCode": "", "Lat": "0", "Lon": "0", "Confirmed": 22358, "Deaths": 449, "Recovered": 13199, "Active": 8710, "Date": "2020-10-11T00:00:00Z"}, {"Country": "Greece", "CountryCode": "", "Province": "", "City": "", "CityCode": "", "Lat": "0", "Lon": "0", "Confirmed": 22652, "Deaths": 456, "Recovered": 13199, "Active": 8997, "Date": "2020-10-12T00:00:00Z"}, {"Country": "Greece", "CountryCode": "", "Province": "", "City": "", "CityCode": "", "Lat": "0", "Lon": "0", "Confirmed": 23060, "Deaths": 462, "Recovered": 16437, "Active": 6161, "Date": "2020-10-13T00:00:00Z"}, {"Country": "Greece", "CountryCode": "", "Province": "", "City": "", "CityCode": "", "Lat": "0", "Lon": "0", "Confirmed": 23495, "Deaths": 469, "Recovered": 16437, "Active": 6589, "Date": "2020-10-14T00:00:00Z"}, {"Country": "Greece", "CountryCode": "", "Province": "", "City": "", "CityCode": "", "Lat": "0", "Lon": "0", "Confirmed": 23947, "Deaths": 482, "Recovered": 16437, "Active": 7028, "Date": "2020-10-15T00:00:00Z"}, {"Country": "Greece", "CountryCode": "", "Province": "", "City": "", "CityCode": "", "Lat": "0", "Lon": "0", "Confirmed": 24450, "Deaths": 490, "Recovered": 16437, "Active": 7523, "Date": "2020-10-16T00:00:00Z"}, {"Country": "Greece", "CountryCode": "", "Province": "", "City": "", "CityCode": "", "Lat": "0", "Lon": "0", "Confirmed": 24932, "Deaths": 500, "Recovered": 16437, "Active": 7995, "Date": "2020-10-17T00:00:00Z"}, {"Country": "Greece", "CountryCode": "", "Province": "", "City": "", "CityCode": "", "Lat": "0", "Lon": "0", "Confirmed": 25370, "Deaths": 509, "Recovered": 16437, "Active": 8424, "Date": "2020-10-18T00:00:00Z"}, {"Country": "Greece", "CountryCode": "", "Province": "", "City": "", "CityCode": "", "Lat": "0", "Lon": "0", "Confirmed": 25802, "Deaths": 520, "Recovered": 16437, "Active": 8845, "Date": "2020-10-19T00:00:00Z"}, {"Country": "Greece", "CountryCode": "", "Province": "", "City": "", "CityCode": "", "Lat": "0", "Lon": "0", "Confirmed": 26469, "Deaths": 528, "Recovered": 19749, "Active": 6192, "Date": "2020-10-20T00:00:00Z"}, {"Country": "Greece", "CountryCode": "", "Province": "", "City": "", "CityCode": "", "Lat": "0", "Lon": "0", "Confirmed": 27334, "Deaths": 534, "Recovered": 19749, "Active": 7051, "Date": "2020-10-21T00:00:00Z"}, {"Country": "Greece", "CountryCode": "", "Province": "", "City": "", "CityCode": "", "Lat": "0", "Lon": "0", "Confirmed": 28216, "Deaths": 549, "Recovered": 19749, "Active": 7918, "Date": "2020-10-22T00:00:00Z"}, {"Country": "Greece", "CountryCode": "", "Province": "", "City": "", "CityCode": "", "Lat": "0", "Lon": "0", "Confirmed": 29057, "Deaths": 559, "Recovered": 19749, "Active": 8749, "Date": "2020-10-23T00:00:00Z"}, {"Country": "Greece", "CountryCode": "", "Province": "", "City": "", "CityCode": "", "Lat": "0", "Lon": "0", "Confirmed": 29992, "Deaths": 564, "Recovered": 19749, "Active": 9679, "Date": "2020-10-24T00:00:00Z"}, {"Country": "Greece", "CountryCode": "", "Province": "", "City": "", "CityCode": "", "Lat": "0", "Lon": "0", "Confirmed": 30782, "Deaths": 574, "Recovered": 19749, "Active": 10459, "Date": "2020-10-25T00:00:00Z"}, {"Country": "Greece", "CountryCode": "", "Province": "", "City": "", "CityCode": "", "Lat": "0", "Lon": "0", "Confirmed": 31496, "Deaths": 581, "Recovered": 19749, "Active": 11166, "Date": "2020-10-26T00:00:00Z"}, {"Country": "Greece", "CountryCode": "", "Province": "", "City": "", "CityCode": "", "Lat": "0", "Lon": "0", "Confirmed": 32752, "Deaths": 593, "Recovered": 19749, "Active": 12410, "Date": "2020-10-27T00:00:00Z"}, {"Country": "Greece", "CountryCode": "", "Province": "", "City": "", "CityCode": "", "Lat": "0", "Lon": "0", "Confirmed": 34299, "Deaths": 603, "Recovered": 23074, "Active": 10622, "Date": "2020-10-28T00:00:00Z"}, {"Country": "Greece", "CountryCode": "", "Province": "", "City": "", "CityCode": "", "Lat": "0", "Lon": "0", "Confirmed": 35510, "Deaths": 615, "Recovered": 23074, "Active": 11821, "Date": "2020-10-29T00:00:00Z"}, {"Country": "Greece", "CountryCode": "", "Province": "", "City": "", "CityCode": "", "Lat": "0", "Lon": "0", "Confirmed": 37196, "Deaths": 620, "Recovered": 23074, "Active": 13502, "Date": "2020-10-30T00:00:00Z"}, {"Country": "Greece", "CountryCode": "", "Province": "", "City": "", "CityCode": "", "Lat": "0", "Lon": "0", "Confirmed": 39251, "Deaths": 626, "Recovered": 23074, "Active": 15551, "Date": "2020-10-31T00:00:00Z"}, {"Country": "Greece", "CountryCode": "", "Province": "", "City": "", "CityCode": "", "Lat": "0", "Lon": "0", "Confirmed": 40929, "Deaths": 635, "Recovered": 23074, "Active": 17220, "Date": "2020-11-01T00:00:00Z"}, {"Country": "Greece", "CountryCode": "", "Province": "", "City": "", "CityCode": "", "Lat": "0", "Lon": "0", "Confirmed": 42080, "Deaths": 642, "Recovered": 23074, "Active": 18364, "Date": "2020-11-02T00:00:00Z"}, {"Country": "Greece", "CountryCode": "", "Province": "", "City": "", "CityCode": "", "Lat": "0", "Lon": "0", "Confirmed": 44246, "Deaths": 655, "Recovered": 23074, "Active": 20517, "Date": "2020-11-03T00:00:00Z"}, {"Country": "Greece", "CountryCode": "", "Province": "", "City": "", "CityCode": "", "Lat": "0", "Lon": "0", "Confirmed": 46892, "Deaths": 673, "Recovered": 23074, "Active": 23145, "Date": "2020-11-04T00:00:00Z"}, {"Country": "Greece", "CountryCode": "", "Province": "", "City": "", "CityCode": "", "Lat": "0", "Lon": "0", "Confirmed": 49807, "Deaths": 702, "Recovered": 23074, "Active": 26031, "Date": "2020-11-05T00:00:00Z"}, {"Country": "Greece", "CountryCode": "", "Province": "", "City": "", "CityCode": "", "Lat": "0", "Lon": "0", "Confirmed": 52254, "Deaths": 715, "Recovered": 23074, "Active": 28465, "Date": "2020-11-06T00:00:00Z"}, {"Country": "Greece", "CountryCode": "", "Province": "", "City": "", "CityCode": "", "Lat": "0", "Lon": "0", "Confirmed": 54809, "Deaths": 749, "Recovered": 23074, "Active": 30986, "Date": "2020-11-07T00:00:00Z"}, {"Country": "Greece", "CountryCode": "", "Province": "", "City": "", "CityCode": "", "Lat": "0", "Lon": "0", "Confirmed": 56698, "Deaths": 784, "Recovered": 23074, "Active": 32840, "Date": "2020-11-08T00:00:00Z"}, {"Country": "Greece", "CountryCode": "", "Province": "", "City": "", "CityCode": "", "Lat": "0", "Lon": "0", "Confirmed": 58187, "Deaths": 825, "Recovered": 23074, "Active": 34288, "Date": "2020-11-09T00:00:00Z"}, {"Country": "Greece", "CountryCode": "", "Province": "", "City": "", "CityCode": "", "Lat": "0", "Lon": "0", "Confirmed": 60570, "Deaths": 866, "Recovered": 23074, "Active": 36630, "Date": "2020-11-10T00:00:00Z"}, {"Country": "Greece", "CountryCode": "", "Province": "", "City": "", "CityCode": "", "Lat": "0", "Lon": "0", "Confirmed": 63321, "Deaths": 909, "Recovered": 23074, "Active": 39338, "Date": "2020-11-11T00:00:00Z"}, {"Country": "Greece", "CountryCode": "", "Province": "", "City": "", "CityCode": "", "Lat": "0", "Lon": "0", "Confirmed": 66637, "Deaths": 959, "Recovered": 23074, "Active": 42604, "Date": "2020-11-12T00:00:00Z"}, {"Country": "Greece", "CountryCode": "", "Province": "", "City": "", "CityCode": "", "Lat": "0", "Lon": "0", "Confirmed": 69675, "Deaths": 997, "Recovered": 23074, "Active": 45604, "Date": "2020-11-13T00:00:00Z"}, {"Country": "Greece", "CountryCode": "", "Province": "", "City": "", "CityCode": "", "Lat": "0", "Lon": "0", "Confirmed": 72510, "Deaths": 1035, "Recovered": 23074, "Active": 48401, "Date": "2020-11-14T00:00:00Z"}, {"Country": "Greece", "CountryCode": "", "Province": "", "City": "", "CityCode": "", "Lat": "0", "Lon": "0", "Confirmed": 74205, "Deaths": 1106, "Recovered": 23074, "Active": 50025, "Date": "2020-11-15T00:00:00Z"}, {"Country": "Greece", "CountryCode": "", "Province": "", "City": "", "CityCode": "", "Lat": "0", "Lon": "0", "Confirmed": 76403, "Deaths": 1165, "Recovered": 23074, "Active": 52164, "Date": "2020-11-16T00:00:00Z"}, {"Country": "Greece", "CountryCode": "", "Province": "", "City": "", "CityCode": "", "Lat": "0", "Lon": "0", "Confirmed": 78825, "Deaths": 1228, "Recovered": 23074, "Active": 54523, "Date": "2020-11-17T00:00:00Z"}, {"Country": "Greece", "CountryCode": "", "Province": "", "City": "", "CityCode": "", "Lat": "0", "Lon": "0", "Confirmed": 82034, "Deaths": 1288, "Recovered": 23074, "Active": 57672, "Date": "2020-11-18T00:00:00Z"}, {"Country": "Greece", "CountryCode": "", "Province": "", "City": "", "CityCode": "", "Lat": "0", "Lon": "0", "Confirmed": 85261, "Deaths": 1347, "Recovered": 23074, "Active": 60840, "Date": "2020-11-19T00:00:00Z"}, {"Country": "Greece", "CountryCode": "", "Province": "", "City": "", "CityCode": "", "Lat": "0", "Lon": "0", "Confirmed": 87812, "Deaths": 1419, "Recovered": 23074, "Active": 63319, "Date": "2020-11-20T00:00:00Z"}, {"Country": "Greece", "CountryCode": "", "Province": "", "City": "", "CityCode": "", "Lat": "0", "Lon": "0", "Confirmed": 90121, "Deaths": 1527, "Recovered": 23074, "Active": 65520, "Date": "2020-11-21T00:00:00Z"}, {"Country": "Greece", "CountryCode": "", "Province": "", "City": "", "CityCode": "", "Lat": "0", "Lon": "0", "Confirmed": 91619, "Deaths": 1630, "Recovered": 23074, "Active": 66915, "Date": "2020-11-22T00:00:00Z"}, {"Country": "Greece", "CountryCode": "", "Province": "", "City": "", "CityCode": "", "Lat": "0", "Lon": "0", "Confirmed": 93006, "Deaths": 1714, "Recovered": 23074, "Active": 68218, "Date": "2020-11-23T00:00:00Z"}, {"Country": "Greece", "CountryCode": "", "Province": "", "City": "", "CityCode": "", "Lat": "0", "Lon": "0", "Confirmed": 95137, "Deaths": 1815, "Recovered": 23074, "Active": 70248, "Date": "2020-11-24T00:00:00Z"}, {"Country": "Greece", "CountryCode": "", "Province": "", "City": "", "CityCode": "", "Lat": "0", "Lon": "0", "Confirmed": 97288, "Deaths": 1902, "Recovered": 23074, "Active": 72312, "Date": "2020-11-25T00:00:00Z"}, {"Country": "Greece", "CountryCode": "", "Province": "", "City": "", "CityCode": "", "Lat": "0", "Lon": "0", "Confirmed": 99306, "Deaths": 2001, "Recovered": 23074, "Active": 74231, "Date": "2020-11-26T00:00:00Z"}, {"Country": "Greece", "CountryCode": "", "Province": "", "City": "", "CityCode": "", "Lat": "0", "Lon": "0", "Confirmed": 101287, "Deaths": 2102, "Recovered": 23074, "Active": 76111, "Date": "2020-11-27T00:00:00Z"}, {"Country": "Greece", "CountryCode": "", "Province": "", "City": "", "CityCode": "", "Lat": "0", "Lon": "0", "Confirmed": 103034, "Deaths": 2223, "Recovered": 23074, "Active": 77737, "Date": "2020-11-28T00:00:00Z"}, {"Country": "Greece", "CountryCode": "", "Province": "", "City": "", "CityCode": "", "Lat": "0", "Lon": "0", "Confirmed": 104227, "Deaths": 2321, "Recovered": 23074, "Active": 78832, "Date": "2020-11-29T00:00:00Z"}, {"Country": "Greece", "CountryCode": "", "Province": "", "City": "", "CityCode": "", "Lat": "0", "Lon": "0", "Confirmed": 105271, "Deaths": 2406, "Recovered": 23074, "Active": 79791, "Date": "2020-11-30T00:00:00Z"}, {"Country": "Greece", "CountryCode": "", "Province": "", "City": "", "CityCode": "", "Lat": "0", "Lon": "0", "Confirmed": 107470, "Deaths": 2517, "Recovered": 23074, "Active": 81879, "Date": "2020-12-01T00:00:00Z"}, {"Country": "Greece", "CountryCode": "", "Province": "", "City": "", "CityCode": "", "Lat": "0", "Lon": "0", "Confirmed": 109655, "Deaths": 2606, "Recovered": 23074, "Active": 83975, "Date": "2020-12-02T00:00:00Z"}, {"Country": "Greece", "CountryCode": "", "Province": "", "City": "", "CityCode": "", "Lat": "0", "Lon": "0", "Confirmed": 111537, "Deaths": 2706, "Recovered": 23074, "Active": 85757, "Date": "2020-12-03T00:00:00Z"}, {"Country": "Greece", "CountryCode": "", "Province": "", "City": "", "CityCode": "", "Lat": "0", "Lon": "0", "Confirmed": 113185, "Deaths": 2804, "Recovered": 93764, "Active": 16617, "Date": "2020-12-04T00:00:00Z"}, {"Country": "Greece", "CountryCode": "", "Province": "", "City": "", "CityCode": "", "Lat": "0", "Lon": "0", "Confirmed": 114568, "Deaths": 2902, "Recovered": 93764, "Active": 17902, "Date": "2020-12-05T00:00:00Z"}, {"Country": "Greece", "CountryCode": "", "Province": "", "City": "", "CityCode": "", "Lat": "0", "Lon": "0", "Confirmed": 115471, "Deaths": 3003, "Recovered": 93764, "Active": 18704, "Date": "2020-12-06T00:00:00Z"}, {"Country": "Greece", "CountryCode": "", "Province": "", "City": "", "CityCode": "", "Lat": "0", "Lon": "0", "Confirmed": 116721, "Deaths": 3092, "Recovered": 93764, "Active": 19865, "Date": "2020-12-07T00:00:00Z"}, {"Country": "Greece", "CountryCode": "", "Province": "", "City": "", "CityCode": "", "Lat": "0", "Lon": "0", "Confirmed": 118045, "Deaths": 3194, "Recovered": 93764, "Active": 21087, "Date": "2020-12-08T00:00:00Z"}, {"Country": "Greece", "CountryCode": "", "Province": "", "City": "", "CityCode": "", "Lat": "0", "Lon": "0", "Confirmed": 119720, "Deaths": 3289, "Recovered": 93764, "Active": 22667, "Date": "2020-12-09T00:00:00Z"}, {"Country": "Greece", "CountryCode": "", "Province": "", "City": "", "CityCode": "", "Lat": "0", "Lon": "0", "Confirmed": 121253, "Deaths": 3370, "Recovered": 93764, "Active": 24119, "Date": "2020-12-10T00:00:00Z"}, {"Country": "Greece", "CountryCode": "", "Province": "", "City": "", "CityCode": "", "Lat": "0", "Lon": "0", "Confirmed": 122648, "Deaths": 3472, "Recovered": 93764, "Active": 25412, "Date": "2020-12-11T00:00:00Z"}, {"Country": "Greece", "CountryCode": "", "Province": "", "City": "", "CityCode": "", "Lat": "0", "Lon": "0", "Confirmed": 123842, "Deaths": 3540, "Recovered": 93764, "Active": 26538, "Date": "2020-12-12T00:00:00Z"}, {"Country": "Greece", "CountryCode": "", "Province": "", "City": "", "CityCode": "", "Lat": "0", "Lon": "0", "Confirmed": 124534, "Deaths": 3625, "Recovered": 93764, "Active": 27145, "Date": "2020-12-13T00:00:00Z"}, {"Country": "Greece", "CountryCode": "", "Province": "", "City": "", "CityCode": "", "Lat": "0", "Lon": "0", "Confirmed": 125173, "Deaths": 3687, "Recovered": 93764, "Active": 27722, "Date": "2020-12-14T00:00:00Z"}, {"Country": "Greece", "CountryCode": "", "Province": "", "City": "", "CityCode": "", "Lat": "0", "Lon": "0", "Confirmed": 126372, "Deaths": 3785, "Recovered": 93764, "Active": 28823, "Date": "2020-12-15T00:00:00Z"}, {"Country": "Greece", "CountryCode": "", "Province": "", "City": "", "CityCode": "", "Lat": "0", "Lon": "0", "Confirmed": 127557, "Deaths": 3870, "Recovered": 93764, "Active": 29923, "Date": "2020-12-16T00:00:00Z"}, {"Country": "Greece", "CountryCode": "", "Province": "", "City": "", "CityCode": "", "Lat": "0", "Lon": "0", "Confirmed": 128710, "Deaths": 3948, "Recovered": 93764, "Active": 30998, "Date": "2020-12-17T00:00:00Z"}, {"Country": "Greece", "CountryCode": "", "Province": "", "City": "", "CityCode": "", "Lat": "0", "Lon": "0", "Confirmed": 129584, "Deaths": 4044, "Recovered": 93764, "Active": 31776, "Date": "2020-12-18T00:00:00Z"}, {"Country": "Greece", "CountryCode": "", "Province": "", "City": "", "CityCode": "", "Lat": "0", "Lon": "0", "Confirmed": 130485, "Deaths": 4102, "Recovered": 93764, "Active": 32619, "Date": "2020-12-19T00:00:00Z"}, {"Country": "Greece", "CountryCode": "", "Province": "", "City": "", "CityCode": "", "Lat": "0", "Lon": "0", "Confirmed": 131072, "Deaths": 4172, "Recovered": 93764, "Active": 33136, "Date": "2020-12-20T00:00:00Z"}, {"Country": "Greece", "CountryCode": "", "Province": "", "City": "", "CityCode": "", "Lat": "0", "Lon": "0", "Confirmed": 131597, "Deaths": 4257, "Recovered": 93764, "Active": 33576, "Date": "2020-12-21T00:00:00Z"}, {"Country": "Greece", "CountryCode": "", "Province": "", "City": "", "CityCode": "", "Lat": "0", "Lon": "0", "Confirmed": 132430, "Deaths": 4340, "Recovered": 93764, "Active": 34326, "Date": "2020-12-22T00:00:00Z"}, {"Country": "Greece", "CountryCode": "", "Province": "", "City": "", "CityCode": "", "Lat": "0", "Lon": "0", "Confirmed": 133365, "Deaths": 4402, "Recovered": 93764, "Active": 35199, "Date": "2020-12-23T00:00:00Z"}, {"Country": "Greece", "CountryCode": "", "Province": "", "City": "", "CityCode": "", "Lat": "0", "Lon": "0", "Confirmed": 134235, "Deaths": 4457, "Recovered": 93764, "Active": 36014, "Date": "2020-12-24T00:00:00Z"}, {"Country": "Greece", "CountryCode": "", "Province": "", "City": "", "CityCode": "", "Lat": "0", "Lon": "0", "Confirmed": 134852, "Deaths": 4507, "Recovered": 93764, "Active": 36581, "Date": "2020-12-25T00:00:00Z"}, {"Country": "Greece", "CountryCode": "", "Province": "", "City": "", "CityCode": "", "Lat": "0", "Lon": "0", "Confirmed": 135114, "Deaths": 4553, "Recovered": 93764, "Active": 36797, "Date": "2020-12-26T00:00:00Z"}, {"Country": "Greece", "CountryCode": "", "Province": "", "City": "", "CityCode": "", "Lat": "0", "Lon": "0", "Confirmed": 135456, "Deaths": 4606, "Recovered": 93764, "Active": 37086, "Date": "2020-12-27T00:00:00Z"}, {"Country": "Greece", "CountryCode": "", "Province": "", "City": "", "CityCode": "", "Lat": "0", "Lon": "0", "Confirmed": 135931, "Deaths": 4672, "Recovered": 93764, "Active": 37495, "Date": "2020-12-28T00:00:00Z"}, {"Country": "Greece", "CountryCode": "", "Province": "", "City": "", "CityCode": "", "Lat": "0", "Lon": "0", "Confirmed": 136976, "Deaths": 4730, "Recovered": 93764, "Active": 38482, "Date": "2020-12-29T00:00:00Z"}, {"Country": "Greece", "CountryCode": "", "Province": "", "City": "", "CityCode": "", "Lat": "0", "Lon": "0", "Confirmed": 137918, "Deaths": 4788, "Recovered": 93764, "Active": 39366, "Date": "2020-12-30T00:00:00Z"}, {"Country": "Greece", "CountryCode": "", "Province": "", "City": "", "CityCode": "", "Lat": "0", "Lon": "0", "Confirmed": 138850, "Deaths": 4838, "Recovered": 93764, "Active": 40248, "Date": "2020-12-31T00:00:00Z"}, {"Country": "Greece", "CountryCode": "", "Province": "", "City": "", "CityCode": "", "Lat": "0", "Lon": "0", "Confirmed": 139447, "Deaths": 4881, "Recovered": 93764, "Active": 40802, "Date": "2021-01-01T00:00:00Z"}, {"Country": "Greece", "CountryCode": "", "Province": "", "City": "", "CityCode": "", "Lat": "0", "Lon": "0", "Confirmed": 139709, "Deaths": 4921, "Recovered": 93764, "Active": 41024, "Date": "2021-01-02T00:00:00Z"}, {"Country": "Greece", "CountryCode": "", "Province": "", "City": "", "CityCode": "", "Lat": "0", "Lon": "0", "Confirmed": 140099, "Deaths": 4957, "Recovered": 93764, "Active": 41378, "Date": "2021-01-03T00:00:00Z"}, {"Country": "Greece", "CountryCode": "", "Province": "", "City": "", "CityCode": "", "Lat": "0", "Lon": "0", "Confirmed": 140526, "Deaths": 5011, "Recovered": 93764, "Active": 41751, "Date": "2021-01-04T00:00:00Z"}, {"Country": "Greece", "CountryCode": "", "Province": "", "City": "", "CityCode": "", "Lat": "0", "Lon": "0", "Confirmed": 141453, "Deaths": 5051, "Recovered": 93764, "Active": 42638, "Date": "2021-01-05T00:00:00Z"}, {"Country": "Greece", "CountryCode": "", "Province": "", "City": "", "CityCode": "", "Lat": "0", "Lon": "0", "Confirmed": 142267, "Deaths": 5099, "Recovered": 93764, "Active": 43404, "Date": "2021-01-06T00:00:00Z"}, {"Country": "Greece", "CountryCode": "", "Province": "", "City": "", "CityCode": "", "Lat": "0", "Lon": "0", "Confirmed": 142777, "Deaths": 5146, "Recovered": 93764, "Active": 43867, "Date": "2021-01-07T00:00:00Z"}, {"Country": "Greece", "CountryCode": "", "Province": "", "City": "", "CityCode": "", "Lat": "0", "Lon": "0", "Confirmed": 143494, "Deaths": 5195, "Recovered": 93764, "Active": 44535, "Date": "2021-01-08T00:00:00Z"}, {"Country": "Greece", "CountryCode": "", "Province": "", "City": "", "CityCode": "", "Lat": "0", "Lon": "0", "Confirmed": 144293, "Deaths": 5227, "Recovered": 93764, "Active": 45302, "Date": "2021-01-09T00:00:00Z"}, {"Country": "Greece", "CountryCode": "", "Province": "", "City": "", "CityCode": "", "Lat": "0", "Lon": "0", "Confirmed": 144738, "Deaths": 5263, "Recovered": 93764, "Active": 45711, "Date": "2021-01-10T00:00:00Z"}, {"Country": "Greece", "CountryCode": "", "Province": "", "City": "", "CityCode": "", "Lat": "0", "Lon": "0", "Confirmed": 145179, "Deaths": 5302, "Recovered": 93764, "Active": 46113, "Date": "2021-01-11T00:00:00Z"}, {"Country": "Greece", "CountryCode": "", "Province": "", "City": "", "CityCode": "", "Lat": "0", "Lon": "0", "Confirmed": 146020, "Deaths": 5329, "Recovered": 93764, "Active": 46927, "Date": "2021-01-12T00:00:00Z"}, {"Country": "Greece", "CountryCode": "", "Province": "", "City": "", "CityCode": "", "Lat": "0", "Lon": "0", "Confirmed": 146688, "Deaths": 5354, "Recovered": 93764, "Active": 47570, "Date": "2021-01-13T00:00:00Z"}, {"Country": "Greece", "CountryCode": "", "Province": "", "City": "", "CityCode": "", "Lat": "0", "Lon": "0", "Confirmed": 147283, "Deaths": 5387, "Recovered": 93764, "Active": 48132, "Date": "2021-01-14T00:00:00Z"}, {"Country": "Greece", "CountryCode": "", "Province": "", "City": "", "CityCode": "", "Lat": "0", "Lon": "0", "Confirmed": 147860, "Deaths": 5421, "Recovered": 93764, "Active": 48675, "Date": "2021-01-15T00:00:00Z"}, {"Country": "Greece", "CountryCode": "", "Province": "", "City": "", "CityCode": "", "Lat": "0", "Lon": "0", "Confirmed": 148370, "Deaths": 5441, "Recovered": 93764, "Active": 49165, "Date": "2021-01-16T00:00:00Z"}, {"Country": "Greece", "CountryCode": "", "Province": "", "City": "", "CityCode": "", "Lat": "0", "Lon": "0", "Confirmed": 148607, "Deaths": 5469, "Recovered": 93764, "Active": 49374, "Date": "2021-01-17T00:00:00Z"}, {"Country": "Greece", "CountryCode": "", "Province": "", "City": "", "CityCode": "", "Lat": "0", "Lon": "0", "Confirmed": 148925, "Deaths": 5488, "Recovered": 93764, "Active": 49673, "Date": "2021-01-18T00:00:00Z"}, {"Country": "Greece", "CountryCode": "", "Province": "", "City": "", "CityCode": "", "Lat": "0", "Lon": "0", "Confirmed": 149462, "Deaths": 5518, "Recovered": 93764, "Active": 50180, "Date": "2021-01-19T00:00:00Z"}, {"Country": "Greece", "CountryCode": "", "Province": "", "City": "", "CityCode": "", "Lat": "0", "Lon": "0", "Confirmed": 149973, "Deaths": 5545, "Recovered": 93764, "Active": 50664, "Date": "2021-01-20T00:00:00Z"}, {"Country": "Greece", "CountryCode": "", "Province": "", "City": "", "CityCode": "", "Lat": "0", "Lon": "0", "Confirmed": 150479, "Deaths": 5570, "Recovered": 93764, "Active": 51145, "Date": "2021-01-21T00:00:00Z"}, {"Country": "Greece", "CountryCode": "", "Province": "", "City": "", "CityCode": "", "Lat": "0", "Lon": "0", "Confirmed": 151041, "Deaths": 5598, "Recovered": 93764, "Active": 51679, "Date": "2021-01-22T00:00:00Z"}, {"Country": "Greece", "CountryCode": "", "Province": "", "City": "", "CityCode": "", "Lat": "0", "Lon": "0", "Confirmed": 151646, "Deaths": 5622, "Recovered": 93764, "Active": 52260, "Date": "2021-01-23T00:00:00Z"}, {"Country": "Greece", "CountryCode": "", "Province": "", "City": "", "CityCode": "", "Lat": "0", "Lon": "0", "Confirmed": 151980, "Deaths": 5646, "Recovered": 93764, "Active": 52570, "Date": "2021-01-24T00:00:00Z"}, {"Country": "Greece", "CountryCode": "", "Province": "", "City": "", "CityCode": "", "Lat": "0", "Lon": "0", "Confirmed": 152412, "Deaths": 5671, "Recovered": 93764, "Active": 52977, "Date": "2021-01-25T00:00:00Z"}, {"Country": "Greece", "CountryCode": "", "Province": "", "City": "", "CityCode": "", "Lat": "0", "Lon": "0", "Confirmed": 153226, "Deaths": 5692, "Recovered": 93764, "Active": 53770, "Date": "2021-01-26T00:00:00Z"}, {"Country": "Greece", "CountryCode": "", "Province": "", "City": "", "CityCode": "", "Lat": "0", "Lon": "0", "Confirmed": 154083, "Deaths": 5724, "Recovered": 93764, "Active": 54595, "Date": "2021-01-27T00:00:00Z"}, {"Country": "Greece", "CountryCode": "", "Province": "", "City": "", "CityCode": "", "Lat": "0", "Lon": "0", "Confirmed": 154796, "Deaths": 5742, "Recovered": 93764, "Active": 55290, "Date": "2021-01-28T00:00:00Z"}, {"Country": "Greece", "CountryCode": "", "Province": "", "City": "", "CityCode": "", "Lat": "0", "Lon": "0", "Confirmed": 155678, "Deaths": 5764, "Recovered": 93764, "Active": 56150, "Date": "2021-01-29T00:00:00Z"}, {"Country": "Greece", "CountryCode": "", "Province": "", "City": "", "CityCode": "", "Lat": "0", "Lon": "0", "Confirmed": 156473, "Deaths": 5779, "Recovered": 93764, "Active": 56930, "Date": "2021-01-30T00:00:00Z"}, {"Country": "Greece", "CountryCode": "", "Province": "", "City": "", "CityCode": "", "Lat": "0", "Lon": "0", "Confirmed": 156957, "Deaths": 5796, "Recovered": 93764, "Active": 57397, "Date": "2021-01-31T00:00:00Z"}, {"Country": "Greece", "CountryCode": "", "Province": "", "City": "", "CityCode": "", "Lat": "0", "Lon": "0", "Confirmed": 157495, "Deaths": 5829, "Recovered": 93764, "Active": 57902, "Date": "2021-02-01T00:00:00Z"}, {"Country": "Greece", "CountryCode": "", "Province": "", "City": "", "CityCode": "", "Lat": "0", "Lon": "0", "Confirmed": 158716, "Deaths": 5851, "Recovered": 93764, "Active": 59101, "Date": "2021-02-02T00:00:00Z"}, {"Country": "Greece", "CountryCode": "", "Province": "", "City": "", "CityCode": "", "Lat": "0", "Lon": "0", "Confirmed": 159866, "Deaths": 5878, "Recovered": 93764, "Active": 60224, "Date": "2021-02-03T00:00:00Z"}, {"Country": "Greece", "CountryCode": "", "Province": "", "City": "", "CityCode": "", "Lat": "0", "Lon": "0", "Confirmed": 160935, "Deaths": 5903, "Recovered": 93764, "Active": 61268, "Date": "2021-02-04T00:00:00Z"}, {"Country": "Greece", "CountryCode": "", "Province": "", "City": "", "CityCode": "", "Lat": "0", "Lon": "0", "Confirmed": 162107, "Deaths": 5922, "Recovered": 93764, "Active": 62421, "Date": "2021-02-05T00:00:00Z"}, {"Country": "Greece", "CountryCode": "", "Province": "", "City": "", "CityCode": "", "Lat": "0", "Lon": "0", "Confirmed": 163213, "Deaths": 5951, "Recovered": 93764, "Active": 63498, "Date": "2021-02-06T00:00:00Z"}, {"Country": "Greece", "CountryCode": "", "Province": "", "City": "", "CityCode": "", "Lat": "0", "Lon": "0", "Confirmed": 163946, "Deaths": 5972, "Recovered": 93764, "Active": 64210, "Date": "2021-02-07T00:00:00Z"}, {"Country": "Greece", "CountryCode": "", "Province": "", "City": "", "CityCode": "", "Lat": "0", "Lon": "0", "Confirmed": 164575, "Deaths": 5997, "Recovered": 93764, "Active": 64814, "Date": "2021-02-08T00:00:00Z"}, {"Country": "Greece", "CountryCode": "", "Province": "", "City": "", "CityCode": "", "Lat": "0", "Lon": "0", "Confirmed": 166067, "Deaths": 6017, "Recovered": 93764, "Active": 66286, "Date": "2021-02-09T00:00:00Z"}, {"Country": "Greece", "CountryCode": "", "Province": "", "City": "", "CityCode": "", "Lat": "0", "Lon": "0", "Confirmed": 167549, "Deaths": 6034, "Recovered": 93764, "Active": 67751, "Date": "2021-02-10T00:00:00Z"}, {"Country": "Greece", "CountryCode": "", "Province": "", "City": "", "CityCode": "", "Lat": "0", "Lon": "0", "Confirmed": 168872, "Deaths": 6056, "Recovered": 93764, "Active": 69052, "Date": "2021-02-11T00:00:00Z"}, {"Country": "Greece", "CountryCode": "", "Province": "", "City": "", "CityCode": "", "Lat": "0", "Lon": "0", "Confirmed": 170244, "Deaths": 6077, "Recovered": 93764, "Active": 70403, "Date": "2021-02-12T00:00:00Z"}, {"Country": "Greece", "CountryCode": "", "Province": "", "City": "", "CityCode": "", "Lat": "0", "Lon": "0", "Confirmed": 171466, "Deaths": 6103, "Recovered": 93764, "Active": 71599, "Date": "2021-02-13T00:00:00Z"}, {"Country": "Greece", "CountryCode": "", "Province": "", "City": "", "CityCode": "", "Lat": "0", "Lon": "0", "Confirmed": 172128, "Deaths": 6126, "Recovered": 93764, "Active": 72238, "Date": "2021-02-14T00:00:00Z"}, {"Country": "Greece", "CountryCode": "", "Province": "", "City": "", "CityCode": "", "Lat": "0", "Lon": "0", "Confirmed": 172824, "Deaths": 6152, "Recovered": 93764, "Active": 72908, "Date": "2021-02-15T00:00:00Z"}, {"Country": "Greece", "CountryCode": "", "Province": "", "City": "", "CityCode": "", "Lat": "0", "Lon": "0", "Confirmed": 173905, "Deaths": 6181, "Recovered": 93764, "Active": 73960, "Date": "2021-02-16T00:00:00Z"}, {"Country": "Greece", "CountryCode": "", "Province": "", "City": "", "CityCode": "", "Lat": "0", "Lon": "0", "Confirmed": 174659, "Deaths": 6194, "Recovered": 93764, "Active": 74701, "Date": "2021-02-17T00:00:00Z"}, {"Country": "Greece", "CountryCode": "", "Province": "", "City": "", "CityCode": "", "Lat": "0", "Lon": "0", "Confirmed": 176059, "Deaths": 6221, "Recovered": 93764, "Active": 76074, "Date": "2021-02-18T00:00:00Z"}, {"Country": "Greece", "CountryCode": "", "Province": "", "City": "", "CityCode": "", "Lat": "0", "Lon": "0", "Confirmed": 177494, "Deaths": 6249, "Recovered": 93764, "Active": 77481, "Date": "2021-02-19T00:00:00Z"}, {"Country": "Greece", "CountryCode": "", "Province": "", "City": "", "CityCode": "", "Lat": "0", "Lon": "0", "Confirmed": 178918, "Deaths": 6272, "Recovered": 93764, "Active": 78882, "Date": "2021-02-20T00:00:00Z"}, {"Country": "Greece", "CountryCode": "", "Province": "", "City": "", "CityCode": "", "Lat": "0", "Lon": "0", "Confirmed": 179802, "Deaths": 6297, "Recovered": 93764, "Active": 79741, "Date": "2021-02-21T00:00:00Z"}, {"Country": "Greece", "CountryCode": "", "Province": "", "City": "", "CityCode": "", "Lat": "0", "Lon": "0", "Confirmed": 180672, "Deaths": 6321, "Recovered": 93764, "Active": 80587, "Date": "2021-02-22T00:00:00Z"}, {"Country": "Greece", "CountryCode": "", "Province": "", "City": "", "CityCode": "", "Lat": "0", "Lon": "0", "Confirmed": 182783, "Deaths": 6343, "Recovered": 93764, "Active": 82676, "Date": "2021-02-23T00:00:00Z"}, {"Country": "Greece", "CountryCode": "", "Province": "", "City": "", "CityCode": "", "Lat": "0", "Lon": "0", "Confirmed": 184686, "Deaths": 6371, "Recovered": 93764, "Active": 84551, "Date": "2021-02-24T00:00:00Z"}, {"Country": "Greece", "CountryCode": "", "Province": "", "City": "", "CityCode": "", "Lat": "0", "Lon": "0", "Confirmed": 186469, "Deaths": 6410, "Recovered": 93764, "Active": 86295, "Date": "2021-02-25T00:00:00Z"}, {"Country": "Greece", "CountryCode": "", "Province": "", "City": "", "CityCode": "", "Lat": "0", "Lon": "0", "Confirmed": 188201, "Deaths": 6439, "Recovered": 93764, "Active": 87998, "Date": "2021-02-26T00:00:00Z"}, {"Country": "Greece", "CountryCode": "", "Province": "", "City": "", "CityCode": "", "Lat": "0", "Lon": "0", "Confirmed": 189831, "Deaths": 6468, "Recovered": 93764, "Active": 89599, "Date": "2021-02-27T00:00:00Z"}, {"Country": "Greece", "CountryCode": "", "Province": "", "City": "", "CityCode": "", "Lat": "0", "Lon": "0", "Confirmed": 191100, "Deaths": 6504, "Recovered": 93764, "Active": 90832, "Date": "2021-02-28T00:00:00Z"}, {"Country": "Greece", "CountryCode": "", "Province": "", "City": "", "CityCode": "", "Lat": "0", "Lon": "0", "Confirmed": 192270, "Deaths": 6534, "Recovered": 93764, "Active": 91972, "Date": "2021-03-01T00:00:00Z"}, {"Country": "Greece", "CountryCode": "", "Province": "", "City": "", "CityCode": "", "Lat": "0", "Lon": "0", "Confirmed": 194582, "Deaths": 6557, "Recovered": 93764, "Active": 94261, "Date": "2021-03-02T00:00:00Z"}, {"Country": "Greece", "CountryCode": "", "Province": "", "City": "", "CityCode": "", "Lat": "0", "Lon": "0", "Confirmed": 197279, "Deaths": 6597, "Recovered": 93764, "Active": 96918, "Date": "2021-03-03T00:00:00Z"}, {"Country": "Greece", "CountryCode": "", "Province": "", "City": "", "CityCode": "", "Lat": "0", "Lon": "0", "Confirmed": 199496, "Deaths": 6632, "Recovered": 93764, "Active": 99100, "Date": "2021-03-04T00:00:00Z"}, {"Country": "Greece", "CountryCode": "", "Province": "", "City": "", "CityCode": "", "Lat": "0", "Lon": "0", "Confirmed": 201677, "Deaths": 6664, "Recovered": 93764, "Active": 101249, "Date": "2021-03-05T00:00:00Z"}, {"Country": "Greece", "CountryCode": "", "Province": "", "City": "", "CityCode": "", "Lat": "0", "Lon": "0", "Confirmed": 203978, "Deaths": 6705, "Recovered": 93764, "Active": 103509, "Date": "2021-03-06T00:00:00Z"}, {"Country": "Greece", "CountryCode": "", "Province": "", "City": "", "CityCode": "", "Lat": "0", "Lon": "0", "Confirmed": 205120, "Deaths": 6758, "Recovered": 93764, "Active": 198362, "Date": "2021-03-07T00:00:00Z"}, {"Country": "Greece", "CountryCode": "", "Province": "", "City": "", "CityCode": "", "Lat": "0", "Lon": "0", "Confirmed": 206281, "Deaths": 6797, "Recovered": 93764, "Active": 105720, "Date": "2021-03-08T00:00:00Z"}, {"Country": "Greece", "CountryCode": "", "Province": "", "City": "", "CityCode": "", "Lat": "0", "Lon": "0", "Confirmed": 209462, "Deaths": 6843, "Recovered": 93764, "Active": 108855, "Date": "2021-03-09T00:00:00Z"}, {"Country": "Greece", "CountryCode": "", "Province": "", "City": "", "CityCode": "", "Lat": "0", "Lon": "0", "Confirmed": 212091, "Deaths": 6886, "Recovered": 93764, "Active": 111441, "Date": "2021-03-10T00:00:00Z"}, {"Country": "Greece", "CountryCode": "", "Province": "", "City": "", "CityCode": "", "Lat": "0", "Lon": "0", "Confirmed": 214661, "Deaths": 6937, "Recovered": 93764, "Active": 113960, "Date": "2021-03-11T00:00:00Z"}, {"Country": "Greece", "CountryCode": "", "Province": "", "City": "", "CityCode": "", "Lat": "0", "Lon": "0", "Confirmed": 217018, "Deaths": 6986, "Recovered": 93764, "Active": 116268, "Date": "2021-03-12T00:00:00Z"}, {"Country": "Greece", "CountryCode": "", "Province": "", "City": "", "CityCode": "", "Lat": "0", "Lon": "0", "Confirmed": 219521, "Deaths": 7038, "Recovered": 93764, "Active": 118719, "Date": "2021-03-13T00:00:00Z"}]