[{"Country": "Hungary", "CountryCode": "", "Province": "", "City": "", "CityCode": "", "Lat": "0", "Lon": "0", "Confirmed": 2, "Deaths": 0, "Recovered": 0, "Active": 2, "Date": "2020-03-04T00:00:00Z"}, {"Country": "Hungary", "CountryCode": "", "Province": "", "City": "", "CityCode": "", "Lat": "0", "Lon": "0", "Confirmed": 2, "Deaths": 0, "Recovered": 0, "Active": 2, "Date": "2020-03-05T00:00:00Z"}, {"Country": "Hungary", "CountryCode": "", "Province": "", "City": "", "CityCode": "", "Lat": "0", "Lon": "0", "Confirmed": 2, "Deaths": 0, "Recovered": 0, "Active": 2, "Date": "2020-03-06T00:00:00Z"}, {"Country": "Hungary", "CountryCode": "", "Province": "", "City": "", "CityCode": "", "Lat": "0", "Lon": "0", "Confirmed": 4, "Deaths": 0, "Recovered": 0, "Active": 4, "Date": "2020-03-07T00:00:00Z"}, {"Country": "Hungary", "CountryCode": "", "Province": "", "City": "", "CityCode": "", "Lat": "0", "Lon": "0", "Confirmed": 7, "Deaths": 0, "Recovered": 0, "Active": 7, "Date": "2020-03-08T00:00:00Z"}, {"Country": "Hungary", "CountryCode": "", "Province": "", "City": "", "CityCode": "", "Lat": "0", "Lon": "0", "Confirmed": 9, "Deaths": 0, "Recovered": 0, "Active": 9, "Date": "2020-03-09T00:00:00Z"}, {"Country": "Hungary", "CountryCode": "", "Province": "", "City": "", "CityCode": "", "Lat": "0", "Lon": "0", "Confirmed": 9, "Deaths": 0, "Recovered": 0, "Active": 9, "Date": "2020-03-10T00:00:00Z"}, {"Country": "Hungary", "CountryCode": "", "Province": "", "City": "", "CityCode": "", "Lat": "0", "Lon": "0", "Confirmed": 13, "Deaths": 0, "Recovered": 0, "Active": 13, "Date": "2020-03-11T00:00:00Z"}, {"Country": "Hungary", "CountryCode": "", "Province": "", "City": "", "CityCode": "", "Lat": "0", "Lon": "0", "Confirmed": 13, "Deaths": 0, "Recovered": 0, "Active": 13, "Date": "2020-03-12T00:00:00Z"}, {"Country": "Hungary", "CountryCode": "", "Province": "", "City": "", "CityCode": "", "Lat": "0", "Lon": "0", "Confirmed": 19, "Deaths": 0, "Recovered": 0, "Active": 19, "Date": "2020-03-13T00:00:00Z"}, {"Country": "Hungary", "CountryCode": "", "Province": "", "City": "", "CityCode": "", "Lat": "0", "Lon": "0", "Confirmed": 30, "Deaths": 0, "Recovered": 1, "Active": 29, "Date": "2020-03-14T00:00:00Z"}, {"Country": "Hungary", "CountryCode": "", "Province": "", "City": "", "CityCode": "", "Lat": "0", "Lon": "0", "Confirmed": 32, "Deaths": 1, "Recovered": 1, "Active": 30, "Date": "2020-03-15T00:00:00Z"}, {"Country": "Hungary", "CountryCode": "", "Province": "", "City": "", "CityCode": "", "Lat": "0", "Lon": "0", "Confirmed": 39, "Deaths": 1, "Recovered": 1, "Active": 37, "Date": "2020-03-16T00:00:00Z"}, {"Country": "Hungary", "CountryCode": "", "Province": "", "City": "", "CityCode": "", "Lat": "0", "Lon": "0", "Confirmed": 50, "Deaths": 1, "Recovered": 2, "Active": 47, "Date": "2020-03-17T00:00:00Z"}, {"Country": "Hungary", "CountryCode": "", "Province": "", "City": "", "CityCode": "", "Lat": "0", "Lon": "0", "Confirmed": 58, "Deaths": 1, "Recovered": 2, "Active": 55, "Date": "2020-03-18T00:00:00Z"}, {"Country": "Hungary", "CountryCode": "", "Province": "", "City": "", "CityCode": "", "Lat": "0", "Lon": "0", "Confirmed": 73, "Deaths": 1, "Recovered": 2, "Active": 70, "Date": "2020-03-19T00:00:00Z"}, {"Country": "Hungary", "CountryCode": "", "Province": "", "City": "", "CityCode": "", "Lat": "0", "Lon": "0", "Confirmed": 85, "Deaths": 3, "Recovered": 2, "Active": 80, "Date": "2020-03-20T00:00:00Z"}, {"Country": "Hungary", "CountryCode": "", "Province": "", "City": "", "CityCode": "", "Lat": "0", "Lon": "0", "Confirmed": 103, "Deaths": 4, "Recovered": 7, "Active": 92, "Date": "2020-03-21T00:00:00Z"}, {"Country": "Hungary", "CountryCode": "", "Province": "", "City": "", "CityCode": "", "Lat": "0", "Lon": "0", "Confirmed": 131, "Deaths": 6, "Recovered": 16, "Active": 109, "Date": "2020-03-22T00:00:00Z"}, {"Country": "Hungary", "CountryCode": "", "Province": "", "City": "", "CityCode": "", "Lat": "0", "Lon": "0", "Confirmed": 167, "Deaths": 7, "Recovered": 16, "Active": 144, "Date": "2020-03-23T00:00:00Z"}, {"Country": "Hungary", "CountryCode": "", "Province": "", "City": "", "CityCode": "", "Lat": "0", "Lon": "0", "Confirmed": 187, "Deaths": 9, "Recovered": 21, "Active": 157, "Date": "2020-03-24T00:00:00Z"}, {"Country": "Hungary", "CountryCode": "", "Province": "", "City": "", "CityCode": "", "Lat": "0", "Lon": "0", "Confirmed": 226, "Deaths": 10, "Recovered": 21, "Active": 195, "Date": "2020-03-25T00:00:00Z"}, {"Country": "Hungary", "CountryCode": "", "Province": "", "City": "", "CityCode": "", "Lat": "0", "Lon": "0", "Confirmed": 261, "Deaths": 10, "Recovered": 28, "Active": 223, "Date": "2020-03-26T00:00:00Z"}, {"Country": "Hungary", "CountryCode": "", "Province": "", "City": "", "CityCode": "", "Lat": "0", "Lon": "0", "Confirmed": 300, "Deaths": 10, "Recovered": 34, "Active": 256, "Date": "2020-03-27T00:00:00Z"}, {"Country": "Hungary", "CountryCode": "", "Province": "", "City": "", "CityCode": "", "Lat": "0", "Lon": "0", "Confirmed": 343, "Deaths": 11, "Recovered": 34, "Active": 298, "Date": "2020-03-28T00:00:00Z"}, {"Country": "Hungary", "CountryCode": "", "Province": "", "City": "", "CityCode": "", "Lat": "0", "Lon": "0", "Confirmed": 408, "Deaths": 13, "Recovered": 34, "Active": 361, "Date": "2020-03-29T00:00:00Z"}, {"Country": "Hungary", "CountryCode": "", "Province": "", "City": "", "CityCode": "", "Lat": "0", "Lon": "0", "Confirmed": 447, "Deaths": 15, "Recovered": 34, "Active": 398, "Date": "2020-03-30T00:00:00Z"}, {"Country": "Hungary", "CountryCode": "", "Province": "", "City": "", "CityCode": "", "Lat": "0", "Lon": "0", "Confirmed": 492, "Deaths": 16, "Recovered": 37, "Active": 439, "Date": "2020-03-31T00:00:00Z"}, {"Country": "Hungary", "CountryCode": "", "Province": "", "City": "", "CityCode": "", "Lat": "0", "Lon": "0", "Confirmed": 525, "Deaths": 20, "Recovered": 40, "Active": 465, "Date": "2020-04-01T00:00:00Z"}, {"Country": "Hungary", "CountryCode": "", "Province": "", "City": "", "CityCode": "", "Lat": "0", "Lon": "0", "Confirmed": 585, "Deaths": 21, "Recovered": 42, "Active": 522, "Date": "2020-04-02T00:00:00Z"}, {"Country": "Hungary", "CountryCode": "", "Province": "", "City": "", "CityCode": "", "Lat": "0", "Lon": "0", "Confirmed": 623, "Deaths": 26, "Recovered": 43, "Active": 554, "Date": "2020-04-03T00:00:00Z"}, {"Country": "Hungary", "CountryCode": "", "Province": "", "City": "", "CityCode": "", "Lat": "0", "Lon": "0", "Confirmed": 678, "Deaths": 32, "Recovered": 58, "Active": 588, "Date": "2020-04-04T00:00:00Z"}, {"Country": "Hungary", "CountryCode": "", "Province": "", "City": "", "CityCode": "", "Lat": "0", "Lon": "0", "Confirmed": 733, "Deaths": 34, "Recovered": 66, "Active": 633, "Date": "2020-04-05T00:00:00Z"}, {"Country": "Hungary", "CountryCode": "", "Province": "", "City": "", "CityCode": "", "Lat": "0", "Lon": "0", "Confirmed": 744, "Deaths": 38, "Recovered": 67, "Active": 639, "Date": "2020-04-06T00:00:00Z"}, {"Country": "Hungary", "CountryCode": "", "Province": "", "City": "", "CityCode": "", "Lat": "0", "Lon": "0", "Confirmed": 817, "Deaths": 47, "Recovered": 71, "Active": 699, "Date": "2020-04-07T00:00:00Z"}, {"Country": "Hungary", "CountryCode": "", "Province": "", "City": "", "CityCode": "", "Lat": "0", "Lon": "0", "Confirmed": 895, "Deaths": 58, "Recovered": 94, "Active": 743, "Date": "2020-04-08T00:00:00Z"}, {"Country": "Hungary", "CountryCode": "", "Province": "", "City": "", "CityCode": "", "Lat": "0", "Lon": "0", "Confirmed": 980, "Deaths": 66, "Recovered": 96, "Active": 818, "Date": "2020-04-09T00:00:00Z"}, {"Country": "Hungary", "CountryCode": "", "Province": "", "City": "", "CityCode": "", "Lat": "0", "Lon": "0", "Confirmed": 1190, "Deaths": 77, "Recovered": 112, "Active": 1001, "Date": "2020-04-10T00:00:00Z"}, {"Country": "Hungary", "CountryCode": "", "Province": "", "City": "", "CityCode": "", "Lat": "0", "Lon": "0", "Confirmed": 1310, "Deaths": 85, "Recovered": 115, "Active": 1110, "Date": "2020-04-11T00:00:00Z"}, {"Country": "Hungary", "CountryCode": "", "Province": "", "City": "", "CityCode": "", "Lat": "0", "Lon": "0", "Confirmed": 1410, "Deaths": 99, "Recovered": 118, "Active": 1193, "Date": "2020-04-12T00:00:00Z"}, {"Country": "Hungary", "CountryCode": "", "Province": "", "City": "", "CityCode": "", "Lat": "0", "Lon": "0", "Confirmed": 1458, "Deaths": 109, "Recovered": 120, "Active": 1229, "Date": "2020-04-13T00:00:00Z"}, {"Country": "Hungary", "CountryCode": "", "Province": "", "City": "", "CityCode": "", "Lat": "0", "Lon": "0", "Confirmed": 1512, "Deaths": 122, "Recovered": 122, "Active": 1268, "Date": "2020-04-14T00:00:00Z"}, {"Country": "Hungary", "CountryCode": "", "Province": "", "City": "", "CityCode": "", "Lat": "0", "Lon": "0", "Confirmed": 1579, "Deaths": 134, "Recovered": 192, "Active": 1253, "Date": "2020-04-15T00:00:00Z"}, {"Country": "Hungary", "CountryCode": "", "Province": "", "City": "", "CityCode": "", "Lat": "0", "Lon": "0", "Confirmed": 1652, "Deaths": 142, "Recovered": 199, "Active": 1311, "Date": "2020-04-16T00:00:00Z"}, {"Country": "Hungary", "CountryCode": "", "Province": "", "City": "", "CityCode": "", "Lat": "0", "Lon": "0", "Confirmed": 1763, "Deaths": 156, "Recovered": 207, "Active": 1400, "Date": "2020-04-17T00:00:00Z"}, {"Country": "Hungary", "CountryCode": "", "Province": "", "City": "", "CityCode": "", "Lat": "0", "Lon": "0", "Confirmed": 1834, "Deaths": 172, "Recovered": 231, "Active": 1431, "Date": "2020-04-18T00:00:00Z"}, {"Country": "Hungary", "CountryCode": "", "Province": "", "City": "", "CityCode": "", "Lat": "0", "Lon": "0", "Confirmed": 1916, "Deaths": 189, "Recovered": 250, "Active": 1477, "Date": "2020-04-19T00:00:00Z"}, {"Country": "Hungary", "CountryCode": "", "Province": "", "City": "", "CityCode": "", "Lat": "0", "Lon": "0", "Confirmed": 1984, "Deaths": 199, "Recovered": 267, "Active": 1518, "Date": "2020-04-20T00:00:00Z"}, {"Country": "Hungary", "CountryCode": "", "Province": "", "City": "", "CityCode": "", "Lat": "0", "Lon": "0", "Confirmed": 2098, "Deaths": 213, "Recovered": 287, "Active": 1598, "Date": "2020-04-21T00:00:00Z"}, {"Country": "Hungary", "CountryCode": "", "Province": "", "City": "", "CityCode": "", "Lat": "0", "Lon": "0", "Confirmed": 2168, "Deaths": 225, "Recovered": 295, "Active": 1648, "Date": "2020-04-22T00:00:00Z"}, {"Country": "Hungary", "CountryCode": "", "Province": "", "City": "", "CityCode": "", "Lat": "0", "Lon": "0", "Confirmed": 2284, "Deaths": 239, "Recovered": 390, "Active": 1655, "Date": "2020-04-23T00:00:00Z"}, {"Country": "Hungary", "CountryCode": "", "Province": "", "City": "", "CityCode": "", "Lat": "0", "Lon": "0", "Confirmed": 2443, "Deaths": 262, "Recovered": 458, "Active": 1723, "Date": "2020-04-24T00:00:00Z"}, {"Country": "Hungary", "CountryCode": "", "Province": "", "City": "", "CityCode": "", "Lat": "0", "Lon": "0", "Confirmed": 2443, "Deaths": 262, "Recovered": 458, "Active": 1723, "Date": "2020-04-25T00:00:00Z"}, {"Country": "Hungary", "CountryCode": "", "Province": "", "City": "", "CityCode": "", "Lat": "0", "Lon": "0", "Confirmed": 2500, "Deaths": 272, "Recovered": 485, "Active": 1743, "Date": "2020-04-26T00:00:00Z"}, {"Country": "Hungary", "CountryCode": "", "Province": "", "City": "", "CityCode": "", "Lat": "0", "Lon": "0", "Confirmed": 2583, "Deaths": 280, "Recovered": 498, "Active": 1805, "Date": "2020-04-27T00:00:00Z"}, {"Country": "Hungary", "CountryCode": "", "Province": "", "City": "", "CityCode": "", "Lat": "0", "Lon": "0", "Confirmed": 2649, "Deaths": 291, "Recovered": 516, "Active": 1842, "Date": "2020-04-28T00:00:00Z"}, {"Country": "Hungary", "CountryCode": "", "Province": "", "City": "", "CityCode": "", "Lat": "0", "Lon": "0", "Confirmed": 2727, "Deaths": 300, "Recovered": 536, "Active": 1891, "Date": "2020-04-29T00:00:00Z"}, {"Country": "Hungary", "CountryCode": "", "Province": "", "City": "", "CityCode": "", "Lat": "0", "Lon": "0", "Confirmed": 2775, "Deaths": 312, "Recovered": 581, "Active": 1882, "Date": "2020-04-30T00:00:00Z"}, {"Country": "Hungary", "CountryCode": "", "Province": "", "City": "", "CityCode": "", "Lat": "0", "Lon": "0", "Confirmed": 2863, "Deaths": 323, "Recovered": 609, "Active": 1931, "Date": "2020-05-01T00:00:00Z"}, {"Country": "Hungary", "CountryCode": "", "Province": "", "City": "", "CityCode": "", "Lat": "0", "Lon": "0", "Confirmed": 2942, "Deaths": 335, "Recovered": 625, "Active": 1982, "Date": "2020-05-02T00:00:00Z"}, {"Country": "Hungary", "CountryCode": "", "Province": "", "City": "", "CityCode": "", "Lat": "0", "Lon": "0", "Confirmed": 2998, "Deaths": 340, "Recovered": 629, "Active": 2029, "Date": "2020-05-03T00:00:00Z"}, {"Country": "Hungary", "CountryCode": "", "Province": "", "City": "", "CityCode": "", "Lat": "0", "Lon": "0", "Confirmed": 3035, "Deaths": 351, "Recovered": 630, "Active": 2054, "Date": "2020-05-04T00:00:00Z"}, {"Country": "Hungary", "CountryCode": "", "Province": "", "City": "", "CityCode": "", "Lat": "0", "Lon": "0", "Confirmed": 3065, "Deaths": 363, "Recovered": 709, "Active": 1993, "Date": "2020-05-05T00:00:00Z"}, {"Country": "Hungary", "CountryCode": "", "Province": "", "City": "", "CityCode": "", "Lat": "0", "Lon": "0", "Confirmed": 3111, "Deaths": 373, "Recovered": 759, "Active": 1979, "Date": "2020-05-06T00:00:00Z"}, {"Country": "Hungary", "CountryCode": "", "Province": "", "City": "", "CityCode": "", "Lat": "0", "Lon": "0", "Confirmed": 3150, "Deaths": 383, "Recovered": 801, "Active": 1966, "Date": "2020-05-07T00:00:00Z"}, {"Country": "Hungary", "CountryCode": "", "Province": "", "City": "", "CityCode": "", "Lat": "0", "Lon": "0", "Confirmed": 3178, "Deaths": 392, "Recovered": 865, "Active": 1921, "Date": "2020-05-08T00:00:00Z"}, {"Country": "Hungary", "CountryCode": "", "Province": "", "City": "", "CityCode": "", "Lat": "0", "Lon": "0", "Confirmed": 3213, "Deaths": 405, "Recovered": 904, "Active": 1904, "Date": "2020-05-09T00:00:00Z"}, {"Country": "Hungary", "CountryCode": "", "Province": "", "City": "", "CityCode": "", "Lat": "0", "Lon": "0", "Confirmed": 3263, "Deaths": 413, "Recovered": 933, "Active": 1917, "Date": "2020-05-10T00:00:00Z"}, {"Country": "Hungary", "CountryCode": "", "Province": "", "City": "", "CityCode": "", "Lat": "0", "Lon": "0", "Confirmed": 3284, "Deaths": 421, "Recovered": 958, "Active": 1905, "Date": "2020-05-11T00:00:00Z"}, {"Country": "Hungary", "CountryCode": "", "Province": "", "City": "", "CityCode": "", "Lat": "0", "Lon": "0", "Confirmed": 3313, "Deaths": 425, "Recovered": 1007, "Active": 1881, "Date": "2020-05-12T00:00:00Z"}, {"Country": "Hungary", "CountryCode": "", "Province": "", "City": "", "CityCode": "", "Lat": "0", "Lon": "0", "Confirmed": 3341, "Deaths": 430, "Recovered": 1102, "Active": 1809, "Date": "2020-05-13T00:00:00Z"}, {"Country": "Hungary", "CountryCode": "", "Province": "", "City": "", "CityCode": "", "Lat": "0", "Lon": "0", "Confirmed": 3380, "Deaths": 436, "Recovered": 1169, "Active": 1775, "Date": "2020-05-14T00:00:00Z"}, {"Country": "Hungary", "CountryCode": "", "Province": "", "City": "", "CityCode": "", "Lat": "0", "Lon": "0", "Confirmed": 3417, "Deaths": 442, "Recovered": 1287, "Active": 1688, "Date": "2020-05-15T00:00:00Z"}, {"Country": "Hungary", "CountryCode": "", "Province": "", "City": "", "CityCode": "", "Lat": "0", "Lon": "0", "Confirmed": 3473, "Deaths": 448, "Recovered": 1371, "Active": 1654, "Date": "2020-05-16T00:00:00Z"}, {"Country": "Hungary", "CountryCode": "", "Province": "", "City": "", "CityCode": "", "Lat": "0", "Lon": "0", "Confirmed": 3509, "Deaths": 451, "Recovered": 1396, "Active": 1662, "Date": "2020-05-17T00:00:00Z"}, {"Country": "Hungary", "CountryCode": "", "Province": "", "City": "", "CityCode": "", "Lat": "0", "Lon": "0", "Confirmed": 3535, "Deaths": 462, "Recovered": 1400, "Active": 1673, "Date": "2020-05-18T00:00:00Z"}, {"Country": "Hungary", "CountryCode": "", "Province": "", "City": "", "CityCode": "", "Lat": "0", "Lon": "0", "Confirmed": 3556, "Deaths": 467, "Recovered": 1412, "Active": 1677, "Date": "2020-05-19T00:00:00Z"}, {"Country": "Hungary", "CountryCode": "", "Province": "", "City": "", "CityCode": "", "Lat": "0", "Lon": "0", "Confirmed": 3598, "Deaths": 470, "Recovered": 1454, "Active": 1674, "Date": "2020-05-20T00:00:00Z"}, {"Country": "Hungary", "CountryCode": "", "Province": "", "City": "", "CityCode": "", "Lat": "0", "Lon": "0", "Confirmed": 3641, "Deaths": 473, "Recovered": 1509, "Active": 1659, "Date": "2020-05-21T00:00:00Z"}, {"Country": "Hungary", "CountryCode": "", "Province": "", "City": "", "CityCode": "", "Lat": "0", "Lon": "0", "Confirmed": 3678, "Deaths": 476, "Recovered": 1587, "Active": 1615, "Date": "2020-05-22T00:00:00Z"}, {"Country": "Hungary", "CountryCode": "", "Province": "", "City": "", "CityCode": "", "Lat": "0", "Lon": "0", "Confirmed": 3713, "Deaths": 482, "Recovered": 1655, "Active": 1576, "Date": "2020-05-23T00:00:00Z"}, {"Country": "Hungary", "CountryCode": "", "Province": "", "City": "", "CityCode": "", "Lat": "0", "Lon": "0", "Confirmed": 3741, "Deaths": 486, "Recovered": 1690, "Active": 1565, "Date": "2020-05-24T00:00:00Z"}, {"Country": "Hungary", "CountryCode": "", "Province": "", "City": "", "CityCode": "", "Lat": "0", "Lon": "0", "Confirmed": 3756, "Deaths": 491, "Recovered": 1711, "Active": 1554, "Date": "2020-05-25T00:00:00Z"}, {"Country": "Hungary", "CountryCode": "", "Province": "", "City": "", "CityCode": "", "Lat": "0", "Lon": "0", "Confirmed": 3771, "Deaths": 499, "Recovered": 1836, "Active": 1436, "Date": "2020-05-26T00:00:00Z"}, {"Country": "Hungary", "CountryCode": "", "Province": "", "City": "", "CityCode": "", "Lat": "0", "Lon": "0", "Confirmed": 3793, "Deaths": 505, "Recovered": 1856, "Active": 1432, "Date": "2020-05-27T00:00:00Z"}, {"Country": "Hungary", "CountryCode": "", "Province": "", "City": "", "CityCode": "", "Lat": "0", "Lon": "0", "Confirmed": 3816, "Deaths": 509, "Recovered": 1996, "Active": 1311, "Date": "2020-05-28T00:00:00Z"}, {"Country": "Hungary", "CountryCode": "", "Province": "", "City": "", "CityCode": "", "Lat": "0", "Lon": "0", "Confirmed": 3841, "Deaths": 517, "Recovered": 2024, "Active": 1300, "Date": "2020-05-29T00:00:00Z"}, {"Country": "Hungary", "CountryCode": "", "Province": "", "City": "", "CityCode": "", "Lat": "0", "Lon": "0", "Confirmed": 3867, "Deaths": 524, "Recovered": 2142, "Active": 1201, "Date": "2020-05-30T00:00:00Z"}, {"Country": "Hungary", "CountryCode": "", "Province": "", "City": "", "CityCode": "", "Lat": "0", "Lon": "0", "Confirmed": 3876, "Deaths": 526, "Recovered": 2147, "Active": 1203, "Date": "2020-05-31T00:00:00Z"}, {"Country": "Hungary", "CountryCode": "", "Province": "", "City": "", "CityCode": "", "Lat": "0", "Lon": "0", "Confirmed": 3892, "Deaths": 527, "Recovered": 2156, "Active": 1209, "Date": "2020-06-01T00:00:00Z"}, {"Country": "Hungary", "CountryCode": "", "Province": "", "City": "", "CityCode": "", "Lat": "0", "Lon": "0", "Confirmed": 3921, "Deaths": 532, "Recovered": 2160, "Active": 1229, "Date": "2020-06-02T00:00:00Z"}, {"Country": "Hungary", "CountryCode": "", "Province": "", "City": "", "CityCode": "", "Lat": "0", "Lon": "0", "Confirmed": 3931, "Deaths": 534, "Recovered": 2190, "Active": 1207, "Date": "2020-06-03T00:00:00Z"}, {"Country": "Hungary", "CountryCode": "", "Province": "", "City": "", "CityCode": "", "Lat": "0", "Lon": "0", "Confirmed": 3954, "Deaths": 539, "Recovered": 2205, "Active": 1210, "Date": "2020-06-04T00:00:00Z"}, {"Country": "Hungary", "CountryCode": "", "Province": "", "City": "", "CityCode": "", "Lat": "0", "Lon": "0", "Confirmed": 3970, "Deaths": 542, "Recovered": 2245, "Active": 1183, "Date": "2020-06-05T00:00:00Z"}, {"Country": "Hungary", "CountryCode": "", "Province": "", "City": "", "CityCode": "", "Lat": "0", "Lon": "0", "Confirmed": 3990, "Deaths": 545, "Recovered": 2279, "Active": 1166, "Date": "2020-06-06T00:00:00Z"}, {"Country": "Hungary", "CountryCode": "", "Province": "", "City": "", "CityCode": "", "Lat": "0", "Lon": "0", "Confirmed": 4008, "Deaths": 546, "Recovered": 2279, "Active": 1183, "Date": "2020-06-07T00:00:00Z"}, {"Country": "Hungary", "CountryCode": "", "Province": "", "City": "", "CityCode": "", "Lat": "0", "Lon": "0", "Confirmed": 4014, "Deaths": 548, "Recovered": 2284, "Active": 1182, "Date": "2020-06-08T00:00:00Z"}, {"Country": "Hungary", "CountryCode": "", "Province": "", "City": "", "CityCode": "", "Lat": "0", "Lon": "0", "Confirmed": 4017, "Deaths": 550, "Recovered": 2324, "Active": 1143, "Date": "2020-06-09T00:00:00Z"}, {"Country": "Hungary", "CountryCode": "", "Province": "", "City": "", "CityCode": "", "Lat": "0", "Lon": "0", "Confirmed": 4027, "Deaths": 551, "Recovered": 2355, "Active": 1121, "Date": "2020-06-10T00:00:00Z"}, {"Country": "Hungary", "CountryCode": "", "Province": "", "City": "", "CityCode": "", "Lat": "0", "Lon": "0", "Confirmed": 4039, "Deaths": 553, "Recovered": 2391, "Active": 1095, "Date": "2020-06-11T00:00:00Z"}, {"Country": "Hungary", "CountryCode": "", "Province": "", "City": "", "CityCode": "", "Lat": "0", "Lon": "0", "Confirmed": 4053, "Deaths": 555, "Recovered": 2447, "Active": 1051, "Date": "2020-06-12T00:00:00Z"}, {"Country": "Hungary", "CountryCode": "", "Province": "", "City": "", "CityCode": "", "Lat": "0", "Lon": "0", "Confirmed": 4064, "Deaths": 559, "Recovered": 2476, "Active": 1029, "Date": "2020-06-13T00:00:00Z"}, {"Country": "Hungary", "CountryCode": "", "Province": "", "City": "", "CityCode": "", "Lat": "0", "Lon": "0", "Confirmed": 4069, "Deaths": 562, "Recovered": 2482, "Active": 1025, "Date": "2020-06-14T00:00:00Z"}, {"Country": "Hungary", "CountryCode": "", "Province": "", "City": "", "CityCode": "", "Lat": "0", "Lon": "0", "Confirmed": 4076, "Deaths": 563, "Recovered": 2485, "Active": 1028, "Date": "2020-06-15T00:00:00Z"}, {"Country": "Hungary", "CountryCode": "", "Province": "", "City": "", "CityCode": "", "Lat": "0", "Lon": "0", "Confirmed": 4077, "Deaths": 565, "Recovered": 2516, "Active": 996, "Date": "2020-06-16T00:00:00Z"}, {"Country": "Hungary", "CountryCode": "", "Province": "", "City": "", "CityCode": "", "Lat": "0", "Lon": "0", "Confirmed": 4078, "Deaths": 567, "Recovered": 2547, "Active": 964, "Date": "2020-06-17T00:00:00Z"}, {"Country": "Hungary", "CountryCode": "", "Province": "", "City": "", "CityCode": "", "Lat": "0", "Lon": "0", "Confirmed": 4079, "Deaths": 568, "Recovered": 2564, "Active": 947, "Date": "2020-06-18T00:00:00Z"}, {"Country": "Hungary", "CountryCode": "", "Province": "", "City": "", "CityCode": "", "Lat": "0", "Lon": "0", "Confirmed": 4081, "Deaths": 568, "Recovered": 2581, "Active": 932, "Date": "2020-06-19T00:00:00Z"}, {"Country": "Hungary", "CountryCode": "", "Province": "", "City": "", "CityCode": "", "Lat": "0", "Lon": "0", "Confirmed": 4086, "Deaths": 570, "Recovered": 2585, "Active": 931, "Date": "2020-06-20T00:00:00Z"}, {"Country": "Hungary", "CountryCode": "", "Province": "", "City": "", "CityCode": "", "Lat": "0", "Lon": "0", "Confirmed": 4094, "Deaths": 570, "Recovered": 2589, "Active": 935, "Date": "2020-06-21T00:00:00Z"}, {"Country": "Hungary", "CountryCode": "", "Province": "", "City": "", "CityCode": "", "Lat": "0", "Lon": "0", "Confirmed": 4102, "Deaths": 572, "Recovered": 2590, "Active": 940, "Date": "2020-06-22T00:00:00Z"}, {"Country": "Hungary", "CountryCode": "", "Province": "", "City": "", "CityCode": "", "Lat": "0", "Lon": "0", "Confirmed": 4107, "Deaths": 573, "Recovered": 2600, "Active": 934, "Date": "2020-06-23T00:00:00Z"}, {"Country": "Hungary", "CountryCode": "", "Province": "", "City": "", "CityCode": "", "Lat": "0", "Lon": "0", "Confirmed": 4114, "Deaths": 576, "Recovered": 2618, "Active": 920, "Date": "2020-06-24T00:00:00Z"}, {"Country": "Hungary", "CountryCode": "", "Province": "", "City": "", "CityCode": "", "Lat": "0", "Lon": "0", "Confirmed": 4123, "Deaths": 577, "Recovered": 2640, "Active": 906, "Date": "2020-06-25T00:00:00Z"}, {"Country": "Hungary", "CountryCode": "", "Province": "", "City": "", "CityCode": "", "Lat": "0", "Lon": "0", "Confirmed": 4127, "Deaths": 578, "Recovered": 2663, "Active": 886, "Date": "2020-06-26T00:00:00Z"}, {"Country": "Hungary", "CountryCode": "", "Province": "", "City": "", "CityCode": "", "Lat": "0", "Lon": "0", "Confirmed": 4138, "Deaths": 578, "Recovered": 2681, "Active": 879, "Date": "2020-06-27T00:00:00Z"}, {"Country": "Hungary", "CountryCode": "", "Province": "", "City": "", "CityCode": "", "Lat": "0", "Lon": "0", "Confirmed": 4142, "Deaths": 581, "Recovered": 2685, "Active": 876, "Date": "2020-06-28T00:00:00Z"}, {"Country": "Hungary", "CountryCode": "", "Province": "", "City": "", "CityCode": "", "Lat": "0", "Lon": "0", "Confirmed": 4145, "Deaths": 585, "Recovered": 2685, "Active": 875, "Date": "2020-06-29T00:00:00Z"}, {"Country": "Hungary", "CountryCode": "", "Province": "", "City": "", "CityCode": "", "Lat": "0", "Lon": "0", "Confirmed": 4155, "Deaths": 585, "Recovered": 2692, "Active": 878, "Date": "2020-06-30T00:00:00Z"}, {"Country": "Hungary", "CountryCode": "", "Province": "", "City": "", "CityCode": "", "Lat": "0", "Lon": "0", "Confirmed": 4157, "Deaths": 586, "Recovered": 2714, "Active": 857, "Date": "2020-07-01T00:00:00Z"}, {"Country": "Hungary", "CountryCode": "", "Province": "", "City": "", "CityCode": "", "Lat": "0", "Lon": "0", "Confirmed": 4166, "Deaths": 587, "Recovered": 2721, "Active": 858, "Date": "2020-07-02T00:00:00Z"}, {"Country": "Hungary", "CountryCode": "", "Province": "", "City": "", "CityCode": "", "Lat": "0", "Lon": "0", "Confirmed": 4172, "Deaths": 588, "Recovered": 2752, "Active": 832, "Date": "2020-07-03T00:00:00Z"}, {"Country": "Hungary", "CountryCode": "", "Province": "", "City": "", "CityCode": "", "Lat": "0", "Lon": "0", "Confirmed": 4174, "Deaths": 589, "Recovered": 2784, "Active": 801, "Date": "2020-07-04T00:00:00Z"}, {"Country": "Hungary", "CountryCode": "", "Province": "", "City": "", "CityCode": "", "Lat": "0", "Lon": "0", "Confirmed": 4183, "Deaths": 589, "Recovered": 2811, "Active": 783, "Date": "2020-07-05T00:00:00Z"}, {"Country": "Hungary", "CountryCode": "", "Province": "", "City": "", "CityCode": "", "Lat": "0", "Lon": "0", "Confirmed": 4189, "Deaths": 589, "Recovered": 2860, "Active": 740, "Date": "2020-07-06T00:00:00Z"}, {"Country": "Hungary", "CountryCode": "", "Province": "", "City": "", "CityCode": "", "Lat": "0", "Lon": "0", "Confirmed": 4205, "Deaths": 589, "Recovered": 2874, "Active": 742, "Date": "2020-07-07T00:00:00Z"}, {"Country": "Hungary", "CountryCode": "", "Province": "", "City": "", "CityCode": "", "Lat": "0", "Lon": "0", "Confirmed": 4210, "Deaths": 589, "Recovered": 2885, "Active": 736, "Date": "2020-07-08T00:00:00Z"}, {"Country": "Hungary", "CountryCode": "", "Province": "", "City": "", "CityCode": "", "Lat": "0", "Lon": "0", "Confirmed": 4220, "Deaths": 591, "Recovered": 2887, "Active": 742, "Date": "2020-07-09T00:00:00Z"}, {"Country": "Hungary", "CountryCode": "", "Province": "", "City": "", "CityCode": "", "Lat": "0", "Lon": "0", "Confirmed": 4223, "Deaths": 593, "Recovered": 2941, "Active": 689, "Date": "2020-07-10T00:00:00Z"}, {"Country": "Hungary", "CountryCode": "", "Province": "", "City": "", "CityCode": "", "Lat": "0", "Lon": "0", "Confirmed": 4229, "Deaths": 595, "Recovered": 2974, "Active": 660, "Date": "2020-07-11T00:00:00Z"}, {"Country": "Hungary", "CountryCode": "", "Province": "", "City": "", "CityCode": "", "Lat": "0", "Lon": "0", "Confirmed": 4234, "Deaths": 595, "Recovered": 3036, "Active": 603, "Date": "2020-07-12T00:00:00Z"}, {"Country": "Hungary", "CountryCode": "", "Province": "", "City": "", "CityCode": "", "Lat": "0", "Lon": "0", "Confirmed": 4247, "Deaths": 595, "Recovered": 3073, "Active": 579, "Date": "2020-07-13T00:00:00Z"}, {"Country": "Hungary", "CountryCode": "", "Province": "", "City": "", "CityCode": "", "Lat": "0", "Lon": "0", "Confirmed": 4258, "Deaths": 595, "Recovered": 3106, "Active": 557, "Date": "2020-07-14T00:00:00Z"}, {"Country": "Hungary", "CountryCode": "", "Province": "", "City": "", "CityCode": "", "Lat": "0", "Lon": "0", "Confirmed": 4263, "Deaths": 595, "Recovered": 3126, "Active": 542, "Date": "2020-07-15T00:00:00Z"}, {"Country": "Hungary", "CountryCode": "", "Province": "", "City": "", "CityCode": "", "Lat": "0", "Lon": "0", "Confirmed": 4279, "Deaths": 595, "Recovered": 3156, "Active": 528, "Date": "2020-07-16T00:00:00Z"}, {"Country": "Hungary", "CountryCode": "", "Province": "", "City": "", "CityCode": "", "Lat": "0", "Lon": "0", "Confirmed": 4293, "Deaths": 595, "Recovered": 3220, "Active": 478, "Date": "2020-07-17T00:00:00Z"}, {"Country": "Hungary", "CountryCode": "", "Province": "", "City": "", "CityCode": "", "Lat": "0", "Lon": "0", "Confirmed": 4315, "Deaths": 596, "Recovered": 3222, "Active": 497, "Date": "2020-07-18T00:00:00Z"}, {"Country": "Hungary", "CountryCode": "", "Province": "", "City": "", "CityCode": "", "Lat": "0", "Lon": "0", "Confirmed": 4333, "Deaths": 596, "Recovered": 3223, "Active": 514, "Date": "2020-07-19T00:00:00Z"}, {"Country": "Hungary", "CountryCode": "", "Province": "", "City": "", "CityCode": "", "Lat": "0", "Lon": "0", "Confirmed": 4339, "Deaths": 596, "Recovered": 3232, "Active": 511, "Date": "2020-07-20T00:00:00Z"}, {"Country": "Hungary", "CountryCode": "", "Province": "", "City": "", "CityCode": "", "Lat": "0", "Lon": "0", "Confirmed": 4347, "Deaths": 596, "Recovered": 3257, "Active": 494, "Date": "2020-07-21T00:00:00Z"}, {"Country": "Hungary", "CountryCode": "", "Province": "", "City": "", "CityCode": "", "Lat": "0", "Lon": "0", "Confirmed": 4366, "Deaths": 596, "Recovered": 3283, "Active": 487, "Date": "2020-07-22T00:00:00Z"}, {"Country": "Hungary", "CountryCode": "", "Province": "", "City": "", "CityCode": "", "Lat": "0", "Lon": "0", "Confirmed": 4380, "Deaths": 596, "Recovered": 3300, "Active": 484, "Date": "2020-07-23T00:00:00Z"}, {"Country": "Hungary", "CountryCode": "", "Province": "", "City": "", "CityCode": "", "Lat": "0", "Lon": "0", "Confirmed": 4398, "Deaths": 596, "Recovered": 3312, "Active": 490, "Date": "2020-07-24T00:00:00Z"}, {"Country": "Hungary", "CountryCode": "", "Province": "", "City": "", "CityCode": "", "Lat": "0", "Lon": "0", "Confirmed": 4424, "Deaths": 596, "Recovered": 3324, "Active": 504, "Date": "2020-07-25T00:00:00Z"}, {"Country": "Hungary", "CountryCode": "", "Province": "", "City": "", "CityCode": "", "Lat": "0", "Lon": "0", "Confirmed": 4435, "Deaths": 596, "Recovered": 3329, "Active": 510, "Date": "2020-07-26T00:00:00Z"}, {"Country": "Hungary", "CountryCode": "", "Province": "", "City": "", "CityCode": "", "Lat": "0", "Lon": "0", "Confirmed": 4448, "Deaths": 596, "Recovered": 3329, "Active": 523, "Date": "2020-07-27T00:00:00Z"}, {"Country": "Hungary", "CountryCode": "", "Province": "", "City": "", "CityCode": "", "Lat": "0", "Lon": "0", "Confirmed": 4456, "Deaths": 596, "Recovered": 3331, "Active": 529, "Date": "2020-07-28T00:00:00Z"}, {"Country": "Hungary", "CountryCode": "", "Province": "", "City": "", "CityCode": "", "Lat": "0", "Lon": "0", "Confirmed": 4465, "Deaths": 596, "Recovered": 3339, "Active": 530, "Date": "2020-07-29T00:00:00Z"}, {"Country": "Hungary", "CountryCode": "", "Province": "", "City": "", "CityCode": "", "Lat": "0", "Lon": "0", "Confirmed": 4484, "Deaths": 596, "Recovered": 3346, "Active": 542, "Date": "2020-07-30T00:00:00Z"}, {"Country": "Hungary", "CountryCode": "", "Province": "", "City": "", "CityCode": "", "Lat": "0", "Lon": "0", "Confirmed": 4505, "Deaths": 596, "Recovered": 3353, "Active": 556, "Date": "2020-07-31T00:00:00Z"}, {"Country": "Hungary", "CountryCode": "", "Province": "", "City": "", "CityCode": "", "Lat": "0", "Lon": "0", "Confirmed": 4526, "Deaths": 597, "Recovered": 3364, "Active": 565, "Date": "2020-08-01T00:00:00Z"}, {"Country": "Hungary", "CountryCode": "", "Province": "", "City": "", "CityCode": "", "Lat": "0", "Lon": "0", "Confirmed": 4535, "Deaths": 597, "Recovered": 3389, "Active": 549, "Date": "2020-08-02T00:00:00Z"}, {"Country": "Hungary", "CountryCode": "", "Province": "", "City": "", "CityCode": "", "Lat": "0", "Lon": "0", "Confirmed": 4544, "Deaths": 597, "Recovered": 3413, "Active": 534, "Date": "2020-08-03T00:00:00Z"}, {"Country": "Hungary", "CountryCode": "", "Province": "", "City": "", "CityCode": "", "Lat": "0", "Lon": "0", "Confirmed": 4553, "Deaths": 598, "Recovered": 3415, "Active": 540, "Date": "2020-08-04T00:00:00Z"}, {"Country": "Hungary", "CountryCode": "", "Province": "", "City": "", "CityCode": "", "Lat": "0", "Lon": "0", "Confirmed": 4564, "Deaths": 599, "Recovered": 3431, "Active": 534, "Date": "2020-08-05T00:00:00Z"}, {"Country": "Hungary", "CountryCode": "", "Province": "", "City": "", "CityCode": "", "Lat": "0", "Lon": "0", "Confirmed": 4597, "Deaths": 600, "Recovered": 3463, "Active": 534, "Date": "2020-08-06T00:00:00Z"}, {"Country": "Hungary", "CountryCode": "", "Province": "", "City": "", "CityCode": "", "Lat": "0", "Lon": "0", "Confirmed": 4621, "Deaths": 602, "Recovered": 3464, "Active": 555, "Date": "2020-08-07T00:00:00Z"}, {"Country": "Hungary", "CountryCode": "", "Province": "", "City": "", "CityCode": "", "Lat": "0", "Lon": "0", "Confirmed": 4653, "Deaths": 602, "Recovered": 3491, "Active": 560, "Date": "2020-08-08T00:00:00Z"}, {"Country": "Hungary", "CountryCode": "", "Province": "", "City": "", "CityCode": "", "Lat": "0", "Lon": "0", "Confirmed": 4696, "Deaths": 602, "Recovered": 3499, "Active": 595, "Date": "2020-08-09T00:00:00Z"}, {"Country": "Hungary", "CountryCode": "", "Province": "", "City": "", "CityCode": "", "Lat": "0", "Lon": "0", "Confirmed": 4731, "Deaths": 605, "Recovered": 3525, "Active": 601, "Date": "2020-08-10T00:00:00Z"}, {"Country": "Hungary", "CountryCode": "", "Province": "", "City": "", "CityCode": "", "Lat": "0", "Lon": "0", "Confirmed": 4746, "Deaths": 605, "Recovered": 3527, "Active": 614, "Date": "2020-08-11T00:00:00Z"}, {"Country": "Hungary", "CountryCode": "", "Province": "", "City": "", "CityCode": "", "Lat": "0", "Lon": "0", "Confirmed": 4768, "Deaths": 605, "Recovered": 3529, "Active": 634, "Date": "2020-08-12T00:00:00Z"}, {"Country": "Hungary", "CountryCode": "", "Province": "", "City": "", "CityCode": "", "Lat": "0", "Lon": "0", "Confirmed": 4813, "Deaths": 607, "Recovered": 3561, "Active": 645, "Date": "2020-08-13T00:00:00Z"}, {"Country": "Hungary", "CountryCode": "", "Province": "", "City": "", "CityCode": "", "Lat": "0", "Lon": "0", "Confirmed": 4853, "Deaths": 607, "Recovered": 3590, "Active": 656, "Date": "2020-08-14T00:00:00Z"}, {"Country": "Hungary", "CountryCode": "", "Province": "", "City": "", "CityCode": "", "Lat": "0", "Lon": "0", "Confirmed": 4877, "Deaths": 607, "Recovered": 3606, "Active": 664, "Date": "2020-08-15T00:00:00Z"}, {"Country": "Hungary", "CountryCode": "", "Province": "", "City": "", "CityCode": "", "Lat": "0", "Lon": "0", "Confirmed": 4916, "Deaths": 608, "Recovered": 3623, "Active": 685, "Date": "2020-08-16T00:00:00Z"}, {"Country": "Hungary", "CountryCode": "", "Province": "", "City": "", "CityCode": "", "Lat": "0", "Lon": "0", "Confirmed": 4946, "Deaths": 608, "Recovered": 3630, "Active": 708, "Date": "2020-08-17T00:00:00Z"}, {"Country": "Hungary", "CountryCode": "", "Province": "", "City": "", "CityCode": "", "Lat": "0", "Lon": "0", "Confirmed": 4970, "Deaths": 609, "Recovered": 3631, "Active": 730, "Date": "2020-08-18T00:00:00Z"}, {"Country": "Hungary", "CountryCode": "", "Province": "", "City": "", "CityCode": "", "Lat": "0", "Lon": "0", "Confirmed": 5002, "Deaths": 609, "Recovered": 3665, "Active": 728, "Date": "2020-08-19T00:00:00Z"}, {"Country": "Hungary", "CountryCode": "", "Province": "", "City": "", "CityCode": "", "Lat": "0", "Lon": "0", "Confirmed": 5046, "Deaths": 609, "Recovered": 3678, "Active": 759, "Date": "2020-08-20T00:00:00Z"}, {"Country": "Hungary", "CountryCode": "", "Province": "", "City": "", "CityCode": "", "Lat": "0", "Lon": "0", "Confirmed": 5098, "Deaths": 611, "Recovered": 3681, "Active": 806, "Date": "2020-08-21T00:00:00Z"}, {"Country": "Hungary", "CountryCode": "", "Province": "", "City": "", "CityCode": "", "Lat": "0", "Lon": "0", "Confirmed": 5133, "Deaths": 611, "Recovered": 3692, "Active": 830, "Date": "2020-08-22T00:00:00Z"}, {"Country": "Hungary", "CountryCode": "", "Province": "", "City": "", "CityCode": "", "Lat": "0", "Lon": "0", "Confirmed": 5155, "Deaths": 613, "Recovered": 3695, "Active": 847, "Date": "2020-08-23T00:00:00Z"}, {"Country": "Hungary", "CountryCode": "", "Province": "", "City": "", "CityCode": "", "Lat": "0", "Lon": "0", "Confirmed": 5191, "Deaths": 613, "Recovered": 3695, "Active": 883, "Date": "2020-08-24T00:00:00Z"}, {"Country": "Hungary", "CountryCode": "", "Province": "", "City": "", "CityCode": "", "Lat": "0", "Lon": "0", "Confirmed": 5215, "Deaths": 614, "Recovered": 3716, "Active": 885, "Date": "2020-08-25T00:00:00Z"}, {"Country": "Hungary", "CountryCode": "", "Province": "", "City": "", "CityCode": "", "Lat": "0", "Lon": "0", "Confirmed": 5288, "Deaths": 614, "Recovered": 3734, "Active": 940, "Date": "2020-08-26T00:00:00Z"}, {"Country": "Hungary", "CountryCode": "", "Province": "", "City": "", "CityCode": "", "Lat": "0", "Lon": "0", "Confirmed": 5379, "Deaths": 614, "Recovered": 3757, "Active": 1008, "Date": "2020-08-27T00:00:00Z"}, {"Country": "Hungary", "CountryCode": "", "Province": "", "City": "", "CityCode": "", "Lat": "0", "Lon": "0", "Confirmed": 5511, "Deaths": 614, "Recovered": 3759, "Active": 1138, "Date": "2020-08-28T00:00:00Z"}, {"Country": "Hungary", "CountryCode": "", "Province": "", "City": "", "CityCode": "", "Lat": "0", "Lon": "0", "Confirmed": 5669, "Deaths": 614, "Recovered": 3759, "Active": 1296, "Date": "2020-08-29T00:00:00Z"}, {"Country": "Hungary", "CountryCode": "", "Province": "", "City": "", "CityCode": "", "Lat": "0", "Lon": "0", "Confirmed": 5961, "Deaths": 614, "Recovered": 3759, "Active": 1588, "Date": "2020-08-30T00:00:00Z"}, {"Country": "Hungary", "CountryCode": "", "Province": "", "City": "", "CityCode": "", "Lat": "0", "Lon": "0", "Confirmed": 6139, "Deaths": 615, "Recovered": 3761, "Active": 1763, "Date": "2020-08-31T00:00:00Z"}, {"Country": "Hungary", "CountryCode": "", "Province": "", "City": "", "CityCode": "", "Lat": "0", "Lon": "0", "Confirmed": 6257, "Deaths": 616, "Recovered": 3821, "Active": 1820, "Date": "2020-09-01T00:00:00Z"}, {"Country": "Hungary", "CountryCode": "", "Province": "", "City": "", "CityCode": "", "Lat": "0", "Lon": "0", "Confirmed": 6622, "Deaths": 619, "Recovered": 3903, "Active": 2100, "Date": "2020-09-02T00:00:00Z"}, {"Country": "Hungary", "CountryCode": "", "Province": "", "City": "", "CityCode": "", "Lat": "0", "Lon": "0", "Confirmed": 6923, "Deaths": 620, "Recovered": 3930, "Active": 2373, "Date": "2020-09-03T00:00:00Z"}, {"Country": "Hungary", "CountryCode": "", "Province": "", "City": "", "CityCode": "", "Lat": "0", "Lon": "0", "Confirmed": 7382, "Deaths": 621, "Recovered": 3944, "Active": 2817, "Date": "2020-09-04T00:00:00Z"}, {"Country": "Hungary", "CountryCode": "", "Province": "", "City": "", "CityCode": "", "Lat": "0", "Lon": "0", "Confirmed": 7892, "Deaths": 624, "Recovered": 3952, "Active": 3316, "Date": "2020-09-05T00:00:00Z"}, {"Country": "Hungary", "CountryCode": "", "Province": "", "City": "", "CityCode": "", "Lat": "0", "Lon": "0", "Confirmed": 8387, "Deaths": 624, "Recovered": 3958, "Active": 3805, "Date": "2020-09-06T00:00:00Z"}, {"Country": "Hungary", "CountryCode": "", "Province": "", "City": "", "CityCode": "", "Lat": "0", "Lon": "0", "Confirmed": 8963, "Deaths": 625, "Recovered": 3961, "Active": 4377, "Date": "2020-09-07T00:00:00Z"}, {"Country": "Hungary", "CountryCode": "", "Province": "", "City": "", "CityCode": "", "Lat": "0", "Lon": "0", "Confirmed": 9304, "Deaths": 626, "Recovered": 3972, "Active": 4706, "Date": "2020-09-08T00:00:00Z"}, {"Country": "Hungary", "CountryCode": "", "Province": "", "City": "", "CityCode": "", "Lat": "0", "Lon": "0", "Confirmed": 9715, "Deaths": 628, "Recovered": 3984, "Active": 5103, "Date": "2020-09-09T00:00:00Z"}, {"Country": "Hungary", "CountryCode": "", "Province": "", "City": "", "CityCode": "", "Lat": "0", "Lon": "0", "Confirmed": 10191, "Deaths": 630, "Recovered": 3990, "Active": 5571, "Date": "2020-09-10T00:00:00Z"}, {"Country": "Hungary", "CountryCode": "", "Province": "", "City": "", "CityCode": "", "Lat": "0", "Lon": "0", "Confirmed": 10909, "Deaths": 631, "Recovered": 4014, "Active": 6264, "Date": "2020-09-11T00:00:00Z"}, {"Country": "Hungary", "CountryCode": "", "Province": "", "City": "", "CityCode": "", "Lat": "0", "Lon": "0", "Confirmed": 11825, "Deaths": 633, "Recovered": 4058, "Active": 7134, "Date": "2020-09-12T00:00:00Z"}, {"Country": "Hungary", "CountryCode": "", "Province": "", "City": "", "CityCode": "", "Lat": "0", "Lon": "0", "Confirmed": 12309, "Deaths": 637, "Recovered": 4069, "Active": 7603, "Date": "2020-09-13T00:00:00Z"}, {"Country": "Hungary", "CountryCode": "", "Province": "", "City": "", "CityCode": "", "Lat": "0", "Lon": "0", "Confirmed": 13153, "Deaths": 642, "Recovered": 4117, "Active": 8394, "Date": "2020-09-14T00:00:00Z"}, {"Country": "Hungary", "CountryCode": "", "Province": "", "City": "", "CityCode": "", "Lat": "0", "Lon": "0", "Confirmed": 13879, "Deaths": 646, "Recovered": 4130, "Active": 9103, "Date": "2020-09-15T00:00:00Z"}, {"Country": "Hungary", "CountryCode": "", "Province": "", "City": "", "CityCode": "", "Lat": "0", "Lon": "0", "Confirmed": 14460, "Deaths": 654, "Recovered": 4153, "Active": 9653, "Date": "2020-09-16T00:00:00Z"}, {"Country": "Hungary", "CountryCode": "", "Province": "", "City": "", "CityCode": "", "Lat": "0", "Lon": "0", "Confirmed": 15170, "Deaths": 663, "Recovered": 4227, "Active": 10280, "Date": "2020-09-17T00:00:00Z"}, {"Country": "Hungary", "CountryCode": "", "Province": "", "City": "", "CityCode": "", "Lat": "0", "Lon": "0", "Confirmed": 16111, "Deaths": 669, "Recovered": 4240, "Active": 11202, "Date": "2020-09-18T00:00:00Z"}, {"Country": "Hungary", "CountryCode": "", "Province": "", "City": "", "CityCode": "", "Lat": "0", "Lon": "0", "Confirmed": 16920, "Deaths": 675, "Recovered": 4382, "Active": 11863, "Date": "2020-09-19T00:00:00Z"}, {"Country": "Hungary", "CountryCode": "", "Province": "", "City": "", "CityCode": "", "Lat": "0", "Lon": "0", "Confirmed": 17990, "Deaths": 683, "Recovered": 4391, "Active": 12916, "Date": "2020-09-20T00:00:00Z"}, {"Country": "Hungary", "CountryCode": "", "Province": "", "City": "", "CityCode": "", "Lat": "0", "Lon": "0", "Confirmed": 18866, "Deaths": 686, "Recovered": 4401, "Active": 13779, "Date": "2020-09-21T00:00:00Z"}, {"Country": "Hungary", "CountryCode": "", "Province": "", "City": "", "CityCode": "", "Lat": "0", "Lon": "0", "Confirmed": 19499, "Deaths": 694, "Recovered": 4559, "Active": 14246, "Date": "2020-09-22T00:00:00Z"}, {"Country": "Hungary", "CountryCode": "", "Province": "", "City": "", "CityCode": "", "Lat": "0", "Lon": "0", "Confirmed": 20450, "Deaths": 702, "Recovered": 4644, "Active": 15104, "Date": "2020-09-23T00:00:00Z"}, {"Country": "Hungary", "CountryCode": "", "Province": "", "City": "", "CityCode": "", "Lat": "0", "Lon": "0", "Confirmed": 21200, "Deaths": 709, "Recovered": 4818, "Active": 15673, "Date": "2020-09-24T00:00:00Z"}, {"Country": "Hungary", "CountryCode": "", "Province": "", "City": "", "CityCode": "", "Lat": "0", "Lon": "0", "Confirmed": 22127, "Deaths": 718, "Recovered": 4945, "Active": 16464, "Date": "2020-09-25T00:00:00Z"}, {"Country": "Hungary", "CountryCode": "", "Province": "", "City": "", "CityCode": "", "Lat": "0", "Lon": "0", "Confirmed": 23077, "Deaths": 730, "Recovered": 5099, "Active": 17248, "Date": "2020-09-26T00:00:00Z"}, {"Country": "Hungary", "CountryCode": "", "Province": "", "City": "", "CityCode": "", "Lat": "0", "Lon": "0", "Confirmed": 24014, "Deaths": 736, "Recovered": 5141, "Active": 18137, "Date": "2020-09-27T00:00:00Z"}, {"Country": "Hungary", "CountryCode": "", "Province": "", "City": "", "CityCode": "", "Lat": "0", "Lon": "0", "Confirmed": 24716, "Deaths": 749, "Recovered": 5152, "Active": 18815, "Date": "2020-09-28T00:00:00Z"}, {"Country": "Hungary", "CountryCode": "", "Province": "", "City": "", "CityCode": "", "Lat": "0", "Lon": "0", "Confirmed": 25567, "Deaths": 757, "Recovered": 5173, "Active": 19637, "Date": "2020-09-29T00:00:00Z"}, {"Country": "Hungary", "CountryCode": "", "Province": "", "City": "", "CityCode": "", "Lat": "0", "Lon": "0", "Confirmed": 26461, "Deaths": 765, "Recovered": 5890, "Active": 19806, "Date": "2020-09-30T00:00:00Z"}, {"Country": "Hungary", "CountryCode": "", "Province": "", "City": "", "CityCode": "", "Lat": "0", "Lon": "0", "Confirmed": 27309, "Deaths": 781, "Recovered": 6118, "Active": 20410, "Date": "2020-10-01T00:00:00Z"}, {"Country": "Hungary", "CountryCode": "", "Province": "", "City": "", "CityCode": "", "Lat": "0", "Lon": "0", "Confirmed": 28631, "Deaths": 798, "Recovered": 6349, "Active": 21484, "Date": "2020-10-02T00:00:00Z"}, {"Country": "Hungary", "CountryCode": "", "Province": "", "City": "", "CityCode": "", "Lat": "0", "Lon": "0", "Confirmed": 29717, "Deaths": 812, "Recovered": 6824, "Active": 22081, "Date": "2020-10-03T00:00:00Z"}, {"Country": "Hungary", "CountryCode": "", "Province": "", "City": "", "CityCode": "", "Lat": "0", "Lon": "0", "Confirmed": 30575, "Deaths": 822, "Recovered": 7470, "Active": 22283, "Date": "2020-10-04T00:00:00Z"}, {"Country": "Hungary", "CountryCode": "", "Province": "", "City": "", "CityCode": "", "Lat": "0", "Lon": "0", "Confirmed": 31480, "Deaths": 833, "Recovered": 8165, "Active": 22482, "Date": "2020-10-05T00:00:00Z"}, {"Country": "Hungary", "CountryCode": "", "Province": "", "City": "", "CityCode": "", "Lat": "0", "Lon": "0", "Confirmed": 32298, "Deaths": 853, "Recovered": 8723, "Active": 22722, "Date": "2020-10-06T00:00:00Z"}, {"Country": "Hungary", "CountryCode": "", "Province": "", "City": "", "CityCode": "", "Lat": "0", "Lon": "0", "Confirmed": 33114, "Deaths": 877, "Recovered": 9149, "Active": 23088, "Date": "2020-10-07T00:00:00Z"}, {"Country": "Hungary", "CountryCode": "", "Province": "", "City": "", "CityCode": "", "Lat": "0", "Lon": "0", "Confirmed": 34046, "Deaths": 898, "Recovered": 9187, "Active": 23961, "Date": "2020-10-08T00:00:00Z"}, {"Country": "Hungary", "CountryCode": "", "Province": "", "City": "", "CityCode": "", "Lat": "0", "Lon": "0", "Confirmed": 35222, "Deaths": 913, "Recovered": 9202, "Active": 25107, "Date": "2020-10-09T00:00:00Z"}, {"Country": "Hungary", "CountryCode": "", "Province": "", "City": "", "CityCode": "", "Lat": "0", "Lon": "0", "Confirmed": 36596, "Deaths": 933, "Recovered": 9683, "Active": 25980, "Date": "2020-10-10T00:00:00Z"}, {"Country": "Hungary", "CountryCode": "", "Province": "", "City": "", "CityCode": "", "Lat": "0", "Lon": "0", "Confirmed": 37664, "Deaths": 954, "Recovered": 10848, "Active": 25862, "Date": "2020-10-11T00:00:00Z"}, {"Country": "Hungary", "CountryCode": "", "Province": "", "City": "", "CityCode": "", "Lat": "0", "Lon": "0", "Confirmed": 38837, "Deaths": 968, "Recovered": 11037, "Active": 26832, "Date": "2020-10-12T00:00:00Z"}, {"Country": "Hungary", "CountryCode": "", "Province": "", "City": "", "CityCode": "", "Lat": "0", "Lon": "0", "Confirmed": 39862, "Deaths": 996, "Recovered": 11753, "Active": 27113, "Date": "2020-10-13T00:00:00Z"}, {"Country": "Hungary", "CountryCode": "", "Province": "", "City": "", "CityCode": "", "Lat": "0", "Lon": "0", "Confirmed": 40782, "Deaths": 1023, "Recovered": 12164, "Active": 27595, "Date": "2020-10-14T00:00:00Z"}, {"Country": "Hungary", "CountryCode": "", "Province": "", "City": "", "CityCode": "", "Lat": "0", "Lon": "0", "Confirmed": 41732, "Deaths": 1052, "Recovered": 12628, "Active": 28052, "Date": "2020-10-15T00:00:00Z"}, {"Country": "Hungary", "CountryCode": "", "Province": "", "City": "", "CityCode": "", "Lat": "0", "Lon": "0", "Confirmed": 43025, "Deaths": 1085, "Recovered": 13134, "Active": 28806, "Date": "2020-10-16T00:00:00Z"}, {"Country": "Hungary", "CountryCode": "", "Province": "", "City": "", "CityCode": "", "Lat": "0", "Lon": "0", "Confirmed": 44816, "Deaths": 1109, "Recovered": 13580, "Active": 30127, "Date": "2020-10-17T00:00:00Z"}, {"Country": "Hungary", "CountryCode": "", "Province": "", "City": "", "CityCode": "", "Lat": "0", "Lon": "0", "Confirmed": 46290, "Deaths": 1142, "Recovered": 14088, "Active": 31060, "Date": "2020-10-18T00:00:00Z"}, {"Country": "Hungary", "CountryCode": "", "Province": "", "City": "", "CityCode": "", "Lat": "0", "Lon": "0", "Confirmed": 47768, "Deaths": 1173, "Recovered": 14312, "Active": 32283, "Date": "2020-10-19T00:00:00Z"}, {"Country": "Hungary", "CountryCode": "", "Province": "", "City": "", "CityCode": "", "Lat": "0", "Lon": "0", "Confirmed": 48757, "Deaths": 1211, "Recovered": 14637, "Active": 32909, "Date": "2020-10-20T00:00:00Z"}, {"Country": "Hungary", "CountryCode": "", "Province": "", "City": "", "CityCode": "", "Lat": "0", "Lon": "0", "Confirmed": 50180, "Deaths": 1259, "Recovered": 14905, "Active": 34016, "Date": "2020-10-21T00:00:00Z"}, {"Country": "Hungary", "CountryCode": "", "Province": "", "City": "", "CityCode": "", "Lat": "0", "Lon": "0", "Confirmed": 52212, "Deaths": 1305, "Recovered": 15254, "Active": 35653, "Date": "2020-10-22T00:00:00Z"}, {"Country": "Hungary", "CountryCode": "", "Province": "", "City": "", "CityCode": "", "Lat": "0", "Lon": "0", "Confirmed": 54278, "Deaths": 1352, "Recovered": 15655, "Active": 37271, "Date": "2020-10-23T00:00:00Z"}, {"Country": "Hungary", "CountryCode": "", "Province": "", "City": "", "CityCode": "", "Lat": "0", "Lon": "0", "Confirmed": 56098, "Deaths": 1390, "Recovered": 16007, "Active": 38701, "Date": "2020-10-24T00:00:00Z"}, {"Country": "Hungary", "CountryCode": "", "Province": "", "City": "", "CityCode": "", "Lat": "0", "Lon": "0", "Confirmed": 59247, "Deaths": 1425, "Recovered": 16242, "Active": 41580, "Date": "2020-10-25T00:00:00Z"}, {"Country": "Hungary", "CountryCode": "", "Province": "", "City": "", "CityCode": "", "Lat": "0", "Lon": "0", "Confirmed": 61563, "Deaths": 1472, "Recovered": 16491, "Active": 43600, "Date": "2020-10-26T00:00:00Z"}, {"Country": "Hungary", "CountryCode": "", "Province": "", "City": "", "CityCode": "", "Lat": "0", "Lon": "0", "Confirmed": 63642, "Deaths": 1535, "Recovered": 16646, "Active": 45461, "Date": "2020-10-27T00:00:00Z"}, {"Country": "Hungary", "CountryCode": "", "Province": "", "City": "", "CityCode": "", "Lat": "0", "Lon": "0", "Confirmed": 65933, "Deaths": 1578, "Recovered": 17098, "Active": 47257, "Date": "2020-10-28T00:00:00Z"}, {"Country": "Hungary", "CountryCode": "", "Province": "", "City": "", "CityCode": "", "Lat": "0", "Lon": "0", "Confirmed": 68127, "Deaths": 1634, "Recovered": 17469, "Active": 49024, "Date": "2020-10-29T00:00:00Z"}, {"Country": "Hungary", "CountryCode": "", "Province": "", "City": "", "CityCode": "", "Lat": "0", "Lon": "0", "Confirmed": 71413, "Deaths": 1699, "Recovered": 17953, "Active": 51761, "Date": "2020-10-30T00:00:00Z"}, {"Country": "Hungary", "CountryCode": "", "Province": "", "City": "", "CityCode": "", "Lat": "0", "Lon": "0", "Confirmed": 75321, "Deaths": 1750, "Recovered": 19032, "Active": 54539, "Date": "2020-10-31T00:00:00Z"}, {"Country": "Hungary", "CountryCode": "", "Province": "", "City": "", "CityCode": "", "Lat": "0", "Lon": "0", "Confirmed": 79199, "Deaths": 1819, "Recovered": 20078, "Active": 57302, "Date": "2020-11-01T00:00:00Z"}, {"Country": "Hungary", "CountryCode": "", "Province": "", "City": "", "CityCode": "", "Lat": "0", "Lon": "0", "Confirmed": 82780, "Deaths": 1889, "Recovered": 20476, "Active": 60415, "Date": "2020-11-02T00:00:00Z"}, {"Country": "Hungary", "CountryCode": "", "Province": "", "City": "", "CityCode": "", "Lat": "0", "Lon": "0", "Confirmed": 86769, "Deaths": 1973, "Recovered": 20856, "Active": 63940, "Date": "2020-11-03T00:00:00Z"}, {"Country": "Hungary", "CountryCode": "", "Province": "", "City": "", "CityCode": "", "Lat": "0", "Lon": "0", "Confirmed": 90988, "Deaths": 2063, "Recovered": 21232, "Active": 67693, "Date": "2020-11-04T00:00:00Z"}, {"Country": "Hungary", "CountryCode": "", "Province": "", "City": "", "CityCode": "", "Lat": "0", "Lon": "0", "Confirmed": 94916, "Deaths": 2147, "Recovered": 22823, "Active": 69946, "Date": "2020-11-05T00:00:00Z"}, {"Country": "Hungary", "CountryCode": "", "Province": "", "City": "", "CityCode": "", "Lat": "0", "Lon": "0", "Confirmed": 99625, "Deaths": 2250, "Recovered": 23213, "Active": 74162, "Date": "2020-11-06T00:00:00Z"}, {"Country": "Hungary", "CountryCode": "", "Province": "", "City": "", "CityCode": "", "Lat": "0", "Lon": "0", "Confirmed": 104943, "Deaths": 2357, "Recovered": 24847, "Active": 77739, "Date": "2020-11-07T00:00:00Z"}, {"Country": "Hungary", "CountryCode": "", "Province": "", "City": "", "CityCode": "", "Lat": "0", "Lon": "0", "Confirmed": 109616, "Deaths": 2438, "Recovered": 25070, "Active": 82108, "Date": "2020-11-08T00:00:00Z"}, {"Country": "Hungary", "CountryCode": "", "Province": "", "City": "", "CityCode": "", "Lat": "0", "Lon": "0", "Confirmed": 114778, "Deaths": 2493, "Recovered": 26161, "Active": 86124, "Date": "2020-11-09T00:00:00Z"}, {"Country": "Hungary", "CountryCode": "", "Province": "", "City": "", "CityCode": "", "Lat": "0", "Lon": "0", "Confirmed": 118918, "Deaths": 2596, "Recovered": 27585, "Active": 88737, "Date": "2020-11-10T00:00:00Z"}, {"Country": "Hungary", "CountryCode": "", "Province": "", "City": "", "CityCode": "", "Lat": "0", "Lon": "0", "Confirmed": 122863, "Deaths": 2697, "Recovered": 28808, "Active": 91358, "Date": "2020-11-11T00:00:00Z"}, {"Country": "Hungary", "CountryCode": "", "Province": "", "City": "", "CityCode": "", "Lat": "0", "Lon": "0", "Confirmed": 126790, "Deaths": 2784, "Recovered": 29302, "Active": 94704, "Date": "2020-11-12T00:00:00Z"}, {"Country": "Hungary", "CountryCode": "", "Province": "", "City": "", "CityCode": "", "Lat": "0", "Lon": "0", "Confirmed": 131887, "Deaths": 2883, "Recovered": 29802, "Active": 99202, "Date": "2020-11-13T00:00:00Z"}, {"Country": "Hungary", "CountryCode": "", "Province": "", "City": "", "CityCode": "", "Lat": "0", "Lon": "0", "Confirmed": 136723, "Deaths": 2990, "Recovered": 31126, "Active": 102607, "Date": "2020-11-14T00:00:00Z"}, {"Country": "Hungary", "CountryCode": "", "Province": "", "City": "", "CityCode": "", "Lat": "0", "Lon": "0", "Confirmed": 140961, "Deaths": 3097, "Recovered": 31599, "Active": 106265, "Date": "2020-11-15T00:00:00Z"}, {"Country": "Hungary", "CountryCode": "", "Province": "", "City": "", "CityCode": "", "Lat": "0", "Lon": "0", "Confirmed": 147456, "Deaths": 3190, "Recovered": 34010, "Active": 110256, "Date": "2020-11-16T00:00:00Z"}, {"Country": "Hungary", "CountryCode": "", "Province": "", "City": "", "CityCode": "", "Lat": "0", "Lon": "0", "Confirmed": 152659, "Deaths": 3281, "Recovered": 34185, "Active": 115193, "Date": "2020-11-17T00:00:00Z"}, {"Country": "Hungary", "CountryCode": "", "Province": "", "City": "", "CityCode": "", "Lat": "0", "Lon": "0", "Confirmed": 156949, "Deaths": 3380, "Recovered": 34846, "Active": 118723, "Date": "2020-11-18T00:00:00Z"}, {"Country": "Hungary", "CountryCode": "", "Province": "", "City": "", "CityCode": "", "Lat": "0", "Lon": "0", "Confirmed": 161461, "Deaths": 3472, "Recovered": 36345, "Active": 121644, "Date": "2020-11-19T00:00:00Z"}, {"Country": "Hungary", "CountryCode": "", "Province": "", "City": "", "CityCode": "", "Lat": "0", "Lon": "0", "Confirmed": 165901, "Deaths": 3568, "Recovered": 38074, "Active": 124259, "Date": "2020-11-20T00:00:00Z"}, {"Country": "Hungary", "CountryCode": "", "Province": "", "City": "", "CityCode": "", "Lat": "0", "Lon": "0", "Confirmed": 170298, "Deaths": 3689, "Recovered": 40820, "Active": 125789, "Date": "2020-11-21T00:00:00Z"}, {"Country": "Hungary", "CountryCode": "", "Province": "", "City": "", "CityCode": "", "Lat": "0", "Lon": "0", "Confirmed": 174618, "Deaths": 3800, "Recovered": 42915, "Active": 127903, "Date": "2020-11-22T00:00:00Z"}, {"Country": "Hungary", "CountryCode": "", "Province": "", "City": "", "CityCode": "", "Lat": "0", "Lon": "0", "Confirmed": 177952, "Deaths": 3891, "Recovered": 43339, "Active": 130722, "Date": "2020-11-23T00:00:00Z"}, {"Country": "Hungary", "CountryCode": "", "Province": "", "City": "", "CityCode": "", "Lat": "0", "Lon": "0", "Confirmed": 181881, "Deaths": 4008, "Recovered": 44020, "Active": 133853, "Date": "2020-11-24T00:00:00Z"}, {"Country": "Hungary", "CountryCode": "", "Province": "", "City": "", "CityCode": "", "Lat": "0", "Lon": "0", "Confirmed": 185687, "Deaths": 4114, "Recovered": 44020, "Active": 137553, "Date": "2020-11-25T00:00:00Z"}, {"Country": "Hungary", "CountryCode": "", "Province": "", "City": "", "CityCode": "", "Lat": "0", "Lon": "0", "Confirmed": 192047, "Deaths": 4229, "Recovered": 49616, "Active": 138202, "Date": "2020-11-26T00:00:00Z"}, {"Country": "Hungary", "CountryCode": "", "Province": "", "City": "", "CityCode": "", "Lat": "0", "Lon": "0", "Confirmed": 198440, "Deaths": 4364, "Recovered": 52126, "Active": 141950, "Date": "2020-11-27T00:00:00Z"}, {"Country": "Hungary", "CountryCode": "", "Province": "", "City": "", "CityCode": "", "Lat": "0", "Lon": "0", "Confirmed": 204708, "Deaths": 4516, "Recovered": 54021, "Active": 146171, "Date": "2020-11-28T00:00:00Z"}, {"Country": "Hungary", "CountryCode": "", "Province": "", "City": "", "CityCode": "", "Lat": "0", "Lon": "0", "Confirmed": 211527, "Deaths": 4672, "Recovered": 55637, "Active": 151218, "Date": "2020-11-29T00:00:00Z"}, {"Country": "Hungary", "CountryCode": "", "Province": "", "City": "", "CityCode": "", "Lat": "0", "Lon": "0", "Confirmed": 217122, "Deaths": 4823, "Recovered": 63860, "Active": 148439, "Date": "2020-11-30T00:00:00Z"}, {"Country": "Hungary", "CountryCode": "", "Province": "", "City": "", "CityCode": "", "Lat": "0", "Lon": "0", "Confirmed": 221073, "Deaths": 4977, "Recovered": 64802, "Active": 151294, "Date": "2020-12-01T00:00:00Z"}, {"Country": "Hungary", "CountryCode": "", "Province": "", "City": "", "CityCode": "", "Lat": "0", "Lon": "0", "Confirmed": 225209, "Deaths": 5142, "Recovered": 65888, "Active": 154179, "Date": "2020-12-02T00:00:00Z"}, {"Country": "Hungary", "CountryCode": "", "Province": "", "City": "", "CityCode": "", "Lat": "0", "Lon": "0", "Confirmed": 231844, "Deaths": 5324, "Recovered": 67033, "Active": 159487, "Date": "2020-12-03T00:00:00Z"}, {"Country": "Hungary", "CountryCode": "", "Province": "", "City": "", "CityCode": "", "Lat": "0", "Lon": "0", "Confirmed": 238056, "Deaths": 5513, "Recovered": 68525, "Active": 164018, "Date": "2020-12-04T00:00:00Z"}, {"Country": "Hungary", "CountryCode": "", "Province": "", "City": "", "CityCode": "", "Lat": "0", "Lon": "0", "Confirmed": 243581, "Deaths": 5706, "Recovered": 70396, "Active": 167479, "Date": "2020-12-05T00:00:00Z"}, {"Country": "Hungary", "CountryCode": "", "Province": "", "City": "", "CityCode": "", "Lat": "0", "Lon": "0", "Confirmed": 250278, "Deaths": 5868, "Recovered": 71682, "Active": 172728, "Date": "2020-12-06T00:00:00Z"}, {"Country": "Hungary", "CountryCode": "", "Province": "", "City": "", "CityCode": "", "Lat": "0", "Lon": "0", "Confirmed": 254148, "Deaths": 5984, "Recovered": 74283, "Active": 173881, "Date": "2020-12-07T00:00:00Z"}, {"Country": "Hungary", "CountryCode": "", "Province": "", "City": "", "CityCode": "", "Lat": "0", "Lon": "0", "Confirmed": 256367, "Deaths": 6120, "Recovered": 75281, "Active": 174966, "Date": "2020-12-08T00:00:00Z"}, {"Country": "Hungary", "CountryCode": "", "Province": "", "City": "", "CityCode": "", "Lat": "0", "Lon": "0", "Confirmed": 259588, "Deaths": 6280, "Recovered": 76270, "Active": 177038, "Date": "2020-12-09T00:00:00Z"}, {"Country": "Hungary", "CountryCode": "", "Province": "", "City": "", "CityCode": "", "Lat": "0", "Lon": "0", "Confirmed": 265003, "Deaths": 6451, "Recovered": 77362, "Active": 181190, "Date": "2020-12-10T00:00:00Z"}, {"Country": "Hungary", "CountryCode": "", "Province": "", "City": "", "CityCode": "", "Lat": "0", "Lon": "0", "Confirmed": 271200, "Deaths": 6622, "Recovered": 78700, "Active": 185878, "Date": "2020-12-11T00:00:00Z"}, {"Country": "Hungary", "CountryCode": "", "Province": "", "City": "", "CityCode": "", "Lat": "0", "Lon": "0", "Confirmed": 276247, "Deaths": 6784, "Recovered": 79769, "Active": 189694, "Date": "2020-12-12T00:00:00Z"}, {"Country": "Hungary", "CountryCode": "", "Province": "", "City": "", "CityCode": "", "Lat": "0", "Lon": "0", "Confirmed": 280400, "Deaths": 6965, "Recovered": 80752, "Active": 192683, "Date": "2020-12-13T00:00:00Z"}, {"Country": "Hungary", "CountryCode": "", "Province": "", "City": "", "CityCode": "", "Lat": "0", "Lon": "0", "Confirmed": 283870, "Deaths": 7130, "Recovered": 82546, "Active": 194194, "Date": "2020-12-14T00:00:00Z"}, {"Country": "Hungary", "CountryCode": "", "Province": "", "City": "", "CityCode": "", "Lat": "0", "Lon": "0", "Confirmed": 285763, "Deaths": 7237, "Recovered": 83115, "Active": 195411, "Date": "2020-12-15T00:00:00Z"}, {"Country": "Hungary", "CountryCode": "", "Province": "", "City": "", "CityCode": "", "Lat": "0", "Lon": "0", "Confirmed": 288567, "Deaths": 7381, "Recovered": 83940, "Active": 197246, "Date": "2020-12-16T00:00:00Z"}, {"Country": "Hungary", "CountryCode": "", "Province": "", "City": "", "CityCode": "", "Lat": "0", "Lon": "0", "Confirmed": 291549, "Deaths": 7538, "Recovered": 86954, "Active": 197057, "Date": "2020-12-17T00:00:00Z"}, {"Country": "Hungary", "CountryCode": "", "Province": "", "City": "", "CityCode": "", "Lat": "0", "Lon": "0", "Confirmed": 295977, "Deaths": 7725, "Recovered": 89814, "Active": 198438, "Date": "2020-12-18T00:00:00Z"}, {"Country": "Hungary", "CountryCode": "", "Province": "", "City": "", "CityCode": "", "Lat": "0", "Lon": "0", "Confirmed": 300022, "Deaths": 7914, "Recovered": 93323, "Active": 198785, "Date": "2020-12-19T00:00:00Z"}, {"Country": "Hungary", "CountryCode": "", "Province": "", "City": "", "CityCode": "", "Lat": "0", "Lon": "0", "Confirmed": 302989, "Deaths": 8099, "Recovered": 97443, "Active": 197447, "Date": "2020-12-20T00:00:00Z"}, {"Country": "Hungary", "CountryCode": "", "Province": "", "City": "", "CityCode": "", "Lat": "0", "Lon": "0", "Confirmed": 305130, "Deaths": 8282, "Recovered": 102962, "Active": 193886, "Date": "2020-12-21T00:00:00Z"}, {"Country": "Hungary", "CountryCode": "", "Province": "", "City": "", "CityCode": "", "Lat": "0", "Lon": "0", "Confirmed": 306368, "Deaths": 8462, "Recovered": 108676, "Active": 189230, "Date": "2020-12-22T00:00:00Z"}, {"Country": "Hungary", "CountryCode": "", "Province": "", "City": "", "CityCode": "", "Lat": "0", "Lon": "0", "Confirmed": 308262, "Deaths": 8616, "Recovered": 114631, "Active": 185015, "Date": "2020-12-23T00:00:00Z"}, {"Country": "Hungary", "CountryCode": "", "Province": "", "City": "", "CityCode": "", "Lat": "0", "Lon": "0", "Confirmed": 311554, "Deaths": 8729, "Recovered": 120529, "Active": 182296, "Date": "2020-12-24T00:00:00Z"}, {"Country": "Hungary", "CountryCode": "", "Province": "", "City": "", "CityCode": "", "Lat": "0", "Lon": "0", "Confirmed": 314164, "Deaths": 8833, "Recovered": 123989, "Active": 181342, "Date": "2020-12-25T00:00:00Z"}, {"Country": "Hungary", "CountryCode": "", "Province": "", "City": "", "CityCode": "", "Lat": "0", "Lon": "0", "Confirmed": 315362, "Deaths": 8951, "Recovered": 126482, "Active": 179929, "Date": "2020-12-26T00:00:00Z"}, {"Country": "Hungary", "CountryCode": "", "Province": "", "City": "", "CityCode": "", "Lat": "0", "Lon": "0", "Confirmed": 316060, "Deaths": 9047, "Recovered": 130420, "Active": 176593, "Date": "2020-12-27T00:00:00Z"}, {"Country": "Hungary", "CountryCode": "", "Province": "", "City": "", "CityCode": "", "Lat": "0", "Lon": "0", "Confirmed": 316669, "Deaths": 9161, "Recovered": 134344, "Active": 173164, "Date": "2020-12-28T00:00:00Z"}, {"Country": "Hungary", "CountryCode": "", "Province": "", "City": "", "CityCode": "", "Lat": "0", "Lon": "0", "Confirmed": 317571, "Deaths": 9292, "Recovered": 138365, "Active": 169914, "Date": "2020-12-29T00:00:00Z"}, {"Country": "Hungary", "CountryCode": "", "Province": "", "City": "", "CityCode": "", "Lat": "0", "Lon": "0", "Confirmed": 319543, "Deaths": 9429, "Recovered": 144234, "Active": 165880, "Date": "2020-12-30T00:00:00Z"}, {"Country": "Hungary", "CountryCode": "", "Province": "", "City": "", "CityCode": "", "Lat": "0", "Lon": "0", "Confirmed": 322514, "Deaths": 9537, "Recovered": 150102, "Active": 162875, "Date": "2020-12-31T00:00:00Z"}, {"Country": "Hungary", "CountryCode": "", "Province": "", "City": "", "CityCode": "", "Lat": "0", "Lon": "0", "Confirmed": 325278, "Deaths": 9667, "Recovered": 157063, "Active": 158548, "Date": "2021-01-01T00:00:00Z"}, {"Country": "Hungary", "CountryCode": "", "Province": "", "City": "", "CityCode": "", "Lat": "0", "Lon": "0", "Confirmed": 326688, "Deaths": 9781, "Recovered": 164403, "Active": 152504, "Date": "2021-01-02T00:00:00Z"}, {"Country": "Hungary", "CountryCode": "", "Province": "", "City": "", "CityCode": "", "Lat": "0", "Lon": "0", "Confirmed": 327995, "Deaths": 9884, "Recovered": 168381, "Active": 149730, "Date": "2021-01-03T00:00:00Z"}, {"Country": "Hungary", "CountryCode": "", "Province": "", "City": "", "CityCode": "", "Lat": "0", "Lon": "0", "Confirmed": 328851, "Deaths": 9977, "Recovered": 174070, "Active": 144804, "Date": "2021-01-04T00:00:00Z"}, {"Country": "Hungary", "CountryCode": "", "Province": "", "City": "", "CityCode": "", "Lat": "0", "Lon": "0", "Confirmed": 329721, "Deaths": 10080, "Recovered": 176576, "Active": 143065, "Date": "2021-01-05T00:00:00Z"}, {"Country": "Hungary", "CountryCode": "", "Province": "", "City": "", "CityCode": "", "Lat": "0", "Lon": "0", "Confirmed": 331768, "Deaths": 10198, "Recovered": 179541, "Active": 142029, "Date": "2021-01-06T00:00:00Z"}, {"Country": "Hungary", "CountryCode": "", "Province": "", "City": "", "CityCode": "", "Lat": "0", "Lon": "0", "Confirmed": 334836, "Deaths": 10325, "Recovered": 179541, "Active": 144970, "Date": "2021-01-07T00:00:00Z"}, {"Country": "Hungary", "CountryCode": "", "Province": "", "City": "", "CityCode": "", "Lat": "0", "Lon": "0", "Confirmed": 337743, "Deaths": 10440, "Recovered": 186449, "Active": 140854, "Date": "2021-01-08T00:00:00Z"}, {"Country": "Hungary", "CountryCode": "", "Province": "", "City": "", "CityCode": "", "Lat": "0", "Lon": "0", "Confirmed": 340459, "Deaths": 10554, "Recovered": 193172, "Active": 136733, "Date": "2021-01-09T00:00:00Z"}, {"Country": "Hungary", "CountryCode": "", "Province": "", "City": "", "CityCode": "", "Lat": "0", "Lon": "0", "Confirmed": 342237, "Deaths": 10648, "Recovered": 197936, "Active": 133653, "Date": "2021-01-10T00:00:00Z"}, {"Country": "Hungary", "CountryCode": "", "Province": "", "City": "", "CityCode": "", "Lat": "0", "Lon": "0", "Confirmed": 343656, "Deaths": 10725, "Recovered": 203972, "Active": 128959, "Date": "2021-01-11T00:00:00Z"}, {"Country": "Hungary", "CountryCode": "", "Province": "", "City": "", "CityCode": "", "Lat": "0", "Lon": "0", "Confirmed": 344352, "Deaths": 10853, "Recovered": 209852, "Active": 123647, "Date": "2021-01-12T00:00:00Z"}, {"Country": "Hungary", "CountryCode": "", "Province": "", "City": "", "CityCode": "", "Lat": "0", "Lon": "0", "Confirmed": 345710, "Deaths": 10948, "Recovered": 215453, "Active": 119309, "Date": "2021-01-13T00:00:00Z"}, {"Country": "Hungary", "CountryCode": "", "Province": "", "City": "", "CityCode": "", "Lat": "0", "Lon": "0", "Confirmed": 347636, "Deaths": 11066, "Recovered": 220304, "Active": 116266, "Date": "2021-01-14T00:00:00Z"}, {"Country": "Hungary", "CountryCode": "", "Province": "", "City": "", "CityCode": "", "Lat": "0", "Lon": "0", "Confirmed": 349149, "Deaths": 11177, "Recovered": 225021, "Active": 112951, "Date": "2021-01-15T00:00:00Z"}, {"Country": "Hungary", "CountryCode": "", "Province": "", "City": "", "CityCode": "", "Lat": "0", "Lon": "0", "Confirmed": 350587, "Deaths": 11264, "Recovered": 227325, "Active": 111998, "Date": "2021-01-16T00:00:00Z"}, {"Country": "Hungary", "CountryCode": "", "Province": "", "City": "", "CityCode": "", "Lat": "0", "Lon": "0", "Confirmed": 351828, "Deaths": 11341, "Recovered": 228615, "Active": 111872, "Date": "2021-01-17T00:00:00Z"}, {"Country": "Hungary", "CountryCode": "", "Province": "", "City": "", "CityCode": "", "Lat": "0", "Lon": "0", "Confirmed": 352703, "Deaths": 11409, "Recovered": 230441, "Active": 110853, "Date": "2021-01-18T00:00:00Z"}, {"Country": "Hungary", "CountryCode": "", "Province": "", "City": "", "CityCode": "", "Lat": "0", "Lon": "0", "Confirmed": 353276, "Deaths": 11520, "Recovered": 231915, "Active": 109841, "Date": "2021-01-19T00:00:00Z"}, {"Country": "Hungary", "CountryCode": "", "Province": "", "City": "", "CityCode": "", "Lat": "0", "Lon": "0", "Confirmed": 354252, "Deaths": 11615, "Recovered": 233232, "Active": 109405, "Date": "2021-01-20T00:00:00Z"}, {"Country": "Hungary", "CountryCode": "", "Province": "", "City": "", "CityCode": "", "Lat": "0", "Lon": "0", "Confirmed": 355662, "Deaths": 11713, "Recovered": 235276, "Active": 108673, "Date": "2021-01-21T00:00:00Z"}, {"Country": "Hungary", "CountryCode": "", "Province": "", "City": "", "CityCode": "", "Lat": "0", "Lon": "0", "Confirmed": 356973, "Deaths": 11811, "Recovered": 237362, "Active": 107800, "Date": "2021-01-22T00:00:00Z"}, {"Country": "Hungary", "CountryCode": "", "Province": "", "City": "", "CityCode": "", "Lat": "0", "Lon": "0", "Confirmed": 358317, "Deaths": 11904, "Recovered": 239880, "Active": 106533, "Date": "2021-01-23T00:00:00Z"}, {"Country": "Hungary", "CountryCode": "", "Province": "", "City": "", "CityCode": "", "Lat": "0", "Lon": "0", "Confirmed": 359574, "Deaths": 11968, "Recovered": 241472, "Active": 106134, "Date": "2021-01-24T00:00:00Z"}, {"Country": "Hungary", "CountryCode": "", "Province": "", "City": "", "CityCode": "", "Lat": "0", "Lon": "0", "Confirmed": 360418, "Deaths": 12024, "Recovered": 243092, "Active": 105302, "Date": "2021-01-25T00:00:00Z"}, {"Country": "Hungary", "CountryCode": "", "Province": "", "City": "", "CityCode": "", "Lat": "0", "Lon": "0", "Confirmed": 360877, "Deaths": 12113, "Recovered": 244681, "Active": 104083, "Date": "2021-01-26T00:00:00Z"}, {"Country": "Hungary", "CountryCode": "", "Province": "", "City": "", "CityCode": "", "Lat": "0", "Lon": "0", "Confirmed": 361881, "Deaths": 12198, "Recovered": 246596, "Active": 103087, "Date": "2021-01-27T00:00:00Z"}, {"Country": "Hungary", "CountryCode": "", "Province": "", "City": "", "CityCode": "", "Lat": "0", "Lon": "0", "Confirmed": 363450, "Deaths": 12291, "Recovered": 249003, "Active": 102156, "Date": "2021-01-28T00:00:00Z"}, {"Country": "Hungary", "CountryCode": "", "Province": "", "City": "", "CityCode": "", "Lat": "0", "Lon": "0", "Confirmed": 364909, "Deaths": 12374, "Recovered": 254783, "Active": 97752, "Date": "2021-01-29T00:00:00Z"}, {"Country": "Hungary", "CountryCode": "", "Province": "", "City": "", "CityCode": "", "Lat": "0", "Lon": "0", "Confirmed": 366279, "Deaths": 12463, "Recovered": 259555, "Active": 94261, "Date": "2021-01-30T00:00:00Z"}, {"Country": "Hungary", "CountryCode": "", "Province": "", "City": "", "CityCode": "", "Lat": "0", "Lon": "0", "Confirmed": 367586, "Deaths": 12524, "Recovered": 262968, "Active": 92094, "Date": "2021-01-31T00:00:00Z"}, {"Country": "Hungary", "CountryCode": "", "Province": "", "City": "", "CityCode": "", "Lat": "0", "Lon": "0", "Confirmed": 368710, "Deaths": 12578, "Recovered": 264260, "Active": 91872, "Date": "2021-02-01T00:00:00Z"}, {"Country": "Hungary", "CountryCode": "", "Province": "", "City": "", "CityCode": "", "Lat": "0", "Lon": "0", "Confirmed": 369288, "Deaths": 12656, "Recovered": 268803, "Active": 87829, "Date": "2021-02-02T00:00:00Z"}, {"Country": "Hungary", "CountryCode": "", "Province": "", "City": "", "CityCode": "", "Lat": "0", "Lon": "0", "Confirmed": 370336, "Deaths": 12739, "Recovered": 272284, "Active": 85313, "Date": "2021-02-03T00:00:00Z"}, {"Country": "Hungary", "CountryCode": "", "Province": "", "City": "", "CityCode": "", "Lat": "0", "Lon": "0", "Confirmed": 371988, "Deaths": 12832, "Recovered": 274308, "Active": 84848, "Date": "2021-02-04T00:00:00Z"}, {"Country": "Hungary", "CountryCode": "", "Province": "", "City": "", "CityCode": "", "Lat": "0", "Lon": "0", "Confirmed": 373564, "Deaths": 12930, "Recovered": 275764, "Active": 84870, "Date": "2021-02-05T00:00:00Z"}, {"Country": "Hungary", "CountryCode": "", "Province": "", "City": "", "CityCode": "", "Lat": "0", "Lon": "0", "Confirmed": 375125, "Deaths": 13026, "Recovered": 277949, "Active": 84150, "Date": "2021-02-06T00:00:00Z"}, {"Country": "Hungary", "CountryCode": "", "Province": "", "City": "", "CityCode": "", "Lat": "0", "Lon": "0", "Confirmed": 376495, "Deaths": 13090, "Recovered": 279763, "Active": 83642, "Date": "2021-02-07T00:00:00Z"}, {"Country": "Hungary", "CountryCode": "", "Province": "", "City": "", "CityCode": "", "Lat": "0", "Lon": "0", "Confirmed": 377655, "Deaths": 13155, "Recovered": 281839, "Active": 82661, "Date": "2021-02-08T00:00:00Z"}, {"Country": "Hungary", "CountryCode": "", "Province": "", "City": "", "CityCode": "", "Lat": "0", "Lon": "0", "Confirmed": 378734, "Deaths": 13249, "Recovered": 283282, "Active": 82203, "Date": "2021-02-09T00:00:00Z"}, {"Country": "Hungary", "CountryCode": "", "Province": "", "City": "", "CityCode": "", "Lat": "0", "Lon": "0", "Confirmed": 380013, "Deaths": 13347, "Recovered": 285022, "Active": 81644, "Date": "2021-02-10T00:00:00Z"}, {"Country": "Hungary", "CountryCode": "", "Province": "", "City": "", "CityCode": "", "Lat": "0", "Lon": "0", "Confirmed": 381875, "Deaths": 13444, "Recovered": 287134, "Active": 81297, "Date": "2021-02-11T00:00:00Z"}, {"Country": "Hungary", "CountryCode": "", "Province": "", "City": "", "CityCode": "", "Lat": "0", "Lon": "0", "Confirmed": 383735, "Deaths": 13543, "Recovered": 289520, "Active": 80672, "Date": "2021-02-12T00:00:00Z"}, {"Country": "Hungary", "CountryCode": "", "Province": "", "City": "", "CityCode": "", "Lat": "0", "Lon": "0", "Confirmed": 385755, "Deaths": 13636, "Recovered": 293542, "Active": 78577, "Date": "2021-02-13T00:00:00Z"}, {"Country": "Hungary", "CountryCode": "", "Province": "", "City": "", "CityCode": "", "Lat": "0", "Lon": "0", "Confirmed": 387462, "Deaths": 13706, "Recovered": 296173, "Active": 77583, "Date": "2021-02-14T00:00:00Z"}, {"Country": "Hungary", "CountryCode": "", "Province": "", "City": "", "CityCode": "", "Lat": "0", "Lon": "0", "Confirmed": 388799, "Deaths": 13752, "Recovered": 298008, "Active": 77039, "Date": "2021-02-15T00:00:00Z"}, {"Country": "Hungary", "CountryCode": "", "Province": "", "City": "", "CityCode": "", "Lat": "0", "Lon": "0", "Confirmed": 389622, "Deaths": 13837, "Recovered": 298773, "Active": 77012, "Date": "2021-02-16T00:00:00Z"}, {"Country": "Hungary", "CountryCode": "", "Province": "", "City": "", "CityCode": "", "Lat": "0", "Lon": "0", "Confirmed": 391170, "Deaths": 13931, "Recovered": 299989, "Active": 77250, "Date": "2021-02-17T00:00:00Z"}, {"Country": "Hungary", "CountryCode": "", "Province": "", "City": "", "CityCode": "", "Lat": "0", "Lon": "0", "Confirmed": 394023, "Deaths": 14035, "Recovered": 301363, "Active": 78625, "Date": "2021-02-18T00:00:00Z"}, {"Country": "Hungary", "CountryCode": "", "Province": "", "City": "", "CityCode": "", "Lat": "0", "Lon": "0", "Confirmed": 397116, "Deaths": 14145, "Recovered": 302689, "Active": 80282, "Date": "2021-02-19T00:00:00Z"}, {"Country": "Hungary", "CountryCode": "", "Province": "", "City": "", "CityCode": "", "Lat": "0", "Lon": "0", "Confirmed": 400111, "Deaths": 14252, "Recovered": 304680, "Active": 81179, "Date": "2021-02-20T00:00:00Z"}, {"Country": "Hungary", "CountryCode": "", "Province": "", "City": "", "CityCode": "", "Lat": "0", "Lon": "0", "Confirmed": 403023, "Deaths": 14299, "Recovered": 306621, "Active": 82103, "Date": "2021-02-21T00:00:00Z"}, {"Country": "Hungary", "CountryCode": "", "Province": "", "City": "", "CityCode": "", "Lat": "0", "Lon": "0", "Confirmed": 405646, "Deaths": 14347, "Recovered": 308650, "Active": 82649, "Date": "2021-02-22T00:00:00Z"}, {"Country": "Hungary", "CountryCode": "", "Province": "", "City": "", "CityCode": "", "Lat": "0", "Lon": "0", "Confirmed": 407274, "Deaths": 14450, "Recovered": 310848, "Active": 81976, "Date": "2021-02-23T00:00:00Z"}, {"Country": "Hungary", "CountryCode": "", "Province": "", "City": "", "CityCode": "", "Lat": "0", "Lon": "0", "Confirmed": 410129, "Deaths": 14552, "Recovered": 313450, "Active": 82127, "Date": "2021-02-24T00:00:00Z"}, {"Country": "Hungary", "CountryCode": "", "Province": "", "City": "", "CityCode": "", "Lat": "0", "Lon": "0", "Confirmed": 414514, "Deaths": 14672, "Recovered": 315781, "Active": 84061, "Date": "2021-02-25T00:00:00Z"}, {"Country": "Hungary", "CountryCode": "", "Province": "", "City": "", "CityCode": "", "Lat": "0", "Lon": "0", "Confirmed": 419182, "Deaths": 14795, "Recovered": 317899, "Active": 86488, "Date": "2021-02-26T00:00:00Z"}, {"Country": "Hungary", "CountryCode": "", "Province": "", "City": "", "CityCode": "", "Lat": "0", "Lon": "0", "Confirmed": 424130, "Deaths": 14902, "Recovered": 319691, "Active": 89537, "Date": "2021-02-27T00:00:00Z"}, {"Country": "Hungary", "CountryCode": "", "Province": "", "City": "", "CityCode": "", "Lat": "0", "Lon": "0", "Confirmed": 428599, "Deaths": 14974, "Recovered": 321128, "Active": 92497, "Date": "2021-02-28T00:00:00Z"}, {"Country": "Hungary", "CountryCode": "", "Province": "", "City": "", "CityCode": "", "Lat": "0", "Lon": "0", "Confirmed": 432925, "Deaths": 15058, "Recovered": 322956, "Active": 94911, "Date": "2021-03-01T00:00:00Z"}, {"Country": "Hungary", "CountryCode": "", "Province": "", "City": "", "CityCode": "", "Lat": "0", "Lon": "0", "Confirmed": 435689, "Deaths": 15188, "Recovered": 324202, "Active": 96299, "Date": "2021-03-02T00:00:00Z"}, {"Country": "Hungary", "CountryCode": "", "Province": "", "City": "", "CityCode": "", "Lat": "0", "Lon": "0", "Confirmed": 439900, "Deaths": 15324, "Recovered": 326215, "Active": 98361, "Date": "2021-03-03T00:00:00Z"}, {"Country": "Hungary", "CountryCode": "", "Province": "", "City": "", "CityCode": "", "Lat": "0", "Lon": "0", "Confirmed": 446178, "Deaths": 15476, "Recovered": 328136, "Active": 102566, "Date": "2021-03-04T00:00:00Z"}, {"Country": "Hungary", "CountryCode": "", "Province": "", "City": "", "CityCode": "", "Lat": "0", "Lon": "0", "Confirmed": 452547, "Deaths": 15619, "Recovered": 331557, "Active": 105371, "Date": "2021-03-05T00:00:00Z"}, {"Country": "Hungary", "CountryCode": "", "Province": "", "City": "", "CityCode": "", "Lat": "0", "Lon": "0", "Confirmed": 459816, "Deaths": 15765, "Recovered": 333045, "Active": 111006, "Date": "2021-03-06T00:00:00Z"}, {"Country": "Hungary", "CountryCode": "", "Province": "", "City": "", "CityCode": "", "Lat": "0", "Lon": "0", "Confirmed": 466017, "Deaths": 15873, "Recovered": 335512, "Active": 450144, "Date": "2021-03-07T00:00:00Z"}, {"Country": "Hungary", "CountryCode": "", "Province": "", "City": "", "CityCode": "", "Lat": "0", "Lon": "0", "Confirmed": 468713, "Deaths": 15988, "Recovered": 336744, "Active": 115981, "Date": "2021-03-08T00:00:00Z"}, {"Country": "Hungary", "CountryCode": "", "Province": "", "City": "", "CityCode": "", "Lat": "0", "Lon": "0", "Confirmed": 475207, "Deaths": 16146, "Recovered": 338946, "Active": 120115, "Date": "2021-03-09T00:00:00Z"}, {"Country": "Hungary", "CountryCode": "", "Province": "", "City": "", "CityCode": "", "Lat": "0", "Lon": "0", "Confirmed": 480860, "Deaths": 16325, "Recovered": 340844, "Active": 123691, "Date": "2021-03-10T00:00:00Z"}, {"Country": "Hungary", "CountryCode": "", "Province": "", "City": "", "CityCode": "", "Lat": "0", "Lon": "0", "Confirmed": 489172, "Deaths": 16497, "Recovered": 344267, "Active": 128408, "Date": "2021-03-11T00:00:00Z"}, {"Country": "Hungary", "CountryCode": "", "Province": "", "City": "", "CityCode": "", "Lat": "0", "Lon": "0", "Confirmed": 498183, "Deaths": 16627, "Recovered": 346904, "Active": 134652, "Date": "2021-03-12T00:00:00Z"}, {"Country": "Hungary", "CountryCode": "", "Province": "", "City": "", "CityCode": "", "Lat": "0", "Lon": "0", "Confirmed": 507627, "Deaths": 16790, "Recovered": 349530, "Active": 141307, "Date": "2021-03-13T00:00:00Z"}]