[{"Country": "Ireland", "CountryCode": "", "Province": "", "City": "", "CityCode": "", "Lat": "0", "Lon": "0", "Confirmed": 1, "Deaths": 0, "Recovered": 0, "Active": 1, "Date": "2020-02-29T00:00:00Z"}, {"Country": "Ireland", "CountryCode": "", "Province": "", "City": "", "CityCode": "", "Lat": "0", "Lon": "0", "Confirmed": 1, "Deaths": 0, "Recovered": 0, "Active": 1, "Date": "2020-03-01T00:00:00Z"}, {"Country": "Ireland", "CountryCode": "", "Province": "", "City": "", "CityCode": "", "Lat": "0", "Lon": "0", "Confirmed": 1, "Deaths": 0, "Recovered": 0, "Active": 1, "Date": "2020-03-02T00:00:00Z"}, {"Country": "Ireland", "CountryCode": "", "Province": "", "City": "", "CityCode": "", "Lat": "0", "Lon": "0", "Confirmed": 2, "Deaths": 0, "Recovered": 0, "Active": 2, "Date": "2020-03-03T00:00:00Z"}, {"Country": "Ireland", "CountryCode": "", "Province": "", "City": "", "CityCode": "", "Lat": "0", "Lon": "0", "Confirmed": 6, "Deaths": 0, "Recovered": 0, "Active": 6, "Date": "2020-03-04T00:00:00Z"}, {"Country": "Ireland", "CountryCode": "", "Province": "", "City": "", "CityCode": "", "Lat": "0", "Lon": "0", "Confirmed": 6, "Deaths": 0, "Recovered": 0, "Active": 6, "Date": "2020-03-05T00:00:00Z"}, {"Country": "Ireland", "CountryCode": "", "Province": "", "City": "", "CityCode": "", "Lat": "0", "Lon": "0", "Confirmed": 18, "Deaths": 0, "Recovered": 0, "Active": 18, "Date": "2020-03-06T00:00:00Z"}, {"Country": "Ireland", "CountryCode": "", "Province": "", "City": "", "CityCode": "", "Lat": "0", "Lon": "0", "Confirmed": 18, "Deaths": 0, "Recovered": 0, "Active": 18, "Date": "2020-03-07T00:00:00Z"}, {"Country": "Ireland", "CountryCode": "", "Province": "", "City": "", "CityCode": "", "Lat": "0", "Lon": "0", "Confirmed": 19, "Deaths": 0, "Recovered": 0, "Active": 19, "Date": "2020-03-08T00:00:00Z"}, {"Country": "Ireland", "CountryCode": "", "Province": "", "City": "", "CityCode": "", "Lat": "0", "Lon": "0", "Confirmed": 21, "Deaths": 0, "Recovered": 0, "Active": 21, "Date": "2020-03-09T00:00:00Z"}, {"Country": "Ireland", "CountryCode": "", "Province": "", "City": "", "CityCode": "", "Lat": "0", "Lon": "0", "Confirmed": 34, "Deaths": 0, "Recovered": 0, "Active": 34, "Date": "2020-03-10T00:00:00Z"}, {"Country": "Ireland", "CountryCode": "", "Province": "", "City": "", "CityCode": "", "Lat": "0", "Lon": "0", "Confirmed": 43, "Deaths": 1, "Recovered": 0, "Active": 42, "Date": "2020-03-11T00:00:00Z"}, {"Country": "Ireland", "CountryCode": "", "Province": "", "City": "", "CityCode": "", "Lat": "0", "Lon": "0", "Confirmed": 43, "Deaths": 1, "Recovered": 0, "Active": 42, "Date": "2020-03-12T00:00:00Z"}, {"Country": "Ireland", "CountryCode": "", "Province": "", "City": "", "CityCode": "", "Lat": "0", "Lon": "0", "Confirmed": 90, "Deaths": 1, "Recovered": 0, "Active": 89, "Date": "2020-03-13T00:00:00Z"}, {"Country": "Ireland", "CountryCode": "", "Province": "", "City": "", "CityCode": "", "Lat": "0", "Lon": "0", "Confirmed": 129, "Deaths": 2, "Recovered": 0, "Active": 127, "Date": "2020-03-14T00:00:00Z"}, {"Country": "Ireland", "CountryCode": "", "Province": "", "City": "", "CityCode": "", "Lat": "0", "Lon": "0", "Confirmed": 129, "Deaths": 2, "Recovered": 0, "Active": 127, "Date": "2020-03-15T00:00:00Z"}, {"Country": "Ireland", "CountryCode": "", "Province": "", "City": "", "CityCode": "", "Lat": "0", "Lon": "0", "Confirmed": 169, "Deaths": 2, "Recovered": 0, "Active": 167, "Date": "2020-03-16T00:00:00Z"}, {"Country": "Ireland", "CountryCode": "", "Province": "", "City": "", "CityCode": "", "Lat": "0", "Lon": "0", "Confirmed": 223, "Deaths": 2, "Recovered": 5, "Active": 216, "Date": "2020-03-17T00:00:00Z"}, {"Country": "Ireland", "CountryCode": "", "Province": "", "City": "", "CityCode": "", "Lat": "0", "Lon": "0", "Confirmed": 292, "Deaths": 2, "Recovered": 5, "Active": 285, "Date": "2020-03-18T00:00:00Z"}, {"Country": "Ireland", "CountryCode": "", "Province": "", "City": "", "CityCode": "", "Lat": "0", "Lon": "0", "Confirmed": 557, "Deaths": 3, "Recovered": 5, "Active": 549, "Date": "2020-03-19T00:00:00Z"}, {"Country": "Ireland", "CountryCode": "", "Province": "", "City": "", "CityCode": "", "Lat": "0", "Lon": "0", "Confirmed": 683, "Deaths": 3, "Recovered": 5, "Active": 675, "Date": "2020-03-20T00:00:00Z"}, {"Country": "Ireland", "CountryCode": "", "Province": "", "City": "", "CityCode": "", "Lat": "0", "Lon": "0", "Confirmed": 785, "Deaths": 3, "Recovered": 5, "Active": 777, "Date": "2020-03-21T00:00:00Z"}, {"Country": "Ireland", "CountryCode": "", "Province": "", "City": "", "CityCode": "", "Lat": "0", "Lon": "0", "Confirmed": 906, "Deaths": 4, "Recovered": 5, "Active": 897, "Date": "2020-03-22T00:00:00Z"}, {"Country": "Ireland", "CountryCode": "", "Province": "", "City": "", "CityCode": "", "Lat": "0", "Lon": "0", "Confirmed": 1125, "Deaths": 6, "Recovered": 5, "Active": 1114, "Date": "2020-03-23T00:00:00Z"}, {"Country": "Ireland", "CountryCode": "", "Province": "", "City": "", "CityCode": "", "Lat": "0", "Lon": "0", "Confirmed": 1329, "Deaths": 7, "Recovered": 5, "Active": 1317, "Date": "2020-03-24T00:00:00Z"}, {"Country": "Ireland", "CountryCode": "", "Province": "", "City": "", "CityCode": "", "Lat": "0", "Lon": "0", "Confirmed": 1564, "Deaths": 9, "Recovered": 5, "Active": 1550, "Date": "2020-03-25T00:00:00Z"}, {"Country": "Ireland", "CountryCode": "", "Province": "", "City": "", "CityCode": "", "Lat": "0", "Lon": "0", "Confirmed": 1819, "Deaths": 19, "Recovered": 5, "Active": 1795, "Date": "2020-03-26T00:00:00Z"}, {"Country": "Ireland", "CountryCode": "", "Province": "", "City": "", "CityCode": "", "Lat": "0", "Lon": "0", "Confirmed": 2121, "Deaths": 22, "Recovered": 5, "Active": 2094, "Date": "2020-03-27T00:00:00Z"}, {"Country": "Ireland", "CountryCode": "", "Province": "", "City": "", "CityCode": "", "Lat": "0", "Lon": "0", "Confirmed": 2415, "Deaths": 36, "Recovered": 5, "Active": 2374, "Date": "2020-03-28T00:00:00Z"}, {"Country": "Ireland", "CountryCode": "", "Province": "", "City": "", "CityCode": "", "Lat": "0", "Lon": "0", "Confirmed": 2615, "Deaths": 46, "Recovered": 5, "Active": 2564, "Date": "2020-03-29T00:00:00Z"}, {"Country": "Ireland", "CountryCode": "", "Province": "", "City": "", "CityCode": "", "Lat": "0", "Lon": "0", "Confirmed": 2910, "Deaths": 54, "Recovered": 5, "Active": 2851, "Date": "2020-03-30T00:00:00Z"}, {"Country": "Ireland", "CountryCode": "", "Province": "", "City": "", "CityCode": "", "Lat": "0", "Lon": "0", "Confirmed": 3235, "Deaths": 71, "Recovered": 5, "Active": 3159, "Date": "2020-03-31T00:00:00Z"}, {"Country": "Ireland", "CountryCode": "", "Province": "", "City": "", "CityCode": "", "Lat": "0", "Lon": "0", "Confirmed": 3447, "Deaths": 85, "Recovered": 5, "Active": 3357, "Date": "2020-04-01T00:00:00Z"}, {"Country": "Ireland", "CountryCode": "", "Province": "", "City": "", "CityCode": "", "Lat": "0", "Lon": "0", "Confirmed": 3849, "Deaths": 98, "Recovered": 5, "Active": 3746, "Date": "2020-04-02T00:00:00Z"}, {"Country": "Ireland", "CountryCode": "", "Province": "", "City": "", "CityCode": "", "Lat": "0", "Lon": "0", "Confirmed": 4273, "Deaths": 120, "Recovered": 5, "Active": 4148, "Date": "2020-04-03T00:00:00Z"}, {"Country": "Ireland", "CountryCode": "", "Province": "", "City": "", "CityCode": "", "Lat": "0", "Lon": "0", "Confirmed": 4604, "Deaths": 137, "Recovered": 25, "Active": 4442, "Date": "2020-04-04T00:00:00Z"}, {"Country": "Ireland", "CountryCode": "", "Province": "", "City": "", "CityCode": "", "Lat": "0", "Lon": "0", "Confirmed": 4994, "Deaths": 158, "Recovered": 25, "Active": 4811, "Date": "2020-04-05T00:00:00Z"}, {"Country": "Ireland", "CountryCode": "", "Province": "", "City": "", "CityCode": "", "Lat": "0", "Lon": "0", "Confirmed": 5364, "Deaths": 174, "Recovered": 25, "Active": 5165, "Date": "2020-04-06T00:00:00Z"}, {"Country": "Ireland", "CountryCode": "", "Province": "", "City": "", "CityCode": "", "Lat": "0", "Lon": "0", "Confirmed": 5709, "Deaths": 210, "Recovered": 25, "Active": 5474, "Date": "2020-04-07T00:00:00Z"}, {"Country": "Ireland", "CountryCode": "", "Province": "", "City": "", "CityCode": "", "Lat": "0", "Lon": "0", "Confirmed": 6074, "Deaths": 235, "Recovered": 25, "Active": 5814, "Date": "2020-04-08T00:00:00Z"}, {"Country": "Ireland", "CountryCode": "", "Province": "", "City": "", "CityCode": "", "Lat": "0", "Lon": "0", "Confirmed": 6574, "Deaths": 263, "Recovered": 25, "Active": 6286, "Date": "2020-04-09T00:00:00Z"}, {"Country": "Ireland", "CountryCode": "", "Province": "", "City": "", "CityCode": "", "Lat": "0", "Lon": "0", "Confirmed": 8089, "Deaths": 287, "Recovered": 25, "Active": 7777, "Date": "2020-04-10T00:00:00Z"}, {"Country": "Ireland", "CountryCode": "", "Province": "", "City": "", "CityCode": "", "Lat": "0", "Lon": "0", "Confirmed": 8928, "Deaths": 320, "Recovered": 25, "Active": 8583, "Date": "2020-04-11T00:00:00Z"}, {"Country": "Ireland", "CountryCode": "", "Province": "", "City": "", "CityCode": "", "Lat": "0", "Lon": "0", "Confirmed": 9655, "Deaths": 334, "Recovered": 25, "Active": 9296, "Date": "2020-04-12T00:00:00Z"}, {"Country": "Ireland", "CountryCode": "", "Province": "", "City": "", "CityCode": "", "Lat": "0", "Lon": "0", "Confirmed": 10647, "Deaths": 365, "Recovered": 25, "Active": 10257, "Date": "2020-04-13T00:00:00Z"}, {"Country": "Ireland", "CountryCode": "", "Province": "", "City": "", "CityCode": "", "Lat": "0", "Lon": "0", "Confirmed": 11479, "Deaths": 406, "Recovered": 25, "Active": 11048, "Date": "2020-04-14T00:00:00Z"}, {"Country": "Ireland", "CountryCode": "", "Province": "", "City": "", "CityCode": "", "Lat": "0", "Lon": "0", "Confirmed": 12547, "Deaths": 444, "Recovered": 77, "Active": 12026, "Date": "2020-04-15T00:00:00Z"}, {"Country": "Ireland", "CountryCode": "", "Province": "", "City": "", "CityCode": "", "Lat": "0", "Lon": "0", "Confirmed": 13271, "Deaths": 486, "Recovered": 77, "Active": 12708, "Date": "2020-04-16T00:00:00Z"}, {"Country": "Ireland", "CountryCode": "", "Province": "", "City": "", "CityCode": "", "Lat": "0", "Lon": "0", "Confirmed": 13980, "Deaths": 530, "Recovered": 77, "Active": 13373, "Date": "2020-04-17T00:00:00Z"}, {"Country": "Ireland", "CountryCode": "", "Province": "", "City": "", "CityCode": "", "Lat": "0", "Lon": "0", "Confirmed": 14758, "Deaths": 571, "Recovered": 77, "Active": 14110, "Date": "2020-04-18T00:00:00Z"}, {"Country": "Ireland", "CountryCode": "", "Province": "", "City": "", "CityCode": "", "Lat": "0", "Lon": "0", "Confirmed": 15251, "Deaths": 610, "Recovered": 77, "Active": 14564, "Date": "2020-04-19T00:00:00Z"}, {"Country": "Ireland", "CountryCode": "", "Province": "", "City": "", "CityCode": "", "Lat": "0", "Lon": "0", "Confirmed": 15652, "Deaths": 687, "Recovered": 77, "Active": 14888, "Date": "2020-04-20T00:00:00Z"}, {"Country": "Ireland", "CountryCode": "", "Province": "", "City": "", "CityCode": "", "Lat": "0", "Lon": "0", "Confirmed": 16040, "Deaths": 730, "Recovered": 9233, "Active": 6077, "Date": "2020-04-21T00:00:00Z"}, {"Country": "Ireland", "CountryCode": "", "Province": "", "City": "", "CityCode": "", "Lat": "0", "Lon": "0", "Confirmed": 16671, "Deaths": 769, "Recovered": 9233, "Active": 6669, "Date": "2020-04-22T00:00:00Z"}, {"Country": "Ireland", "CountryCode": "", "Province": "", "City": "", "CityCode": "", "Lat": "0", "Lon": "0", "Confirmed": 17607, "Deaths": 794, "Recovered": 9233, "Active": 7580, "Date": "2020-04-23T00:00:00Z"}, {"Country": "Ireland", "CountryCode": "", "Province": "", "City": "", "CityCode": "", "Lat": "0", "Lon": "0", "Confirmed": 18184, "Deaths": 1014, "Recovered": 9233, "Active": 7937, "Date": "2020-04-24T00:00:00Z"}, {"Country": "Ireland", "CountryCode": "", "Province": "", "City": "", "CityCode": "", "Lat": "0", "Lon": "0", "Confirmed": 18561, "Deaths": 1063, "Recovered": 9233, "Active": 8265, "Date": "2020-04-25T00:00:00Z"}, {"Country": "Ireland", "CountryCode": "", "Province": "", "City": "", "CityCode": "", "Lat": "0", "Lon": "0", "Confirmed": 19262, "Deaths": 1087, "Recovered": 9233, "Active": 8942, "Date": "2020-04-26T00:00:00Z"}, {"Country": "Ireland", "CountryCode": "", "Province": "", "City": "", "CityCode": "", "Lat": "0", "Lon": "0", "Confirmed": 19648, "Deaths": 1102, "Recovered": 9233, "Active": 9313, "Date": "2020-04-27T00:00:00Z"}, {"Country": "Ireland", "CountryCode": "", "Province": "", "City": "", "CityCode": "", "Lat": "0", "Lon": "0", "Confirmed": 19877, "Deaths": 1159, "Recovered": 9233, "Active": 9485, "Date": "2020-04-28T00:00:00Z"}, {"Country": "Ireland", "CountryCode": "", "Province": "", "City": "", "CityCode": "", "Lat": "0", "Lon": "0", "Confirmed": 20253, "Deaths": 1190, "Recovered": 13386, "Active": 5677, "Date": "2020-04-29T00:00:00Z"}, {"Country": "Ireland", "CountryCode": "", "Province": "", "City": "", "CityCode": "", "Lat": "0", "Lon": "0", "Confirmed": 20612, "Deaths": 1232, "Recovered": 13386, "Active": 5994, "Date": "2020-04-30T00:00:00Z"}, {"Country": "Ireland", "CountryCode": "", "Province": "", "City": "", "CityCode": "", "Lat": "0", "Lon": "0", "Confirmed": 20833, "Deaths": 1265, "Recovered": 13386, "Active": 6182, "Date": "2020-05-01T00:00:00Z"}, {"Country": "Ireland", "CountryCode": "", "Province": "", "City": "", "CityCode": "", "Lat": "0", "Lon": "0", "Confirmed": 21176, "Deaths": 1286, "Recovered": 13386, "Active": 6504, "Date": "2020-05-02T00:00:00Z"}, {"Country": "Ireland", "CountryCode": "", "Province": "", "City": "", "CityCode": "", "Lat": "0", "Lon": "0", "Confirmed": 21506, "Deaths": 1303, "Recovered": 13386, "Active": 6817, "Date": "2020-05-03T00:00:00Z"}, {"Country": "Ireland", "CountryCode": "", "Province": "", "City": "", "CityCode": "", "Lat": "0", "Lon": "0", "Confirmed": 21772, "Deaths": 1319, "Recovered": 13386, "Active": 7067, "Date": "2020-05-04T00:00:00Z"}, {"Country": "Ireland", "CountryCode": "", "Province": "", "City": "", "CityCode": "", "Lat": "0", "Lon": "0", "Confirmed": 21983, "Deaths": 1339, "Recovered": 13386, "Active": 7258, "Date": "2020-05-05T00:00:00Z"}, {"Country": "Ireland", "CountryCode": "", "Province": "", "City": "", "CityCode": "", "Lat": "0", "Lon": "0", "Confirmed": 22248, "Deaths": 1375, "Recovered": 17110, "Active": 3763, "Date": "2020-05-06T00:00:00Z"}, {"Country": "Ireland", "CountryCode": "", "Province": "", "City": "", "CityCode": "", "Lat": "0", "Lon": "0", "Confirmed": 22385, "Deaths": 1403, "Recovered": 17110, "Active": 3872, "Date": "2020-05-07T00:00:00Z"}, {"Country": "Ireland", "CountryCode": "", "Province": "", "City": "", "CityCode": "", "Lat": "0", "Lon": "0", "Confirmed": 22541, "Deaths": 1429, "Recovered": 17110, "Active": 4002, "Date": "2020-05-08T00:00:00Z"}, {"Country": "Ireland", "CountryCode": "", "Province": "", "City": "", "CityCode": "", "Lat": "0", "Lon": "0", "Confirmed": 22760, "Deaths": 1446, "Recovered": 17110, "Active": 4204, "Date": "2020-05-09T00:00:00Z"}, {"Country": "Ireland", "CountryCode": "", "Province": "", "City": "", "CityCode": "", "Lat": "0", "Lon": "0", "Confirmed": 22996, "Deaths": 1458, "Recovered": 17110, "Active": 4428, "Date": "2020-05-10T00:00:00Z"}, {"Country": "Ireland", "CountryCode": "", "Province": "", "City": "", "CityCode": "", "Lat": "0", "Lon": "0", "Confirmed": 23135, "Deaths": 1467, "Recovered": 17110, "Active": 4558, "Date": "2020-05-11T00:00:00Z"}, {"Country": "Ireland", "CountryCode": "", "Province": "", "City": "", "CityCode": "", "Lat": "0", "Lon": "0", "Confirmed": 23242, "Deaths": 1488, "Recovered": 17110, "Active": 4644, "Date": "2020-05-12T00:00:00Z"}, {"Country": "Ireland", "CountryCode": "", "Province": "", "City": "", "CityCode": "", "Lat": "0", "Lon": "0", "Confirmed": 23401, "Deaths": 1497, "Recovered": 19470, "Active": 2434, "Date": "2020-05-13T00:00:00Z"}, {"Country": "Ireland", "CountryCode": "", "Province": "", "City": "", "CityCode": "", "Lat": "0", "Lon": "0", "Confirmed": 23827, "Deaths": 1506, "Recovered": 19470, "Active": 2851, "Date": "2020-05-14T00:00:00Z"}, {"Country": "Ireland", "CountryCode": "", "Province": "", "City": "", "CityCode": "", "Lat": "0", "Lon": "0", "Confirmed": 23956, "Deaths": 1518, "Recovered": 19470, "Active": 2968, "Date": "2020-05-15T00:00:00Z"}, {"Country": "Ireland", "CountryCode": "", "Province": "", "City": "", "CityCode": "", "Lat": "0", "Lon": "0", "Confirmed": 24048, "Deaths": 1533, "Recovered": 19470, "Active": 3045, "Date": "2020-05-16T00:00:00Z"}, {"Country": "Ireland", "CountryCode": "", "Province": "", "City": "", "CityCode": "", "Lat": "0", "Lon": "0", "Confirmed": 24112, "Deaths": 1543, "Recovered": 19470, "Active": 3099, "Date": "2020-05-17T00:00:00Z"}, {"Country": "Ireland", "CountryCode": "", "Province": "", "City": "", "CityCode": "", "Lat": "0", "Lon": "0", "Confirmed": 24200, "Deaths": 1547, "Recovered": 19470, "Active": 3183, "Date": "2020-05-18T00:00:00Z"}, {"Country": "Ireland", "CountryCode": "", "Province": "", "City": "", "CityCode": "", "Lat": "0", "Lon": "0", "Confirmed": 24251, "Deaths": 1561, "Recovered": 19470, "Active": 3220, "Date": "2020-05-19T00:00:00Z"}, {"Country": "Ireland", "CountryCode": "", "Province": "", "City": "", "CityCode": "", "Lat": "0", "Lon": "0", "Confirmed": 24315, "Deaths": 1571, "Recovered": 21060, "Active": 1684, "Date": "2020-05-20T00:00:00Z"}, {"Country": "Ireland", "CountryCode": "", "Province": "", "City": "", "CityCode": "", "Lat": "0", "Lon": "0", "Confirmed": 24391, "Deaths": 1583, "Recovered": 21060, "Active": 1748, "Date": "2020-05-21T00:00:00Z"}, {"Country": "Ireland", "CountryCode": "", "Province": "", "City": "", "CityCode": "", "Lat": "0", "Lon": "0", "Confirmed": 24506, "Deaths": 1592, "Recovered": 21060, "Active": 1854, "Date": "2020-05-22T00:00:00Z"}, {"Country": "Ireland", "CountryCode": "", "Province": "", "City": "", "CityCode": "", "Lat": "0", "Lon": "0", "Confirmed": 24582, "Deaths": 1604, "Recovered": 21060, "Active": 1918, "Date": "2020-05-23T00:00:00Z"}, {"Country": "Ireland", "CountryCode": "", "Province": "", "City": "", "CityCode": "", "Lat": "0", "Lon": "0", "Confirmed": 24639, "Deaths": 1608, "Recovered": 21060, "Active": 1971, "Date": "2020-05-24T00:00:00Z"}, {"Country": "Ireland", "CountryCode": "", "Province": "", "City": "", "CityCode": "", "Lat": "0", "Lon": "0", "Confirmed": 24698, "Deaths": 1606, "Recovered": 21060, "Active": 2032, "Date": "2020-05-25T00:00:00Z"}, {"Country": "Ireland", "CountryCode": "", "Province": "", "City": "", "CityCode": "", "Lat": "0", "Lon": "0", "Confirmed": 24735, "Deaths": 1615, "Recovered": 21060, "Active": 2060, "Date": "2020-05-26T00:00:00Z"}, {"Country": "Ireland", "CountryCode": "", "Province": "", "City": "", "CityCode": "", "Lat": "0", "Lon": "0", "Confirmed": 24803, "Deaths": 1631, "Recovered": 22089, "Active": 1083, "Date": "2020-05-27T00:00:00Z"}, {"Country": "Ireland", "CountryCode": "", "Province": "", "City": "", "CityCode": "", "Lat": "0", "Lon": "0", "Confirmed": 24841, "Deaths": 1639, "Recovered": 22089, "Active": 1113, "Date": "2020-05-28T00:00:00Z"}, {"Country": "Ireland", "CountryCode": "", "Province": "", "City": "", "CityCode": "", "Lat": "0", "Lon": "0", "Confirmed": 24876, "Deaths": 1645, "Recovered": 22089, "Active": 1142, "Date": "2020-05-29T00:00:00Z"}, {"Country": "Ireland", "CountryCode": "", "Province": "", "City": "", "CityCode": "", "Lat": "0", "Lon": "0", "Confirmed": 24929, "Deaths": 1651, "Recovered": 22089, "Active": 1189, "Date": "2020-05-30T00:00:00Z"}, {"Country": "Ireland", "CountryCode": "", "Province": "", "City": "", "CityCode": "", "Lat": "0", "Lon": "0", "Confirmed": 24990, "Deaths": 1652, "Recovered": 22089, "Active": 1249, "Date": "2020-05-31T00:00:00Z"}, {"Country": "Ireland", "CountryCode": "", "Province": "", "City": "", "CityCode": "", "Lat": "0", "Lon": "0", "Confirmed": 25062, "Deaths": 1650, "Recovered": 22089, "Active": 1323, "Date": "2020-06-01T00:00:00Z"}, {"Country": "Ireland", "CountryCode": "", "Province": "", "City": "", "CityCode": "", "Lat": "0", "Lon": "0", "Confirmed": 25066, "Deaths": 1658, "Recovered": 22089, "Active": 1319, "Date": "2020-06-02T00:00:00Z"}, {"Country": "Ireland", "CountryCode": "", "Province": "", "City": "", "CityCode": "", "Lat": "0", "Lon": "0", "Confirmed": 25111, "Deaths": 1659, "Recovered": 22698, "Active": 754, "Date": "2020-06-03T00:00:00Z"}, {"Country": "Ireland", "CountryCode": "", "Province": "", "City": "", "CityCode": "", "Lat": "0", "Lon": "0", "Confirmed": 25142, "Deaths": 1664, "Recovered": 22698, "Active": 780, "Date": "2020-06-04T00:00:00Z"}, {"Country": "Ireland", "CountryCode": "", "Province": "", "City": "", "CityCode": "", "Lat": "0", "Lon": "0", "Confirmed": 25163, "Deaths": 1670, "Recovered": 22698, "Active": 795, "Date": "2020-06-05T00:00:00Z"}, {"Country": "Ireland", "CountryCode": "", "Province": "", "City": "", "CityCode": "", "Lat": "0", "Lon": "0", "Confirmed": 25183, "Deaths": 1678, "Recovered": 22698, "Active": 807, "Date": "2020-06-06T00:00:00Z"}, {"Country": "Ireland", "CountryCode": "", "Province": "", "City": "", "CityCode": "", "Lat": "0", "Lon": "0", "Confirmed": 25201, "Deaths": 1679, "Recovered": 22698, "Active": 824, "Date": "2020-06-07T00:00:00Z"}, {"Country": "Ireland", "CountryCode": "", "Province": "", "City": "", "CityCode": "", "Lat": "0", "Lon": "0", "Confirmed": 25207, "Deaths": 1683, "Recovered": 22698, "Active": 826, "Date": "2020-06-08T00:00:00Z"}, {"Country": "Ireland", "CountryCode": "", "Province": "", "City": "", "CityCode": "", "Lat": "0", "Lon": "0", "Confirmed": 25215, "Deaths": 1691, "Recovered": 22698, "Active": 826, "Date": "2020-06-09T00:00:00Z"}, {"Country": "Ireland", "CountryCode": "", "Province": "", "City": "", "CityCode": "", "Lat": "0", "Lon": "0", "Confirmed": 25231, "Deaths": 1695, "Recovered": 22698, "Active": 838, "Date": "2020-06-10T00:00:00Z"}, {"Country": "Ireland", "CountryCode": "", "Province": "", "City": "", "CityCode": "", "Lat": "0", "Lon": "0", "Confirmed": 25238, "Deaths": 1703, "Recovered": 22698, "Active": 837, "Date": "2020-06-11T00:00:00Z"}, {"Country": "Ireland", "CountryCode": "", "Province": "", "City": "", "CityCode": "", "Lat": "0", "Lon": "0", "Confirmed": 25250, "Deaths": 1705, "Recovered": 22698, "Active": 847, "Date": "2020-06-12T00:00:00Z"}, {"Country": "Ireland", "CountryCode": "", "Province": "", "City": "", "CityCode": "", "Lat": "0", "Lon": "0", "Confirmed": 25295, "Deaths": 1705, "Recovered": 22698, "Active": 892, "Date": "2020-06-13T00:00:00Z"}, {"Country": "Ireland", "CountryCode": "", "Province": "", "City": "", "CityCode": "", "Lat": "0", "Lon": "0", "Confirmed": 25303, "Deaths": 1706, "Recovered": 22698, "Active": 899, "Date": "2020-06-14T00:00:00Z"}, {"Country": "Ireland", "CountryCode": "", "Province": "", "City": "", "CityCode": "", "Lat": "0", "Lon": "0", "Confirmed": 25321, "Deaths": 1706, "Recovered": 22698, "Active": 917, "Date": "2020-06-15T00:00:00Z"}, {"Country": "Ireland", "CountryCode": "", "Province": "", "City": "", "CityCode": "", "Lat": "0", "Lon": "0", "Confirmed": 25334, "Deaths": 1709, "Recovered": 22698, "Active": 927, "Date": "2020-06-16T00:00:00Z"}, {"Country": "Ireland", "CountryCode": "", "Province": "", "City": "", "CityCode": "", "Lat": "0", "Lon": "0", "Confirmed": 25341, "Deaths": 1710, "Recovered": 22698, "Active": 933, "Date": "2020-06-17T00:00:00Z"}, {"Country": "Ireland", "CountryCode": "", "Province": "", "City": "", "CityCode": "", "Lat": "0", "Lon": "0", "Confirmed": 25355, "Deaths": 1714, "Recovered": 22698, "Active": 943, "Date": "2020-06-18T00:00:00Z"}, {"Country": "Ireland", "CountryCode": "", "Province": "", "City": "", "CityCode": "", "Lat": "0", "Lon": "0", "Confirmed": 25368, "Deaths": 1714, "Recovered": 22698, "Active": 956, "Date": "2020-06-19T00:00:00Z"}, {"Country": "Ireland", "CountryCode": "", "Province": "", "City": "", "CityCode": "", "Lat": "0", "Lon": "0", "Confirmed": 25374, "Deaths": 1715, "Recovered": 22698, "Active": 961, "Date": "2020-06-20T00:00:00Z"}, {"Country": "Ireland", "CountryCode": "", "Province": "", "City": "", "CityCode": "", "Lat": "0", "Lon": "0", "Confirmed": 25379, "Deaths": 1715, "Recovered": 22698, "Active": 966, "Date": "2020-06-21T00:00:00Z"}, {"Country": "Ireland", "CountryCode": "", "Province": "", "City": "", "CityCode": "", "Lat": "0", "Lon": "0", "Confirmed": 25383, "Deaths": 1717, "Recovered": 22698, "Active": 968, "Date": "2020-06-22T00:00:00Z"}, {"Country": "Ireland", "CountryCode": "", "Province": "", "City": "", "CityCode": "", "Lat": "0", "Lon": "0", "Confirmed": 25391, "Deaths": 1720, "Recovered": 22698, "Active": 973, "Date": "2020-06-23T00:00:00Z"}, {"Country": "Ireland", "CountryCode": "", "Province": "", "City": "", "CityCode": "", "Lat": "0", "Lon": "0", "Confirmed": 25396, "Deaths": 1726, "Recovered": 23364, "Active": 306, "Date": "2020-06-24T00:00:00Z"}, {"Country": "Ireland", "CountryCode": "", "Province": "", "City": "", "CityCode": "", "Lat": "0", "Lon": "0", "Confirmed": 25405, "Deaths": 1727, "Recovered": 23364, "Active": 314, "Date": "2020-06-25T00:00:00Z"}, {"Country": "Ireland", "CountryCode": "", "Province": "", "City": "", "CityCode": "", "Lat": "0", "Lon": "0", "Confirmed": 25414, "Deaths": 1730, "Recovered": 23364, "Active": 320, "Date": "2020-06-26T00:00:00Z"}, {"Country": "Ireland", "CountryCode": "", "Province": "", "City": "", "CityCode": "", "Lat": "0", "Lon": "0", "Confirmed": 25437, "Deaths": 1734, "Recovered": 23364, "Active": 339, "Date": "2020-06-27T00:00:00Z"}, {"Country": "Ireland", "CountryCode": "", "Province": "", "City": "", "CityCode": "", "Lat": "0", "Lon": "0", "Confirmed": 25439, "Deaths": 1735, "Recovered": 23364, "Active": 340, "Date": "2020-06-28T00:00:00Z"}, {"Country": "Ireland", "CountryCode": "", "Province": "", "City": "", "CityCode": "", "Lat": "0", "Lon": "0", "Confirmed": 25462, "Deaths": 1735, "Recovered": 23364, "Active": 363, "Date": "2020-06-29T00:00:00Z"}, {"Country": "Ireland", "CountryCode": "", "Province": "", "City": "", "CityCode": "", "Lat": "0", "Lon": "0", "Confirmed": 25473, "Deaths": 1736, "Recovered": 23364, "Active": 373, "Date": "2020-06-30T00:00:00Z"}, {"Country": "Ireland", "CountryCode": "", "Province": "", "City": "", "CityCode": "", "Lat": "0", "Lon": "0", "Confirmed": 25477, "Deaths": 1738, "Recovered": 23364, "Active": 375, "Date": "2020-07-01T00:00:00Z"}, {"Country": "Ireland", "CountryCode": "", "Province": "", "City": "", "CityCode": "", "Lat": "0", "Lon": "0", "Confirmed": 25489, "Deaths": 1738, "Recovered": 23364, "Active": 387, "Date": "2020-07-02T00:00:00Z"}, {"Country": "Ireland", "CountryCode": "", "Province": "", "City": "", "CityCode": "", "Lat": "0", "Lon": "0", "Confirmed": 25498, "Deaths": 1740, "Recovered": 23364, "Active": 394, "Date": "2020-07-03T00:00:00Z"}, {"Country": "Ireland", "CountryCode": "", "Province": "", "City": "", "CityCode": "", "Lat": "0", "Lon": "0", "Confirmed": 25509, "Deaths": 1741, "Recovered": 23364, "Active": 404, "Date": "2020-07-04T00:00:00Z"}, {"Country": "Ireland", "CountryCode": "", "Province": "", "City": "", "CityCode": "", "Lat": "0", "Lon": "0", "Confirmed": 25527, "Deaths": 1741, "Recovered": 23364, "Active": 422, "Date": "2020-07-05T00:00:00Z"}, {"Country": "Ireland", "CountryCode": "", "Province": "", "City": "", "CityCode": "", "Lat": "0", "Lon": "0", "Confirmed": 25531, "Deaths": 1741, "Recovered": 23364, "Active": 426, "Date": "2020-07-06T00:00:00Z"}, {"Country": "Ireland", "CountryCode": "", "Province": "", "City": "", "CityCode": "", "Lat": "0", "Lon": "0", "Confirmed": 25538, "Deaths": 1742, "Recovered": 23364, "Active": 432, "Date": "2020-07-07T00:00:00Z"}, {"Country": "Ireland", "CountryCode": "", "Province": "", "City": "", "CityCode": "", "Lat": "0", "Lon": "0", "Confirmed": 25542, "Deaths": 1738, "Recovered": 23364, "Active": 440, "Date": "2020-07-08T00:00:00Z"}, {"Country": "Ireland", "CountryCode": "", "Province": "", "City": "", "CityCode": "", "Lat": "0", "Lon": "0", "Confirmed": 25565, "Deaths": 1743, "Recovered": 23364, "Active": 458, "Date": "2020-07-09T00:00:00Z"}, {"Country": "Ireland", "CountryCode": "", "Province": "", "City": "", "CityCode": "", "Lat": "0", "Lon": "0", "Confirmed": 25589, "Deaths": 1744, "Recovered": 23364, "Active": 481, "Date": "2020-07-10T00:00:00Z"}, {"Country": "Ireland", "CountryCode": "", "Province": "", "City": "", "CityCode": "", "Lat": "0", "Lon": "0", "Confirmed": 25611, "Deaths": 1746, "Recovered": 23364, "Active": 501, "Date": "2020-07-11T00:00:00Z"}, {"Country": "Ireland", "CountryCode": "", "Province": "", "City": "", "CityCode": "", "Lat": "0", "Lon": "0", "Confirmed": 25628, "Deaths": 1746, "Recovered": 23364, "Active": 518, "Date": "2020-07-12T00:00:00Z"}, {"Country": "Ireland", "CountryCode": "", "Province": "", "City": "", "CityCode": "", "Lat": "0", "Lon": "0", "Confirmed": 25638, "Deaths": 1746, "Recovered": 23364, "Active": 528, "Date": "2020-07-13T00:00:00Z"}, {"Country": "Ireland", "CountryCode": "", "Province": "", "City": "", "CityCode": "", "Lat": "0", "Lon": "0", "Confirmed": 25670, "Deaths": 1746, "Recovered": 23364, "Active": 560, "Date": "2020-07-14T00:00:00Z"}, {"Country": "Ireland", "CountryCode": "", "Province": "", "City": "", "CityCode": "", "Lat": "0", "Lon": "0", "Confirmed": 25683, "Deaths": 1748, "Recovered": 23364, "Active": 571, "Date": "2020-07-15T00:00:00Z"}, {"Country": "Ireland", "CountryCode": "", "Province": "", "City": "", "CityCode": "", "Lat": "0", "Lon": "0", "Confirmed": 25698, "Deaths": 1749, "Recovered": 23364, "Active": 585, "Date": "2020-07-16T00:00:00Z"}, {"Country": "Ireland", "CountryCode": "", "Province": "", "City": "", "CityCode": "", "Lat": "0", "Lon": "0", "Confirmed": 25730, "Deaths": 1752, "Recovered": 23364, "Active": 614, "Date": "2020-07-17T00:00:00Z"}, {"Country": "Ireland", "CountryCode": "", "Province": "", "City": "", "CityCode": "", "Lat": "0", "Lon": "0", "Confirmed": 25750, "Deaths": 1753, "Recovered": 23364, "Active": 633, "Date": "2020-07-18T00:00:00Z"}, {"Country": "Ireland", "CountryCode": "", "Province": "", "City": "", "CityCode": "", "Lat": "0", "Lon": "0", "Confirmed": 25760, "Deaths": 1753, "Recovered": 23364, "Active": 643, "Date": "2020-07-19T00:00:00Z"}, {"Country": "Ireland", "CountryCode": "", "Province": "", "City": "", "CityCode": "", "Lat": "0", "Lon": "0", "Confirmed": 25766, "Deaths": 1753, "Recovered": 23364, "Active": 649, "Date": "2020-07-20T00:00:00Z"}, {"Country": "Ireland", "CountryCode": "", "Province": "", "City": "", "CityCode": "", "Lat": "0", "Lon": "0", "Confirmed": 25802, "Deaths": 1753, "Recovered": 23364, "Active": 685, "Date": "2020-07-21T00:00:00Z"}, {"Country": "Ireland", "CountryCode": "", "Province": "", "City": "", "CityCode": "", "Lat": "0", "Lon": "0", "Confirmed": 25819, "Deaths": 1754, "Recovered": 23364, "Active": 701, "Date": "2020-07-22T00:00:00Z"}, {"Country": "Ireland", "CountryCode": "", "Province": "", "City": "", "CityCode": "", "Lat": "0", "Lon": "0", "Confirmed": 25826, "Deaths": 1763, "Recovered": 23364, "Active": 699, "Date": "2020-07-23T00:00:00Z"}, {"Country": "Ireland", "CountryCode": "", "Province": "", "City": "", "CityCode": "", "Lat": "0", "Lon": "0", "Confirmed": 25845, "Deaths": 1763, "Recovered": 23364, "Active": 718, "Date": "2020-07-24T00:00:00Z"}, {"Country": "Ireland", "CountryCode": "", "Province": "", "City": "", "CityCode": "", "Lat": "0", "Lon": "0", "Confirmed": 25869, "Deaths": 1764, "Recovered": 23364, "Active": 741, "Date": "2020-07-25T00:00:00Z"}, {"Country": "Ireland", "CountryCode": "", "Province": "", "City": "", "CityCode": "", "Lat": "0", "Lon": "0", "Confirmed": 25881, "Deaths": 1764, "Recovered": 23364, "Active": 753, "Date": "2020-07-26T00:00:00Z"}, {"Country": "Ireland", "CountryCode": "", "Province": "", "City": "", "CityCode": "", "Lat": "0", "Lon": "0", "Confirmed": 25892, "Deaths": 1764, "Recovered": 23364, "Active": 764, "Date": "2020-07-27T00:00:00Z"}, {"Country": "Ireland", "CountryCode": "", "Province": "", "City": "", "CityCode": "", "Lat": "0", "Lon": "0", "Confirmed": 25929, "Deaths": 1764, "Recovered": 23364, "Active": 801, "Date": "2020-07-28T00:00:00Z"}, {"Country": "Ireland", "CountryCode": "", "Province": "", "City": "", "CityCode": "", "Lat": "0", "Lon": "0", "Confirmed": 25942, "Deaths": 1764, "Recovered": 23364, "Active": 814, "Date": "2020-07-29T00:00:00Z"}, {"Country": "Ireland", "CountryCode": "", "Province": "", "City": "", "CityCode": "", "Lat": "0", "Lon": "0", "Confirmed": 26027, "Deaths": 1763, "Recovered": 23364, "Active": 900, "Date": "2020-07-30T00:00:00Z"}, {"Country": "Ireland", "CountryCode": "", "Province": "", "City": "", "CityCode": "", "Lat": "0", "Lon": "0", "Confirmed": 26065, "Deaths": 1763, "Recovered": 23364, "Active": 938, "Date": "2020-07-31T00:00:00Z"}, {"Country": "Ireland", "CountryCode": "", "Province": "", "City": "", "CityCode": "", "Lat": "0", "Lon": "0", "Confirmed": 26109, "Deaths": 1763, "Recovered": 23364, "Active": 982, "Date": "2020-08-01T00:00:00Z"}, {"Country": "Ireland", "CountryCode": "", "Province": "", "City": "", "CityCode": "", "Lat": "0", "Lon": "0", "Confirmed": 26162, "Deaths": 1763, "Recovered": 23364, "Active": 1035, "Date": "2020-08-02T00:00:00Z"}, {"Country": "Ireland", "CountryCode": "", "Province": "", "City": "", "CityCode": "", "Lat": "0", "Lon": "0", "Confirmed": 26208, "Deaths": 1763, "Recovered": 23364, "Active": 1081, "Date": "2020-08-03T00:00:00Z"}, {"Country": "Ireland", "CountryCode": "", "Province": "", "City": "", "CityCode": "", "Lat": "0", "Lon": "0", "Confirmed": 26253, "Deaths": 1763, "Recovered": 23364, "Active": 1126, "Date": "2020-08-04T00:00:00Z"}, {"Country": "Ireland", "CountryCode": "", "Province": "", "City": "", "CityCode": "", "Lat": "0", "Lon": "0", "Confirmed": 26303, "Deaths": 1763, "Recovered": 23364, "Active": 1176, "Date": "2020-08-05T00:00:00Z"}, {"Country": "Ireland", "CountryCode": "", "Province": "", "City": "", "CityCode": "", "Lat": "0", "Lon": "0", "Confirmed": 26372, "Deaths": 1768, "Recovered": 23364, "Active": 1240, "Date": "2020-08-06T00:00:00Z"}, {"Country": "Ireland", "CountryCode": "", "Province": "", "City": "", "CityCode": "", "Lat": "0", "Lon": "0", "Confirmed": 26470, "Deaths": 1772, "Recovered": 23364, "Active": 1334, "Date": "2020-08-07T00:00:00Z"}, {"Country": "Ireland", "CountryCode": "", "Province": "", "City": "", "CityCode": "", "Lat": "0", "Lon": "0", "Confirmed": 26644, "Deaths": 1772, "Recovered": 23364, "Active": 1508, "Date": "2020-08-08T00:00:00Z"}, {"Country": "Ireland", "CountryCode": "", "Province": "", "City": "", "CityCode": "", "Lat": "0", "Lon": "0", "Confirmed": 26712, "Deaths": 1772, "Recovered": 23364, "Active": 1576, "Date": "2020-08-09T00:00:00Z"}, {"Country": "Ireland", "CountryCode": "", "Province": "", "City": "", "CityCode": "", "Lat": "0", "Lon": "0", "Confirmed": 26768, "Deaths": 1772, "Recovered": 23364, "Active": 1632, "Date": "2020-08-10T00:00:00Z"}, {"Country": "Ireland", "CountryCode": "", "Province": "", "City": "", "CityCode": "", "Lat": "0", "Lon": "0", "Confirmed": 26801, "Deaths": 1773, "Recovered": 23364, "Active": 1664, "Date": "2020-08-11T00:00:00Z"}, {"Country": "Ireland", "CountryCode": "", "Province": "", "City": "", "CityCode": "", "Lat": "0", "Lon": "0", "Confirmed": 26838, "Deaths": 1774, "Recovered": 23364, "Active": 1700, "Date": "2020-08-12T00:00:00Z"}, {"Country": "Ireland", "CountryCode": "", "Province": "", "City": "", "CityCode": "", "Lat": "0", "Lon": "0", "Confirmed": 26929, "Deaths": 1774, "Recovered": 23364, "Active": 1791, "Date": "2020-08-13T00:00:00Z"}, {"Country": "Ireland", "CountryCode": "", "Province": "", "City": "", "CityCode": "", "Lat": "0", "Lon": "0", "Confirmed": 26995, "Deaths": 1774, "Recovered": 23364, "Active": 1857, "Date": "2020-08-14T00:00:00Z"}, {"Country": "Ireland", "CountryCode": "", "Province": "", "City": "", "CityCode": "", "Lat": "0", "Lon": "0", "Confirmed": 27191, "Deaths": 1774, "Recovered": 23364, "Active": 2053, "Date": "2020-08-15T00:00:00Z"}, {"Country": "Ireland", "CountryCode": "", "Province": "", "City": "", "CityCode": "", "Lat": "0", "Lon": "0", "Confirmed": 27257, "Deaths": 1774, "Recovered": 23364, "Active": 2119, "Date": "2020-08-16T00:00:00Z"}, {"Country": "Ireland", "CountryCode": "", "Province": "", "City": "", "CityCode": "", "Lat": "0", "Lon": "0", "Confirmed": 27313, "Deaths": 1774, "Recovered": 23364, "Active": 2175, "Date": "2020-08-17T00:00:00Z"}, {"Country": "Ireland", "CountryCode": "", "Province": "", "City": "", "CityCode": "", "Lat": "0", "Lon": "0", "Confirmed": 27499, "Deaths": 1775, "Recovered": 23364, "Active": 2360, "Date": "2020-08-18T00:00:00Z"}, {"Country": "Ireland", "CountryCode": "", "Province": "", "City": "", "CityCode": "", "Lat": "0", "Lon": "0", "Confirmed": 27547, "Deaths": 1775, "Recovered": 23364, "Active": 2408, "Date": "2020-08-19T00:00:00Z"}, {"Country": "Ireland", "CountryCode": "", "Province": "", "City": "", "CityCode": "", "Lat": "0", "Lon": "0", "Confirmed": 27676, "Deaths": 1776, "Recovered": 23364, "Active": 2536, "Date": "2020-08-20T00:00:00Z"}, {"Country": "Ireland", "CountryCode": "", "Province": "", "City": "", "CityCode": "", "Lat": "0", "Lon": "0", "Confirmed": 27755, "Deaths": 1776, "Recovered": 23364, "Active": 2615, "Date": "2020-08-21T00:00:00Z"}, {"Country": "Ireland", "CountryCode": "", "Province": "", "City": "", "CityCode": "", "Lat": "0", "Lon": "0", "Confirmed": 27908, "Deaths": 1777, "Recovered": 23364, "Active": 2767, "Date": "2020-08-22T00:00:00Z"}, {"Country": "Ireland", "CountryCode": "", "Province": "", "City": "", "CityCode": "", "Lat": "0", "Lon": "0", "Confirmed": 27969, "Deaths": 1777, "Recovered": 23364, "Active": 2828, "Date": "2020-08-23T00:00:00Z"}, {"Country": "Ireland", "CountryCode": "", "Province": "", "City": "", "CityCode": "", "Lat": "0", "Lon": "0", "Confirmed": 28116, "Deaths": 1777, "Recovered": 23364, "Active": 2975, "Date": "2020-08-24T00:00:00Z"}, {"Country": "Ireland", "CountryCode": "", "Province": "", "City": "", "CityCode": "", "Lat": "0", "Lon": "0", "Confirmed": 28201, "Deaths": 1777, "Recovered": 23364, "Active": 3060, "Date": "2020-08-25T00:00:00Z"}, {"Country": "Ireland", "CountryCode": "", "Province": "", "City": "", "CityCode": "", "Lat": "0", "Lon": "0", "Confirmed": 28363, "Deaths": 1777, "Recovered": 23364, "Active": 3222, "Date": "2020-08-26T00:00:00Z"}, {"Country": "Ireland", "CountryCode": "", "Province": "", "City": "", "CityCode": "", "Lat": "0", "Lon": "0", "Confirmed": 28453, "Deaths": 1777, "Recovered": 23364, "Active": 3312, "Date": "2020-08-27T00:00:00Z"}, {"Country": "Ireland", "CountryCode": "", "Province": "", "City": "", "CityCode": "", "Lat": "0", "Lon": "0", "Confirmed": 28578, "Deaths": 1777, "Recovered": 23364, "Active": 3437, "Date": "2020-08-28T00:00:00Z"}, {"Country": "Ireland", "CountryCode": "", "Province": "", "City": "", "CityCode": "", "Lat": "0", "Lon": "0", "Confirmed": 28720, "Deaths": 1777, "Recovered": 23364, "Active": 3579, "Date": "2020-08-29T00:00:00Z"}, {"Country": "Ireland", "CountryCode": "", "Province": "", "City": "", "CityCode": "", "Lat": "0", "Lon": "0", "Confirmed": 28760, "Deaths": 1777, "Recovered": 23364, "Active": 3619, "Date": "2020-08-30T00:00:00Z"}, {"Country": "Ireland", "CountryCode": "", "Province": "", "City": "", "CityCode": "", "Lat": "0", "Lon": "0", "Confirmed": 28811, "Deaths": 1777, "Recovered": 23364, "Active": 3670, "Date": "2020-08-31T00:00:00Z"}, {"Country": "Ireland", "CountryCode": "", "Province": "", "City": "", "CityCode": "", "Lat": "0", "Lon": "0", "Confirmed": 29025, "Deaths": 1777, "Recovered": 23364, "Active": 3884, "Date": "2020-09-01T00:00:00Z"}, {"Country": "Ireland", "CountryCode": "", "Province": "", "City": "", "CityCode": "", "Lat": "0", "Lon": "0", "Confirmed": 29114, "Deaths": 1777, "Recovered": 23364, "Active": 3973, "Date": "2020-09-02T00:00:00Z"}, {"Country": "Ireland", "CountryCode": "", "Province": "", "City": "", "CityCode": "", "Lat": "0", "Lon": "0", "Confirmed": 29206, "Deaths": 1777, "Recovered": 23364, "Active": 4065, "Date": "2020-09-03T00:00:00Z"}, {"Country": "Ireland", "CountryCode": "", "Province": "", "City": "", "CityCode": "", "Lat": "0", "Lon": "0", "Confirmed": 29303, "Deaths": 1777, "Recovered": 23364, "Active": 4162, "Date": "2020-09-04T00:00:00Z"}, {"Country": "Ireland", "CountryCode": "", "Province": "", "City": "", "CityCode": "", "Lat": "0", "Lon": "0", "Confirmed": 29534, "Deaths": 1777, "Recovered": 23364, "Active": 4393, "Date": "2020-09-05T00:00:00Z"}, {"Country": "Ireland", "CountryCode": "", "Province": "", "City": "", "CityCode": "", "Lat": "0", "Lon": "0", "Confirmed": 29672, "Deaths": 1777, "Recovered": 23364, "Active": 4531, "Date": "2020-09-06T00:00:00Z"}, {"Country": "Ireland", "CountryCode": "", "Province": "", "City": "", "CityCode": "", "Lat": "0", "Lon": "0", "Confirmed": 29774, "Deaths": 1777, "Recovered": 23364, "Active": 4633, "Date": "2020-09-07T00:00:00Z"}, {"Country": "Ireland", "CountryCode": "", "Province": "", "City": "", "CityCode": "", "Lat": "0", "Lon": "0", "Confirmed": 30080, "Deaths": 1778, "Recovered": 23364, "Active": 4938, "Date": "2020-09-08T00:00:00Z"}, {"Country": "Ireland", "CountryCode": "", "Province": "", "City": "", "CityCode": "", "Lat": "0", "Lon": "0", "Confirmed": 30164, "Deaths": 1781, "Recovered": 23364, "Active": 5019, "Date": "2020-09-09T00:00:00Z"}, {"Country": "Ireland", "CountryCode": "", "Province": "", "City": "", "CityCode": "", "Lat": "0", "Lon": "0", "Confirmed": 30360, "Deaths": 1781, "Recovered": 23364, "Active": 5215, "Date": "2020-09-10T00:00:00Z"}, {"Country": "Ireland", "CountryCode": "", "Province": "", "City": "", "CityCode": "", "Lat": "0", "Lon": "0", "Confirmed": 30571, "Deaths": 1781, "Recovered": 23364, "Active": 5426, "Date": "2020-09-11T00:00:00Z"}, {"Country": "Ireland", "CountryCode": "", "Province": "", "City": "", "CityCode": "", "Lat": "0", "Lon": "0", "Confirmed": 30730, "Deaths": 1783, "Recovered": 23364, "Active": 5583, "Date": "2020-09-12T00:00:00Z"}, {"Country": "Ireland", "CountryCode": "", "Province": "", "City": "", "CityCode": "", "Lat": "0", "Lon": "0", "Confirmed": 30985, "Deaths": 1784, "Recovered": 23364, "Active": 5837, "Date": "2020-09-13T00:00:00Z"}, {"Country": "Ireland", "CountryCode": "", "Province": "", "City": "", "CityCode": "", "Lat": "0", "Lon": "0", "Confirmed": 31192, "Deaths": 1784, "Recovered": 23364, "Active": 6044, "Date": "2020-09-14T00:00:00Z"}, {"Country": "Ireland", "CountryCode": "", "Province": "", "City": "", "CityCode": "", "Lat": "0", "Lon": "0", "Confirmed": 31549, "Deaths": 1787, "Recovered": 23364, "Active": 6398, "Date": "2020-09-15T00:00:00Z"}, {"Country": "Ireland", "CountryCode": "", "Province": "", "City": "", "CityCode": "", "Lat": "0", "Lon": "0", "Confirmed": 31799, "Deaths": 1788, "Recovered": 23364, "Active": 6647, "Date": "2020-09-16T00:00:00Z"}, {"Country": "Ireland", "CountryCode": "", "Province": "", "City": "", "CityCode": "", "Lat": "0", "Lon": "0", "Confirmed": 32023, "Deaths": 1789, "Recovered": 23364, "Active": 6870, "Date": "2020-09-17T00:00:00Z"}, {"Country": "Ireland", "CountryCode": "", "Province": "", "City": "", "CityCode": "", "Lat": "0", "Lon": "0", "Confirmed": 32271, "Deaths": 1792, "Recovered": 23364, "Active": 7115, "Date": "2020-09-18T00:00:00Z"}, {"Country": "Ireland", "CountryCode": "", "Province": "", "City": "", "CityCode": "", "Lat": "0", "Lon": "0", "Confirmed": 32538, "Deaths": 1792, "Recovered": 23364, "Active": 7382, "Date": "2020-09-19T00:00:00Z"}, {"Country": "Ireland", "CountryCode": "", "Province": "", "City": "", "CityCode": "", "Lat": "0", "Lon": "0", "Confirmed": 32933, "Deaths": 1792, "Recovered": 23364, "Active": 7777, "Date": "2020-09-20T00:00:00Z"}, {"Country": "Ireland", "CountryCode": "", "Province": "", "City": "", "CityCode": "", "Lat": "0", "Lon": "0", "Confirmed": 33121, "Deaths": 1792, "Recovered": 23364, "Active": 7965, "Date": "2020-09-21T00:00:00Z"}, {"Country": "Ireland", "CountryCode": "", "Province": "", "City": "", "CityCode": "", "Lat": "0", "Lon": "0", "Confirmed": 33444, "Deaths": 1792, "Recovered": 23364, "Active": 8288, "Date": "2020-09-22T00:00:00Z"}, {"Country": "Ireland", "CountryCode": "", "Province": "", "City": "", "CityCode": "", "Lat": "0", "Lon": "0", "Confirmed": 33675, "Deaths": 1794, "Recovered": 23364, "Active": 8517, "Date": "2020-09-23T00:00:00Z"}, {"Country": "Ireland", "CountryCode": "", "Province": "", "City": "", "CityCode": "", "Lat": "0", "Lon": "0", "Confirmed": 33994, "Deaths": 1797, "Recovered": 23364, "Active": 8833, "Date": "2020-09-24T00:00:00Z"}, {"Country": "Ireland", "CountryCode": "", "Province": "", "City": "", "CityCode": "", "Lat": "0", "Lon": "0", "Confirmed": 34315, "Deaths": 1797, "Recovered": 23364, "Active": 9154, "Date": "2020-09-25T00:00:00Z"}, {"Country": "Ireland", "CountryCode": "", "Province": "", "City": "", "CityCode": "", "Lat": "0", "Lon": "0", "Confirmed": 34560, "Deaths": 1802, "Recovered": 23364, "Active": 9394, "Date": "2020-09-26T00:00:00Z"}, {"Country": "Ireland", "CountryCode": "", "Province": "", "City": "", "CityCode": "", "Lat": "0", "Lon": "0", "Confirmed": 34990, "Deaths": 1802, "Recovered": 23364, "Active": 9824, "Date": "2020-09-27T00:00:00Z"}, {"Country": "Ireland", "CountryCode": "", "Province": "", "City": "", "CityCode": "", "Lat": "0", "Lon": "0", "Confirmed": 35377, "Deaths": 1802, "Recovered": 23364, "Active": 10211, "Date": "2020-09-28T00:00:00Z"}, {"Country": "Ireland", "CountryCode": "", "Province": "", "City": "", "CityCode": "", "Lat": "0", "Lon": "0", "Confirmed": 35740, "Deaths": 1803, "Recovered": 23364, "Active": 10573, "Date": "2020-09-29T00:00:00Z"}, {"Country": "Ireland", "CountryCode": "", "Province": "", "City": "", "CityCode": "", "Lat": "0", "Lon": "0", "Confirmed": 36155, "Deaths": 1804, "Recovered": 23364, "Active": 10987, "Date": "2020-09-30T00:00:00Z"}, {"Country": "Ireland", "CountryCode": "", "Province": "", "City": "", "CityCode": "", "Lat": "0", "Lon": "0", "Confirmed": 36597, "Deaths": 1806, "Recovered": 23364, "Active": 11427, "Date": "2020-10-01T00:00:00Z"}, {"Country": "Ireland", "CountryCode": "", "Province": "", "City": "", "CityCode": "", "Lat": "0", "Lon": "0", "Confirmed": 37063, "Deaths": 1801, "Recovered": 23364, "Active": 11898, "Date": "2020-10-02T00:00:00Z"}, {"Country": "Ireland", "CountryCode": "", "Province": "", "City": "", "CityCode": "", "Lat": "0", "Lon": "0", "Confirmed": 37668, "Deaths": 1810, "Recovered": 23364, "Active": 12494, "Date": "2020-10-03T00:00:00Z"}, {"Country": "Ireland", "CountryCode": "", "Province": "", "City": "", "CityCode": "", "Lat": "0", "Lon": "0", "Confirmed": 38032, "Deaths": 1810, "Recovered": 23364, "Active": 12858, "Date": "2020-10-04T00:00:00Z"}, {"Country": "Ireland", "CountryCode": "", "Province": "", "City": "", "CityCode": "", "Lat": "0", "Lon": "0", "Confirmed": 38549, "Deaths": 1810, "Recovered": 23364, "Active": 13375, "Date": "2020-10-05T00:00:00Z"}, {"Country": "Ireland", "CountryCode": "", "Province": "", "City": "", "CityCode": "", "Lat": "0", "Lon": "0", "Confirmed": 38973, "Deaths": 1811, "Recovered": 23364, "Active": 13798, "Date": "2020-10-06T00:00:00Z"}, {"Country": "Ireland", "CountryCode": "", "Province": "", "City": "", "CityCode": "", "Lat": "0", "Lon": "0", "Confirmed": 39584, "Deaths": 1816, "Recovered": 23364, "Active": 14404, "Date": "2020-10-07T00:00:00Z"}, {"Country": "Ireland", "CountryCode": "", "Province": "", "City": "", "CityCode": "", "Lat": "0", "Lon": "0", "Confirmed": 40086, "Deaths": 1817, "Recovered": 23364, "Active": 14905, "Date": "2020-10-08T00:00:00Z"}, {"Country": "Ireland", "CountryCode": "", "Province": "", "City": "", "CityCode": "", "Lat": "0", "Lon": "0", "Confirmed": 40703, "Deaths": 1821, "Recovered": 23364, "Active": 15518, "Date": "2020-10-09T00:00:00Z"}, {"Country": "Ireland", "CountryCode": "", "Province": "", "City": "", "CityCode": "", "Lat": "0", "Lon": "0", "Confirmed": 41714, "Deaths": 1824, "Recovered": 23364, "Active": 16526, "Date": "2020-10-10T00:00:00Z"}, {"Country": "Ireland", "CountryCode": "", "Province": "", "City": "", "CityCode": "", "Lat": "0", "Lon": "0", "Confirmed": 42528, "Deaths": 1826, "Recovered": 23364, "Active": 17338, "Date": "2020-10-11T00:00:00Z"}, {"Country": "Ireland", "CountryCode": "", "Province": "", "City": "", "CityCode": "", "Lat": "0", "Lon": "0", "Confirmed": 43351, "Deaths": 1827, "Recovered": 23364, "Active": 18160, "Date": "2020-10-12T00:00:00Z"}, {"Country": "Ireland", "CountryCode": "", "Province": "", "City": "", "CityCode": "", "Lat": "0", "Lon": "0", "Confirmed": 44159, "Deaths": 1830, "Recovered": 23364, "Active": 18965, "Date": "2020-10-13T00:00:00Z"}, {"Country": "Ireland", "CountryCode": "", "Province": "", "City": "", "CityCode": "", "Lat": "0", "Lon": "0", "Confirmed": 45243, "Deaths": 1835, "Recovered": 23364, "Active": 20044, "Date": "2020-10-14T00:00:00Z"}, {"Country": "Ireland", "CountryCode": "", "Province": "", "City": "", "CityCode": "", "Lat": "0", "Lon": "0", "Confirmed": 46429, "Deaths": 1838, "Recovered": 23364, "Active": 21227, "Date": "2020-10-15T00:00:00Z"}, {"Country": "Ireland", "CountryCode": "", "Province": "", "City": "", "CityCode": "", "Lat": "0", "Lon": "0", "Confirmed": 47427, "Deaths": 1841, "Recovered": 23364, "Active": 22222, "Date": "2020-10-16T00:00:00Z"}, {"Country": "Ireland", "CountryCode": "", "Province": "", "City": "", "CityCode": "", "Lat": "0", "Lon": "0", "Confirmed": 48678, "Deaths": 1849, "Recovered": 23364, "Active": 23465, "Date": "2020-10-17T00:00:00Z"}, {"Country": "Ireland", "CountryCode": "", "Province": "", "City": "", "CityCode": "", "Lat": "0", "Lon": "0", "Confirmed": 49962, "Deaths": 1852, "Recovered": 23364, "Active": 24746, "Date": "2020-10-18T00:00:00Z"}, {"Country": "Ireland", "CountryCode": "", "Province": "", "City": "", "CityCode": "", "Lat": "0", "Lon": "0", "Confirmed": 50993, "Deaths": 1852, "Recovered": 23364, "Active": 25777, "Date": "2020-10-19T00:00:00Z"}, {"Country": "Ireland", "CountryCode": "", "Province": "", "City": "", "CityCode": "", "Lat": "0", "Lon": "0", "Confirmed": 52256, "Deaths": 1865, "Recovered": 23364, "Active": 27027, "Date": "2020-10-20T00:00:00Z"}, {"Country": "Ireland", "CountryCode": "", "Province": "", "City": "", "CityCode": "", "Lat": "0", "Lon": "0", "Confirmed": 53422, "Deaths": 1868, "Recovered": 23364, "Active": 28190, "Date": "2020-10-21T00:00:00Z"}, {"Country": "Ireland", "CountryCode": "", "Province": "", "City": "", "CityCode": "", "Lat": "0", "Lon": "0", "Confirmed": 54476, "Deaths": 1871, "Recovered": 23364, "Active": 29241, "Date": "2020-10-22T00:00:00Z"}, {"Country": "Ireland", "CountryCode": "", "Province": "", "City": "", "CityCode": "", "Lat": "0", "Lon": "0", "Confirmed": 55261, "Deaths": 1878, "Recovered": 23364, "Active": 30019, "Date": "2020-10-23T00:00:00Z"}, {"Country": "Ireland", "CountryCode": "", "Province": "", "City": "", "CityCode": "", "Lat": "0", "Lon": "0", "Confirmed": 56108, "Deaths": 1882, "Recovered": 23364, "Active": 30862, "Date": "2020-10-24T00:00:00Z"}, {"Country": "Ireland", "CountryCode": "", "Province": "", "City": "", "CityCode": "", "Lat": "0", "Lon": "0", "Confirmed": 57128, "Deaths": 1882, "Recovered": 23364, "Active": 31882, "Date": "2020-10-25T00:00:00Z"}, {"Country": "Ireland", "CountryCode": "", "Province": "", "City": "", "CityCode": "", "Lat": "0", "Lon": "0", "Confirmed": 58067, "Deaths": 1885, "Recovered": 23364, "Active": 32818, "Date": "2020-10-26T00:00:00Z"}, {"Country": "Ireland", "CountryCode": "", "Province": "", "City": "", "CityCode": "", "Lat": "0", "Lon": "0", "Confirmed": 58767, "Deaths": 1890, "Recovered": 23364, "Active": 33513, "Date": "2020-10-27T00:00:00Z"}, {"Country": "Ireland", "CountryCode": "", "Province": "", "City": "", "CityCode": "", "Lat": "0", "Lon": "0", "Confirmed": 59434, "Deaths": 1896, "Recovered": 23364, "Active": 34174, "Date": "2020-10-28T00:00:00Z"}, {"Country": "Ireland", "CountryCode": "", "Province": "", "City": "", "CityCode": "", "Lat": "0", "Lon": "0", "Confirmed": 60297, "Deaths": 1902, "Recovered": 23364, "Active": 35031, "Date": "2020-10-29T00:00:00Z"}, {"Country": "Ireland", "CountryCode": "", "Province": "", "City": "", "CityCode": "", "Lat": "0", "Lon": "0", "Confirmed": 61059, "Deaths": 1908, "Recovered": 23364, "Active": 35787, "Date": "2020-10-30T00:00:00Z"}, {"Country": "Ireland", "CountryCode": "", "Province": "", "City": "", "CityCode": "", "Lat": "0", "Lon": "0", "Confirmed": 61456, "Deaths": 1913, "Recovered": 23364, "Active": 36179, "Date": "2020-10-31T00:00:00Z"}, {"Country": "Ireland", "CountryCode": "", "Province": "", "City": "", "CityCode": "", "Lat": "0", "Lon": "0", "Confirmed": 62002, "Deaths": 1915, "Recovered": 23364, "Active": 36723, "Date": "2020-11-01T00:00:00Z"}, {"Country": "Ireland", "CountryCode": "", "Province": "", "City": "", "CityCode": "", "Lat": "0", "Lon": "0", "Confirmed": 62750, "Deaths": 1917, "Recovered": 23364, "Active": 37469, "Date": "2020-11-02T00:00:00Z"}, {"Country": "Ireland", "CountryCode": "", "Province": "", "City": "", "CityCode": "", "Lat": "0", "Lon": "0", "Confirmed": 63048, "Deaths": 1922, "Recovered": 23364, "Active": 37762, "Date": "2020-11-03T00:00:00Z"}, {"Country": "Ireland", "CountryCode": "", "Province": "", "City": "", "CityCode": "", "Lat": "0", "Lon": "0", "Confirmed": 63483, "Deaths": 1930, "Recovered": 23364, "Active": 38189, "Date": "2020-11-04T00:00:00Z"}, {"Country": "Ireland", "CountryCode": "", "Province": "", "City": "", "CityCode": "", "Lat": "0", "Lon": "0", "Confirmed": 64046, "Deaths": 1933, "Recovered": 23364, "Active": 38749, "Date": "2020-11-05T00:00:00Z"}, {"Country": "Ireland", "CountryCode": "", "Province": "", "City": "", "CityCode": "", "Lat": "0", "Lon": "0", "Confirmed": 64538, "Deaths": 1940, "Recovered": 23364, "Active": 39234, "Date": "2020-11-06T00:00:00Z"}, {"Country": "Ireland", "CountryCode": "", "Province": "", "City": "", "CityCode": "", "Lat": "0", "Lon": "0", "Confirmed": 64855, "Deaths": 1945, "Recovered": 23364, "Active": 39546, "Date": "2020-11-07T00:00:00Z"}, {"Country": "Ireland", "CountryCode": "", "Province": "", "City": "", "CityCode": "", "Lat": "0", "Lon": "0", "Confirmed": 65394, "Deaths": 1947, "Recovered": 23364, "Active": 40083, "Date": "2020-11-08T00:00:00Z"}, {"Country": "Ireland", "CountryCode": "", "Province": "", "City": "", "CityCode": "", "Lat": "0", "Lon": "0", "Confirmed": 65659, "Deaths": 1948, "Recovered": 23364, "Active": 40347, "Date": "2020-11-09T00:00:00Z"}, {"Country": "Ireland", "CountryCode": "", "Province": "", "City": "", "CityCode": "", "Lat": "0", "Lon": "0", "Confirmed": 65889, "Deaths": 1963, "Recovered": 23364, "Active": 40562, "Date": "2020-11-10T00:00:00Z"}, {"Country": "Ireland", "CountryCode": "", "Province": "", "City": "", "CityCode": "", "Lat": "0", "Lon": "0", "Confirmed": 66247, "Deaths": 1965, "Recovered": 23364, "Active": 40918, "Date": "2020-11-11T00:00:00Z"}, {"Country": "Ireland", "CountryCode": "", "Province": "", "City": "", "CityCode": "", "Lat": "0", "Lon": "0", "Confirmed": 66632, "Deaths": 1965, "Recovered": 23364, "Active": 41303, "Date": "2020-11-12T00:00:00Z"}, {"Country": "Ireland", "CountryCode": "", "Province": "", "City": "", "CityCode": "", "Lat": "0", "Lon": "0", "Confirmed": 67099, "Deaths": 1972, "Recovered": 23364, "Active": 41763, "Date": "2020-11-13T00:00:00Z"}, {"Country": "Ireland", "CountryCode": "", "Province": "", "City": "", "CityCode": "", "Lat": "0", "Lon": "0", "Confirmed": 67526, "Deaths": 1978, "Recovered": 23364, "Active": 42184, "Date": "2020-11-14T00:00:00Z"}, {"Country": "Ireland", "CountryCode": "", "Province": "", "City": "", "CityCode": "", "Lat": "0", "Lon": "0", "Confirmed": 67903, "Deaths": 1979, "Recovered": 23364, "Active": 42560, "Date": "2020-11-15T00:00:00Z"}, {"Country": "Ireland", "CountryCode": "", "Province": "", "City": "", "CityCode": "", "Lat": "0", "Lon": "0", "Confirmed": 68356, "Deaths": 1984, "Recovered": 23364, "Active": 43008, "Date": "2020-11-16T00:00:00Z"}, {"Country": "Ireland", "CountryCode": "", "Province": "", "City": "", "CityCode": "", "Lat": "0", "Lon": "0", "Confirmed": 68686, "Deaths": 1995, "Recovered": 23364, "Active": 43327, "Date": "2020-11-17T00:00:00Z"}, {"Country": "Ireland", "CountryCode": "", "Province": "", "City": "", "CityCode": "", "Lat": "0", "Lon": "0", "Confirmed": 69058, "Deaths": 2006, "Recovered": 23364, "Active": 43688, "Date": "2020-11-18T00:00:00Z"}, {"Country": "Ireland", "CountryCode": "", "Province": "", "City": "", "CityCode": "", "Lat": "0", "Lon": "0", "Confirmed": 69473, "Deaths": 2010, "Recovered": 23364, "Active": 44099, "Date": "2020-11-19T00:00:00Z"}, {"Country": "Ireland", "CountryCode": "", "Province": "", "City": "", "CityCode": "", "Lat": "0", "Lon": "0", "Confirmed": 69802, "Deaths": 2018, "Recovered": 23364, "Active": 44420, "Date": "2020-11-20T00:00:00Z"}, {"Country": "Ireland", "CountryCode": "", "Province": "", "City": "", "CityCode": "", "Lat": "0", "Lon": "0", "Confirmed": 70143, "Deaths": 2022, "Recovered": 23364, "Active": 44757, "Date": "2020-11-21T00:00:00Z"}, {"Country": "Ireland", "CountryCode": "", "Province": "", "City": "", "CityCode": "", "Lat": "0", "Lon": "0", "Confirmed": 70461, "Deaths": 2023, "Recovered": 23364, "Active": 45074, "Date": "2020-11-22T00:00:00Z"}, {"Country": "Ireland", "CountryCode": "", "Province": "", "City": "", "CityCode": "", "Lat": "0", "Lon": "0", "Confirmed": 70711, "Deaths": 2023, "Recovered": 23364, "Active": 45324, "Date": "2020-11-23T00:00:00Z"}, {"Country": "Ireland", "CountryCode": "", "Province": "", "City": "", "CityCode": "", "Lat": "0", "Lon": "0", "Confirmed": 70930, "Deaths": 2028, "Recovered": 23364, "Active": 45538, "Date": "2020-11-24T00:00:00Z"}, {"Country": "Ireland", "CountryCode": "", "Province": "", "City": "", "CityCode": "", "Lat": "0", "Lon": "0", "Confirmed": 71187, "Deaths": 2033, "Recovered": 23364, "Active": 45790, "Date": "2020-11-25T00:00:00Z"}, {"Country": "Ireland", "CountryCode": "", "Province": "", "City": "", "CityCode": "", "Lat": "0", "Lon": "0", "Confirmed": 71494, "Deaths": 2036, "Recovered": 23364, "Active": 46094, "Date": "2020-11-26T00:00:00Z"}, {"Country": "Ireland", "CountryCode": "", "Province": "", "City": "", "CityCode": "", "Lat": "0", "Lon": "0", "Confirmed": 71699, "Deaths": 2043, "Recovered": 23364, "Active": 46292, "Date": "2020-11-27T00:00:00Z"}, {"Country": "Ireland", "CountryCode": "", "Province": "", "City": "", "CityCode": "", "Lat": "0", "Lon": "0", "Confirmed": 71942, "Deaths": 2050, "Recovered": 23364, "Active": 46528, "Date": "2020-11-28T00:00:00Z"}, {"Country": "Ireland", "CountryCode": "", "Province": "", "City": "", "CityCode": "", "Lat": "0", "Lon": "0", "Confirmed": 72241, "Deaths": 2052, "Recovered": 23364, "Active": 46825, "Date": "2020-11-29T00:00:00Z"}, {"Country": "Ireland", "CountryCode": "", "Province": "", "City": "", "CityCode": "", "Lat": "0", "Lon": "0", "Confirmed": 72544, "Deaths": 2053, "Recovered": 23364, "Active": 47127, "Date": "2020-11-30T00:00:00Z"}, {"Country": "Ireland", "CountryCode": "", "Province": "", "City": "", "CityCode": "", "Lat": "0", "Lon": "0", "Confirmed": 72798, "Deaths": 2069, "Recovered": 23364, "Active": 47365, "Date": "2020-12-01T00:00:00Z"}, {"Country": "Ireland", "CountryCode": "", "Province": "", "City": "", "CityCode": "", "Lat": "0", "Lon": "0", "Confirmed": 73066, "Deaths": 2074, "Recovered": 23364, "Active": 47628, "Date": "2020-12-02T00:00:00Z"}, {"Country": "Ireland", "CountryCode": "", "Province": "", "City": "", "CityCode": "", "Lat": "0", "Lon": "0", "Confirmed": 73228, "Deaths": 2080, "Recovered": 23364, "Active": 47784, "Date": "2020-12-03T00:00:00Z"}, {"Country": "Ireland", "CountryCode": "", "Province": "", "City": "", "CityCode": "", "Lat": "0", "Lon": "0", "Confirmed": 73491, "Deaths": 2086, "Recovered": 23364, "Active": 48041, "Date": "2020-12-04T00:00:00Z"}, {"Country": "Ireland", "CountryCode": "", "Province": "", "City": "", "CityCode": "", "Lat": "0", "Lon": "0", "Confirmed": 73948, "Deaths": 2099, "Recovered": 23364, "Active": 48485, "Date": "2020-12-05T00:00:00Z"}, {"Country": "Ireland", "CountryCode": "", "Province": "", "City": "", "CityCode": "", "Lat": "0", "Lon": "0", "Confirmed": 74246, "Deaths": 2099, "Recovered": 23364, "Active": 48783, "Date": "2020-12-06T00:00:00Z"}, {"Country": "Ireland", "CountryCode": "", "Province": "", "City": "", "CityCode": "", "Lat": "0", "Lon": "0", "Confirmed": 74468, "Deaths": 2099, "Recovered": 23364, "Active": 49005, "Date": "2020-12-07T00:00:00Z"}, {"Country": "Ireland", "CountryCode": "", "Province": "", "City": "", "CityCode": "", "Lat": "0", "Lon": "0", "Confirmed": 74682, "Deaths": 2097, "Recovered": 23364, "Active": 49221, "Date": "2020-12-08T00:00:00Z"}, {"Country": "Ireland", "CountryCode": "", "Province": "", "City": "", "CityCode": "", "Lat": "0", "Lon": "0", "Confirmed": 74900, "Deaths": 2102, "Recovered": 23364, "Active": 49434, "Date": "2020-12-09T00:00:00Z"}, {"Country": "Ireland", "CountryCode": "", "Province": "", "City": "", "CityCode": "", "Lat": "0", "Lon": "0", "Confirmed": 75203, "Deaths": 2117, "Recovered": 23364, "Active": 49722, "Date": "2020-12-10T00:00:00Z"}, {"Country": "Ireland", "CountryCode": "", "Province": "", "City": "", "CityCode": "", "Lat": "0", "Lon": "0", "Confirmed": 75507, "Deaths": 2120, "Recovered": 23364, "Active": 50023, "Date": "2020-12-11T00:00:00Z"}, {"Country": "Ireland", "CountryCode": "", "Province": "", "City": "", "CityCode": "", "Lat": "0", "Lon": "0", "Confirmed": 75756, "Deaths": 2123, "Recovered": 23364, "Active": 50269, "Date": "2020-12-12T00:00:00Z"}, {"Country": "Ireland", "CountryCode": "", "Province": "", "City": "", "CityCode": "", "Lat": "0", "Lon": "0", "Confirmed": 76185, "Deaths": 2124, "Recovered": 23364, "Active": 50697, "Date": "2020-12-13T00:00:00Z"}, {"Country": "Ireland", "CountryCode": "", "Province": "", "City": "", "CityCode": "", "Lat": "0", "Lon": "0", "Confirmed": 76449, "Deaths": 2126, "Recovered": 23364, "Active": 50959, "Date": "2020-12-14T00:00:00Z"}, {"Country": "Ireland", "CountryCode": "", "Province": "", "City": "", "CityCode": "", "Lat": "0", "Lon": "0", "Confirmed": 76776, "Deaths": 2134, "Recovered": 23364, "Active": 51278, "Date": "2020-12-15T00:00:00Z"}, {"Country": "Ireland", "CountryCode": "", "Province": "", "City": "", "CityCode": "", "Lat": "0", "Lon": "0", "Confirmed": 77197, "Deaths": 2140, "Recovered": 23364, "Active": 51693, "Date": "2020-12-16T00:00:00Z"}, {"Country": "Ireland", "CountryCode": "", "Province": "", "City": "", "CityCode": "", "Lat": "0", "Lon": "0", "Confirmed": 77678, "Deaths": 2143, "Recovered": 23364, "Active": 52171, "Date": "2020-12-17T00:00:00Z"}, {"Country": "Ireland", "CountryCode": "", "Province": "", "City": "", "CityCode": "", "Lat": "0", "Lon": "0", "Confirmed": 78254, "Deaths": 2149, "Recovered": 23364, "Active": 52741, "Date": "2020-12-18T00:00:00Z"}, {"Country": "Ireland", "CountryCode": "", "Province": "", "City": "", "CityCode": "", "Lat": "0", "Lon": "0", "Confirmed": 78776, "Deaths": 2154, "Recovered": 23364, "Active": 53258, "Date": "2020-12-19T00:00:00Z"}, {"Country": "Ireland", "CountryCode": "", "Province": "", "City": "", "CityCode": "", "Lat": "0", "Lon": "0", "Confirmed": 79542, "Deaths": 2158, "Recovered": 23364, "Active": 54020, "Date": "2020-12-20T00:00:00Z"}, {"Country": "Ireland", "CountryCode": "", "Province": "", "City": "", "CityCode": "", "Lat": "0", "Lon": "0", "Confirmed": 80267, "Deaths": 2158, "Recovered": 23364, "Active": 54745, "Date": "2020-12-21T00:00:00Z"}, {"Country": "Ireland", "CountryCode": "", "Province": "", "City": "", "CityCode": "", "Lat": "0", "Lon": "0", "Confirmed": 81228, "Deaths": 2171, "Recovered": 23364, "Active": 55693, "Date": "2020-12-22T00:00:00Z"}, {"Country": "Ireland", "CountryCode": "", "Province": "", "City": "", "CityCode": "", "Lat": "0", "Lon": "0", "Confirmed": 82155, "Deaths": 2184, "Recovered": 23364, "Active": 56607, "Date": "2020-12-23T00:00:00Z"}, {"Country": "Ireland", "CountryCode": "", "Province": "", "City": "", "CityCode": "", "Lat": "0", "Lon": "0", "Confirmed": 83073, "Deaths": 2192, "Recovered": 23364, "Active": 57517, "Date": "2020-12-24T00:00:00Z"}, {"Country": "Ireland", "CountryCode": "", "Province": "", "City": "", "CityCode": "", "Lat": "0", "Lon": "0", "Confirmed": 84098, "Deaths": 2194, "Recovered": 23364, "Active": 58540, "Date": "2020-12-25T00:00:00Z"}, {"Country": "Ireland", "CountryCode": "", "Province": "", "City": "", "CityCode": "", "Lat": "0", "Lon": "0", "Confirmed": 85394, "Deaths": 2200, "Recovered": 23364, "Active": 59830, "Date": "2020-12-26T00:00:00Z"}, {"Country": "Ireland", "CountryCode": "", "Province": "", "City": "", "CityCode": "", "Lat": "0", "Lon": "0", "Confirmed": 86129, "Deaths": 2204, "Recovered": 23364, "Active": 60561, "Date": "2020-12-27T00:00:00Z"}, {"Country": "Ireland", "CountryCode": "", "Province": "", "City": "", "CityCode": "", "Lat": "0", "Lon": "0", "Confirmed": 86894, "Deaths": 2205, "Recovered": 23364, "Active": 61325, "Date": "2020-12-28T00:00:00Z"}, {"Country": "Ireland", "CountryCode": "", "Province": "", "City": "", "CityCode": "", "Lat": "0", "Lon": "0", "Confirmed": 88439, "Deaths": 2213, "Recovered": 23364, "Active": 62862, "Date": "2020-12-29T00:00:00Z"}, {"Country": "Ireland", "CountryCode": "", "Province": "", "City": "", "CityCode": "", "Lat": "0", "Lon": "0", "Confirmed": 90157, "Deaths": 2226, "Recovered": 23364, "Active": 64567, "Date": "2020-12-30T00:00:00Z"}, {"Country": "Ireland", "CountryCode": "", "Province": "", "City": "", "CityCode": "", "Lat": "0", "Lon": "0", "Confirmed": 91779, "Deaths": 2237, "Recovered": 23364, "Active": 66178, "Date": "2020-12-31T00:00:00Z"}, {"Country": "Ireland", "CountryCode": "", "Province": "", "City": "", "CityCode": "", "Lat": "0", "Lon": "0", "Confirmed": 93532, "Deaths": 2248, "Recovered": 23364, "Active": 67920, "Date": "2021-01-01T00:00:00Z"}, {"Country": "Ireland", "CountryCode": "", "Province": "", "City": "", "CityCode": "", "Lat": "0", "Lon": "0", "Confirmed": 96926, "Deaths": 2252, "Recovered": 23364, "Active": 71310, "Date": "2021-01-02T00:00:00Z"}, {"Country": "Ireland", "CountryCode": "", "Province": "", "City": "", "CityCode": "", "Lat": "0", "Lon": "0", "Confirmed": 101887, "Deaths": 2259, "Recovered": 23364, "Active": 76264, "Date": "2021-01-03T00:00:00Z"}, {"Country": "Ireland", "CountryCode": "", "Province": "", "City": "", "CityCode": "", "Lat": "0", "Lon": "0", "Confirmed": 107997, "Deaths": 2265, "Recovered": 23364, "Active": 82368, "Date": "2021-01-04T00:00:00Z"}, {"Country": "Ireland", "CountryCode": "", "Province": "", "City": "", "CityCode": "", "Lat": "0", "Lon": "0", "Confirmed": 113322, "Deaths": 2282, "Recovered": 23364, "Active": 87676, "Date": "2021-01-05T00:00:00Z"}, {"Country": "Ireland", "CountryCode": "", "Province": "", "City": "", "CityCode": "", "Lat": "0", "Lon": "0", "Confirmed": 121154, "Deaths": 2299, "Recovered": 23364, "Active": 95491, "Date": "2021-01-06T00:00:00Z"}, {"Country": "Ireland", "CountryCode": "", "Province": "", "City": "", "CityCode": "", "Lat": "0", "Lon": "0", "Confirmed": 127657, "Deaths": 2307, "Recovered": 23364, "Active": 101986, "Date": "2021-01-07T00:00:00Z"}, {"Country": "Ireland", "CountryCode": "", "Province": "", "City": "", "CityCode": "", "Lat": "0", "Lon": "0", "Confirmed": 135884, "Deaths": 2327, "Recovered": 23364, "Active": 110193, "Date": "2021-01-08T00:00:00Z"}, {"Country": "Ireland", "CountryCode": "", "Province": "", "City": "", "CityCode": "", "Lat": "0", "Lon": "0", "Confirmed": 140727, "Deaths": 2336, "Recovered": 23364, "Active": 115027, "Date": "2021-01-09T00:00:00Z"}, {"Country": "Ireland", "CountryCode": "", "Province": "", "City": "", "CityCode": "", "Lat": "0", "Lon": "0", "Confirmed": 147613, "Deaths": 2344, "Recovered": 23364, "Active": 121905, "Date": "2021-01-10T00:00:00Z"}, {"Country": "Ireland", "CountryCode": "", "Province": "", "City": "", "CityCode": "", "Lat": "0", "Lon": "0", "Confirmed": 152539, "Deaths": 2352, "Recovered": 23364, "Active": 126823, "Date": "2021-01-11T00:00:00Z"}, {"Country": "Ireland", "CountryCode": "", "Province": "", "City": "", "CityCode": "", "Lat": "0", "Lon": "0", "Confirmed": 155591, "Deaths": 2397, "Recovered": 23364, "Active": 129830, "Date": "2021-01-12T00:00:00Z"}, {"Country": "Ireland", "CountryCode": "", "Province": "", "City": "", "CityCode": "", "Lat": "0", "Lon": "0", "Confirmed": 159144, "Deaths": 2460, "Recovered": 23364, "Active": 133320, "Date": "2021-01-13T00:00:00Z"}, {"Country": "Ireland", "CountryCode": "", "Province": "", "City": "", "CityCode": "", "Lat": "0", "Lon": "0", "Confirmed": 163057, "Deaths": 2488, "Recovered": 23364, "Active": 137205, "Date": "2021-01-14T00:00:00Z"}, {"Country": "Ireland", "CountryCode": "", "Province": "", "City": "", "CityCode": "", "Lat": "0", "Lon": "0", "Confirmed": 166548, "Deaths": 2536, "Recovered": 23364, "Active": 140648, "Date": "2021-01-15T00:00:00Z"}, {"Country": "Ireland", "CountryCode": "", "Province": "", "City": "", "CityCode": "", "Lat": "0", "Lon": "0", "Confirmed": 169780, "Deaths": 2595, "Recovered": 23364, "Active": 143821, "Date": "2021-01-16T00:00:00Z"}, {"Country": "Ireland", "CountryCode": "", "Province": "", "City": "", "CityCode": "", "Lat": "0", "Lon": "0", "Confirmed": 172726, "Deaths": 2608, "Recovered": 23364, "Active": 146754, "Date": "2021-01-17T00:00:00Z"}, {"Country": "Ireland", "CountryCode": "", "Province": "", "City": "", "CityCode": "", "Lat": "0", "Lon": "0", "Confirmed": 174843, "Deaths": 2616, "Recovered": 23364, "Active": 148863, "Date": "2021-01-18T00:00:00Z"}, {"Country": "Ireland", "CountryCode": "", "Province": "", "City": "", "CityCode": "", "Lat": "0", "Lon": "0", "Confirmed": 176839, "Deaths": 2708, "Recovered": 23364, "Active": 150767, "Date": "2021-01-19T00:00:00Z"}, {"Country": "Ireland", "CountryCode": "", "Province": "", "City": "", "CityCode": "", "Lat": "0", "Lon": "0", "Confirmed": 179324, "Deaths": 2768, "Recovered": 23364, "Active": 153192, "Date": "2021-01-20T00:00:00Z"}, {"Country": "Ireland", "CountryCode": "", "Province": "", "City": "", "CityCode": "", "Lat": "0", "Lon": "0", "Confirmed": 181922, "Deaths": 2818, "Recovered": 23364, "Active": 155740, "Date": "2021-01-21T00:00:00Z"}, {"Country": "Ireland", "CountryCode": "", "Province": "", "City": "", "CityCode": "", "Lat": "0", "Lon": "0", "Confirmed": 184279, "Deaths": 2870, "Recovered": 23364, "Active": 158045, "Date": "2021-01-22T00:00:00Z"}, {"Country": "Ireland", "CountryCode": "", "Province": "", "City": "", "CityCode": "", "Lat": "0", "Lon": "0", "Confirmed": 186184, "Deaths": 2947, "Recovered": 23364, "Active": 159873, "Date": "2021-01-23T00:00:00Z"}, {"Country": "Ireland", "CountryCode": "", "Province": "", "City": "", "CityCode": "", "Lat": "0", "Lon": "0", "Confirmed": 187554, "Deaths": 2970, "Recovered": 23364, "Active": 161220, "Date": "2021-01-24T00:00:00Z"}, {"Country": "Ireland", "CountryCode": "", "Province": "", "City": "", "CityCode": "", "Lat": "0", "Lon": "0", "Confirmed": 188923, "Deaths": 2977, "Recovered": 23364, "Active": 162582, "Date": "2021-01-25T00:00:00Z"}, {"Country": "Ireland", "CountryCode": "", "Province": "", "City": "", "CityCode": "", "Lat": "0", "Lon": "0", "Confirmed": 189851, "Deaths": 3066, "Recovered": 23364, "Active": 163421, "Date": "2021-01-26T00:00:00Z"}, {"Country": "Ireland", "CountryCode": "", "Province": "", "City": "", "CityCode": "", "Lat": "0", "Lon": "0", "Confirmed": 191182, "Deaths": 3120, "Recovered": 23364, "Active": 164698, "Date": "2021-01-27T00:00:00Z"}, {"Country": "Ireland", "CountryCode": "", "Province": "", "City": "", "CityCode": "", "Lat": "0", "Lon": "0", "Confirmed": 192645, "Deaths": 3167, "Recovered": 23364, "Active": 167114, "Date": "2021-01-28T00:00:00Z"}, {"Country": "Ireland", "CountryCode": "", "Province": "", "City": "", "CityCode": "", "Lat": "0", "Lon": "0", "Confirmed": 193892, "Deaths": 3214, "Recovered": 23364, "Active": 167314, "Date": "2021-01-29T00:00:00Z"}, {"Country": "Ireland", "CountryCode": "", "Province": "", "City": "", "CityCode": "", "Lat": "0", "Lon": "0", "Confirmed": 195303, "Deaths": 3292, "Recovered": 23364, "Active": 168647, "Date": "2021-01-30T00:00:00Z"}, {"Country": "Ireland", "CountryCode": "", "Province": "", "City": "", "CityCode": "", "Lat": "0", "Lon": "0", "Confirmed": 196547, "Deaths": 3307, "Recovered": 23364, "Active": 169876, "Date": "2021-01-31T00:00:00Z"}, {"Country": "Ireland", "CountryCode": "", "Province": "", "City": "", "CityCode": "", "Lat": "0", "Lon": "0", "Confirmed": 197553, "Deaths": 3317, "Recovered": 23364, "Active": 170872, "Date": "2021-02-01T00:00:00Z"}, {"Country": "Ireland", "CountryCode": "", "Province": "", "City": "", "CityCode": "", "Lat": "0", "Lon": "0", "Confirmed": 198424, "Deaths": 3418, "Recovered": 23364, "Active": 171642, "Date": "2021-02-02T00:00:00Z"}, {"Country": "Ireland", "CountryCode": "", "Province": "", "City": "", "CityCode": "", "Lat": "0", "Lon": "0", "Confirmed": 199430, "Deaths": 3512, "Recovered": 23364, "Active": 172554, "Date": "2021-02-03T00:00:00Z"}, {"Country": "Ireland", "CountryCode": "", "Province": "", "City": "", "CityCode": "", "Lat": "0", "Lon": "0", "Confirmed": 200744, "Deaths": 3586, "Recovered": 23364, "Active": 173794, "Date": "2021-02-04T00:00:00Z"}, {"Country": "Ireland", "CountryCode": "", "Province": "", "City": "", "CityCode": "", "Lat": "0", "Lon": "0", "Confirmed": 201763, "Deaths": 3621, "Recovered": 23364, "Active": 174778, "Date": "2021-02-05T00:00:00Z"}, {"Country": "Ireland", "CountryCode": "", "Province": "", "City": "", "CityCode": "", "Lat": "0", "Lon": "0", "Confirmed": 202548, "Deaths": 3674, "Recovered": 23364, "Active": 175510, "Date": "2021-02-06T00:00:00Z"}, {"Country": "Ireland", "CountryCode": "", "Province": "", "City": "", "CityCode": "", "Lat": "0", "Lon": "0", "Confirmed": 203568, "Deaths": 3686, "Recovered": 23364, "Active": 176518, "Date": "2021-02-07T00:00:00Z"}, {"Country": "Ireland", "CountryCode": "", "Province": "", "City": "", "CityCode": "", "Lat": "0", "Lon": "0", "Confirmed": 204397, "Deaths": 3687, "Recovered": 23364, "Active": 177346, "Date": "2021-02-08T00:00:00Z"}, {"Country": "Ireland", "CountryCode": "", "Province": "", "City": "", "CityCode": "", "Lat": "0", "Lon": "0", "Confirmed": 204940, "Deaths": 3752, "Recovered": 23364, "Active": 177824, "Date": "2021-02-09T00:00:00Z"}, {"Country": "Ireland", "CountryCode": "", "Province": "", "City": "", "CityCode": "", "Lat": "0", "Lon": "0", "Confirmed": 205939, "Deaths": 3794, "Recovered": 23364, "Active": 178781, "Date": "2021-02-10T00:00:00Z"}, {"Country": "Ireland", "CountryCode": "", "Province": "", "City": "", "CityCode": "", "Lat": "0", "Lon": "0", "Confirmed": 206801, "Deaths": 3846, "Recovered": 23364, "Active": 179591, "Date": "2021-02-11T00:00:00Z"}, {"Country": "Ireland", "CountryCode": "", "Province": "", "City": "", "CityCode": "", "Lat": "0", "Lon": "0", "Confirmed": 207720, "Deaths": 3865, "Recovered": 23364, "Active": 180491, "Date": "2021-02-12T00:00:00Z"}, {"Country": "Ireland", "CountryCode": "", "Province": "", "City": "", "CityCode": "", "Lat": "0", "Lon": "0", "Confirmed": 208796, "Deaths": 3931, "Recovered": 23364, "Active": 181501, "Date": "2021-02-13T00:00:00Z"}, {"Country": "Ireland", "CountryCode": "", "Province": "", "City": "", "CityCode": "", "Lat": "0", "Lon": "0", "Confirmed": 209582, "Deaths": 3948, "Recovered": 23364, "Active": 182270, "Date": "2021-02-14T00:00:00Z"}, {"Country": "Ireland", "CountryCode": "", "Province": "", "City": "", "CityCode": "", "Lat": "0", "Lon": "0", "Confirmed": 210402, "Deaths": 3948, "Recovered": 23364, "Active": 183090, "Date": "2021-02-15T00:00:00Z"}, {"Country": "Ireland", "CountryCode": "", "Province": "", "City": "", "CityCode": "", "Lat": "0", "Lon": "0", "Confirmed": 211113, "Deaths": 3980, "Recovered": 23364, "Active": 183769, "Date": "2021-02-16T00:00:00Z"}, {"Country": "Ireland", "CountryCode": "", "Province": "", "City": "", "CityCode": "", "Lat": "0", "Lon": "0", "Confirmed": 211751, "Deaths": 4036, "Recovered": 23364, "Active": 184351, "Date": "2021-02-17T00:00:00Z"}, {"Country": "Ireland", "CountryCode": "", "Province": "", "City": "", "CityCode": "", "Lat": "0", "Lon": "0", "Confirmed": 212647, "Deaths": 4082, "Recovered": 23364, "Active": 185201, "Date": "2021-02-18T00:00:00Z"}, {"Country": "Ireland", "CountryCode": "", "Province": "", "City": "", "CityCode": "", "Lat": "0", "Lon": "0", "Confirmed": 213400, "Deaths": 4109, "Recovered": 23364, "Active": 185927, "Date": "2021-02-19T00:00:00Z"}, {"Country": "Ireland", "CountryCode": "", "Province": "", "City": "", "CityCode": "", "Lat": "0", "Lon": "0", "Confirmed": 214378, "Deaths": 4135, "Recovered": 23364, "Active": 186879, "Date": "2021-02-20T00:00:00Z"}, {"Country": "Ireland", "CountryCode": "", "Province": "", "City": "", "CityCode": "", "Lat": "0", "Lon": "0", "Confirmed": 215057, "Deaths": 4136, "Recovered": 23364, "Active": 187557, "Date": "2021-02-21T00:00:00Z"}, {"Country": "Ireland", "CountryCode": "", "Province": "", "City": "", "CityCode": "", "Lat": "0", "Lon": "0", "Confirmed": 215743, "Deaths": 4137, "Recovered": 23364, "Active": 188242, "Date": "2021-02-22T00:00:00Z"}, {"Country": "Ireland", "CountryCode": "", "Province": "", "City": "", "CityCode": "", "Lat": "0", "Lon": "0", "Confirmed": 216300, "Deaths": 4181, "Recovered": 23364, "Active": 188755, "Date": "2021-02-23T00:00:00Z"}, {"Country": "Ireland", "CountryCode": "", "Province": "", "City": "", "CityCode": "", "Lat": "0", "Lon": "0", "Confirmed": 216840, "Deaths": 4237, "Recovered": 23364, "Active": 189239, "Date": "2021-02-24T00:00:00Z"}, {"Country": "Ireland", "CountryCode": "", "Province": "", "City": "", "CityCode": "", "Lat": "0", "Lon": "0", "Confirmed": 217478, "Deaths": 4271, "Recovered": 23364, "Active": 189843, "Date": "2021-02-25T00:00:00Z"}, {"Country": "Ireland", "CountryCode": "", "Province": "", "City": "", "CityCode": "", "Lat": "0", "Lon": "0", "Confirmed": 218251, "Deaths": 4300, "Recovered": 23364, "Active": 190587, "Date": "2021-02-26T00:00:00Z"}, {"Country": "Ireland", "CountryCode": "", "Province": "", "City": "", "CityCode": "", "Lat": "0", "Lon": "0", "Confirmed": 218980, "Deaths": 4313, "Recovered": 23364, "Active": 191303, "Date": "2021-02-27T00:00:00Z"}, {"Country": "Ireland", "CountryCode": "", "Province": "", "City": "", "CityCode": "", "Lat": "0", "Lon": "0", "Confirmed": 219592, "Deaths": 4319, "Recovered": 23364, "Active": 191909, "Date": "2021-02-28T00:00:00Z"}, {"Country": "Ireland", "CountryCode": "", "Province": "", "City": "", "CityCode": "", "Lat": "0", "Lon": "0", "Confirmed": 220273, "Deaths": 4319, "Recovered": 23364, "Active": 192590, "Date": "2021-03-01T00:00:00Z"}, {"Country": "Ireland", "CountryCode": "", "Province": "", "City": "", "CityCode": "", "Lat": "0", "Lon": "0", "Confirmed": 220630, "Deaths": 4333, "Recovered": 23364, "Active": 192933, "Date": "2021-03-02T00:00:00Z"}, {"Country": "Ireland", "CountryCode": "", "Province": "", "City": "", "CityCode": "", "Lat": "0", "Lon": "0", "Confirmed": 221189, "Deaths": 4357, "Recovered": 23364, "Active": 193468, "Date": "2021-03-03T00:00:00Z"}, {"Country": "Ireland", "CountryCode": "", "Province": "", "City": "", "CityCode": "", "Lat": "0", "Lon": "0", "Confirmed": 221649, "Deaths": 4396, "Recovered": 23364, "Active": 193889, "Date": "2021-03-04T00:00:00Z"}, {"Country": "Ireland", "CountryCode": "", "Province": "", "City": "", "CityCode": "", "Lat": "0", "Lon": "0", "Confirmed": 222169, "Deaths": 4405, "Recovered": 23364, "Active": 194400, "Date": "2021-03-05T00:00:00Z"}, {"Country": "Ireland", "CountryCode": "", "Province": "", "City": "", "CityCode": "", "Lat": "0", "Lon": "0", "Confirmed": 222699, "Deaths": 4419, "Recovered": 23364, "Active": 194916, "Date": "2021-03-06T00:00:00Z"}, {"Country": "Ireland", "CountryCode": "", "Province": "", "City": "", "CityCode": "", "Lat": "0", "Lon": "0", "Confirmed": 223219, "Deaths": 4422, "Recovered": 23364, "Active": 218797, "Date": "2021-03-07T00:00:00Z"}, {"Country": "Ireland", "CountryCode": "", "Province": "", "City": "", "CityCode": "", "Lat": "0", "Lon": "0", "Confirmed": 223651, "Deaths": 4422, "Recovered": 23364, "Active": 195865, "Date": "2021-03-08T00:00:00Z"}, {"Country": "Ireland", "CountryCode": "", "Province": "", "City": "", "CityCode": "", "Lat": "0", "Lon": "0", "Confirmed": 223957, "Deaths": 4452, "Recovered": 23364, "Active": 196141, "Date": "2021-03-09T00:00:00Z"}, {"Country": "Ireland", "CountryCode": "", "Province": "", "City": "", "CityCode": "", "Lat": "0", "Lon": "0", "Confirmed": 224588, "Deaths": 4499, "Recovered": 23364, "Active": 196725, "Date": "2021-03-10T00:00:00Z"}, {"Country": "Ireland", "CountryCode": "", "Province": "", "City": "", "CityCode": "", "Lat": "0", "Lon": "0", "Confirmed": 225179, "Deaths": 4509, "Recovered": 23364, "Active": 197306, "Date": "2021-03-11T00:00:00Z"}, {"Country": "Ireland", "CountryCode": "", "Province": "", "City": "", "CityCode": "", "Lat": "0", "Lon": "0", "Confirmed": 225820, "Deaths": 4518, "Recovered": 23364, "Active": 197938, "Date": "2021-03-12T00:00:00Z"}, {"Country": "Ireland", "CountryCode": "", "Province": "", "City": "", "CityCode": "", "Lat": "0", "Lon": "0", "Confirmed": 226358, "Deaths": 4534, "Recovered": 23364, "Active": 198460, "Date": "2021-03-13T00:00:00Z"}]