[{"Country": "Italy", "CountryCode": "", "Province": "", "City": "", "CityCode": "", "Lat": "0", "Lon": "0", "Confirmed": 2, "Deaths": 0, "Recovered": 0, "Active": 2, "Date": "2020-01-31T00:00:00Z"}, {"Country": "Italy", "CountryCode": "", "Province": "", "City": "", "CityCode": "", "Lat": "0", "Lon": "0", "Confirmed": 2, "Deaths": 0, "Recovered": 0, "Active": 2, "Date": "2020-02-01T00:00:00Z"}, {"Country": "Italy", "CountryCode": "", "Province": "", "City": "", "CityCode": "", "Lat": "0", "Lon": "0", "Confirmed": 2, "Deaths": 0, "Recovered": 0, "Active": 2, "Date": "2020-02-02T00:00:00Z"}, {"Country": "Italy", "CountryCode": "", "Province": "", "City": "", "CityCode": "", "Lat": "0", "Lon": "0", "Confirmed": 2, "Deaths": 0, "Recovered": 0, "Active": 2, "Date": "2020-02-03T00:00:00Z"}, {"Country": "Italy", "CountryCode": "", "Province": "", "City": "", "CityCode": "", "Lat": "0", "Lon": "0", "Confirmed": 2, "Deaths": 0, "Recovered": 0, "Active": 2, "Date": "2020-02-04T00:00:00Z"}, {"Country": "Italy", "CountryCode": "", "Province": "", "City": "", "CityCode": "", "Lat": "0", "Lon": "0", "Confirmed": 2, "Deaths": 0, "Recovered": 0, "Active": 2, "Date": "2020-02-05T00:00:00Z"}, {"Country": "Italy", "CountryCode": "", "Province": "", "City": "", "CityCode": "", "Lat": "0", "Lon": "0", "Confirmed": 2, "Deaths": 0, "Recovered": 0, "Active": 2, "Date": "2020-02-06T00:00:00Z"}, {"Country": "Italy", "CountryCode": "", "Province": "", "City": "", "CityCode": "", "Lat": "0", "Lon": "0", "Confirmed": 3, "Deaths": 0, "Recovered": 0, "Active": 3, "Date": "2020-02-07T00:00:00Z"}, {"Country": "Italy", "CountryCode": "", "Province": "", "City": "", "CityCode": "", "Lat": "0", "Lon": "0", "Confirmed": 3, "Deaths": 0, "Recovered": 0, "Active": 3, "Date": "2020-02-08T00:00:00Z"}, {"Country": "Italy", "CountryCode": "", "Province": "", "City": "", "CityCode": "", "Lat": "0", "Lon": "0", "Confirmed": 3, "Deaths": 0, "Recovered": 0, "Active": 3, "Date": "2020-02-09T00:00:00Z"}, {"Country": "Italy", "CountryCode": "", "Province": "", "City": "", "CityCode": "", "Lat": "0", "Lon": "0", "Confirmed": 3, "Deaths": 0, "Recovered": 0, "Active": 3, "Date": "2020-02-10T00:00:00Z"}, {"Country": "Italy", "CountryCode": "", "Province": "", "City": "", "CityCode": "", "Lat": "0", "Lon": "0", "Confirmed": 3, "Deaths": 0, "Recovered": 0, "Active": 3, "Date": "2020-02-11T00:00:00Z"}, {"Country": "Italy", "CountryCode": "", "Province": "", "City": "", "CityCode": "", "Lat": "0", "Lon": "0", "Confirmed": 3, "Deaths": 0, "Recovered": 0, "Active": 3, "Date": "2020-02-12T00:00:00Z"}, {"Country": "Italy", "CountryCode": "", "Province": "", "City": "", "CityCode": "", "Lat": "0", "Lon": "0", "Confirmed": 3, "Deaths": 0, "Recovered": 0, "Active": 3, "Date": "2020-02-13T00:00:00Z"}, {"Country": "Italy", "CountryCode": "", "Province": "", "City": "", "CityCode": "", "Lat": "0", "Lon": "0", "Confirmed": 3, "Deaths": 0, "Recovered": 0, "Active": 3, "Date": "2020-02-14T00:00:00Z"}, {"Country": "Italy", "CountryCode": "", "Province": "", "City": "", "CityCode": "", "Lat": "0", "Lon": "0", "Confirmed": 3, "Deaths": 0, "Recovered": 0, "Active": 3, "Date": "2020-02-15T00:00:00Z"}, {"Country": "Italy", "CountryCode": "", "Province": "", "City": "", "CityCode": "", "Lat": "0", "Lon": "0", "Confirmed": 3, "Deaths": 0, "Recovered": 0, "Active": 3, "Date": "2020-02-16T00:00:00Z"}, {"Country": "Italy", "CountryCode": "", "Province": "", "City": "", "CityCode": "", "Lat": "0", "Lon": "0", "Confirmed": 3, "Deaths": 0, "Recovered": 0, "Active": 3, "Date": "2020-02-17T00:00:00Z"}, {"Country": "Italy", "CountryCode": "", "Province": "", "City": "", "CityCode": "", "Lat": "0", "Lon": "0", "Confirmed": 3, "Deaths": 0, "Recovered": 0, "Active": 3, "Date": "2020-02-18T00:00:00Z"}, {"Country": "Italy", "CountryCode": "", "Province": "", "City": "", "CityCode": "", "Lat": "0", "Lon": "0", "Confirmed": 3, "Deaths": 0, "Recovered": 0, "Active": 3, "Date": "2020-02-19T00:00:00Z"}, {"Country": "Italy", "CountryCode": "", "Province": "", "City": "", "CityCode": "", "Lat": "0", "Lon": "0", "Confirmed": 3, "Deaths": 0, "Recovered": 0, "Active": 3, "Date": "2020-02-20T00:00:00Z"}, {"Country": "Italy", "CountryCode": "", "Province": "", "City": "", "CityCode": "", "Lat": "0", "Lon": "0", "Confirmed": 20, "Deaths": 1, "Recovered": 0, "Active": 19, "Date": "2020-02-21T00:00:00Z"}, {"Country": "Italy", "CountryCode": "", "Province": "", "City": "", "CityCode": "", "Lat": "0", "Lon": "0", "Confirmed": 62, "Deaths": 2, "Recovered": 1, "Active": 59, "Date": "2020-02-22T00:00:00Z"}, {"Country": "Italy", "CountryCode": "", "Province": "", "City": "", "CityCode": "", "Lat": "0", "Lon": "0", "Confirmed": 155, "Deaths": 3, "Recovered": 2, "Active": 150, "Date": "2020-02-23T00:00:00Z"}, {"Country": "Italy", "CountryCode": "", "Province": "", "City": "", "CityCode": "", "Lat": "0", "Lon": "0", "Confirmed": 229, "Deaths": 7, "Recovered": 1, "Active": 221, "Date": "2020-02-24T00:00:00Z"}, {"Country": "Italy", "CountryCode": "", "Province": "", "City": "", "CityCode": "", "Lat": "0", "Lon": "0", "Confirmed": 322, "Deaths": 10, "Recovered": 1, "Active": 311, "Date": "2020-02-25T00:00:00Z"}, {"Country": "Italy", "CountryCode": "", "Province": "", "City": "", "CityCode": "", "Lat": "0", "Lon": "0", "Confirmed": 453, "Deaths": 12, "Recovered": 3, "Active": 438, "Date": "2020-02-26T00:00:00Z"}, {"Country": "Italy", "CountryCode": "", "Province": "", "City": "", "CityCode": "", "Lat": "0", "Lon": "0", "Confirmed": 655, "Deaths": 17, "Recovered": 45, "Active": 593, "Date": "2020-02-27T00:00:00Z"}, {"Country": "Italy", "CountryCode": "", "Province": "", "City": "", "CityCode": "", "Lat": "0", "Lon": "0", "Confirmed": 888, "Deaths": 21, "Recovered": 46, "Active": 821, "Date": "2020-02-28T00:00:00Z"}, {"Country": "Italy", "CountryCode": "", "Province": "", "City": "", "CityCode": "", "Lat": "0", "Lon": "0", "Confirmed": 1128, "Deaths": 29, "Recovered": 46, "Active": 1053, "Date": "2020-02-29T00:00:00Z"}, {"Country": "Italy", "CountryCode": "", "Province": "", "City": "", "CityCode": "", "Lat": "0", "Lon": "0", "Confirmed": 1694, "Deaths": 34, "Recovered": 83, "Active": 1577, "Date": "2020-03-01T00:00:00Z"}, {"Country": "Italy", "CountryCode": "", "Province": "", "City": "", "CityCode": "", "Lat": "0", "Lon": "0", "Confirmed": 2036, "Deaths": 52, "Recovered": 149, "Active": 1835, "Date": "2020-03-02T00:00:00Z"}, {"Country": "Italy", "CountryCode": "", "Province": "", "City": "", "CityCode": "", "Lat": "0", "Lon": "0", "Confirmed": 2502, "Deaths": 79, "Recovered": 160, "Active": 2263, "Date": "2020-03-03T00:00:00Z"}, {"Country": "Italy", "CountryCode": "", "Province": "", "City": "", "CityCode": "", "Lat": "0", "Lon": "0", "Confirmed": 3089, "Deaths": 107, "Recovered": 276, "Active": 2706, "Date": "2020-03-04T00:00:00Z"}, {"Country": "Italy", "CountryCode": "", "Province": "", "City": "", "CityCode": "", "Lat": "0", "Lon": "0", "Confirmed": 3858, "Deaths": 148, "Recovered": 414, "Active": 3296, "Date": "2020-03-05T00:00:00Z"}, {"Country": "Italy", "CountryCode": "", "Province": "", "City": "", "CityCode": "", "Lat": "0", "Lon": "0", "Confirmed": 4636, "Deaths": 197, "Recovered": 523, "Active": 3916, "Date": "2020-03-06T00:00:00Z"}, {"Country": "Italy", "CountryCode": "", "Province": "", "City": "", "CityCode": "", "Lat": "0", "Lon": "0", "Confirmed": 5883, "Deaths": 233, "Recovered": 589, "Active": 5061, "Date": "2020-03-07T00:00:00Z"}, {"Country": "Italy", "CountryCode": "", "Province": "", "City": "", "CityCode": "", "Lat": "0", "Lon": "0", "Confirmed": 7375, "Deaths": 366, "Recovered": 622, "Active": 6387, "Date": "2020-03-08T00:00:00Z"}, {"Country": "Italy", "CountryCode": "", "Province": "", "City": "", "CityCode": "", "Lat": "0", "Lon": "0", "Confirmed": 9172, "Deaths": 463, "Recovered": 724, "Active": 7985, "Date": "2020-03-09T00:00:00Z"}, {"Country": "Italy", "CountryCode": "", "Province": "", "City": "", "CityCode": "", "Lat": "0", "Lon": "0", "Confirmed": 10149, "Deaths": 631, "Recovered": 724, "Active": 8794, "Date": "2020-03-10T00:00:00Z"}, {"Country": "Italy", "CountryCode": "", "Province": "", "City": "", "CityCode": "", "Lat": "0", "Lon": "0", "Confirmed": 12462, "Deaths": 827, "Recovered": 1045, "Active": 10590, "Date": "2020-03-11T00:00:00Z"}, {"Country": "Italy", "CountryCode": "", "Province": "", "City": "", "CityCode": "", "Lat": "0", "Lon": "0", "Confirmed": 15113, "Deaths": 1016, "Recovered": 1045, "Active": 13052, "Date": "2020-03-12T00:00:00Z"}, {"Country": "Italy", "CountryCode": "", "Province": "", "City": "", "CityCode": "", "Lat": "0", "Lon": "0", "Confirmed": 17660, "Deaths": 1266, "Recovered": 1439, "Active": 14955, "Date": "2020-03-13T00:00:00Z"}, {"Country": "Italy", "CountryCode": "", "Province": "", "City": "", "CityCode": "", "Lat": "0", "Lon": "0", "Confirmed": 21157, "Deaths": 1441, "Recovered": 1966, "Active": 17750, "Date": "2020-03-14T00:00:00Z"}, {"Country": "Italy", "CountryCode": "", "Province": "", "City": "", "CityCode": "", "Lat": "0", "Lon": "0", "Confirmed": 24747, "Deaths": 1809, "Recovered": 2335, "Active": 20603, "Date": "2020-03-15T00:00:00Z"}, {"Country": "Italy", "CountryCode": "", "Province": "", "City": "", "CityCode": "", "Lat": "0", "Lon": "0", "Confirmed": 27980, "Deaths": 2158, "Recovered": 2749, "Active": 23073, "Date": "2020-03-16T00:00:00Z"}, {"Country": "Italy", "CountryCode": "", "Province": "", "City": "", "CityCode": "", "Lat": "0", "Lon": "0", "Confirmed": 31506, "Deaths": 2503, "Recovered": 2941, "Active": 26062, "Date": "2020-03-17T00:00:00Z"}, {"Country": "Italy", "CountryCode": "", "Province": "", "City": "", "CityCode": "", "Lat": "0", "Lon": "0", "Confirmed": 35713, "Deaths": 2978, "Recovered": 4025, "Active": 28710, "Date": "2020-03-18T00:00:00Z"}, {"Country": "Italy", "CountryCode": "", "Province": "", "City": "", "CityCode": "", "Lat": "0", "Lon": "0", "Confirmed": 41035, "Deaths": 3405, "Recovered": 4440, "Active": 33190, "Date": "2020-03-19T00:00:00Z"}, {"Country": "Italy", "CountryCode": "", "Province": "", "City": "", "CityCode": "", "Lat": "0", "Lon": "0", "Confirmed": 47021, "Deaths": 4032, "Recovered": 4440, "Active": 38549, "Date": "2020-03-20T00:00:00Z"}, {"Country": "Italy", "CountryCode": "", "Province": "", "City": "", "CityCode": "", "Lat": "0", "Lon": "0", "Confirmed": 53578, "Deaths": 4825, "Recovered": 6072, "Active": 42681, "Date": "2020-03-21T00:00:00Z"}, {"Country": "Italy", "CountryCode": "", "Province": "", "City": "", "CityCode": "", "Lat": "0", "Lon": "0", "Confirmed": 59138, "Deaths": 5476, "Recovered": 7024, "Active": 46638, "Date": "2020-03-22T00:00:00Z"}, {"Country": "Italy", "CountryCode": "", "Province": "", "City": "", "CityCode": "", "Lat": "0", "Lon": "0", "Confirmed": 63927, "Deaths": 6077, "Recovered": 7024, "Active": 50826, "Date": "2020-03-23T00:00:00Z"}, {"Country": "Italy", "CountryCode": "", "Province": "", "City": "", "CityCode": "", "Lat": "0", "Lon": "0", "Confirmed": 69176, "Deaths": 6820, "Recovered": 8326, "Active": 54030, "Date": "2020-03-24T00:00:00Z"}, {"Country": "Italy", "CountryCode": "", "Province": "", "City": "", "CityCode": "", "Lat": "0", "Lon": "0", "Confirmed": 74386, "Deaths": 7503, "Recovered": 9362, "Active": 57521, "Date": "2020-03-25T00:00:00Z"}, {"Country": "Italy", "CountryCode": "", "Province": "", "City": "", "CityCode": "", "Lat": "0", "Lon": "0", "Confirmed": 80589, "Deaths": 8215, "Recovered": 10361, "Active": 62013, "Date": "2020-03-26T00:00:00Z"}, {"Country": "Italy", "CountryCode": "", "Province": "", "City": "", "CityCode": "", "Lat": "0", "Lon": "0", "Confirmed": 86498, "Deaths": 9134, "Recovered": 10950, "Active": 66414, "Date": "2020-03-27T00:00:00Z"}, {"Country": "Italy", "CountryCode": "", "Province": "", "City": "", "CityCode": "", "Lat": "0", "Lon": "0", "Confirmed": 92472, "Deaths": 10023, "Recovered": 12384, "Active": 70065, "Date": "2020-03-28T00:00:00Z"}, {"Country": "Italy", "CountryCode": "", "Province": "", "City": "", "CityCode": "", "Lat": "0", "Lon": "0", "Confirmed": 97689, "Deaths": 10779, "Recovered": 13030, "Active": 73880, "Date": "2020-03-29T00:00:00Z"}, {"Country": "Italy", "CountryCode": "", "Province": "", "City": "", "CityCode": "", "Lat": "0", "Lon": "0", "Confirmed": 101739, "Deaths": 11591, "Recovered": 14620, "Active": 75528, "Date": "2020-03-30T00:00:00Z"}, {"Country": "Italy", "CountryCode": "", "Province": "", "City": "", "CityCode": "", "Lat": "0", "Lon": "0", "Confirmed": 105792, "Deaths": 12428, "Recovered": 15729, "Active": 77635, "Date": "2020-03-31T00:00:00Z"}, {"Country": "Italy", "CountryCode": "", "Province": "", "City": "", "CityCode": "", "Lat": "0", "Lon": "0", "Confirmed": 110574, "Deaths": 13155, "Recovered": 16847, "Active": 80572, "Date": "2020-04-01T00:00:00Z"}, {"Country": "Italy", "CountryCode": "", "Province": "", "City": "", "CityCode": "", "Lat": "0", "Lon": "0", "Confirmed": 115242, "Deaths": 13915, "Recovered": 18278, "Active": 83049, "Date": "2020-04-02T00:00:00Z"}, {"Country": "Italy", "CountryCode": "", "Province": "", "City": "", "CityCode": "", "Lat": "0", "Lon": "0", "Confirmed": 119827, "Deaths": 14681, "Recovered": 19758, "Active": 85388, "Date": "2020-04-03T00:00:00Z"}, {"Country": "Italy", "CountryCode": "", "Province": "", "City": "", "CityCode": "", "Lat": "0", "Lon": "0", "Confirmed": 124632, "Deaths": 15362, "Recovered": 20996, "Active": 88274, "Date": "2020-04-04T00:00:00Z"}, {"Country": "Italy", "CountryCode": "", "Province": "", "City": "", "CityCode": "", "Lat": "0", "Lon": "0", "Confirmed": 128948, "Deaths": 15887, "Recovered": 21815, "Active": 91246, "Date": "2020-04-05T00:00:00Z"}, {"Country": "Italy", "CountryCode": "", "Province": "", "City": "", "CityCode": "", "Lat": "0", "Lon": "0", "Confirmed": 132547, "Deaths": 16523, "Recovered": 22837, "Active": 93187, "Date": "2020-04-06T00:00:00Z"}, {"Country": "Italy", "CountryCode": "", "Province": "", "City": "", "CityCode": "", "Lat": "0", "Lon": "0", "Confirmed": 135586, "Deaths": 17127, "Recovered": 24392, "Active": 94067, "Date": "2020-04-07T00:00:00Z"}, {"Country": "Italy", "CountryCode": "", "Province": "", "City": "", "CityCode": "", "Lat": "0", "Lon": "0", "Confirmed": 139422, "Deaths": 17669, "Recovered": 26491, "Active": 95262, "Date": "2020-04-08T00:00:00Z"}, {"Country": "Italy", "CountryCode": "", "Province": "", "City": "", "CityCode": "", "Lat": "0", "Lon": "0", "Confirmed": 143626, "Deaths": 18279, "Recovered": 28470, "Active": 96877, "Date": "2020-04-09T00:00:00Z"}, {"Country": "Italy", "CountryCode": "", "Province": "", "City": "", "CityCode": "", "Lat": "0", "Lon": "0", "Confirmed": 147577, "Deaths": 18849, "Recovered": 30455, "Active": 98273, "Date": "2020-04-10T00:00:00Z"}, {"Country": "Italy", "CountryCode": "", "Province": "", "City": "", "CityCode": "", "Lat": "0", "Lon": "0", "Confirmed": 152271, "Deaths": 19468, "Recovered": 32534, "Active": 100269, "Date": "2020-04-11T00:00:00Z"}, {"Country": "Italy", "CountryCode": "", "Province": "", "City": "", "CityCode": "", "Lat": "0", "Lon": "0", "Confirmed": 156363, "Deaths": 19899, "Recovered": 34211, "Active": 102253, "Date": "2020-04-12T00:00:00Z"}, {"Country": "Italy", "CountryCode": "", "Province": "", "City": "", "CityCode": "", "Lat": "0", "Lon": "0", "Confirmed": 159516, "Deaths": 20465, "Recovered": 35435, "Active": 103616, "Date": "2020-04-13T00:00:00Z"}, {"Country": "Italy", "CountryCode": "", "Province": "", "City": "", "CityCode": "", "Lat": "0", "Lon": "0", "Confirmed": 162488, "Deaths": 21067, "Recovered": 37130, "Active": 104291, "Date": "2020-04-14T00:00:00Z"}, {"Country": "Italy", "CountryCode": "", "Province": "", "City": "", "CityCode": "", "Lat": "0", "Lon": "0", "Confirmed": 165155, "Deaths": 21645, "Recovered": 38092, "Active": 105418, "Date": "2020-04-15T00:00:00Z"}, {"Country": "Italy", "CountryCode": "", "Province": "", "City": "", "CityCode": "", "Lat": "0", "Lon": "0", "Confirmed": 168941, "Deaths": 22170, "Recovered": 40164, "Active": 106607, "Date": "2020-04-16T00:00:00Z"}, {"Country": "Italy", "CountryCode": "", "Province": "", "City": "", "CityCode": "", "Lat": "0", "Lon": "0", "Confirmed": 172434, "Deaths": 22745, "Recovered": 42727, "Active": 106962, "Date": "2020-04-17T00:00:00Z"}, {"Country": "Italy", "CountryCode": "", "Province": "", "City": "", "CityCode": "", "Lat": "0", "Lon": "0", "Confirmed": 175925, "Deaths": 23227, "Recovered": 44927, "Active": 107771, "Date": "2020-04-18T00:00:00Z"}, {"Country": "Italy", "CountryCode": "", "Province": "", "City": "", "CityCode": "", "Lat": "0", "Lon": "0", "Confirmed": 178972, "Deaths": 23660, "Recovered": 47055, "Active": 108257, "Date": "2020-04-19T00:00:00Z"}, {"Country": "Italy", "CountryCode": "", "Province": "", "City": "", "CityCode": "", "Lat": "0", "Lon": "0", "Confirmed": 181228, "Deaths": 24114, "Recovered": 48877, "Active": 108237, "Date": "2020-04-20T00:00:00Z"}, {"Country": "Italy", "CountryCode": "", "Province": "", "City": "", "CityCode": "", "Lat": "0", "Lon": "0", "Confirmed": 183957, "Deaths": 24648, "Recovered": 51600, "Active": 107709, "Date": "2020-04-21T00:00:00Z"}, {"Country": "Italy", "CountryCode": "", "Province": "", "City": "", "CityCode": "", "Lat": "0", "Lon": "0", "Confirmed": 187327, "Deaths": 25085, "Recovered": 54543, "Active": 107699, "Date": "2020-04-22T00:00:00Z"}, {"Country": "Italy", "CountryCode": "", "Province": "", "City": "", "CityCode": "", "Lat": "0", "Lon": "0", "Confirmed": 189973, "Deaths": 25549, "Recovered": 57576, "Active": 106848, "Date": "2020-04-23T00:00:00Z"}, {"Country": "Italy", "CountryCode": "", "Province": "", "City": "", "CityCode": "", "Lat": "0", "Lon": "0", "Confirmed": 192994, "Deaths": 25969, "Recovered": 60498, "Active": 106527, "Date": "2020-04-24T00:00:00Z"}, {"Country": "Italy", "CountryCode": "", "Province": "", "City": "", "CityCode": "", "Lat": "0", "Lon": "0", "Confirmed": 195351, "Deaths": 26384, "Recovered": 63120, "Active": 105847, "Date": "2020-04-25T00:00:00Z"}, {"Country": "Italy", "CountryCode": "", "Province": "", "City": "", "CityCode": "", "Lat": "0", "Lon": "0", "Confirmed": 197675, "Deaths": 26644, "Recovered": 64928, "Active": 106103, "Date": "2020-04-26T00:00:00Z"}, {"Country": "Italy", "CountryCode": "", "Province": "", "City": "", "CityCode": "", "Lat": "0", "Lon": "0", "Confirmed": 199414, "Deaths": 26977, "Recovered": 66624, "Active": 105813, "Date": "2020-04-27T00:00:00Z"}, {"Country": "Italy", "CountryCode": "", "Province": "", "City": "", "CityCode": "", "Lat": "0", "Lon": "0", "Confirmed": 201505, "Deaths": 27359, "Recovered": 68941, "Active": 105205, "Date": "2020-04-28T00:00:00Z"}, {"Country": "Italy", "CountryCode": "", "Province": "", "City": "", "CityCode": "", "Lat": "0", "Lon": "0", "Confirmed": 203591, "Deaths": 27682, "Recovered": 71252, "Active": 104657, "Date": "2020-04-29T00:00:00Z"}, {"Country": "Italy", "CountryCode": "", "Province": "", "City": "", "CityCode": "", "Lat": "0", "Lon": "0", "Confirmed": 205463, "Deaths": 27967, "Recovered": 75945, "Active": 101551, "Date": "2020-04-30T00:00:00Z"}, {"Country": "Italy", "CountryCode": "", "Province": "", "City": "", "CityCode": "", "Lat": "0", "Lon": "0", "Confirmed": 207428, "Deaths": 28236, "Recovered": 78249, "Active": 100943, "Date": "2020-05-01T00:00:00Z"}, {"Country": "Italy", "CountryCode": "", "Province": "", "City": "", "CityCode": "", "Lat": "0", "Lon": "0", "Confirmed": 209328, "Deaths": 28710, "Recovered": 79914, "Active": 100704, "Date": "2020-05-02T00:00:00Z"}, {"Country": "Italy", "CountryCode": "", "Province": "", "City": "", "CityCode": "", "Lat": "0", "Lon": "0", "Confirmed": 210717, "Deaths": 28884, "Recovered": 81654, "Active": 100179, "Date": "2020-05-03T00:00:00Z"}, {"Country": "Italy", "CountryCode": "", "Province": "", "City": "", "CityCode": "", "Lat": "0", "Lon": "0", "Confirmed": 211938, "Deaths": 29079, "Recovered": 82879, "Active": 99980, "Date": "2020-05-04T00:00:00Z"}, {"Country": "Italy", "CountryCode": "", "Province": "", "City": "", "CityCode": "", "Lat": "0", "Lon": "0", "Confirmed": 213013, "Deaths": 29315, "Recovered": 85231, "Active": 98467, "Date": "2020-05-05T00:00:00Z"}, {"Country": "Italy", "CountryCode": "", "Province": "", "City": "", "CityCode": "", "Lat": "0", "Lon": "0", "Confirmed": 214457, "Deaths": 29684, "Recovered": 93245, "Active": 91528, "Date": "2020-05-06T00:00:00Z"}, {"Country": "Italy", "CountryCode": "", "Province": "", "City": "", "CityCode": "", "Lat": "0", "Lon": "0", "Confirmed": 215858, "Deaths": 29958, "Recovered": 96276, "Active": 89624, "Date": "2020-05-07T00:00:00Z"}, {"Country": "Italy", "CountryCode": "", "Province": "", "City": "", "CityCode": "", "Lat": "0", "Lon": "0", "Confirmed": 217185, "Deaths": 30201, "Recovered": 99023, "Active": 87961, "Date": "2020-05-08T00:00:00Z"}, {"Country": "Italy", "CountryCode": "", "Province": "", "City": "", "CityCode": "", "Lat": "0", "Lon": "0", "Confirmed": 218268, "Deaths": 30395, "Recovered": 103031, "Active": 84842, "Date": "2020-05-09T00:00:00Z"}, {"Country": "Italy", "CountryCode": "", "Province": "", "City": "", "CityCode": "", "Lat": "0", "Lon": "0", "Confirmed": 219070, "Deaths": 30560, "Recovered": 105186, "Active": 83324, "Date": "2020-05-10T00:00:00Z"}, {"Country": "Italy", "CountryCode": "", "Province": "", "City": "", "CityCode": "", "Lat": "0", "Lon": "0", "Confirmed": 219814, "Deaths": 30739, "Recovered": 106587, "Active": 82488, "Date": "2020-05-11T00:00:00Z"}, {"Country": "Italy", "CountryCode": "", "Province": "", "City": "", "CityCode": "", "Lat": "0", "Lon": "0", "Confirmed": 221216, "Deaths": 30911, "Recovered": 109039, "Active": 81266, "Date": "2020-05-12T00:00:00Z"}, {"Country": "Italy", "CountryCode": "", "Province": "", "City": "", "CityCode": "", "Lat": "0", "Lon": "0", "Confirmed": 222104, "Deaths": 31106, "Recovered": 112541, "Active": 78457, "Date": "2020-05-13T00:00:00Z"}, {"Country": "Italy", "CountryCode": "", "Province": "", "City": "", "CityCode": "", "Lat": "0", "Lon": "0", "Confirmed": 223096, "Deaths": 31368, "Recovered": 115288, "Active": 76440, "Date": "2020-05-14T00:00:00Z"}, {"Country": "Italy", "CountryCode": "", "Province": "", "City": "", "CityCode": "", "Lat": "0", "Lon": "0", "Confirmed": 223885, "Deaths": 31610, "Recovered": 120205, "Active": 72070, "Date": "2020-05-15T00:00:00Z"}, {"Country": "Italy", "CountryCode": "", "Province": "", "City": "", "CityCode": "", "Lat": "0", "Lon": "0", "Confirmed": 224760, "Deaths": 31763, "Recovered": 122810, "Active": 70187, "Date": "2020-05-16T00:00:00Z"}, {"Country": "Italy", "CountryCode": "", "Province": "", "City": "", "CityCode": "", "Lat": "0", "Lon": "0", "Confirmed": 225435, "Deaths": 31908, "Recovered": 125176, "Active": 68351, "Date": "2020-05-17T00:00:00Z"}, {"Country": "Italy", "CountryCode": "", "Province": "", "City": "", "CityCode": "", "Lat": "0", "Lon": "0", "Confirmed": 225886, "Deaths": 32007, "Recovered": 127326, "Active": 66553, "Date": "2020-05-18T00:00:00Z"}, {"Country": "Italy", "CountryCode": "", "Province": "", "City": "", "CityCode": "", "Lat": "0", "Lon": "0", "Confirmed": 226699, "Deaths": 32169, "Recovered": 129401, "Active": 65129, "Date": "2020-05-19T00:00:00Z"}, {"Country": "Italy", "CountryCode": "", "Province": "", "City": "", "CityCode": "", "Lat": "0", "Lon": "0", "Confirmed": 227364, "Deaths": 32330, "Recovered": 132282, "Active": 62752, "Date": "2020-05-20T00:00:00Z"}, {"Country": "Italy", "CountryCode": "", "Province": "", "City": "", "CityCode": "", "Lat": "0", "Lon": "0", "Confirmed": 228006, "Deaths": 32486, "Recovered": 134560, "Active": 60960, "Date": "2020-05-21T00:00:00Z"}, {"Country": "Italy", "CountryCode": "", "Province": "", "City": "", "CityCode": "", "Lat": "0", "Lon": "0", "Confirmed": 228658, "Deaths": 32616, "Recovered": 136720, "Active": 59322, "Date": "2020-05-22T00:00:00Z"}, {"Country": "Italy", "CountryCode": "", "Province": "", "City": "", "CityCode": "", "Lat": "0", "Lon": "0", "Confirmed": 229327, "Deaths": 32735, "Recovered": 138840, "Active": 57752, "Date": "2020-05-23T00:00:00Z"}, {"Country": "Italy", "CountryCode": "", "Province": "", "City": "", "CityCode": "", "Lat": "0", "Lon": "0", "Confirmed": 229858, "Deaths": 32785, "Recovered": 140479, "Active": 56594, "Date": "2020-05-24T00:00:00Z"}, {"Country": "Italy", "CountryCode": "", "Province": "", "City": "", "CityCode": "", "Lat": "0", "Lon": "0", "Confirmed": 230158, "Deaths": 32877, "Recovered": 141981, "Active": 55300, "Date": "2020-05-25T00:00:00Z"}, {"Country": "Italy", "CountryCode": "", "Province": "", "City": "", "CityCode": "", "Lat": "0", "Lon": "0", "Confirmed": 230555, "Deaths": 32955, "Recovered": 144658, "Active": 52942, "Date": "2020-05-26T00:00:00Z"}, {"Country": "Italy", "CountryCode": "", "Province": "", "City": "", "CityCode": "", "Lat": "0", "Lon": "0", "Confirmed": 231139, "Deaths": 33072, "Recovered": 147101, "Active": 50966, "Date": "2020-05-27T00:00:00Z"}, {"Country": "Italy", "CountryCode": "", "Province": "", "City": "", "CityCode": "", "Lat": "0", "Lon": "0", "Confirmed": 231732, "Deaths": 33142, "Recovered": 150604, "Active": 47986, "Date": "2020-05-28T00:00:00Z"}, {"Country": "Italy", "CountryCode": "", "Province": "", "City": "", "CityCode": "", "Lat": "0", "Lon": "0", "Confirmed": 232248, "Deaths": 33229, "Recovered": 152844, "Active": 46175, "Date": "2020-05-29T00:00:00Z"}, {"Country": "Italy", "CountryCode": "", "Province": "", "City": "", "CityCode": "", "Lat": "0", "Lon": "0", "Confirmed": 232664, "Deaths": 33340, "Recovered": 155633, "Active": 43691, "Date": "2020-05-30T00:00:00Z"}, {"Country": "Italy", "CountryCode": "", "Province": "", "City": "", "CityCode": "", "Lat": "0", "Lon": "0", "Confirmed": 232997, "Deaths": 33415, "Recovered": 157507, "Active": 42075, "Date": "2020-05-31T00:00:00Z"}, {"Country": "Italy", "CountryCode": "", "Province": "", "City": "", "CityCode": "", "Lat": "0", "Lon": "0", "Confirmed": 233197, "Deaths": 33475, "Recovered": 158355, "Active": 41367, "Date": "2020-06-01T00:00:00Z"}, {"Country": "Italy", "CountryCode": "", "Province": "", "City": "", "CityCode": "", "Lat": "0", "Lon": "0", "Confirmed": 233515, "Deaths": 33530, "Recovered": 160092, "Active": 39893, "Date": "2020-06-02T00:00:00Z"}, {"Country": "Italy", "CountryCode": "", "Province": "", "City": "", "CityCode": "", "Lat": "0", "Lon": "0", "Confirmed": 233836, "Deaths": 33601, "Recovered": 160938, "Active": 39297, "Date": "2020-06-03T00:00:00Z"}, {"Country": "Italy", "CountryCode": "", "Province": "", "City": "", "CityCode": "", "Lat": "0", "Lon": "0", "Confirmed": 234013, "Deaths": 33689, "Recovered": 161895, "Active": 38429, "Date": "2020-06-04T00:00:00Z"}, {"Country": "Italy", "CountryCode": "", "Province": "", "City": "", "CityCode": "", "Lat": "0", "Lon": "0", "Confirmed": 234531, "Deaths": 33774, "Recovered": 163781, "Active": 36976, "Date": "2020-06-05T00:00:00Z"}, {"Country": "Italy", "CountryCode": "", "Province": "", "City": "", "CityCode": "", "Lat": "0", "Lon": "0", "Confirmed": 234801, "Deaths": 33846, "Recovered": 165078, "Active": 35877, "Date": "2020-06-06T00:00:00Z"}, {"Country": "Italy", "CountryCode": "", "Province": "", "City": "", "CityCode": "", "Lat": "0", "Lon": "0", "Confirmed": 234998, "Deaths": 33899, "Recovered": 165837, "Active": 35262, "Date": "2020-06-07T00:00:00Z"}, {"Country": "Italy", "CountryCode": "", "Province": "", "City": "", "CityCode": "", "Lat": "0", "Lon": "0", "Confirmed": 235278, "Deaths": 33964, "Recovered": 166584, "Active": 34730, "Date": "2020-06-08T00:00:00Z"}, {"Country": "Italy", "CountryCode": "", "Province": "", "City": "", "CityCode": "", "Lat": "0", "Lon": "0", "Confirmed": 235561, "Deaths": 34043, "Recovered": 168646, "Active": 32872, "Date": "2020-06-09T00:00:00Z"}, {"Country": "Italy", "CountryCode": "", "Province": "", "City": "", "CityCode": "", "Lat": "0", "Lon": "0", "Confirmed": 235763, "Deaths": 34114, "Recovered": 169939, "Active": 31710, "Date": "2020-06-10T00:00:00Z"}, {"Country": "Italy", "CountryCode": "", "Province": "", "City": "", "CityCode": "", "Lat": "0", "Lon": "0", "Confirmed": 236142, "Deaths": 34167, "Recovered": 171338, "Active": 30637, "Date": "2020-06-11T00:00:00Z"}, {"Country": "Italy", "CountryCode": "", "Province": "", "City": "", "CityCode": "", "Lat": "0", "Lon": "0", "Confirmed": 236305, "Deaths": 34223, "Recovered": 173085, "Active": 28997, "Date": "2020-06-12T00:00:00Z"}, {"Country": "Italy", "CountryCode": "", "Province": "", "City": "", "CityCode": "", "Lat": "0", "Lon": "0", "Confirmed": 236651, "Deaths": 34301, "Recovered": 174865, "Active": 27485, "Date": "2020-06-13T00:00:00Z"}, {"Country": "Italy", "CountryCode": "", "Province": "", "City": "", "CityCode": "", "Lat": "0", "Lon": "0", "Confirmed": 236989, "Deaths": 34345, "Recovered": 176370, "Active": 26274, "Date": "2020-06-14T00:00:00Z"}, {"Country": "Italy", "CountryCode": "", "Province": "", "City": "", "CityCode": "", "Lat": "0", "Lon": "0", "Confirmed": 237290, "Deaths": 34371, "Recovered": 177010, "Active": 25909, "Date": "2020-06-15T00:00:00Z"}, {"Country": "Italy", "CountryCode": "", "Province": "", "City": "", "CityCode": "", "Lat": "0", "Lon": "0", "Confirmed": 237500, "Deaths": 34405, "Recovered": 178526, "Active": 24569, "Date": "2020-06-16T00:00:00Z"}, {"Country": "Italy", "CountryCode": "", "Province": "", "City": "", "CityCode": "", "Lat": "0", "Lon": "0", "Confirmed": 237828, "Deaths": 34448, "Recovered": 179455, "Active": 23925, "Date": "2020-06-17T00:00:00Z"}, {"Country": "Italy", "CountryCode": "", "Province": "", "City": "", "CityCode": "", "Lat": "0", "Lon": "0", "Confirmed": 238159, "Deaths": 34514, "Recovered": 180544, "Active": 23101, "Date": "2020-06-18T00:00:00Z"}, {"Country": "Italy", "CountryCode": "", "Province": "", "City": "", "CityCode": "", "Lat": "0", "Lon": "0", "Confirmed": 238011, "Deaths": 34561, "Recovered": 181907, "Active": 21543, "Date": "2020-06-19T00:00:00Z"}, {"Country": "Italy", "CountryCode": "", "Province": "", "City": "", "CityCode": "", "Lat": "0", "Lon": "0", "Confirmed": 238275, "Deaths": 34610, "Recovered": 182453, "Active": 21212, "Date": "2020-06-20T00:00:00Z"}, {"Country": "Italy", "CountryCode": "", "Province": "", "City": "", "CityCode": "", "Lat": "0", "Lon": "0", "Confirmed": 238499, "Deaths": 34634, "Recovered": 182893, "Active": 20972, "Date": "2020-06-21T00:00:00Z"}, {"Country": "Italy", "CountryCode": "", "Province": "", "City": "", "CityCode": "", "Lat": "0", "Lon": "0", "Confirmed": 238720, "Deaths": 34657, "Recovered": 183426, "Active": 20637, "Date": "2020-06-22T00:00:00Z"}, {"Country": "Italy", "CountryCode": "", "Province": "", "City": "", "CityCode": "", "Lat": "0", "Lon": "0", "Confirmed": 238833, "Deaths": 34675, "Recovered": 184585, "Active": 19573, "Date": "2020-06-23T00:00:00Z"}, {"Country": "Italy", "CountryCode": "", "Province": "", "City": "", "CityCode": "", "Lat": "0", "Lon": "0", "Confirmed": 239410, "Deaths": 34644, "Recovered": 186111, "Active": 18655, "Date": "2020-06-24T00:00:00Z"}, {"Country": "Italy", "CountryCode": "", "Province": "", "City": "", "CityCode": "", "Lat": "0", "Lon": "0", "Confirmed": 239706, "Deaths": 34678, "Recovered": 186725, "Active": 18303, "Date": "2020-06-25T00:00:00Z"}, {"Country": "Italy", "CountryCode": "", "Province": "", "City": "", "CityCode": "", "Lat": "0", "Lon": "0", "Confirmed": 239961, "Deaths": 34708, "Recovered": 187615, "Active": 17638, "Date": "2020-06-26T00:00:00Z"}, {"Country": "Italy", "CountryCode": "", "Province": "", "City": "", "CityCode": "", "Lat": "0", "Lon": "0", "Confirmed": 240136, "Deaths": 34716, "Recovered": 188584, "Active": 16836, "Date": "2020-06-27T00:00:00Z"}, {"Country": "Italy", "CountryCode": "", "Province": "", "City": "", "CityCode": "", "Lat": "0", "Lon": "0", "Confirmed": 240310, "Deaths": 34738, "Recovered": 188891, "Active": 16681, "Date": "2020-06-28T00:00:00Z"}, {"Country": "Italy", "CountryCode": "", "Province": "", "City": "", "CityCode": "", "Lat": "0", "Lon": "0", "Confirmed": 240436, "Deaths": 34744, "Recovered": 189196, "Active": 16496, "Date": "2020-06-29T00:00:00Z"}, {"Country": "Italy", "CountryCode": "", "Province": "", "City": "", "CityCode": "", "Lat": "0", "Lon": "0", "Confirmed": 240578, "Deaths": 34767, "Recovered": 190248, "Active": 15563, "Date": "2020-06-30T00:00:00Z"}, {"Country": "Italy", "CountryCode": "", "Province": "", "City": "", "CityCode": "", "Lat": "0", "Lon": "0", "Confirmed": 240760, "Deaths": 34788, "Recovered": 190717, "Active": 15255, "Date": "2020-07-01T00:00:00Z"}, {"Country": "Italy", "CountryCode": "", "Province": "", "City": "", "CityCode": "", "Lat": "0", "Lon": "0", "Confirmed": 240961, "Deaths": 34818, "Recovered": 191083, "Active": 15060, "Date": "2020-07-02T00:00:00Z"}, {"Country": "Italy", "CountryCode": "", "Province": "", "City": "", "CityCode": "", "Lat": "0", "Lon": "0", "Confirmed": 241184, "Deaths": 34833, "Recovered": 191467, "Active": 14884, "Date": "2020-07-03T00:00:00Z"}, {"Country": "Italy", "CountryCode": "", "Province": "", "City": "", "CityCode": "", "Lat": "0", "Lon": "0", "Confirmed": 241419, "Deaths": 34854, "Recovered": 191944, "Active": 14621, "Date": "2020-07-04T00:00:00Z"}, {"Country": "Italy", "CountryCode": "", "Province": "", "City": "", "CityCode": "", "Lat": "0", "Lon": "0", "Confirmed": 241611, "Deaths": 34861, "Recovered": 192108, "Active": 14642, "Date": "2020-07-05T00:00:00Z"}, {"Country": "Italy", "CountryCode": "", "Province": "", "City": "", "CityCode": "", "Lat": "0", "Lon": "0", "Confirmed": 241819, "Deaths": 34869, "Recovered": 192241, "Active": 14709, "Date": "2020-07-06T00:00:00Z"}, {"Country": "Italy", "CountryCode": "", "Province": "", "City": "", "CityCode": "", "Lat": "0", "Lon": "0", "Confirmed": 241956, "Deaths": 34899, "Recovered": 192815, "Active": 14242, "Date": "2020-07-07T00:00:00Z"}, {"Country": "Italy", "CountryCode": "", "Province": "", "City": "", "CityCode": "", "Lat": "0", "Lon": "0", "Confirmed": 242149, "Deaths": 34914, "Recovered": 193640, "Active": 13595, "Date": "2020-07-08T00:00:00Z"}, {"Country": "Italy", "CountryCode": "", "Province": "", "City": "", "CityCode": "", "Lat": "0", "Lon": "0", "Confirmed": 242363, "Deaths": 34926, "Recovered": 193978, "Active": 13459, "Date": "2020-07-09T00:00:00Z"}, {"Country": "Italy", "CountryCode": "", "Province": "", "City": "", "CityCode": "", "Lat": "0", "Lon": "0", "Confirmed": 242639, "Deaths": 34938, "Recovered": 194273, "Active": 13428, "Date": "2020-07-10T00:00:00Z"}, {"Country": "Italy", "CountryCode": "", "Province": "", "City": "", "CityCode": "", "Lat": "0", "Lon": "0", "Confirmed": 242827, "Deaths": 34945, "Recovered": 194579, "Active": 13303, "Date": "2020-07-11T00:00:00Z"}, {"Country": "Italy", "CountryCode": "", "Province": "", "City": "", "CityCode": "", "Lat": "0", "Lon": "0", "Confirmed": 243061, "Deaths": 34954, "Recovered": 194928, "Active": 13179, "Date": "2020-07-12T00:00:00Z"}, {"Country": "Italy", "CountryCode": "", "Province": "", "City": "", "CityCode": "", "Lat": "0", "Lon": "0", "Confirmed": 243230, "Deaths": 34967, "Recovered": 195106, "Active": 13157, "Date": "2020-07-13T00:00:00Z"}, {"Country": "Italy", "CountryCode": "", "Province": "", "City": "", "CityCode": "", "Lat": "0", "Lon": "0", "Confirmed": 243344, "Deaths": 34984, "Recovered": 195441, "Active": 12919, "Date": "2020-07-14T00:00:00Z"}, {"Country": "Italy", "CountryCode": "", "Province": "", "City": "", "CityCode": "", "Lat": "0", "Lon": "0", "Confirmed": 243506, "Deaths": 34997, "Recovered": 196016, "Active": 12493, "Date": "2020-07-15T00:00:00Z"}, {"Country": "Italy", "CountryCode": "", "Province": "", "City": "", "CityCode": "", "Lat": "0", "Lon": "0", "Confirmed": 243736, "Deaths": 35017, "Recovered": 196246, "Active": 12473, "Date": "2020-07-16T00:00:00Z"}, {"Country": "Italy", "CountryCode": "", "Province": "", "City": "", "CityCode": "", "Lat": "0", "Lon": "0", "Confirmed": 243967, "Deaths": 35028, "Recovered": 196483, "Active": 12456, "Date": "2020-07-17T00:00:00Z"}, {"Country": "Italy", "CountryCode": "", "Province": "", "City": "", "CityCode": "", "Lat": "0", "Lon": "0", "Confirmed": 244216, "Deaths": 35042, "Recovered": 196806, "Active": 12368, "Date": "2020-07-18T00:00:00Z"}, {"Country": "Italy", "CountryCode": "", "Province": "", "City": "", "CityCode": "", "Lat": "0", "Lon": "0", "Confirmed": 244434, "Deaths": 35045, "Recovered": 196949, "Active": 12440, "Date": "2020-07-19T00:00:00Z"}, {"Country": "Italy", "CountryCode": "", "Province": "", "City": "", "CityCode": "", "Lat": "0", "Lon": "0", "Confirmed": 244624, "Deaths": 35058, "Recovered": 197162, "Active": 12404, "Date": "2020-07-20T00:00:00Z"}, {"Country": "Italy", "CountryCode": "", "Province": "", "City": "", "CityCode": "", "Lat": "0", "Lon": "0", "Confirmed": 244752, "Deaths": 35073, "Recovered": 197431, "Active": 12248, "Date": "2020-07-21T00:00:00Z"}, {"Country": "Italy", "CountryCode": "", "Province": "", "City": "", "CityCode": "", "Lat": "0", "Lon": "0", "Confirmed": 245032, "Deaths": 35082, "Recovered": 197628, "Active": 12322, "Date": "2020-07-22T00:00:00Z"}, {"Country": "Italy", "CountryCode": "", "Province": "", "City": "", "CityCode": "", "Lat": "0", "Lon": "0", "Confirmed": 245338, "Deaths": 35092, "Recovered": 197842, "Active": 12404, "Date": "2020-07-23T00:00:00Z"}, {"Country": "Italy", "CountryCode": "", "Province": "", "City": "", "CityCode": "", "Lat": "0", "Lon": "0", "Confirmed": 245590, "Deaths": 35097, "Recovered": 198192, "Active": 12301, "Date": "2020-07-24T00:00:00Z"}, {"Country": "Italy", "CountryCode": "", "Province": "", "City": "", "CityCode": "", "Lat": "0", "Lon": "0", "Confirmed": 245864, "Deaths": 35102, "Recovered": 198320, "Active": 12442, "Date": "2020-07-25T00:00:00Z"}, {"Country": "Italy", "CountryCode": "", "Province": "", "City": "", "CityCode": "", "Lat": "0", "Lon": "0", "Confirmed": 246118, "Deaths": 35107, "Recovered": 198446, "Active": 12565, "Date": "2020-07-26T00:00:00Z"}, {"Country": "Italy", "CountryCode": "", "Province": "", "City": "", "CityCode": "", "Lat": "0", "Lon": "0", "Confirmed": 246286, "Deaths": 35112, "Recovered": 198593, "Active": 12581, "Date": "2020-07-27T00:00:00Z"}, {"Country": "Italy", "CountryCode": "", "Province": "", "City": "", "CityCode": "", "Lat": "0", "Lon": "0", "Confirmed": 246488, "Deaths": 35123, "Recovered": 198756, "Active": 12609, "Date": "2020-07-28T00:00:00Z"}, {"Country": "Italy", "CountryCode": "", "Province": "", "City": "", "CityCode": "", "Lat": "0", "Lon": "0", "Confirmed": 246776, "Deaths": 35129, "Recovered": 199031, "Active": 12616, "Date": "2020-07-29T00:00:00Z"}, {"Country": "Italy", "CountryCode": "", "Province": "", "City": "", "CityCode": "", "Lat": "0", "Lon": "0", "Confirmed": 247158, "Deaths": 35132, "Recovered": 199796, "Active": 12230, "Date": "2020-07-30T00:00:00Z"}, {"Country": "Italy", "CountryCode": "", "Province": "", "City": "", "CityCode": "", "Lat": "0", "Lon": "0", "Confirmed": 247537, "Deaths": 35141, "Recovered": 199974, "Active": 12422, "Date": "2020-07-31T00:00:00Z"}, {"Country": "Italy", "CountryCode": "", "Province": "", "City": "", "CityCode": "", "Lat": "0", "Lon": "0", "Confirmed": 247832, "Deaths": 35146, "Recovered": 200229, "Active": 12457, "Date": "2020-08-01T00:00:00Z"}, {"Country": "Italy", "CountryCode": "", "Province": "", "City": "", "CityCode": "", "Lat": "0", "Lon": "0", "Confirmed": 248070, "Deaths": 35154, "Recovered": 200460, "Active": 12456, "Date": "2020-08-02T00:00:00Z"}, {"Country": "Italy", "CountryCode": "", "Province": "", "City": "", "CityCode": "", "Lat": "0", "Lon": "0", "Confirmed": 248229, "Deaths": 35166, "Recovered": 200589, "Active": 12474, "Date": "2020-08-03T00:00:00Z"}, {"Country": "Italy", "CountryCode": "", "Province": "", "City": "", "CityCode": "", "Lat": "0", "Lon": "0", "Confirmed": 248419, "Deaths": 35171, "Recovered": 200766, "Active": 12482, "Date": "2020-08-04T00:00:00Z"}, {"Country": "Italy", "CountryCode": "", "Province": "", "City": "", "CityCode": "", "Lat": "0", "Lon": "0", "Confirmed": 248803, "Deaths": 35181, "Recovered": 200976, "Active": 12646, "Date": "2020-08-05T00:00:00Z"}, {"Country": "Italy", "CountryCode": "", "Province": "", "City": "", "CityCode": "", "Lat": "0", "Lon": "0", "Confirmed": 249204, "Deaths": 35187, "Recovered": 201323, "Active": 12694, "Date": "2020-08-06T00:00:00Z"}, {"Country": "Italy", "CountryCode": "", "Province": "", "City": "", "CityCode": "", "Lat": "0", "Lon": "0", "Confirmed": 249756, "Deaths": 35190, "Recovered": 201642, "Active": 12924, "Date": "2020-08-07T00:00:00Z"}, {"Country": "Italy", "CountryCode": "", "Province": "", "City": "", "CityCode": "", "Lat": "0", "Lon": "0", "Confirmed": 250103, "Deaths": 35203, "Recovered": 201947, "Active": 12953, "Date": "2020-08-08T00:00:00Z"}, {"Country": "Italy", "CountryCode": "", "Province": "", "City": "", "CityCode": "", "Lat": "0", "Lon": "0", "Confirmed": 250566, "Deaths": 35205, "Recovered": 202098, "Active": 13263, "Date": "2020-08-09T00:00:00Z"}, {"Country": "Italy", "CountryCode": "", "Province": "", "City": "", "CityCode": "", "Lat": "0", "Lon": "0", "Confirmed": 250825, "Deaths": 35209, "Recovered": 202248, "Active": 13368, "Date": "2020-08-10T00:00:00Z"}, {"Country": "Italy", "CountryCode": "", "Province": "", "City": "", "CityCode": "", "Lat": "0", "Lon": "0", "Confirmed": 251237, "Deaths": 35215, "Recovered": 202461, "Active": 13561, "Date": "2020-08-11T00:00:00Z"}, {"Country": "Italy", "CountryCode": "", "Province": "", "City": "", "CityCode": "", "Lat": "0", "Lon": "0", "Confirmed": 251713, "Deaths": 35225, "Recovered": 202697, "Active": 13791, "Date": "2020-08-12T00:00:00Z"}, {"Country": "Italy", "CountryCode": "", "Province": "", "City": "", "CityCode": "", "Lat": "0", "Lon": "0", "Confirmed": 252235, "Deaths": 35231, "Recovered": 202923, "Active": 14081, "Date": "2020-08-13T00:00:00Z"}, {"Country": "Italy", "CountryCode": "", "Province": "", "City": "", "CityCode": "", "Lat": "0", "Lon": "0", "Confirmed": 252809, "Deaths": 35234, "Recovered": 203326, "Active": 14249, "Date": "2020-08-14T00:00:00Z"}, {"Country": "Italy", "CountryCode": "", "Province": "", "City": "", "CityCode": "", "Lat": "0", "Lon": "0", "Confirmed": 253438, "Deaths": 35392, "Recovered": 203640, "Active": 14406, "Date": "2020-08-15T00:00:00Z"}, {"Country": "Italy", "CountryCode": "", "Province": "", "City": "", "CityCode": "", "Lat": "0", "Lon": "0", "Confirmed": 253915, "Deaths": 35396, "Recovered": 203786, "Active": 14733, "Date": "2020-08-16T00:00:00Z"}, {"Country": "Italy", "CountryCode": "", "Province": "", "City": "", "CityCode": "", "Lat": "0", "Lon": "0", "Confirmed": 254235, "Deaths": 35400, "Recovered": 203968, "Active": 14867, "Date": "2020-08-17T00:00:00Z"}, {"Country": "Italy", "CountryCode": "", "Province": "", "City": "", "CityCode": "", "Lat": "0", "Lon": "0", "Confirmed": 254636, "Deaths": 35405, "Recovered": 204142, "Active": 15089, "Date": "2020-08-18T00:00:00Z"}, {"Country": "Italy", "CountryCode": "", "Province": "", "City": "", "CityCode": "", "Lat": "0", "Lon": "0", "Confirmed": 255278, "Deaths": 35412, "Recovered": 204506, "Active": 15360, "Date": "2020-08-19T00:00:00Z"}, {"Country": "Italy", "CountryCode": "", "Province": "", "City": "", "CityCode": "", "Lat": "0", "Lon": "0", "Confirmed": 256118, "Deaths": 35418, "Recovered": 204686, "Active": 16014, "Date": "2020-08-20T00:00:00Z"}, {"Country": "Italy", "CountryCode": "", "Province": "", "City": "", "CityCode": "", "Lat": "0", "Lon": "0", "Confirmed": 257065, "Deaths": 35427, "Recovered": 204960, "Active": 16678, "Date": "2020-08-21T00:00:00Z"}, {"Country": "Italy", "CountryCode": "", "Province": "", "City": "", "CityCode": "", "Lat": "0", "Lon": "0", "Confirmed": 258136, "Deaths": 35430, "Recovered": 205203, "Active": 17503, "Date": "2020-08-22T00:00:00Z"}, {"Country": "Italy", "CountryCode": "", "Province": "", "City": "", "CityCode": "", "Lat": "0", "Lon": "0", "Confirmed": 259345, "Deaths": 35437, "Recovered": 205470, "Active": 18438, "Date": "2020-08-23T00:00:00Z"}, {"Country": "Italy", "CountryCode": "", "Province": "", "City": "", "CityCode": "", "Lat": "0", "Lon": "0", "Confirmed": 260298, "Deaths": 35441, "Recovered": 205662, "Active": 19195, "Date": "2020-08-24T00:00:00Z"}, {"Country": "Italy", "CountryCode": "", "Province": "", "City": "", "CityCode": "", "Lat": "0", "Lon": "0", "Confirmed": 261174, "Deaths": 35445, "Recovered": 206015, "Active": 19714, "Date": "2020-08-25T00:00:00Z"}, {"Country": "Italy", "CountryCode": "", "Province": "", "City": "", "CityCode": "", "Lat": "0", "Lon": "0", "Confirmed": 262540, "Deaths": 35458, "Recovered": 206329, "Active": 20753, "Date": "2020-08-26T00:00:00Z"}, {"Country": "Italy", "CountryCode": "", "Province": "", "City": "", "CityCode": "", "Lat": "0", "Lon": "0", "Confirmed": 263949, "Deaths": 35463, "Recovered": 206554, "Active": 21932, "Date": "2020-08-27T00:00:00Z"}, {"Country": "Italy", "CountryCode": "", "Province": "", "City": "", "CityCode": "", "Lat": "0", "Lon": "0", "Confirmed": 265409, "Deaths": 35472, "Recovered": 206902, "Active": 23035, "Date": "2020-08-28T00:00:00Z"}, {"Country": "Italy", "CountryCode": "", "Province": "", "City": "", "CityCode": "", "Lat": "0", "Lon": "0", "Confirmed": 266853, "Deaths": 35473, "Recovered": 208224, "Active": 23156, "Date": "2020-08-29T00:00:00Z"}, {"Country": "Italy", "CountryCode": "", "Province": "", "City": "", "CityCode": "", "Lat": "0", "Lon": "0", "Confirmed": 268218, "Deaths": 35477, "Recovered": 208536, "Active": 24205, "Date": "2020-08-30T00:00:00Z"}, {"Country": "Italy", "CountryCode": "", "Province": "", "City": "", "CityCode": "", "Lat": "0", "Lon": "0", "Confirmed": 269214, "Deaths": 35483, "Recovered": 207653, "Active": 26078, "Date": "2020-08-31T00:00:00Z"}, {"Country": "Italy", "CountryCode": "", "Province": "", "City": "", "CityCode": "", "Lat": "0", "Lon": "0", "Confirmed": 270189, "Deaths": 35491, "Recovered": 207944, "Active": 26754, "Date": "2020-09-01T00:00:00Z"}, {"Country": "Italy", "CountryCode": "", "Province": "", "City": "", "CityCode": "", "Lat": "0", "Lon": "0", "Confirmed": 271515, "Deaths": 35497, "Recovered": 208201, "Active": 27817, "Date": "2020-09-02T00:00:00Z"}, {"Country": "Italy", "CountryCode": "", "Province": "", "City": "", "CityCode": "", "Lat": "0", "Lon": "0", "Confirmed": 272912, "Deaths": 35507, "Recovered": 208490, "Active": 28915, "Date": "2020-09-03T00:00:00Z"}, {"Country": "Italy", "CountryCode": "", "Province": "", "City": "", "CityCode": "", "Lat": "0", "Lon": "0", "Confirmed": 274644, "Deaths": 35518, "Recovered": 209027, "Active": 30099, "Date": "2020-09-04T00:00:00Z"}, {"Country": "Italy", "CountryCode": "", "Province": "", "City": "", "CityCode": "", "Lat": "0", "Lon": "0", "Confirmed": 276338, "Deaths": 35534, "Recovered": 209610, "Active": 31194, "Date": "2020-09-05T00:00:00Z"}, {"Country": "Italy", "CountryCode": "", "Province": "", "City": "", "CityCode": "", "Lat": "0", "Lon": "0", "Confirmed": 277634, "Deaths": 35541, "Recovered": 210015, "Active": 32078, "Date": "2020-09-06T00:00:00Z"}, {"Country": "Italy", "CountryCode": "", "Province": "", "City": "", "CityCode": "", "Lat": "0", "Lon": "0", "Confirmed": 278784, "Deaths": 35553, "Recovered": 210238, "Active": 32993, "Date": "2020-09-07T00:00:00Z"}, {"Country": "Italy", "CountryCode": "", "Province": "", "City": "", "CityCode": "", "Lat": "0", "Lon": "0", "Confirmed": 280153, "Deaths": 35563, "Recovered": 210801, "Active": 33789, "Date": "2020-09-08T00:00:00Z"}, {"Country": "Italy", "CountryCode": "", "Province": "", "City": "", "CityCode": "", "Lat": "0", "Lon": "0", "Confirmed": 281583, "Deaths": 35577, "Recovered": 211272, "Active": 34734, "Date": "2020-09-09T00:00:00Z"}, {"Country": "Italy", "CountryCode": "", "Province": "", "City": "", "CityCode": "", "Lat": "0", "Lon": "0", "Confirmed": 283180, "Deaths": 35587, "Recovered": 211885, "Active": 35708, "Date": "2020-09-10T00:00:00Z"}, {"Country": "Italy", "CountryCode": "", "Province": "", "City": "", "CityCode": "", "Lat": "0", "Lon": "0", "Confirmed": 284796, "Deaths": 35597, "Recovered": 212432, "Active": 36767, "Date": "2020-09-11T00:00:00Z"}, {"Country": "Italy", "CountryCode": "", "Province": "", "City": "", "CityCode": "", "Lat": "0", "Lon": "0", "Confirmed": 286297, "Deaths": 35603, "Recovered": 213191, "Active": 37503, "Date": "2020-09-12T00:00:00Z"}, {"Country": "Italy", "CountryCode": "", "Province": "", "City": "", "CityCode": "", "Lat": "0", "Lon": "0", "Confirmed": 287753, "Deaths": 35610, "Recovered": 213634, "Active": 38509, "Date": "2020-09-13T00:00:00Z"}, {"Country": "Italy", "CountryCode": "", "Province": "", "City": "", "CityCode": "", "Lat": "0", "Lon": "0", "Confirmed": 288761, "Deaths": 35624, "Recovered": 213950, "Active": 39187, "Date": "2020-09-14T00:00:00Z"}, {"Country": "Italy", "CountryCode": "", "Province": "", "City": "", "CityCode": "", "Lat": "0", "Lon": "0", "Confirmed": 289990, "Deaths": 35633, "Recovered": 214645, "Active": 39712, "Date": "2020-09-15T00:00:00Z"}, {"Country": "Italy", "CountryCode": "", "Province": "", "City": "", "CityCode": "", "Lat": "0", "Lon": "0", "Confirmed": 291442, "Deaths": 35645, "Recovered": 215265, "Active": 40532, "Date": "2020-09-16T00:00:00Z"}, {"Country": "Italy", "CountryCode": "", "Province": "", "City": "", "CityCode": "", "Lat": "0", "Lon": "0", "Confirmed": 293025, "Deaths": 35658, "Recovered": 215954, "Active": 41413, "Date": "2020-09-17T00:00:00Z"}, {"Country": "Italy", "CountryCode": "", "Province": "", "City": "", "CityCode": "", "Lat": "0", "Lon": "0", "Confirmed": 294932, "Deaths": 35668, "Recovered": 216807, "Active": 42457, "Date": "2020-09-18T00:00:00Z"}, {"Country": "Italy", "CountryCode": "", "Province": "", "City": "", "CityCode": "", "Lat": "0", "Lon": "0", "Confirmed": 296569, "Deaths": 35692, "Recovered": 217716, "Active": 43161, "Date": "2020-09-19T00:00:00Z"}, {"Country": "Italy", "CountryCode": "", "Province": "", "City": "", "CityCode": "", "Lat": "0", "Lon": "0", "Confirmed": 298156, "Deaths": 35707, "Recovered": 218351, "Active": 44098, "Date": "2020-09-20T00:00:00Z"}, {"Country": "Italy", "CountryCode": "", "Province": "", "City": "", "CityCode": "", "Lat": "0", "Lon": "0", "Confirmed": 299506, "Deaths": 35724, "Recovered": 218703, "Active": 45079, "Date": "2020-09-21T00:00:00Z"}, {"Country": "Italy", "CountryCode": "", "Province": "", "City": "", "CityCode": "", "Lat": "0", "Lon": "0", "Confirmed": 300897, "Deaths": 35738, "Recovered": 219670, "Active": 45489, "Date": "2020-09-22T00:00:00Z"}, {"Country": "Italy", "CountryCode": "", "Province": "", "City": "", "CityCode": "", "Lat": "0", "Lon": "0", "Confirmed": 302537, "Deaths": 35758, "Recovered": 220665, "Active": 46114, "Date": "2020-09-23T00:00:00Z"}, {"Country": "Italy", "CountryCode": "", "Province": "", "City": "", "CityCode": "", "Lat": "0", "Lon": "0", "Confirmed": 304323, "Deaths": 35781, "Recovered": 221762, "Active": 46780, "Date": "2020-09-24T00:00:00Z"}, {"Country": "Italy", "CountryCode": "", "Province": "", "City": "", "CityCode": "", "Lat": "0", "Lon": "0", "Confirmed": 306235, "Deaths": 35801, "Recovered": 222716, "Active": 47718, "Date": "2020-09-25T00:00:00Z"}, {"Country": "Italy", "CountryCode": "", "Province": "", "City": "", "CityCode": "", "Lat": "0", "Lon": "0", "Confirmed": 308104, "Deaths": 35818, "Recovered": 223693, "Active": 48593, "Date": "2020-09-26T00:00:00Z"}, {"Country": "Italy", "CountryCode": "", "Province": "", "City": "", "CityCode": "", "Lat": "0", "Lon": "0", "Confirmed": 309870, "Deaths": 35835, "Recovered": 224417, "Active": 49618, "Date": "2020-09-27T00:00:00Z"}, {"Country": "Italy", "CountryCode": "", "Province": "", "City": "", "CityCode": "", "Lat": "0", "Lon": "0", "Confirmed": 311364, "Deaths": 35851, "Recovered": 225190, "Active": 50323, "Date": "2020-09-28T00:00:00Z"}, {"Country": "Italy", "CountryCode": "", "Province": "", "City": "", "CityCode": "", "Lat": "0", "Lon": "0", "Confirmed": 313011, "Deaths": 35875, "Recovered": 226506, "Active": 50630, "Date": "2020-09-29T00:00:00Z"}, {"Country": "Italy", "CountryCode": "", "Province": "", "City": "", "CityCode": "", "Lat": "0", "Lon": "0", "Confirmed": 314861, "Deaths": 35894, "Recovered": 227704, "Active": 51263, "Date": "2020-09-30T00:00:00Z"}, {"Country": "Italy", "CountryCode": "", "Province": "", "City": "", "CityCode": "", "Lat": "0", "Lon": "0", "Confirmed": 317409, "Deaths": 35918, "Recovered": 228844, "Active": 52647, "Date": "2020-10-01T00:00:00Z"}, {"Country": "Italy", "CountryCode": "", "Province": "", "City": "", "CityCode": "", "Lat": "0", "Lon": "0", "Confirmed": 319908, "Deaths": 35941, "Recovered": 229970, "Active": 53997, "Date": "2020-10-02T00:00:00Z"}, {"Country": "Italy", "CountryCode": "", "Province": "", "City": "", "CityCode": "", "Lat": "0", "Lon": "0", "Confirmed": 322751, "Deaths": 35968, "Recovered": 231217, "Active": 55566, "Date": "2020-10-03T00:00:00Z"}, {"Country": "Italy", "CountryCode": "", "Province": "", "City": "", "CityCode": "", "Lat": "0", "Lon": "0", "Confirmed": 325329, "Deaths": 35986, "Recovered": 231914, "Active": 57429, "Date": "2020-10-04T00:00:00Z"}, {"Country": "Italy", "CountryCode": "", "Province": "", "City": "", "CityCode": "", "Lat": "0", "Lon": "0", "Confirmed": 327586, "Deaths": 36002, "Recovered": 232681, "Active": 58903, "Date": "2020-10-05T00:00:00Z"}, {"Country": "Italy", "CountryCode": "", "Province": "", "City": "", "CityCode": "", "Lat": "0", "Lon": "0", "Confirmed": 330263, "Deaths": 36030, "Recovered": 234099, "Active": 60134, "Date": "2020-10-06T00:00:00Z"}, {"Country": "Italy", "CountryCode": "", "Province": "", "City": "", "CityCode": "", "Lat": "0", "Lon": "0", "Confirmed": 333940, "Deaths": 36061, "Recovered": 235303, "Active": 62576, "Date": "2020-10-07T00:00:00Z"}, {"Country": "Italy", "CountryCode": "", "Province": "", "City": "", "CityCode": "", "Lat": "0", "Lon": "0", "Confirmed": 338398, "Deaths": 36083, "Recovered": 236363, "Active": 65952, "Date": "2020-10-08T00:00:00Z"}, {"Country": "Italy", "CountryCode": "", "Province": "", "City": "", "CityCode": "", "Lat": "0", "Lon": "0", "Confirmed": 343770, "Deaths": 36111, "Recovered": 237549, "Active": 70110, "Date": "2020-10-09T00:00:00Z"}, {"Country": "Italy", "CountryCode": "", "Province": "", "City": "", "CityCode": "", "Lat": "0", "Lon": "0", "Confirmed": 349494, "Deaths": 36140, "Recovered": 238525, "Active": 74829, "Date": "2020-10-10T00:00:00Z"}, {"Country": "Italy", "CountryCode": "", "Province": "", "City": "", "CityCode": "", "Lat": "0", "Lon": "0", "Confirmed": 354950, "Deaths": 36166, "Recovered": 239709, "Active": 79075, "Date": "2020-10-11T00:00:00Z"}, {"Country": "Italy", "CountryCode": "", "Province": "", "City": "", "CityCode": "", "Lat": "0", "Lon": "0", "Confirmed": 359569, "Deaths": 36205, "Recovered": 240600, "Active": 82764, "Date": "2020-10-12T00:00:00Z"}, {"Country": "Italy", "CountryCode": "", "Province": "", "City": "", "CityCode": "", "Lat": "0", "Lon": "0", "Confirmed": 365467, "Deaths": 36246, "Recovered": 242028, "Active": 87193, "Date": "2020-10-13T00:00:00Z"}, {"Country": "Italy", "CountryCode": "", "Province": "", "City": "", "CityCode": "", "Lat": "0", "Lon": "0", "Confirmed": 372799, "Deaths": 36289, "Recovered": 244065, "Active": 92445, "Date": "2020-10-14T00:00:00Z"}, {"Country": "Italy", "CountryCode": "", "Province": "", "City": "", "CityCode": "", "Lat": "0", "Lon": "0", "Confirmed": 381602, "Deaths": 36372, "Recovered": 245964, "Active": 99266, "Date": "2020-10-15T00:00:00Z"}, {"Country": "Italy", "CountryCode": "", "Province": "", "City": "", "CityCode": "", "Lat": "0", "Lon": "0", "Confirmed": 391611, "Deaths": 36427, "Recovered": 247872, "Active": 107312, "Date": "2020-10-16T00:00:00Z"}, {"Country": "Italy", "CountryCode": "", "Province": "", "City": "", "CityCode": "", "Lat": "0", "Lon": "0", "Confirmed": 402536, "Deaths": 36474, "Recovered": 249127, "Active": 116935, "Date": "2020-10-17T00:00:00Z"}, {"Country": "Italy", "CountryCode": "", "Province": "", "City": "", "CityCode": "", "Lat": "0", "Lon": "0", "Confirmed": 414241, "Deaths": 36543, "Recovered": 251461, "Active": 126237, "Date": "2020-10-18T00:00:00Z"}, {"Country": "Italy", "CountryCode": "", "Province": "", "City": "", "CityCode": "", "Lat": "0", "Lon": "0", "Confirmed": 423578, "Deaths": 36616, "Recovered": 252959, "Active": 134003, "Date": "2020-10-19T00:00:00Z"}, {"Country": "Italy", "CountryCode": "", "Province": "", "City": "", "CityCode": "", "Lat": "0", "Lon": "0", "Confirmed": 434449, "Deaths": 36705, "Recovered": 255005, "Active": 142739, "Date": "2020-10-20T00:00:00Z"}, {"Country": "Italy", "CountryCode": "", "Province": "", "City": "", "CityCode": "", "Lat": "0", "Lon": "0", "Confirmed": 449648, "Deaths": 36832, "Recovered": 257374, "Active": 155442, "Date": "2020-10-21T00:00:00Z"}, {"Country": "Italy", "CountryCode": "", "Province": "", "City": "", "CityCode": "", "Lat": "0", "Lon": "0", "Confirmed": 465726, "Deaths": 36968, "Recovered": 259456, "Active": 169302, "Date": "2020-10-22T00:00:00Z"}, {"Country": "Italy", "CountryCode": "", "Province": "", "City": "", "CityCode": "", "Lat": "0", "Lon": "0", "Confirmed": 484869, "Deaths": 37059, "Recovered": 261808, "Active": 186002, "Date": "2020-10-23T00:00:00Z"}, {"Country": "Italy", "CountryCode": "", "Province": "", "City": "", "CityCode": "", "Lat": "0", "Lon": "0", "Confirmed": 504509, "Deaths": 37210, "Recovered": 264117, "Active": 203182, "Date": "2020-10-24T00:00:00Z"}, {"Country": "Italy", "CountryCode": "", "Province": "", "City": "", "CityCode": "", "Lat": "0", "Lon": "0", "Confirmed": 525782, "Deaths": 37338, "Recovered": 266203, "Active": 222241, "Date": "2020-10-25T00:00:00Z"}, {"Country": "Italy", "CountryCode": "", "Province": "", "City": "", "CityCode": "", "Lat": "0", "Lon": "0", "Confirmed": 542789, "Deaths": 37479, "Recovered": 268626, "Active": 236684, "Date": "2020-10-26T00:00:00Z"}, {"Country": "Italy", "CountryCode": "", "Province": "", "City": "", "CityCode": "", "Lat": "0", "Lon": "0", "Confirmed": 564778, "Deaths": 37700, "Recovered": 271988, "Active": 255090, "Date": "2020-10-27T00:00:00Z"}, {"Country": "Italy", "CountryCode": "", "Province": "", "City": "", "CityCode": "", "Lat": "0", "Lon": "0", "Confirmed": 589766, "Deaths": 37905, "Recovered": 275404, "Active": 276457, "Date": "2020-10-28T00:00:00Z"}, {"Country": "Italy", "CountryCode": "", "Province": "", "City": "", "CityCode": "", "Lat": "0", "Lon": "0", "Confirmed": 616595, "Deaths": 38122, "Recovered": 279282, "Active": 299191, "Date": "2020-10-29T00:00:00Z"}, {"Country": "Italy", "CountryCode": "", "Province": "", "City": "", "CityCode": "", "Lat": "0", "Lon": "0", "Confirmed": 647674, "Deaths": 38321, "Recovered": 283567, "Active": 325786, "Date": "2020-10-30T00:00:00Z"}, {"Country": "Italy", "CountryCode": "", "Province": "", "City": "", "CityCode": "", "Lat": "0", "Lon": "0", "Confirmed": 679430, "Deaths": 38618, "Recovered": 289426, "Active": 351386, "Date": "2020-10-31T00:00:00Z"}, {"Country": "Italy", "CountryCode": "", "Province": "", "City": "", "CityCode": "", "Lat": "0", "Lon": "0", "Confirmed": 709335, "Deaths": 38826, "Recovered": 292380, "Active": 378129, "Date": "2020-11-01T00:00:00Z"}, {"Country": "Italy", "CountryCode": "", "Province": "", "City": "", "CityCode": "", "Lat": "0", "Lon": "0", "Confirmed": 731588, "Deaths": 39059, "Recovered": 296017, "Active": 396512, "Date": "2020-11-02T00:00:00Z"}, {"Country": "Italy", "CountryCode": "", "Province": "", "City": "", "CityCode": "", "Lat": "0", "Lon": "0", "Confirmed": 759829, "Deaths": 39412, "Recovered": 302275, "Active": 418142, "Date": "2020-11-03T00:00:00Z"}, {"Country": "Italy", "CountryCode": "", "Province": "", "City": "", "CityCode": "", "Lat": "0", "Lon": "0", "Confirmed": 790377, "Deaths": 39764, "Recovered": 307378, "Active": 443235, "Date": "2020-11-04T00:00:00Z"}, {"Country": "Italy", "CountryCode": "", "Province": "", "City": "", "CityCode": "", "Lat": "0", "Lon": "0", "Confirmed": 824879, "Deaths": 40192, "Recovered": 312339, "Active": 472348, "Date": "2020-11-05T00:00:00Z"}, {"Country": "Italy", "CountryCode": "", "Province": "", "City": "", "CityCode": "", "Lat": "0", "Lon": "0", "Confirmed": 862681, "Deaths": 40638, "Recovered": 322925, "Active": 499118, "Date": "2020-11-06T00:00:00Z"}, {"Country": "Italy", "CountryCode": "", "Province": "", "City": "", "CityCode": "", "Lat": "0", "Lon": "0", "Confirmed": 902490, "Deaths": 41063, "Recovered": 328891, "Active": 532536, "Date": "2020-11-07T00:00:00Z"}, {"Country": "Italy", "CountryCode": "", "Province": "", "City": "", "CityCode": "", "Lat": "0", "Lon": "0", "Confirmed": 935104, "Deaths": 41394, "Recovered": 335074, "Active": 558636, "Date": "2020-11-08T00:00:00Z"}, {"Country": "Italy", "CountryCode": "", "Province": "", "City": "", "CityCode": "", "Lat": "0", "Lon": "0", "Confirmed": 960373, "Deaths": 41750, "Recovered": 345289, "Active": 573334, "Date": "2020-11-09T00:00:00Z"}, {"Country": "Italy", "CountryCode": "", "Province": "", "City": "", "CityCode": "", "Lat": "0", "Lon": "0", "Confirmed": 995463, "Deaths": 42330, "Recovered": 363023, "Active": 590110, "Date": "2020-11-10T00:00:00Z"}, {"Country": "Italy", "CountryCode": "", "Province": "", "City": "", "CityCode": "", "Lat": "0", "Lon": "0", "Confirmed": 1028424, "Deaths": 42953, "Recovered": 372113, "Active": 613358, "Date": "2020-11-11T00:00:00Z"}, {"Country": "Italy", "CountryCode": "", "Province": "", "City": "", "CityCode": "", "Lat": "0", "Lon": "0", "Confirmed": 1066401, "Deaths": 43589, "Recovered": 387758, "Active": 635054, "Date": "2020-11-12T00:00:00Z"}, {"Country": "Italy", "CountryCode": "", "Province": "", "City": "", "CityCode": "", "Lat": "0", "Lon": "0", "Confirmed": 1107303, "Deaths": 44139, "Recovered": 399238, "Active": 663926, "Date": "2020-11-13T00:00:00Z"}, {"Country": "Italy", "CountryCode": "", "Province": "", "City": "", "CityCode": "", "Lat": "0", "Lon": "0", "Confirmed": 1144552, "Deaths": 44683, "Recovered": 411434, "Active": 688435, "Date": "2020-11-14T00:00:00Z"}, {"Country": "Italy", "CountryCode": "", "Province": "", "City": "", "CityCode": "", "Lat": "0", "Lon": "0", "Confirmed": 1178529, "Deaths": 45229, "Recovered": 420810, "Active": 712490, "Date": "2020-11-15T00:00:00Z"}, {"Country": "Italy", "CountryCode": "", "Province": "", "City": "", "CityCode": "", "Lat": "0", "Lon": "0", "Confirmed": 1205881, "Deaths": 45733, "Recovered": 442364, "Active": 717784, "Date": "2020-11-16T00:00:00Z"}, {"Country": "Italy", "CountryCode": "", "Province": "", "City": "", "CityCode": "", "Lat": "0", "Lon": "0", "Confirmed": 1238072, "Deaths": 46464, "Recovered": 457798, "Active": 733810, "Date": "2020-11-17T00:00:00Z"}, {"Country": "Italy", "CountryCode": "", "Province": "", "City": "", "CityCode": "", "Lat": "0", "Lon": "0", "Confirmed": 1272352, "Deaths": 47217, "Recovered": 481967, "Active": 743168, "Date": "2020-11-18T00:00:00Z"}, {"Country": "Italy", "CountryCode": "", "Province": "", "City": "", "CityCode": "", "Lat": "0", "Lon": "0", "Confirmed": 1308528, "Deaths": 47870, "Recovered": 498987, "Active": 761671, "Date": "2020-11-19T00:00:00Z"}, {"Country": "Italy", "CountryCode": "", "Province": "", "City": "", "CityCode": "", "Lat": "0", "Lon": "0", "Confirmed": 1345767, "Deaths": 48569, "Recovered": 520022, "Active": 777176, "Date": "2020-11-20T00:00:00Z"}, {"Country": "Italy", "CountryCode": "", "Province": "", "City": "", "CityCode": "", "Lat": "0", "Lon": "0", "Confirmed": 1380531, "Deaths": 49261, "Recovered": 539524, "Active": 791746, "Date": "2020-11-21T00:00:00Z"}, {"Country": "Italy", "CountryCode": "", "Province": "", "City": "", "CityCode": "", "Lat": "0", "Lon": "0", "Confirmed": 1408868, "Deaths": 49823, "Recovered": 553098, "Active": 805947, "Date": "2020-11-22T00:00:00Z"}, {"Country": "Italy", "CountryCode": "", "Province": "", "City": "", "CityCode": "", "Lat": "0", "Lon": "0", "Confirmed": 1431795, "Deaths": 50453, "Recovered": 584493, "Active": 796849, "Date": "2020-11-23T00:00:00Z"}, {"Country": "Italy", "CountryCode": "", "Province": "", "City": "", "CityCode": "", "Lat": "0", "Lon": "0", "Confirmed": 1455022, "Deaths": 51306, "Recovered": 605330, "Active": 798386, "Date": "2020-11-24T00:00:00Z"}, {"Country": "Italy", "CountryCode": "", "Province": "", "City": "", "CityCode": "", "Lat": "0", "Lon": "0", "Confirmed": 1480874, "Deaths": 52028, "Recovered": 637149, "Active": 791697, "Date": "2020-11-25T00:00:00Z"}, {"Country": "Italy", "CountryCode": "", "Province": "", "City": "", "CityCode": "", "Lat": "0", "Lon": "0", "Confirmed": 1509875, "Deaths": 52850, "Recovered": 661180, "Active": 795845, "Date": "2020-11-26T00:00:00Z"}, {"Country": "Italy", "CountryCode": "", "Province": "", "City": "", "CityCode": "", "Lat": "0", "Lon": "0", "Confirmed": 1538217, "Deaths": 53677, "Recovered": 696647, "Active": 787893, "Date": "2020-11-27T00:00:00Z"}, {"Country": "Italy", "CountryCode": "", "Province": "", "City": "", "CityCode": "", "Lat": "0", "Lon": "0", "Confirmed": 1564532, "Deaths": 54363, "Recovered": 720861, "Active": 789308, "Date": "2020-11-28T00:00:00Z"}, {"Country": "Italy", "CountryCode": "", "Province": "", "City": "", "CityCode": "", "Lat": "0", "Lon": "0", "Confirmed": 1585178, "Deaths": 54904, "Recovered": 734503, "Active": 795771, "Date": "2020-11-29T00:00:00Z"}, {"Country": "Italy", "CountryCode": "", "Province": "", "City": "", "CityCode": "", "Lat": "0", "Lon": "0", "Confirmed": 1601554, "Deaths": 55576, "Recovered": 757507, "Active": 788471, "Date": "2020-11-30T00:00:00Z"}, {"Country": "Italy", "CountryCode": "", "Province": "", "City": "", "CityCode": "", "Lat": "0", "Lon": "0", "Confirmed": 1620901, "Deaths": 56361, "Recovered": 784595, "Active": 779945, "Date": "2020-12-01T00:00:00Z"}, {"Country": "Italy", "CountryCode": "", "Province": "", "City": "", "CityCode": "", "Lat": "0", "Lon": "0", "Confirmed": 1641610, "Deaths": 57045, "Recovered": 823335, "Active": 761230, "Date": "2020-12-02T00:00:00Z"}, {"Country": "Italy", "CountryCode": "", "Province": "", "City": "", "CityCode": "", "Lat": "0", "Lon": "0", "Confirmed": 1664829, "Deaths": 58038, "Recovered": 846809, "Active": 759982, "Date": "2020-12-03T00:00:00Z"}, {"Country": "Italy", "CountryCode": "", "Province": "", "City": "", "CityCode": "", "Lat": "0", "Lon": "0", "Confirmed": 1688939, "Deaths": 58852, "Recovered": 872385, "Active": 757702, "Date": "2020-12-04T00:00:00Z"}, {"Country": "Italy", "CountryCode": "", "Province": "", "City": "", "CityCode": "", "Lat": "0", "Lon": "0", "Confirmed": 1709991, "Deaths": 59514, "Recovered": 896308, "Active": 754169, "Date": "2020-12-05T00:00:00Z"}, {"Country": "Italy", "CountryCode": "", "Province": "", "City": "", "CityCode": "", "Lat": "0", "Lon": "0", "Confirmed": 1728878, "Deaths": 60078, "Recovered": 913494, "Active": 755306, "Date": "2020-12-06T00:00:00Z"}, {"Country": "Italy", "CountryCode": "", "Province": "", "City": "", "CityCode": "", "Lat": "0", "Lon": "0", "Confirmed": 1742557, "Deaths": 60606, "Recovered": 933132, "Active": 748819, "Date": "2020-12-07T00:00:00Z"}, {"Country": "Italy", "CountryCode": "", "Province": "", "City": "", "CityCode": "", "Lat": "0", "Lon": "0", "Confirmed": 1757394, "Deaths": 61240, "Recovered": 958629, "Active": 737525, "Date": "2020-12-08T00:00:00Z"}, {"Country": "Italy", "CountryCode": "", "Province": "", "City": "", "CityCode": "", "Lat": "0", "Lon": "0", "Confirmed": 1770149, "Deaths": 61739, "Recovered": 997895, "Active": 710515, "Date": "2020-12-09T00:00:00Z"}, {"Country": "Italy", "CountryCode": "", "Province": "", "City": "", "CityCode": "", "Lat": "0", "Lon": "0", "Confirmed": 1787147, "Deaths": 62626, "Recovered": 1027994, "Active": 696527, "Date": "2020-12-10T00:00:00Z"}, {"Country": "Italy", "CountryCode": "", "Province": "", "City": "", "CityCode": "", "Lat": "0", "Lon": "0", "Confirmed": 1805873, "Deaths": 63387, "Recovered": 1052163, "Active": 690323, "Date": "2020-12-11T00:00:00Z"}, {"Country": "Italy", "CountryCode": "", "Province": "", "City": "", "CityCode": "", "Lat": "0", "Lon": "0", "Confirmed": 1825775, "Deaths": 64036, "Recovered": 1076891, "Active": 684848, "Date": "2020-12-12T00:00:00Z"}, {"Country": "Italy", "CountryCode": "", "Province": "", "City": "", "CityCode": "", "Lat": "0", "Lon": "0", "Confirmed": 1843712, "Deaths": 64520, "Recovered": 1093161, "Active": 686031, "Date": "2020-12-13T00:00:00Z"}, {"Country": "Italy", "CountryCode": "", "Province": "", "City": "", "CityCode": "", "Lat": "0", "Lon": "0", "Confirmed": 1855737, "Deaths": 65011, "Recovered": 1115617, "Active": 675109, "Date": "2020-12-14T00:00:00Z"}, {"Country": "Italy", "CountryCode": "", "Province": "", "City": "", "CityCode": "", "Lat": "0", "Lon": "0", "Confirmed": 1870576, "Deaths": 65857, "Recovered": 1141406, "Active": 663313, "Date": "2020-12-15T00:00:00Z"}, {"Country": "Italy", "CountryCode": "", "Province": "", "City": "", "CityCode": "", "Lat": "0", "Lon": "0", "Confirmed": 1888144, "Deaths": 66537, "Recovered": 1175901, "Active": 645706, "Date": "2020-12-16T00:00:00Z"}, {"Country": "Italy", "CountryCode": "", "Province": "", "City": "", "CityCode": "", "Lat": "0", "Lon": "0", "Confirmed": 1906377, "Deaths": 67220, "Recovered": 1203814, "Active": 635343, "Date": "2020-12-17T00:00:00Z"}, {"Country": "Italy", "CountryCode": "", "Province": "", "City": "", "CityCode": "", "Lat": "0", "Lon": "0", "Confirmed": 1921778, "Deaths": 67894, "Recovered": 1226086, "Active": 627798, "Date": "2020-12-18T00:00:00Z"}, {"Country": "Italy", "CountryCode": "", "Province": "", "City": "", "CityCode": "", "Lat": "0", "Lon": "0", "Confirmed": 1938083, "Deaths": 68447, "Recovered": 1249470, "Active": 620166, "Date": "2020-12-19T00:00:00Z"}, {"Country": "Italy", "CountryCode": "", "Province": "", "City": "", "CityCode": "", "Lat": "0", "Lon": "0", "Confirmed": 1953185, "Deaths": 68799, "Recovered": 1261626, "Active": 622760, "Date": "2020-12-20T00:00:00Z"}, {"Country": "Italy", "CountryCode": "", "Province": "", "City": "", "CityCode": "", "Lat": "0", "Lon": "0", "Confirmed": 1964054, "Deaths": 69214, "Recovered": 1281258, "Active": 613582, "Date": "2020-12-21T00:00:00Z"}, {"Country": "Italy", "CountryCode": "", "Province": "", "City": "", "CityCode": "", "Lat": "0", "Lon": "0", "Confirmed": 1977370, "Deaths": 69842, "Recovered": 1301573, "Active": 605955, "Date": "2020-12-22T00:00:00Z"}, {"Country": "Italy", "CountryCode": "", "Province": "", "City": "", "CityCode": "", "Lat": "0", "Lon": "0", "Confirmed": 1991278, "Deaths": 70395, "Recovered": 1322067, "Active": 598816, "Date": "2020-12-23T00:00:00Z"}, {"Country": "Italy", "CountryCode": "", "Province": "", "City": "", "CityCode": "", "Lat": "0", "Lon": "0", "Confirmed": 2009317, "Deaths": 70900, "Recovered": 1344785, "Active": 593632, "Date": "2020-12-24T00:00:00Z"}, {"Country": "Italy", "CountryCode": "", "Province": "", "City": "", "CityCode": "", "Lat": "0", "Lon": "0", "Confirmed": 2028354, "Deaths": 71359, "Recovered": 1377109, "Active": 579886, "Date": "2020-12-25T00:00:00Z"}, {"Country": "Italy", "CountryCode": "", "Province": "", "City": "", "CityCode": "", "Lat": "0", "Lon": "0", "Confirmed": 2038759, "Deaths": 71620, "Recovered": 1386198, "Active": 580941, "Date": "2020-12-26T00:00:00Z"}, {"Country": "Italy", "CountryCode": "", "Province": "", "City": "", "CityCode": "", "Lat": "0", "Lon": "0", "Confirmed": 2047696, "Deaths": 71925, "Recovered": 1394011, "Active": 581760, "Date": "2020-12-27T00:00:00Z"}, {"Country": "Italy", "CountryCode": "", "Province": "", "City": "", "CityCode": "", "Lat": "0", "Lon": "0", "Confirmed": 2056277, "Deaths": 72370, "Recovered": 1408686, "Active": 575221, "Date": "2020-12-28T00:00:00Z"}, {"Country": "Italy", "CountryCode": "", "Province": "", "City": "", "CityCode": "", "Lat": "0", "Lon": "0", "Confirmed": 2067487, "Deaths": 73029, "Recovered": 1425730, "Active": 568728, "Date": "2020-12-29T00:00:00Z"}, {"Country": "Italy", "CountryCode": "", "Province": "", "City": "", "CityCode": "", "Lat": "0", "Lon": "0", "Confirmed": 2083689, "Deaths": 73604, "Recovered": 1445690, "Active": 564395, "Date": "2020-12-30T00:00:00Z"}, {"Country": "Italy", "CountryCode": "", "Province": "", "City": "", "CityCode": "", "Lat": "0", "Lon": "0", "Confirmed": 2107166, "Deaths": 74159, "Recovered": 1463111, "Active": 569896, "Date": "2020-12-31T00:00:00Z"}, {"Country": "Italy", "CountryCode": "", "Province": "", "City": "", "CityCode": "", "Lat": "0", "Lon": "0", "Confirmed": 2129376, "Deaths": 74621, "Recovered": 1479988, "Active": 574767, "Date": "2021-01-01T00:00:00Z"}, {"Country": "Italy", "CountryCode": "", "Province": "", "City": "", "CityCode": "", "Lat": "0", "Lon": "0", "Confirmed": 2141201, "Deaths": 74985, "Recovered": 1489154, "Active": 577062, "Date": "2021-01-02T00:00:00Z"}, {"Country": "Italy", "CountryCode": "", "Province": "", "City": "", "CityCode": "", "Lat": "0", "Lon": "0", "Confirmed": 2155446, "Deaths": 75332, "Recovered": 1503900, "Active": 576214, "Date": "2021-01-03T00:00:00Z"}, {"Country": "Italy", "CountryCode": "", "Province": "", "City": "", "CityCode": "", "Lat": "0", "Lon": "0", "Confirmed": 2166244, "Deaths": 75680, "Recovered": 1520106, "Active": 570458, "Date": "2021-01-04T00:00:00Z"}, {"Country": "Italy", "CountryCode": "", "Province": "", "City": "", "CityCode": "", "Lat": "0", "Lon": "0", "Confirmed": 2181619, "Deaths": 76329, "Recovered": 1536129, "Active": 569161, "Date": "2021-01-05T00:00:00Z"}, {"Country": "Italy", "CountryCode": "", "Province": "", "City": "", "CityCode": "", "Lat": "0", "Lon": "0", "Confirmed": 2201945, "Deaths": 76877, "Recovered": 1556356, "Active": 568712, "Date": "2021-01-06T00:00:00Z"}, {"Country": "Italy", "CountryCode": "", "Province": "", "City": "", "CityCode": "", "Lat": "0", "Lon": "0", "Confirmed": 2220361, "Deaths": 77291, "Recovered": 1572015, "Active": 571055, "Date": "2021-01-07T00:00:00Z"}, {"Country": "Italy", "CountryCode": "", "Province": "", "City": "", "CityCode": "", "Lat": "0", "Lon": "0", "Confirmed": 2237890, "Deaths": 77911, "Recovered": 1589590, "Active": 570389, "Date": "2021-01-08T00:00:00Z"}, {"Country": "Italy", "CountryCode": "", "Province": "", "City": "", "CityCode": "", "Lat": "0", "Lon": "0", "Confirmed": 2257866, "Deaths": 78394, "Recovered": 1606630, "Active": 572842, "Date": "2021-01-09T00:00:00Z"}, {"Country": "Italy", "CountryCode": "", "Province": "", "City": "", "CityCode": "", "Lat": "0", "Lon": "0", "Confirmed": 2276491, "Deaths": 78755, "Recovered": 1617804, "Active": 579932, "Date": "2021-01-10T00:00:00Z"}, {"Country": "Italy", "CountryCode": "", "Province": "", "City": "", "CityCode": "", "Lat": "0", "Lon": "0", "Confirmed": 2289021, "Deaths": 79203, "Recovered": 1633839, "Active": 575979, "Date": "2021-01-11T00:00:00Z"}, {"Country": "Italy", "CountryCode": "", "Province": "", "City": "", "CityCode": "", "Lat": "0", "Lon": "0", "Confirmed": 2303263, "Deaths": 79819, "Recovered": 1653404, "Active": 570040, "Date": "2021-01-12T00:00:00Z"}, {"Country": "Italy", "CountryCode": "", "Province": "", "City": "", "CityCode": "", "Lat": "0", "Lon": "0", "Confirmed": 2319036, "Deaths": 80326, "Recovered": 1673936, "Active": 564774, "Date": "2021-01-13T00:00:00Z"}, {"Country": "Italy", "CountryCode": "", "Province": "", "City": "", "CityCode": "", "Lat": "0", "Lon": "0", "Confirmed": 2336279, "Deaths": 80848, "Recovered": 1694051, "Active": 561380, "Date": "2021-01-14T00:00:00Z"}, {"Country": "Italy", "CountryCode": "", "Province": "", "City": "", "CityCode": "", "Lat": "0", "Lon": "0", "Confirmed": 2352423, "Deaths": 81325, "Recovered": 1713030, "Active": 558068, "Date": "2021-01-15T00:00:00Z"}, {"Country": "Italy", "CountryCode": "", "Province": "", "City": "", "CityCode": "", "Lat": "0", "Lon": "0", "Confirmed": 2368733, "Deaths": 81800, "Recovered": 1729216, "Active": 557717, "Date": "2021-01-16T00:00:00Z"}, {"Country": "Italy", "CountryCode": "", "Province": "", "City": "", "CityCode": "", "Lat": "0", "Lon": "0", "Confirmed": 2381277, "Deaths": 82177, "Recovered": 1745726, "Active": 553374, "Date": "2021-01-17T00:00:00Z"}, {"Country": "Italy", "CountryCode": "", "Province": "", "City": "", "CityCode": "", "Lat": "0", "Lon": "0", "Confirmed": 2390102, "Deaths": 82554, "Recovered": 1760489, "Active": 547059, "Date": "2021-01-18T00:00:00Z"}, {"Country": "Italy", "CountryCode": "", "Province": "", "City": "", "CityCode": "", "Lat": "0", "Lon": "0", "Confirmed": 2400598, "Deaths": 83157, "Recovered": 1781917, "Active": 535524, "Date": "2021-01-19T00:00:00Z"}, {"Country": "Italy", "CountryCode": "", "Province": "", "City": "", "CityCode": "", "Lat": "0", "Lon": "0", "Confirmed": 2414166, "Deaths": 83681, "Recovered": 1806932, "Active": 523553, "Date": "2021-01-20T00:00:00Z"}, {"Country": "Italy", "CountryCode": "", "Province": "", "City": "", "CityCode": "", "Lat": "0", "Lon": "0", "Confirmed": 2428221, "Deaths": 84202, "Recovered": 1827451, "Active": 516568, "Date": "2021-01-21T00:00:00Z"}, {"Country": "Italy", "CountryCode": "", "Province": "", "City": "", "CityCode": "", "Lat": "0", "Lon": "0", "Confirmed": 2441854, "Deaths": 84674, "Recovered": 1855127, "Active": 502053, "Date": "2021-01-22T00:00:00Z"}, {"Country": "Italy", "CountryCode": "", "Province": "", "City": "", "CityCode": "", "Lat": "0", "Lon": "0", "Confirmed": 2455185, "Deaths": 85162, "Recovered": 1871189, "Active": 498834, "Date": "2021-01-23T00:00:00Z"}, {"Country": "Italy", "CountryCode": "", "Province": "", "City": "", "CityCode": "", "Lat": "0", "Lon": "0", "Confirmed": 2466813, "Deaths": 85461, "Recovered": 1882074, "Active": 499278, "Date": "2021-01-24T00:00:00Z"}, {"Country": "Italy", "CountryCode": "", "Province": "", "City": "", "CityCode": "", "Lat": "0", "Lon": "0", "Confirmed": 2475372, "Deaths": 85881, "Recovered": 1897861, "Active": 491630, "Date": "2021-01-25T00:00:00Z"}, {"Country": "Italy", "CountryCode": "", "Province": "", "City": "", "CityCode": "", "Lat": "0", "Lon": "0", "Confirmed": 2485956, "Deaths": 86422, "Recovered": 1917117, "Active": 482417, "Date": "2021-01-26T00:00:00Z"}, {"Country": "Italy", "CountryCode": "", "Province": "", "City": "", "CityCode": "", "Lat": "0", "Lon": "0", "Confirmed": 2501147, "Deaths": 86889, "Recovered": 1936289, "Active": 477969, "Date": "2021-01-27T00:00:00Z"}, {"Country": "Italy", "CountryCode": "", "Province": "", "City": "", "CityCode": "", "Lat": "0", "Lon": "0", "Confirmed": 2515507, "Deaths": 87381, "Recovered": 1953509, "Active": 474617, "Date": "2021-01-28T00:00:00Z"}, {"Country": "Italy", "CountryCode": "", "Province": "", "City": "", "CityCode": "", "Lat": "0", "Lon": "0", "Confirmed": 2529070, "Deaths": 87858, "Recovered": 1973388, "Active": 467824, "Date": "2021-01-29T00:00:00Z"}, {"Country": "Italy", "CountryCode": "", "Province": "", "City": "", "CityCode": "", "Lat": "0", "Lon": "0", "Confirmed": 2541783, "Deaths": 88279, "Recovered": 1990152, "Active": 463352, "Date": "2021-01-30T00:00:00Z"}, {"Country": "Italy", "CountryCode": "", "Province": "", "City": "", "CityCode": "", "Lat": "0", "Lon": "0", "Confirmed": 2553032, "Deaths": 88516, "Recovered": 2010548, "Active": 453968, "Date": "2021-01-31T00:00:00Z"}, {"Country": "Italy", "CountryCode": "", "Province": "", "City": "", "CityCode": "", "Lat": "0", "Lon": "0", "Confirmed": 2560957, "Deaths": 88845, "Recovered": 2024523, "Active": 447589, "Date": "2021-02-01T00:00:00Z"}, {"Country": "Italy", "CountryCode": "", "Province": "", "City": "", "CityCode": "", "Lat": "0", "Lon": "0", "Confirmed": 2570608, "Deaths": 89344, "Recovered": 2043499, "Active": 437765, "Date": "2021-02-02T00:00:00Z"}, {"Country": "Italy", "CountryCode": "", "Province": "", "City": "", "CityCode": "", "Lat": "0", "Lon": "0", "Confirmed": 2583790, "Deaths": 89820, "Recovered": 2059248, "Active": 434722, "Date": "2021-02-03T00:00:00Z"}, {"Country": "Italy", "CountryCode": "", "Province": "", "City": "", "CityCode": "", "Lat": "0", "Lon": "0", "Confirmed": 2597446, "Deaths": 90241, "Recovered": 2076928, "Active": 430277, "Date": "2021-02-04T00:00:00Z"}, {"Country": "Italy", "CountryCode": "", "Province": "", "City": "", "CityCode": "", "Lat": "0", "Lon": "0", "Confirmed": 2611659, "Deaths": 90618, "Recovered": 2091923, "Active": 429118, "Date": "2021-02-05T00:00:00Z"}, {"Country": "Italy", "CountryCode": "", "Province": "", "City": "", "CityCode": "", "Lat": "0", "Lon": "0", "Confirmed": 2625098, "Deaths": 91003, "Recovered": 2107061, "Active": 427034, "Date": "2021-02-06T00:00:00Z"}, {"Country": "Italy", "CountryCode": "", "Province": "", "City": "", "CityCode": "", "Lat": "0", "Lon": "0", "Confirmed": 2636738, "Deaths": 91273, "Recovered": 2118441, "Active": 427024, "Date": "2021-02-07T00:00:00Z"}, {"Country": "Italy", "CountryCode": "", "Province": "", "City": "", "CityCode": "", "Lat": "0", "Lon": "0", "Confirmed": 2644707, "Deaths": 91580, "Recovered": 2133523, "Active": 419604, "Date": "2021-02-08T00:00:00Z"}, {"Country": "Italy", "CountryCode": "", "Province": "", "City": "", "CityCode": "", "Lat": "0", "Lon": "0", "Confirmed": 2655319, "Deaths": 92002, "Recovered": 2149350, "Active": 413967, "Date": "2021-02-09T00:00:00Z"}, {"Country": "Italy", "CountryCode": "", "Province": "", "City": "", "CityCode": "", "Lat": "0", "Lon": "0", "Confirmed": 2668266, "Deaths": 92338, "Recovered": 2165817, "Active": 410111, "Date": "2021-02-10T00:00:00Z"}, {"Country": "Italy", "CountryCode": "", "Province": "", "City": "", "CityCode": "", "Lat": "0", "Lon": "0", "Confirmed": 2683403, "Deaths": 92729, "Recovered": 2185655, "Active": 405019, "Date": "2021-02-11T00:00:00Z"}, {"Country": "Italy", "CountryCode": "", "Province": "", "City": "", "CityCode": "", "Lat": "0", "Lon": "0", "Confirmed": 2697296, "Deaths": 93045, "Recovered": 2202077, "Active": 402174, "Date": "2021-02-12T00:00:00Z"}, {"Country": "Italy", "CountryCode": "", "Province": "", "City": "", "CityCode": "", "Lat": "0", "Lon": "0", "Confirmed": 2710819, "Deaths": 93356, "Recovered": 2216050, "Active": 401413, "Date": "2021-02-13T00:00:00Z"}, {"Country": "Italy", "CountryCode": "", "Province": "", "City": "", "CityCode": "", "Lat": "0", "Lon": "0", "Confirmed": 2721879, "Deaths": 93577, "Recovered": 2225519, "Active": 402783, "Date": "2021-02-14T00:00:00Z"}, {"Country": "Italy", "CountryCode": "", "Province": "", "City": "", "CityCode": "", "Lat": "0", "Lon": "0", "Confirmed": 2729223, "Deaths": 93835, "Recovered": 2237290, "Active": 398098, "Date": "2021-02-15T00:00:00Z"}, {"Country": "Italy", "CountryCode": "", "Province": "", "City": "", "CityCode": "", "Lat": "0", "Lon": "0", "Confirmed": 2739591, "Deaths": 94171, "Recovered": 2251734, "Active": 393686, "Date": "2021-02-16T00:00:00Z"}, {"Country": "Italy", "CountryCode": "", "Province": "", "City": "", "CityCode": "", "Lat": "0", "Lon": "0", "Confirmed": 2751657, "Deaths": 94540, "Recovered": 2268253, "Active": 388864, "Date": "2021-02-17T00:00:00Z"}, {"Country": "Italy", "CountryCode": "", "Province": "", "City": "", "CityCode": "", "Lat": "0", "Lon": "0", "Confirmed": 2765412, "Deaths": 94887, "Recovered": 2286024, "Active": 384501, "Date": "2021-02-18T00:00:00Z"}, {"Country": "Italy", "CountryCode": "", "Province": "", "City": "", "CityCode": "", "Lat": "0", "Lon": "0", "Confirmed": 2780882, "Deaths": 95235, "Recovered": 2303199, "Active": 382448, "Date": "2021-02-19T00:00:00Z"}, {"Country": "Italy", "CountryCode": "", "Province": "", "City": "", "CityCode": "", "Lat": "0", "Lon": "0", "Confirmed": 2795796, "Deaths": 95486, "Recovered": 2315687, "Active": 384623, "Date": "2021-02-20T00:00:00Z"}, {"Country": "Italy", "CountryCode": "", "Province": "", "City": "", "CityCode": "", "Lat": "0", "Lon": "0", "Confirmed": 2809246, "Deaths": 95718, "Recovered": 2324633, "Active": 388895, "Date": "2021-02-21T00:00:00Z"}, {"Country": "Italy", "CountryCode": "", "Province": "", "City": "", "CityCode": "", "Lat": "0", "Lon": "0", "Confirmed": 2818863, "Deaths": 95992, "Recovered": 2334968, "Active": 387903, "Date": "2021-02-22T00:00:00Z"}, {"Country": "Italy", "CountryCode": "", "Province": "", "City": "", "CityCode": "", "Lat": "0", "Lon": "0", "Confirmed": 2832162, "Deaths": 96348, "Recovered": 2347866, "Active": 387948, "Date": "2021-02-23T00:00:00Z"}, {"Country": "Italy", "CountryCode": "", "Province": "", "City": "", "CityCode": "", "Lat": "0", "Lon": "0", "Confirmed": 2848564, "Deaths": 96666, "Recovered": 2362465, "Active": 389433, "Date": "2021-02-24T00:00:00Z"}, {"Country": "Italy", "CountryCode": "", "Province": "", "City": "", "CityCode": "", "Lat": "0", "Lon": "0", "Confirmed": 2868435, "Deaths": 96974, "Recovered": 2375318, "Active": 396143, "Date": "2021-02-25T00:00:00Z"}, {"Country": "Italy", "CountryCode": "", "Province": "", "City": "", "CityCode": "", "Lat": "0", "Lon": "0", "Confirmed": 2888923, "Deaths": 97227, "Recovered": 2387032, "Active": 404664, "Date": "2021-02-26T00:00:00Z"}, {"Country": "Italy", "CountryCode": "", "Province": "", "City": "", "CityCode": "", "Lat": "0", "Lon": "0", "Confirmed": 2907825, "Deaths": 97507, "Recovered": 2398352, "Active": 411966, "Date": "2021-02-27T00:00:00Z"}, {"Country": "Italy", "CountryCode": "", "Province": "", "City": "", "CityCode": "", "Lat": "0", "Lon": "0", "Confirmed": 2925265, "Deaths": 97699, "Recovered": 2405199, "Active": 422367, "Date": "2021-02-28T00:00:00Z"}, {"Country": "Italy", "CountryCode": "", "Province": "", "City": "", "CityCode": "", "Lat": "0", "Lon": "0", "Confirmed": 2938371, "Deaths": 97945, "Recovered": 2416093, "Active": 424333, "Date": "2021-03-01T00:00:00Z"}, {"Country": "Italy", "CountryCode": "", "Province": "", "City": "", "CityCode": "", "Lat": "0", "Lon": "0", "Confirmed": 2955434, "Deaths": 98288, "Recovered": 2426150, "Active": 430996, "Date": "2021-03-02T00:00:00Z"}, {"Country": "Italy", "CountryCode": "", "Province": "", "City": "", "CityCode": "", "Lat": "0", "Lon": "0", "Confirmed": 2976274, "Deaths": 98635, "Recovered": 2440218, "Active": 437421, "Date": "2021-03-03T00:00:00Z"}, {"Country": "Italy", "CountryCode": "", "Province": "", "City": "", "CityCode": "", "Lat": "0", "Lon": "0", "Confirmed": 2999119, "Deaths": 98974, "Recovered": 2453706, "Active": 446439, "Date": "2021-03-04T00:00:00Z"}, {"Country": "Italy", "CountryCode": "", "Province": "", "City": "", "CityCode": "", "Lat": "0", "Lon": "0", "Confirmed": 3023129, "Deaths": 99271, "Recovered": 2467388, "Active": 456470, "Date": "2021-03-05T00:00:00Z"}, {"Country": "Italy", "CountryCode": "", "Province": "", "City": "", "CityCode": "", "Lat": "0", "Lon": "0", "Confirmed": 3046762, "Deaths": 99578, "Recovered": 2481372, "Active": 465812, "Date": "2021-03-06T00:00:00Z"}, {"Country": "Italy", "CountryCode": "", "Province": "", "City": "", "CityCode": "", "Lat": "0", "Lon": "0", "Confirmed": 3067486, "Deaths": 99785, "Recovered": 2494839, "Active": 2967701, "Date": "2021-03-07T00:00:00Z"}, {"Country": "Italy", "CountryCode": "", "Province": "", "City": "", "CityCode": "", "Lat": "0", "Lon": "0", "Confirmed": 3081368, "Deaths": 100103, "Recovered": 2508732, "Active": 472533, "Date": "2021-03-08T00:00:00Z"}, {"Country": "Italy", "CountryCode": "", "Province": "", "City": "", "CityCode": "", "Lat": "0", "Lon": "0", "Confirmed": 3101093, "Deaths": 100479, "Recovered": 2521731, "Active": 478883, "Date": "2021-03-09T00:00:00Z"}, {"Country": "Italy", "CountryCode": "", "Province": "", "City": "", "CityCode": "", "Lat": "0", "Lon": "0", "Confirmed": 3123368, "Deaths": 100811, "Recovered": 2535483, "Active": 487074, "Date": "2021-03-10T00:00:00Z"}, {"Country": "Italy", "CountryCode": "", "Province": "", "City": "", "CityCode": "", "Lat": "0", "Lon": "0", "Confirmed": 3149017, "Deaths": 101184, "Recovered": 2550483, "Active": 497350, "Date": "2021-03-11T00:00:00Z"}, {"Country": "Italy", "CountryCode": "", "Province": "", "City": "", "CityCode": "", "Lat": "0", "Lon": "0", "Confirmed": 3175807, "Deaths": 101564, "Recovered": 2564926, "Active": 509317, "Date": "2021-03-12T00:00:00Z"}, {"Country": "Italy", "CountryCode": "", "Province": "", "City": "", "CityCode": "", "Lat": "0", "Lon": "0", "Confirmed": 3201838, "Deaths": 101881, "Recovered": 2579896, "Active": 520061, "Date": "2021-03-13T00:00:00Z"}]