[{"Country": "Latvia", "CountryCode": "", "Province": "", "City": "", "CityCode": "", "Lat": "0", "Lon": "0", "Confirmed": 1, "Deaths": 0, "Recovered": 0, "Active": 1, "Date": "2020-03-02T00:00:00Z"}, {"Country": "Latvia", "CountryCode": "", "Province": "", "City": "", "CityCode": "", "Lat": "0", "Lon": "0", "Confirmed": 1, "Deaths": 0, "Recovered": 0, "Active": 1, "Date": "2020-03-03T00:00:00Z"}, {"Country": "Latvia", "CountryCode": "", "Province": "", "City": "", "CityCode": "", "Lat": "0", "Lon": "0", "Confirmed": 1, "Deaths": 0, "Recovered": 0, "Active": 1, "Date": "2020-03-04T00:00:00Z"}, {"Country": "Latvia", "CountryCode": "", "Province": "", "City": "", "CityCode": "", "Lat": "0", "Lon": "0", "Confirmed": 1, "Deaths": 0, "Recovered": 0, "Active": 1, "Date": "2020-03-05T00:00:00Z"}, {"Country": "Latvia", "CountryCode": "", "Province": "", "City": "", "CityCode": "", "Lat": "0", "Lon": "0", "Confirmed": 1, "Deaths": 0, "Recovered": 0, "Active": 1, "Date": "2020-03-06T00:00:00Z"}, {"Country": "Latvia", "CountryCode": "", "Province": "", "City": "", "CityCode": "", "Lat": "0", "Lon": "0", "Confirmed": 1, "Deaths": 0, "Recovered": 0, "Active": 1, "Date": "2020-03-07T00:00:00Z"}, {"Country": "Latvia", "CountryCode": "", "Province": "", "City": "", "CityCode": "", "Lat": "0", "Lon": "0", "Confirmed": 2, "Deaths": 0, "Recovered": 0, "Active": 2, "Date": "2020-03-08T00:00:00Z"}, {"Country": "Latvia", "CountryCode": "", "Province": "", "City": "", "CityCode": "", "Lat": "0", "Lon": "0", "Confirmed": 6, "Deaths": 0, "Recovered": 0, "Active": 6, "Date": "2020-03-09T00:00:00Z"}, {"Country": "Latvia", "CountryCode": "", "Province": "", "City": "", "CityCode": "", "Lat": "0", "Lon": "0", "Confirmed": 8, "Deaths": 0, "Recovered": 1, "Active": 7, "Date": "2020-03-10T00:00:00Z"}, {"Country": "Latvia", "CountryCode": "", "Province": "", "City": "", "CityCode": "", "Lat": "0", "Lon": "0", "Confirmed": 10, "Deaths": 0, "Recovered": 1, "Active": 9, "Date": "2020-03-11T00:00:00Z"}, {"Country": "Latvia", "CountryCode": "", "Province": "", "City": "", "CityCode": "", "Lat": "0", "Lon": "0", "Confirmed": 10, "Deaths": 0, "Recovered": 1, "Active": 9, "Date": "2020-03-12T00:00:00Z"}, {"Country": "Latvia", "CountryCode": "", "Province": "", "City": "", "CityCode": "", "Lat": "0", "Lon": "0", "Confirmed": 17, "Deaths": 0, "Recovered": 1, "Active": 16, "Date": "2020-03-13T00:00:00Z"}, {"Country": "Latvia", "CountryCode": "", "Province": "", "City": "", "CityCode": "", "Lat": "0", "Lon": "0", "Confirmed": 26, "Deaths": 0, "Recovered": 1, "Active": 25, "Date": "2020-03-14T00:00:00Z"}, {"Country": "Latvia", "CountryCode": "", "Province": "", "City": "", "CityCode": "", "Lat": "0", "Lon": "0", "Confirmed": 30, "Deaths": 0, "Recovered": 1, "Active": 29, "Date": "2020-03-15T00:00:00Z"}, {"Country": "Latvia", "CountryCode": "", "Province": "", "City": "", "CityCode": "", "Lat": "0", "Lon": "0", "Confirmed": 34, "Deaths": 0, "Recovered": 1, "Active": 33, "Date": "2020-03-16T00:00:00Z"}, {"Country": "Latvia", "CountryCode": "", "Province": "", "City": "", "CityCode": "", "Lat": "0", "Lon": "0", "Confirmed": 49, "Deaths": 0, "Recovered": 1, "Active": 48, "Date": "2020-03-17T00:00:00Z"}, {"Country": "Latvia", "CountryCode": "", "Province": "", "City": "", "CityCode": "", "Lat": "0", "Lon": "0", "Confirmed": 71, "Deaths": 0, "Recovered": 1, "Active": 70, "Date": "2020-03-18T00:00:00Z"}, {"Country": "Latvia", "CountryCode": "", "Province": "", "City": "", "CityCode": "", "Lat": "0", "Lon": "0", "Confirmed": 86, "Deaths": 0, "Recovered": 1, "Active": 85, "Date": "2020-03-19T00:00:00Z"}, {"Country": "Latvia", "CountryCode": "", "Province": "", "City": "", "CityCode": "", "Lat": "0", "Lon": "0", "Confirmed": 111, "Deaths": 0, "Recovered": 1, "Active": 110, "Date": "2020-03-20T00:00:00Z"}, {"Country": "Latvia", "CountryCode": "", "Province": "", "City": "", "CityCode": "", "Lat": "0", "Lon": "0", "Confirmed": 124, "Deaths": 0, "Recovered": 1, "Active": 123, "Date": "2020-03-21T00:00:00Z"}, {"Country": "Latvia", "CountryCode": "", "Province": "", "City": "", "CityCode": "", "Lat": "0", "Lon": "0", "Confirmed": 139, "Deaths": 0, "Recovered": 1, "Active": 138, "Date": "2020-03-22T00:00:00Z"}, {"Country": "Latvia", "CountryCode": "", "Province": "", "City": "", "CityCode": "", "Lat": "0", "Lon": "0", "Confirmed": 180, "Deaths": 0, "Recovered": 1, "Active": 179, "Date": "2020-03-23T00:00:00Z"}, {"Country": "Latvia", "CountryCode": "", "Province": "", "City": "", "CityCode": "", "Lat": "0", "Lon": "0", "Confirmed": 197, "Deaths": 0, "Recovered": 1, "Active": 196, "Date": "2020-03-24T00:00:00Z"}, {"Country": "Latvia", "CountryCode": "", "Province": "", "City": "", "CityCode": "", "Lat": "0", "Lon": "0", "Confirmed": 221, "Deaths": 0, "Recovered": 1, "Active": 220, "Date": "2020-03-25T00:00:00Z"}, {"Country": "Latvia", "CountryCode": "", "Province": "", "City": "", "CityCode": "", "Lat": "0", "Lon": "0", "Confirmed": 244, "Deaths": 0, "Recovered": 1, "Active": 243, "Date": "2020-03-26T00:00:00Z"}, {"Country": "Latvia", "CountryCode": "", "Province": "", "City": "", "CityCode": "", "Lat": "0", "Lon": "0", "Confirmed": 280, "Deaths": 0, "Recovered": 1, "Active": 279, "Date": "2020-03-27T00:00:00Z"}, {"Country": "Latvia", "CountryCode": "", "Province": "", "City": "", "CityCode": "", "Lat": "0", "Lon": "0", "Confirmed": 305, "Deaths": 0, "Recovered": 1, "Active": 304, "Date": "2020-03-28T00:00:00Z"}, {"Country": "Latvia", "CountryCode": "", "Province": "", "City": "", "CityCode": "", "Lat": "0", "Lon": "0", "Confirmed": 347, "Deaths": 0, "Recovered": 1, "Active": 346, "Date": "2020-03-29T00:00:00Z"}, {"Country": "Latvia", "CountryCode": "", "Province": "", "City": "", "CityCode": "", "Lat": "0", "Lon": "0", "Confirmed": 376, "Deaths": 0, "Recovered": 1, "Active": 375, "Date": "2020-03-30T00:00:00Z"}, {"Country": "Latvia", "CountryCode": "", "Province": "", "City": "", "CityCode": "", "Lat": "0", "Lon": "0", "Confirmed": 398, "Deaths": 0, "Recovered": 1, "Active": 397, "Date": "2020-03-31T00:00:00Z"}, {"Country": "Latvia", "CountryCode": "", "Province": "", "City": "", "CityCode": "", "Lat": "0", "Lon": "0", "Confirmed": 446, "Deaths": 0, "Recovered": 1, "Active": 445, "Date": "2020-04-01T00:00:00Z"}, {"Country": "Latvia", "CountryCode": "", "Province": "", "City": "", "CityCode": "", "Lat": "0", "Lon": "0", "Confirmed": 458, "Deaths": 0, "Recovered": 31, "Active": 427, "Date": "2020-04-02T00:00:00Z"}, {"Country": "Latvia", "CountryCode": "", "Province": "", "City": "", "CityCode": "", "Lat": "0", "Lon": "0", "Confirmed": 493, "Deaths": 1, "Recovered": 1, "Active": 491, "Date": "2020-04-03T00:00:00Z"}, {"Country": "Latvia", "CountryCode": "", "Province": "", "City": "", "CityCode": "", "Lat": "0", "Lon": "0", "Confirmed": 509, "Deaths": 1, "Recovered": 1, "Active": 507, "Date": "2020-04-04T00:00:00Z"}, {"Country": "Latvia", "CountryCode": "", "Province": "", "City": "", "CityCode": "", "Lat": "0", "Lon": "0", "Confirmed": 533, "Deaths": 1, "Recovered": 1, "Active": 531, "Date": "2020-04-05T00:00:00Z"}, {"Country": "Latvia", "CountryCode": "", "Province": "", "City": "", "CityCode": "", "Lat": "0", "Lon": "0", "Confirmed": 542, "Deaths": 1, "Recovered": 16, "Active": 525, "Date": "2020-04-06T00:00:00Z"}, {"Country": "Latvia", "CountryCode": "", "Province": "", "City": "", "CityCode": "", "Lat": "0", "Lon": "0", "Confirmed": 548, "Deaths": 2, "Recovered": 16, "Active": 530, "Date": "2020-04-07T00:00:00Z"}, {"Country": "Latvia", "CountryCode": "", "Province": "", "City": "", "CityCode": "", "Lat": "0", "Lon": "0", "Confirmed": 577, "Deaths": 2, "Recovered": 16, "Active": 559, "Date": "2020-04-08T00:00:00Z"}, {"Country": "Latvia", "CountryCode": "", "Province": "", "City": "", "CityCode": "", "Lat": "0", "Lon": "0", "Confirmed": 589, "Deaths": 3, "Recovered": 16, "Active": 570, "Date": "2020-04-09T00:00:00Z"}, {"Country": "Latvia", "CountryCode": "", "Province": "", "City": "", "CityCode": "", "Lat": "0", "Lon": "0", "Confirmed": 612, "Deaths": 3, "Recovered": 16, "Active": 593, "Date": "2020-04-10T00:00:00Z"}, {"Country": "Latvia", "CountryCode": "", "Province": "", "City": "", "CityCode": "", "Lat": "0", "Lon": "0", "Confirmed": 630, "Deaths": 3, "Recovered": 16, "Active": 611, "Date": "2020-04-11T00:00:00Z"}, {"Country": "Latvia", "CountryCode": "", "Province": "", "City": "", "CityCode": "", "Lat": "0", "Lon": "0", "Confirmed": 651, "Deaths": 5, "Recovered": 16, "Active": 630, "Date": "2020-04-12T00:00:00Z"}, {"Country": "Latvia", "CountryCode": "", "Province": "", "City": "", "CityCode": "", "Lat": "0", "Lon": "0", "Confirmed": 655, "Deaths": 5, "Recovered": 16, "Active": 634, "Date": "2020-04-13T00:00:00Z"}, {"Country": "Latvia", "CountryCode": "", "Province": "", "City": "", "CityCode": "", "Lat": "0", "Lon": "0", "Confirmed": 657, "Deaths": 5, "Recovered": 16, "Active": 636, "Date": "2020-04-14T00:00:00Z"}, {"Country": "Latvia", "CountryCode": "", "Province": "", "City": "", "CityCode": "", "Lat": "0", "Lon": "0", "Confirmed": 666, "Deaths": 5, "Recovered": 44, "Active": 617, "Date": "2020-04-15T00:00:00Z"}, {"Country": "Latvia", "CountryCode": "", "Province": "", "City": "", "CityCode": "", "Lat": "0", "Lon": "0", "Confirmed": 675, "Deaths": 5, "Recovered": 57, "Active": 613, "Date": "2020-04-16T00:00:00Z"}, {"Country": "Latvia", "CountryCode": "", "Province": "", "City": "", "CityCode": "", "Lat": "0", "Lon": "0", "Confirmed": 682, "Deaths": 5, "Recovered": 88, "Active": 589, "Date": "2020-04-17T00:00:00Z"}, {"Country": "Latvia", "CountryCode": "", "Province": "", "City": "", "CityCode": "", "Lat": "0", "Lon": "0", "Confirmed": 712, "Deaths": 5, "Recovered": 88, "Active": 619, "Date": "2020-04-18T00:00:00Z"}, {"Country": "Latvia", "CountryCode": "", "Province": "", "City": "", "CityCode": "", "Lat": "0", "Lon": "0", "Confirmed": 727, "Deaths": 5, "Recovered": 88, "Active": 634, "Date": "2020-04-19T00:00:00Z"}, {"Country": "Latvia", "CountryCode": "", "Province": "", "City": "", "CityCode": "", "Lat": "0", "Lon": "0", "Confirmed": 739, "Deaths": 5, "Recovered": 88, "Active": 646, "Date": "2020-04-20T00:00:00Z"}, {"Country": "Latvia", "CountryCode": "", "Province": "", "City": "", "CityCode": "", "Lat": "0", "Lon": "0", "Confirmed": 748, "Deaths": 9, "Recovered": 133, "Active": 606, "Date": "2020-04-21T00:00:00Z"}, {"Country": "Latvia", "CountryCode": "", "Province": "", "City": "", "CityCode": "", "Lat": "0", "Lon": "0", "Confirmed": 761, "Deaths": 11, "Recovered": 133, "Active": 617, "Date": "2020-04-22T00:00:00Z"}, {"Country": "Latvia", "CountryCode": "", "Province": "", "City": "", "CityCode": "", "Lat": "0", "Lon": "0", "Confirmed": 778, "Deaths": 11, "Recovered": 133, "Active": 634, "Date": "2020-04-23T00:00:00Z"}, {"Country": "Latvia", "CountryCode": "", "Province": "", "City": "", "CityCode": "", "Lat": "0", "Lon": "0", "Confirmed": 784, "Deaths": 12, "Recovered": 267, "Active": 505, "Date": "2020-04-24T00:00:00Z"}, {"Country": "Latvia", "CountryCode": "", "Province": "", "City": "", "CityCode": "", "Lat": "0", "Lon": "0", "Confirmed": 804, "Deaths": 12, "Recovered": 267, "Active": 525, "Date": "2020-04-25T00:00:00Z"}, {"Country": "Latvia", "CountryCode": "", "Province": "", "City": "", "CityCode": "", "Lat": "0", "Lon": "0", "Confirmed": 812, "Deaths": 12, "Recovered": 267, "Active": 533, "Date": "2020-04-26T00:00:00Z"}, {"Country": "Latvia", "CountryCode": "", "Province": "", "City": "", "CityCode": "", "Lat": "0", "Lon": "0", "Confirmed": 818, "Deaths": 13, "Recovered": 267, "Active": 538, "Date": "2020-04-27T00:00:00Z"}, {"Country": "Latvia", "CountryCode": "", "Province": "", "City": "", "CityCode": "", "Lat": "0", "Lon": "0", "Confirmed": 836, "Deaths": 13, "Recovered": 267, "Active": 556, "Date": "2020-04-28T00:00:00Z"}, {"Country": "Latvia", "CountryCode": "", "Province": "", "City": "", "CityCode": "", "Lat": "0", "Lon": "0", "Confirmed": 849, "Deaths": 15, "Recovered": 348, "Active": 486, "Date": "2020-04-29T00:00:00Z"}, {"Country": "Latvia", "CountryCode": "", "Province": "", "City": "", "CityCode": "", "Lat": "0", "Lon": "0", "Confirmed": 858, "Deaths": 15, "Recovered": 348, "Active": 495, "Date": "2020-04-30T00:00:00Z"}, {"Country": "Latvia", "CountryCode": "", "Province": "", "City": "", "CityCode": "", "Lat": "0", "Lon": "0", "Confirmed": 870, "Deaths": 16, "Recovered": 348, "Active": 506, "Date": "2020-05-01T00:00:00Z"}, {"Country": "Latvia", "CountryCode": "", "Province": "", "City": "", "CityCode": "", "Lat": "0", "Lon": "0", "Confirmed": 871, "Deaths": 16, "Recovered": 348, "Active": 507, "Date": "2020-05-02T00:00:00Z"}, {"Country": "Latvia", "CountryCode": "", "Province": "", "City": "", "CityCode": "", "Lat": "0", "Lon": "0", "Confirmed": 879, "Deaths": 16, "Recovered": 348, "Active": 515, "Date": "2020-05-03T00:00:00Z"}, {"Country": "Latvia", "CountryCode": "", "Province": "", "City": "", "CityCode": "", "Lat": "0", "Lon": "0", "Confirmed": 896, "Deaths": 16, "Recovered": 348, "Active": 532, "Date": "2020-05-04T00:00:00Z"}, {"Country": "Latvia", "CountryCode": "", "Province": "", "City": "", "CityCode": "", "Lat": "0", "Lon": "0", "Confirmed": 896, "Deaths": 17, "Recovered": 348, "Active": 531, "Date": "2020-05-05T00:00:00Z"}, {"Country": "Latvia", "CountryCode": "", "Province": "", "City": "", "CityCode": "", "Lat": "0", "Lon": "0", "Confirmed": 900, "Deaths": 17, "Recovered": 464, "Active": 419, "Date": "2020-05-06T00:00:00Z"}, {"Country": "Latvia", "CountryCode": "", "Province": "", "City": "", "CityCode": "", "Lat": "0", "Lon": "0", "Confirmed": 909, "Deaths": 18, "Recovered": 464, "Active": 427, "Date": "2020-05-07T00:00:00Z"}, {"Country": "Latvia", "CountryCode": "", "Province": "", "City": "", "CityCode": "", "Lat": "0", "Lon": "0", "Confirmed": 928, "Deaths": 18, "Recovered": 464, "Active": 446, "Date": "2020-05-08T00:00:00Z"}, {"Country": "Latvia", "CountryCode": "", "Province": "", "City": "", "CityCode": "", "Lat": "0", "Lon": "0", "Confirmed": 930, "Deaths": 18, "Recovered": 464, "Active": 448, "Date": "2020-05-09T00:00:00Z"}, {"Country": "Latvia", "CountryCode": "", "Province": "", "City": "", "CityCode": "", "Lat": "0", "Lon": "0", "Confirmed": 939, "Deaths": 18, "Recovered": 464, "Active": 457, "Date": "2020-05-10T00:00:00Z"}, {"Country": "Latvia", "CountryCode": "", "Province": "", "City": "", "CityCode": "", "Lat": "0", "Lon": "0", "Confirmed": 946, "Deaths": 18, "Recovered": 464, "Active": 464, "Date": "2020-05-11T00:00:00Z"}, {"Country": "Latvia", "CountryCode": "", "Province": "", "City": "", "CityCode": "", "Lat": "0", "Lon": "0", "Confirmed": 950, "Deaths": 18, "Recovered": 627, "Active": 305, "Date": "2020-05-12T00:00:00Z"}, {"Country": "Latvia", "CountryCode": "", "Province": "", "City": "", "CityCode": "", "Lat": "0", "Lon": "0", "Confirmed": 951, "Deaths": 19, "Recovered": 627, "Active": 305, "Date": "2020-05-13T00:00:00Z"}, {"Country": "Latvia", "CountryCode": "", "Province": "", "City": "", "CityCode": "", "Lat": "0", "Lon": "0", "Confirmed": 962, "Deaths": 19, "Recovered": 627, "Active": 316, "Date": "2020-05-14T00:00:00Z"}, {"Country": "Latvia", "CountryCode": "", "Province": "", "City": "", "CityCode": "", "Lat": "0", "Lon": "0", "Confirmed": 970, "Deaths": 19, "Recovered": 662, "Active": 289, "Date": "2020-05-15T00:00:00Z"}, {"Country": "Latvia", "CountryCode": "", "Province": "", "City": "", "CityCode": "", "Lat": "0", "Lon": "0", "Confirmed": 997, "Deaths": 19, "Recovered": 662, "Active": 316, "Date": "2020-05-16T00:00:00Z"}, {"Country": "Latvia", "CountryCode": "", "Province": "", "City": "", "CityCode": "", "Lat": "0", "Lon": "0", "Confirmed": 1008, "Deaths": 19, "Recovered": 662, "Active": 327, "Date": "2020-05-17T00:00:00Z"}, {"Country": "Latvia", "CountryCode": "", "Province": "", "City": "", "CityCode": "", "Lat": "0", "Lon": "0", "Confirmed": 1009, "Deaths": 19, "Recovered": 662, "Active": 328, "Date": "2020-05-18T00:00:00Z"}, {"Country": "Latvia", "CountryCode": "", "Province": "", "City": "", "CityCode": "", "Lat": "0", "Lon": "0", "Confirmed": 1012, "Deaths": 21, "Recovered": 694, "Active": 297, "Date": "2020-05-19T00:00:00Z"}, {"Country": "Latvia", "CountryCode": "", "Province": "", "City": "", "CityCode": "", "Lat": "0", "Lon": "0", "Confirmed": 1016, "Deaths": 21, "Recovered": 694, "Active": 301, "Date": "2020-05-20T00:00:00Z"}, {"Country": "Latvia", "CountryCode": "", "Province": "", "City": "", "CityCode": "", "Lat": "0", "Lon": "0", "Confirmed": 1025, "Deaths": 22, "Recovered": 694, "Active": 309, "Date": "2020-05-21T00:00:00Z"}, {"Country": "Latvia", "CountryCode": "", "Province": "", "City": "", "CityCode": "", "Lat": "0", "Lon": "0", "Confirmed": 1030, "Deaths": 22, "Recovered": 712, "Active": 296, "Date": "2020-05-22T00:00:00Z"}, {"Country": "Latvia", "CountryCode": "", "Province": "", "City": "", "CityCode": "", "Lat": "0", "Lon": "0", "Confirmed": 1046, "Deaths": 22, "Recovered": 712, "Active": 312, "Date": "2020-05-23T00:00:00Z"}, {"Country": "Latvia", "CountryCode": "", "Province": "", "City": "", "CityCode": "", "Lat": "0", "Lon": "0", "Confirmed": 1047, "Deaths": 22, "Recovered": 712, "Active": 313, "Date": "2020-05-24T00:00:00Z"}, {"Country": "Latvia", "CountryCode": "", "Province": "", "City": "", "CityCode": "", "Lat": "0", "Lon": "0", "Confirmed": 1049, "Deaths": 22, "Recovered": 712, "Active": 315, "Date": "2020-05-25T00:00:00Z"}, {"Country": "Latvia", "CountryCode": "", "Province": "", "City": "", "CityCode": "", "Lat": "0", "Lon": "0", "Confirmed": 1053, "Deaths": 22, "Recovered": 741, "Active": 290, "Date": "2020-05-26T00:00:00Z"}, {"Country": "Latvia", "CountryCode": "", "Province": "", "City": "", "CityCode": "", "Lat": "0", "Lon": "0", "Confirmed": 1057, "Deaths": 23, "Recovered": 741, "Active": 293, "Date": "2020-05-27T00:00:00Z"}, {"Country": "Latvia", "CountryCode": "", "Province": "", "City": "", "CityCode": "", "Lat": "0", "Lon": "0", "Confirmed": 1061, "Deaths": 24, "Recovered": 741, "Active": 296, "Date": "2020-05-28T00:00:00Z"}, {"Country": "Latvia", "CountryCode": "", "Province": "", "City": "", "CityCode": "", "Lat": "0", "Lon": "0", "Confirmed": 1064, "Deaths": 24, "Recovered": 745, "Active": 295, "Date": "2020-05-29T00:00:00Z"}, {"Country": "Latvia", "CountryCode": "", "Province": "", "City": "", "CityCode": "", "Lat": "0", "Lon": "0", "Confirmed": 1065, "Deaths": 24, "Recovered": 745, "Active": 296, "Date": "2020-05-30T00:00:00Z"}, {"Country": "Latvia", "CountryCode": "", "Province": "", "City": "", "CityCode": "", "Lat": "0", "Lon": "0", "Confirmed": 1066, "Deaths": 24, "Recovered": 745, "Active": 297, "Date": "2020-05-31T00:00:00Z"}, {"Country": "Latvia", "CountryCode": "", "Province": "", "City": "", "CityCode": "", "Lat": "0", "Lon": "0", "Confirmed": 1066, "Deaths": 24, "Recovered": 745, "Active": 297, "Date": "2020-06-01T00:00:00Z"}, {"Country": "Latvia", "CountryCode": "", "Province": "", "City": "", "CityCode": "", "Lat": "0", "Lon": "0", "Confirmed": 1071, "Deaths": 24, "Recovered": 760, "Active": 287, "Date": "2020-06-02T00:00:00Z"}, {"Country": "Latvia", "CountryCode": "", "Province": "", "City": "", "CityCode": "", "Lat": "0", "Lon": "0", "Confirmed": 1079, "Deaths": 24, "Recovered": 760, "Active": 295, "Date": "2020-06-03T00:00:00Z"}, {"Country": "Latvia", "CountryCode": "", "Province": "", "City": "", "CityCode": "", "Lat": "0", "Lon": "0", "Confirmed": 1082, "Deaths": 25, "Recovered": 760, "Active": 297, "Date": "2020-06-04T00:00:00Z"}, {"Country": "Latvia", "CountryCode": "", "Province": "", "City": "", "CityCode": "", "Lat": "0", "Lon": "0", "Confirmed": 1085, "Deaths": 25, "Recovered": 781, "Active": 279, "Date": "2020-06-05T00:00:00Z"}, {"Country": "Latvia", "CountryCode": "", "Province": "", "City": "", "CityCode": "", "Lat": "0", "Lon": "0", "Confirmed": 1086, "Deaths": 25, "Recovered": 781, "Active": 280, "Date": "2020-06-06T00:00:00Z"}, {"Country": "Latvia", "CountryCode": "", "Province": "", "City": "", "CityCode": "", "Lat": "0", "Lon": "0", "Confirmed": 1088, "Deaths": 25, "Recovered": 781, "Active": 282, "Date": "2020-06-07T00:00:00Z"}, {"Country": "Latvia", "CountryCode": "", "Province": "", "City": "", "CityCode": "", "Lat": "0", "Lon": "0", "Confirmed": 1088, "Deaths": 26, "Recovered": 781, "Active": 281, "Date": "2020-06-08T00:00:00Z"}, {"Country": "Latvia", "CountryCode": "", "Province": "", "City": "", "CityCode": "", "Lat": "0", "Lon": "0", "Confirmed": 1089, "Deaths": 26, "Recovered": 794, "Active": 269, "Date": "2020-06-09T00:00:00Z"}, {"Country": "Latvia", "CountryCode": "", "Province": "", "City": "", "CityCode": "", "Lat": "0", "Lon": "0", "Confirmed": 1092, "Deaths": 26, "Recovered": 794, "Active": 272, "Date": "2020-06-10T00:00:00Z"}, {"Country": "Latvia", "CountryCode": "", "Province": "", "City": "", "CityCode": "", "Lat": "0", "Lon": "0", "Confirmed": 1094, "Deaths": 26, "Recovered": 818, "Active": 250, "Date": "2020-06-11T00:00:00Z"}, {"Country": "Latvia", "CountryCode": "", "Province": "", "City": "", "CityCode": "", "Lat": "0", "Lon": "0", "Confirmed": 1096, "Deaths": 27, "Recovered": 818, "Active": 251, "Date": "2020-06-12T00:00:00Z"}, {"Country": "Latvia", "CountryCode": "", "Province": "", "City": "", "CityCode": "", "Lat": "0", "Lon": "0", "Confirmed": 1097, "Deaths": 28, "Recovered": 845, "Active": 224, "Date": "2020-06-13T00:00:00Z"}, {"Country": "Latvia", "CountryCode": "", "Province": "", "City": "", "CityCode": "", "Lat": "0", "Lon": "0", "Confirmed": 1097, "Deaths": 28, "Recovered": 845, "Active": 224, "Date": "2020-06-14T00:00:00Z"}, {"Country": "Latvia", "CountryCode": "", "Province": "", "City": "", "CityCode": "", "Lat": "0", "Lon": "0", "Confirmed": 1097, "Deaths": 28, "Recovered": 845, "Active": 224, "Date": "2020-06-15T00:00:00Z"}, {"Country": "Latvia", "CountryCode": "", "Province": "", "City": "", "CityCode": "", "Lat": "0", "Lon": "0", "Confirmed": 1098, "Deaths": 28, "Recovered": 875, "Active": 195, "Date": "2020-06-16T00:00:00Z"}, {"Country": "Latvia", "CountryCode": "", "Province": "", "City": "", "CityCode": "", "Lat": "0", "Lon": "0", "Confirmed": 1104, "Deaths": 30, "Recovered": 875, "Active": 199, "Date": "2020-06-17T00:00:00Z"}, {"Country": "Latvia", "CountryCode": "", "Province": "", "City": "", "CityCode": "", "Lat": "0", "Lon": "0", "Confirmed": 1108, "Deaths": 30, "Recovered": 903, "Active": 175, "Date": "2020-06-18T00:00:00Z"}, {"Country": "Latvia", "CountryCode": "", "Province": "", "City": "", "CityCode": "", "Lat": "0", "Lon": "0", "Confirmed": 1110, "Deaths": 30, "Recovered": 903, "Active": 177, "Date": "2020-06-19T00:00:00Z"}, {"Country": "Latvia", "CountryCode": "", "Province": "", "City": "", "CityCode": "", "Lat": "0", "Lon": "0", "Confirmed": 1111, "Deaths": 30, "Recovered": 903, "Active": 178, "Date": "2020-06-20T00:00:00Z"}, {"Country": "Latvia", "CountryCode": "", "Province": "", "City": "", "CityCode": "", "Lat": "0", "Lon": "0", "Confirmed": 1111, "Deaths": 30, "Recovered": 903, "Active": 178, "Date": "2020-06-21T00:00:00Z"}, {"Country": "Latvia", "CountryCode": "", "Province": "", "City": "", "CityCode": "", "Lat": "0", "Lon": "0", "Confirmed": 1111, "Deaths": 30, "Recovered": 903, "Active": 178, "Date": "2020-06-22T00:00:00Z"}, {"Country": "Latvia", "CountryCode": "", "Province": "", "City": "", "CityCode": "", "Lat": "0", "Lon": "0", "Confirmed": 1111, "Deaths": 30, "Recovered": 903, "Active": 178, "Date": "2020-06-23T00:00:00Z"}, {"Country": "Latvia", "CountryCode": "", "Province": "", "City": "", "CityCode": "", "Lat": "0", "Lon": "0", "Confirmed": 1111, "Deaths": 30, "Recovered": 903, "Active": 178, "Date": "2020-06-24T00:00:00Z"}, {"Country": "Latvia", "CountryCode": "", "Province": "", "City": "", "CityCode": "", "Lat": "0", "Lon": "0", "Confirmed": 1111, "Deaths": 30, "Recovered": 903, "Active": 178, "Date": "2020-06-25T00:00:00Z"}, {"Country": "Latvia", "CountryCode": "", "Province": "", "City": "", "CityCode": "", "Lat": "0", "Lon": "0", "Confirmed": 1112, "Deaths": 30, "Recovered": 932, "Active": 150, "Date": "2020-06-26T00:00:00Z"}, {"Country": "Latvia", "CountryCode": "", "Province": "", "City": "", "CityCode": "", "Lat": "0", "Lon": "0", "Confirmed": 1115, "Deaths": 30, "Recovered": 932, "Active": 153, "Date": "2020-06-27T00:00:00Z"}, {"Country": "Latvia", "CountryCode": "", "Province": "", "City": "", "CityCode": "", "Lat": "0", "Lon": "0", "Confirmed": 1116, "Deaths": 30, "Recovered": 932, "Active": 154, "Date": "2020-06-28T00:00:00Z"}, {"Country": "Latvia", "CountryCode": "", "Province": "", "City": "", "CityCode": "", "Lat": "0", "Lon": "0", "Confirmed": 1117, "Deaths": 30, "Recovered": 932, "Active": 155, "Date": "2020-06-29T00:00:00Z"}, {"Country": "Latvia", "CountryCode": "", "Province": "", "City": "", "CityCode": "", "Lat": "0", "Lon": "0", "Confirmed": 1118, "Deaths": 30, "Recovered": 974, "Active": 114, "Date": "2020-06-30T00:00:00Z"}, {"Country": "Latvia", "CountryCode": "", "Province": "", "City": "", "CityCode": "", "Lat": "0", "Lon": "0", "Confirmed": 1121, "Deaths": 30, "Recovered": 974, "Active": 117, "Date": "2020-07-01T00:00:00Z"}, {"Country": "Latvia", "CountryCode": "", "Province": "", "City": "", "CityCode": "", "Lat": "0", "Lon": "0", "Confirmed": 1122, "Deaths": 30, "Recovered": 988, "Active": 104, "Date": "2020-07-02T00:00:00Z"}, {"Country": "Latvia", "CountryCode": "", "Province": "", "City": "", "CityCode": "", "Lat": "0", "Lon": "0", "Confirmed": 1122, "Deaths": 30, "Recovered": 997, "Active": 95, "Date": "2020-07-03T00:00:00Z"}, {"Country": "Latvia", "CountryCode": "", "Province": "", "City": "", "CityCode": "", "Lat": "0", "Lon": "0", "Confirmed": 1123, "Deaths": 30, "Recovered": 1000, "Active": 93, "Date": "2020-07-04T00:00:00Z"}, {"Country": "Latvia", "CountryCode": "", "Province": "", "City": "", "CityCode": "", "Lat": "0", "Lon": "0", "Confirmed": 1124, "Deaths": 30, "Recovered": 1000, "Active": 94, "Date": "2020-07-05T00:00:00Z"}, {"Country": "Latvia", "CountryCode": "", "Province": "", "City": "", "CityCode": "", "Lat": "0", "Lon": "0", "Confirmed": 1127, "Deaths": 30, "Recovered": 1000, "Active": 97, "Date": "2020-07-06T00:00:00Z"}, {"Country": "Latvia", "CountryCode": "", "Province": "", "City": "", "CityCode": "", "Lat": "0", "Lon": "0", "Confirmed": 1134, "Deaths": 30, "Recovered": 1008, "Active": 96, "Date": "2020-07-07T00:00:00Z"}, {"Country": "Latvia", "CountryCode": "", "Province": "", "City": "", "CityCode": "", "Lat": "0", "Lon": "0", "Confirmed": 1141, "Deaths": 30, "Recovered": 1008, "Active": 103, "Date": "2020-07-08T00:00:00Z"}, {"Country": "Latvia", "CountryCode": "", "Province": "", "City": "", "CityCode": "", "Lat": "0", "Lon": "0", "Confirmed": 1154, "Deaths": 30, "Recovered": 1019, "Active": 105, "Date": "2020-07-09T00:00:00Z"}, {"Country": "Latvia", "CountryCode": "", "Province": "", "City": "", "CityCode": "", "Lat": "0", "Lon": "0", "Confirmed": 1165, "Deaths": 30, "Recovered": 1019, "Active": 116, "Date": "2020-07-10T00:00:00Z"}, {"Country": "Latvia", "CountryCode": "", "Province": "", "City": "", "CityCode": "", "Lat": "0", "Lon": "0", "Confirmed": 1173, "Deaths": 30, "Recovered": 1019, "Active": 124, "Date": "2020-07-11T00:00:00Z"}, {"Country": "Latvia", "CountryCode": "", "Province": "", "City": "", "CityCode": "", "Lat": "0", "Lon": "0", "Confirmed": 1173, "Deaths": 30, "Recovered": 1019, "Active": 124, "Date": "2020-07-12T00:00:00Z"}, {"Country": "Latvia", "CountryCode": "", "Province": "", "City": "", "CityCode": "", "Lat": "0", "Lon": "0", "Confirmed": 1174, "Deaths": 31, "Recovered": 1019, "Active": 124, "Date": "2020-07-13T00:00:00Z"}, {"Country": "Latvia", "CountryCode": "", "Province": "", "City": "", "CityCode": "", "Lat": "0", "Lon": "0", "Confirmed": 1174, "Deaths": 31, "Recovered": 1022, "Active": 121, "Date": "2020-07-14T00:00:00Z"}, {"Country": "Latvia", "CountryCode": "", "Province": "", "City": "", "CityCode": "", "Lat": "0", "Lon": "0", "Confirmed": 1178, "Deaths": 31, "Recovered": 1022, "Active": 125, "Date": "2020-07-15T00:00:00Z"}, {"Country": "Latvia", "CountryCode": "", "Province": "", "City": "", "CityCode": "", "Lat": "0", "Lon": "0", "Confirmed": 1179, "Deaths": 31, "Recovered": 1022, "Active": 126, "Date": "2020-07-16T00:00:00Z"}, {"Country": "Latvia", "CountryCode": "", "Province": "", "City": "", "CityCode": "", "Lat": "0", "Lon": "0", "Confirmed": 1185, "Deaths": 31, "Recovered": 1022, "Active": 132, "Date": "2020-07-17T00:00:00Z"}, {"Country": "Latvia", "CountryCode": "", "Province": "", "City": "", "CityCode": "", "Lat": "0", "Lon": "0", "Confirmed": 1189, "Deaths": 31, "Recovered": 1022, "Active": 136, "Date": "2020-07-18T00:00:00Z"}, {"Country": "Latvia", "CountryCode": "", "Province": "", "City": "", "CityCode": "", "Lat": "0", "Lon": "0", "Confirmed": 1192, "Deaths": 31, "Recovered": 1022, "Active": 139, "Date": "2020-07-19T00:00:00Z"}, {"Country": "Latvia", "CountryCode": "", "Province": "", "City": "", "CityCode": "", "Lat": "0", "Lon": "0", "Confirmed": 1192, "Deaths": 31, "Recovered": 1022, "Active": 139, "Date": "2020-07-20T00:00:00Z"}, {"Country": "Latvia", "CountryCode": "", "Province": "", "City": "", "CityCode": "", "Lat": "0", "Lon": "0", "Confirmed": 1193, "Deaths": 31, "Recovered": 1045, "Active": 117, "Date": "2020-07-21T00:00:00Z"}, {"Country": "Latvia", "CountryCode": "", "Province": "", "City": "", "CityCode": "", "Lat": "0", "Lon": "0", "Confirmed": 1197, "Deaths": 31, "Recovered": 1045, "Active": 121, "Date": "2020-07-22T00:00:00Z"}, {"Country": "Latvia", "CountryCode": "", "Province": "", "City": "", "CityCode": "", "Lat": "0", "Lon": "0", "Confirmed": 1203, "Deaths": 31, "Recovered": 1045, "Active": 127, "Date": "2020-07-23T00:00:00Z"}, {"Country": "Latvia", "CountryCode": "", "Province": "", "City": "", "CityCode": "", "Lat": "0", "Lon": "0", "Confirmed": 1205, "Deaths": 31, "Recovered": 1045, "Active": 129, "Date": "2020-07-24T00:00:00Z"}, {"Country": "Latvia", "CountryCode": "", "Province": "", "City": "", "CityCode": "", "Lat": "0", "Lon": "0", "Confirmed": 1206, "Deaths": 31, "Recovered": 1045, "Active": 130, "Date": "2020-07-25T00:00:00Z"}, {"Country": "Latvia", "CountryCode": "", "Province": "", "City": "", "CityCode": "", "Lat": "0", "Lon": "0", "Confirmed": 1219, "Deaths": 31, "Recovered": 1045, "Active": 143, "Date": "2020-07-26T00:00:00Z"}, {"Country": "Latvia", "CountryCode": "", "Province": "", "City": "", "CityCode": "", "Lat": "0", "Lon": "0", "Confirmed": 1219, "Deaths": 31, "Recovered": 1045, "Active": 143, "Date": "2020-07-27T00:00:00Z"}, {"Country": "Latvia", "CountryCode": "", "Province": "", "City": "", "CityCode": "", "Lat": "0", "Lon": "0", "Confirmed": 1220, "Deaths": 31, "Recovered": 1052, "Active": 137, "Date": "2020-07-28T00:00:00Z"}, {"Country": "Latvia", "CountryCode": "", "Province": "", "City": "", "CityCode": "", "Lat": "0", "Lon": "0", "Confirmed": 1224, "Deaths": 31, "Recovered": 1052, "Active": 141, "Date": "2020-07-29T00:00:00Z"}, {"Country": "Latvia", "CountryCode": "", "Province": "", "City": "", "CityCode": "", "Lat": "0", "Lon": "0", "Confirmed": 1228, "Deaths": 31, "Recovered": 1052, "Active": 145, "Date": "2020-07-30T00:00:00Z"}, {"Country": "Latvia", "CountryCode": "", "Province": "", "City": "", "CityCode": "", "Lat": "0", "Lon": "0", "Confirmed": 1231, "Deaths": 32, "Recovered": 1052, "Active": 147, "Date": "2020-07-31T00:00:00Z"}, {"Country": "Latvia", "CountryCode": "", "Province": "", "City": "", "CityCode": "", "Lat": "0", "Lon": "0", "Confirmed": 1238, "Deaths": 32, "Recovered": 1052, "Active": 154, "Date": "2020-08-01T00:00:00Z"}, {"Country": "Latvia", "CountryCode": "", "Province": "", "City": "", "CityCode": "", "Lat": "0", "Lon": "0", "Confirmed": 1243, "Deaths": 32, "Recovered": 1052, "Active": 159, "Date": "2020-08-02T00:00:00Z"}, {"Country": "Latvia", "CountryCode": "", "Province": "", "City": "", "CityCode": "", "Lat": "0", "Lon": "0", "Confirmed": 1246, "Deaths": 32, "Recovered": 1052, "Active": 162, "Date": "2020-08-03T00:00:00Z"}, {"Country": "Latvia", "CountryCode": "", "Province": "", "City": "", "CityCode": "", "Lat": "0", "Lon": "0", "Confirmed": 1249, "Deaths": 32, "Recovered": 1070, "Active": 147, "Date": "2020-08-04T00:00:00Z"}, {"Country": "Latvia", "CountryCode": "", "Province": "", "City": "", "CityCode": "", "Lat": "0", "Lon": "0", "Confirmed": 1257, "Deaths": 32, "Recovered": 1070, "Active": 155, "Date": "2020-08-05T00:00:00Z"}, {"Country": "Latvia", "CountryCode": "", "Province": "", "City": "", "CityCode": "", "Lat": "0", "Lon": "0", "Confirmed": 1275, "Deaths": 32, "Recovered": 1070, "Active": 173, "Date": "2020-08-06T00:00:00Z"}, {"Country": "Latvia", "CountryCode": "", "Province": "", "City": "", "CityCode": "", "Lat": "0", "Lon": "0", "Confirmed": 1281, "Deaths": 32, "Recovered": 1070, "Active": 179, "Date": "2020-08-07T00:00:00Z"}, {"Country": "Latvia", "CountryCode": "", "Province": "", "City": "", "CityCode": "", "Lat": "0", "Lon": "0", "Confirmed": 1288, "Deaths": 32, "Recovered": 1070, "Active": 186, "Date": "2020-08-08T00:00:00Z"}, {"Country": "Latvia", "CountryCode": "", "Province": "", "City": "", "CityCode": "", "Lat": "0", "Lon": "0", "Confirmed": 1290, "Deaths": 32, "Recovered": 1070, "Active": 188, "Date": "2020-08-09T00:00:00Z"}, {"Country": "Latvia", "CountryCode": "", "Province": "", "City": "", "CityCode": "", "Lat": "0", "Lon": "0", "Confirmed": 1290, "Deaths": 32, "Recovered": 1070, "Active": 188, "Date": "2020-08-10T00:00:00Z"}, {"Country": "Latvia", "CountryCode": "", "Province": "", "City": "", "CityCode": "", "Lat": "0", "Lon": "0", "Confirmed": 1293, "Deaths": 32, "Recovered": 1078, "Active": 183, "Date": "2020-08-11T00:00:00Z"}, {"Country": "Latvia", "CountryCode": "", "Province": "", "City": "", "CityCode": "", "Lat": "0", "Lon": "0", "Confirmed": 1303, "Deaths": 32, "Recovered": 1078, "Active": 193, "Date": "2020-08-12T00:00:00Z"}, {"Country": "Latvia", "CountryCode": "", "Province": "", "City": "", "CityCode": "", "Lat": "0", "Lon": "0", "Confirmed": 1307, "Deaths": 32, "Recovered": 1078, "Active": 197, "Date": "2020-08-13T00:00:00Z"}, {"Country": "Latvia", "CountryCode": "", "Province": "", "City": "", "CityCode": "", "Lat": "0", "Lon": "0", "Confirmed": 1308, "Deaths": 32, "Recovered": 1078, "Active": 198, "Date": "2020-08-14T00:00:00Z"}, {"Country": "Latvia", "CountryCode": "", "Province": "", "City": "", "CityCode": "", "Lat": "0", "Lon": "0", "Confirmed": 1315, "Deaths": 32, "Recovered": 1078, "Active": 205, "Date": "2020-08-15T00:00:00Z"}, {"Country": "Latvia", "CountryCode": "", "Province": "", "City": "", "CityCode": "", "Lat": "0", "Lon": "0", "Confirmed": 1322, "Deaths": 32, "Recovered": 1078, "Active": 212, "Date": "2020-08-16T00:00:00Z"}, {"Country": "Latvia", "CountryCode": "", "Province": "", "City": "", "CityCode": "", "Lat": "0", "Lon": "0", "Confirmed": 1323, "Deaths": 32, "Recovered": 1078, "Active": 213, "Date": "2020-08-17T00:00:00Z"}, {"Country": "Latvia", "CountryCode": "", "Province": "", "City": "", "CityCode": "", "Lat": "0", "Lon": "0", "Confirmed": 1323, "Deaths": 33, "Recovered": 1093, "Active": 197, "Date": "2020-08-18T00:00:00Z"}, {"Country": "Latvia", "CountryCode": "", "Province": "", "City": "", "CityCode": "", "Lat": "0", "Lon": "0", "Confirmed": 1326, "Deaths": 33, "Recovered": 1093, "Active": 200, "Date": "2020-08-19T00:00:00Z"}, {"Country": "Latvia", "CountryCode": "", "Province": "", "City": "", "CityCode": "", "Lat": "0", "Lon": "0", "Confirmed": 1327, "Deaths": 33, "Recovered": 1093, "Active": 201, "Date": "2020-08-20T00:00:00Z"}, {"Country": "Latvia", "CountryCode": "", "Province": "", "City": "", "CityCode": "", "Lat": "0", "Lon": "0", "Confirmed": 1330, "Deaths": 33, "Recovered": 1093, "Active": 204, "Date": "2020-08-21T00:00:00Z"}, {"Country": "Latvia", "CountryCode": "", "Province": "", "City": "", "CityCode": "", "Lat": "0", "Lon": "0", "Confirmed": 1333, "Deaths": 33, "Recovered": 1093, "Active": 207, "Date": "2020-08-22T00:00:00Z"}, {"Country": "Latvia", "CountryCode": "", "Province": "", "City": "", "CityCode": "", "Lat": "0", "Lon": "0", "Confirmed": 1337, "Deaths": 33, "Recovered": 1093, "Active": 211, "Date": "2020-08-23T00:00:00Z"}, {"Country": "Latvia", "CountryCode": "", "Province": "", "City": "", "CityCode": "", "Lat": "0", "Lon": "0", "Confirmed": 1337, "Deaths": 33, "Recovered": 1093, "Active": 211, "Date": "2020-08-24T00:00:00Z"}, {"Country": "Latvia", "CountryCode": "", "Province": "", "City": "", "CityCode": "", "Lat": "0", "Lon": "0", "Confirmed": 1342, "Deaths": 33, "Recovered": 1135, "Active": 174, "Date": "2020-08-25T00:00:00Z"}, {"Country": "Latvia", "CountryCode": "", "Province": "", "City": "", "CityCode": "", "Lat": "0", "Lon": "0", "Confirmed": 1360, "Deaths": 33, "Recovered": 1135, "Active": 192, "Date": "2020-08-26T00:00:00Z"}, {"Country": "Latvia", "CountryCode": "", "Province": "", "City": "", "CityCode": "", "Lat": "0", "Lon": "0", "Confirmed": 1366, "Deaths": 34, "Recovered": 1163, "Active": 169, "Date": "2020-08-27T00:00:00Z"}, {"Country": "Latvia", "CountryCode": "", "Province": "", "City": "", "CityCode": "", "Lat": "0", "Lon": "0", "Confirmed": 1375, "Deaths": 34, "Recovered": 1163, "Active": 178, "Date": "2020-08-28T00:00:00Z"}, {"Country": "Latvia", "CountryCode": "", "Province": "", "City": "", "CityCode": "", "Lat": "0", "Lon": "0", "Confirmed": 1381, "Deaths": 34, "Recovered": 1163, "Active": 184, "Date": "2020-08-29T00:00:00Z"}, {"Country": "Latvia", "CountryCode": "", "Province": "", "City": "", "CityCode": "", "Lat": "0", "Lon": "0", "Confirmed": 1393, "Deaths": 34, "Recovered": 1163, "Active": 196, "Date": "2020-08-30T00:00:00Z"}, {"Country": "Latvia", "CountryCode": "", "Province": "", "City": "", "CityCode": "", "Lat": "0", "Lon": "0", "Confirmed": 1396, "Deaths": 34, "Recovered": 1163, "Active": 199, "Date": "2020-08-31T00:00:00Z"}, {"Country": "Latvia", "CountryCode": "", "Province": "", "City": "", "CityCode": "", "Lat": "0", "Lon": "0", "Confirmed": 1404, "Deaths": 34, "Recovered": 1173, "Active": 197, "Date": "2020-09-01T00:00:00Z"}, {"Country": "Latvia", "CountryCode": "", "Province": "", "City": "", "CityCode": "", "Lat": "0", "Lon": "0", "Confirmed": 1406, "Deaths": 34, "Recovered": 1173, "Active": 199, "Date": "2020-09-02T00:00:00Z"}, {"Country": "Latvia", "CountryCode": "", "Province": "", "City": "", "CityCode": "", "Lat": "0", "Lon": "0", "Confirmed": 1410, "Deaths": 34, "Recovered": 1187, "Active": 189, "Date": "2020-09-03T00:00:00Z"}, {"Country": "Latvia", "CountryCode": "", "Province": "", "City": "", "CityCode": "", "Lat": "0", "Lon": "0", "Confirmed": 1416, "Deaths": 35, "Recovered": 1187, "Active": 194, "Date": "2020-09-04T00:00:00Z"}, {"Country": "Latvia", "CountryCode": "", "Province": "", "City": "", "CityCode": "", "Lat": "0", "Lon": "0", "Confirmed": 1425, "Deaths": 35, "Recovered": 1187, "Active": 203, "Date": "2020-09-05T00:00:00Z"}, {"Country": "Latvia", "CountryCode": "", "Province": "", "City": "", "CityCode": "", "Lat": "0", "Lon": "0", "Confirmed": 1428, "Deaths": 35, "Recovered": 1187, "Active": 206, "Date": "2020-09-06T00:00:00Z"}, {"Country": "Latvia", "CountryCode": "", "Province": "", "City": "", "CityCode": "", "Lat": "0", "Lon": "0", "Confirmed": 1429, "Deaths": 35, "Recovered": 1187, "Active": 207, "Date": "2020-09-07T00:00:00Z"}, {"Country": "Latvia", "CountryCode": "", "Province": "", "City": "", "CityCode": "", "Lat": "0", "Lon": "0", "Confirmed": 1432, "Deaths": 35, "Recovered": 1187, "Active": 210, "Date": "2020-09-08T00:00:00Z"}, {"Country": "Latvia", "CountryCode": "", "Province": "", "City": "", "CityCode": "", "Lat": "0", "Lon": "0", "Confirmed": 1443, "Deaths": 35, "Recovered": 1234, "Active": 174, "Date": "2020-09-09T00:00:00Z"}, {"Country": "Latvia", "CountryCode": "", "Province": "", "City": "", "CityCode": "", "Lat": "0", "Lon": "0", "Confirmed": 1448, "Deaths": 35, "Recovered": 1248, "Active": 165, "Date": "2020-09-10T00:00:00Z"}, {"Country": "Latvia", "CountryCode": "", "Province": "", "City": "", "CityCode": "", "Lat": "0", "Lon": "0", "Confirmed": 1459, "Deaths": 35, "Recovered": 1248, "Active": 176, "Date": "2020-09-11T00:00:00Z"}, {"Country": "Latvia", "CountryCode": "", "Province": "", "City": "", "CityCode": "", "Lat": "0", "Lon": "0", "Confirmed": 1464, "Deaths": 35, "Recovered": 1248, "Active": 181, "Date": "2020-09-12T00:00:00Z"}, {"Country": "Latvia", "CountryCode": "", "Province": "", "City": "", "CityCode": "", "Lat": "0", "Lon": "0", "Confirmed": 1474, "Deaths": 35, "Recovered": 1248, "Active": 191, "Date": "2020-09-13T00:00:00Z"}, {"Country": "Latvia", "CountryCode": "", "Province": "", "City": "", "CityCode": "", "Lat": "0", "Lon": "0", "Confirmed": 1477, "Deaths": 35, "Recovered": 1248, "Active": 194, "Date": "2020-09-14T00:00:00Z"}, {"Country": "Latvia", "CountryCode": "", "Province": "", "City": "", "CityCode": "", "Lat": "0", "Lon": "0", "Confirmed": 1482, "Deaths": 35, "Recovered": 1248, "Active": 199, "Date": "2020-09-15T00:00:00Z"}, {"Country": "Latvia", "CountryCode": "", "Province": "", "City": "", "CityCode": "", "Lat": "0", "Lon": "0", "Confirmed": 1486, "Deaths": 35, "Recovered": 1248, "Active": 203, "Date": "2020-09-16T00:00:00Z"}, {"Country": "Latvia", "CountryCode": "", "Province": "", "City": "", "CityCode": "", "Lat": "0", "Lon": "0", "Confirmed": 1494, "Deaths": 36, "Recovered": 1248, "Active": 210, "Date": "2020-09-17T00:00:00Z"}, {"Country": "Latvia", "CountryCode": "", "Province": "", "City": "", "CityCode": "", "Lat": "0", "Lon": "0", "Confirmed": 1498, "Deaths": 36, "Recovered": 1248, "Active": 214, "Date": "2020-09-18T00:00:00Z"}, {"Country": "Latvia", "CountryCode": "", "Province": "", "City": "", "CityCode": "", "Lat": "0", "Lon": "0", "Confirmed": 1515, "Deaths": 36, "Recovered": 1248, "Active": 231, "Date": "2020-09-19T00:00:00Z"}, {"Country": "Latvia", "CountryCode": "", "Province": "", "City": "", "CityCode": "", "Lat": "0", "Lon": "0", "Confirmed": 1525, "Deaths": 36, "Recovered": 1248, "Active": 241, "Date": "2020-09-20T00:00:00Z"}, {"Country": "Latvia", "CountryCode": "", "Province": "", "City": "", "CityCode": "", "Lat": "0", "Lon": "0", "Confirmed": 1526, "Deaths": 36, "Recovered": 1248, "Active": 242, "Date": "2020-09-21T00:00:00Z"}, {"Country": "Latvia", "CountryCode": "", "Province": "", "City": "", "CityCode": "", "Lat": "0", "Lon": "0", "Confirmed": 1560, "Deaths": 36, "Recovered": 1248, "Active": 276, "Date": "2020-09-22T00:00:00Z"}, {"Country": "Latvia", "CountryCode": "", "Province": "", "City": "", "CityCode": "", "Lat": "0", "Lon": "0", "Confirmed": 1572, "Deaths": 36, "Recovered": 1248, "Active": 288, "Date": "2020-09-23T00:00:00Z"}, {"Country": "Latvia", "CountryCode": "", "Province": "", "City": "", "CityCode": "", "Lat": "0", "Lon": "0", "Confirmed": 1594, "Deaths": 36, "Recovered": 1248, "Active": 310, "Date": "2020-09-24T00:00:00Z"}, {"Country": "Latvia", "CountryCode": "", "Province": "", "City": "", "CityCode": "", "Lat": "0", "Lon": "0", "Confirmed": 1625, "Deaths": 36, "Recovered": 1282, "Active": 307, "Date": "2020-09-25T00:00:00Z"}, {"Country": "Latvia", "CountryCode": "", "Province": "", "City": "", "CityCode": "", "Lat": "0", "Lon": "0", "Confirmed": 1654, "Deaths": 36, "Recovered": 1304, "Active": 314, "Date": "2020-09-26T00:00:00Z"}, {"Country": "Latvia", "CountryCode": "", "Province": "", "City": "", "CityCode": "", "Lat": "0", "Lon": "0", "Confirmed": 1676, "Deaths": 36, "Recovered": 1304, "Active": 336, "Date": "2020-09-27T00:00:00Z"}, {"Country": "Latvia", "CountryCode": "", "Province": "", "City": "", "CityCode": "", "Lat": "0", "Lon": "0", "Confirmed": 1697, "Deaths": 36, "Recovered": 1304, "Active": 357, "Date": "2020-09-28T00:00:00Z"}, {"Country": "Latvia", "CountryCode": "", "Province": "", "City": "", "CityCode": "", "Lat": "0", "Lon": "0", "Confirmed": 1729, "Deaths": 37, "Recovered": 1307, "Active": 385, "Date": "2020-09-29T00:00:00Z"}, {"Country": "Latvia", "CountryCode": "", "Province": "", "City": "", "CityCode": "", "Lat": "0", "Lon": "0", "Confirmed": 1824, "Deaths": 37, "Recovered": 1307, "Active": 480, "Date": "2020-09-30T00:00:00Z"}, {"Country": "Latvia", "CountryCode": "", "Province": "", "City": "", "CityCode": "", "Lat": "0", "Lon": "0", "Confirmed": 1868, "Deaths": 37, "Recovered": 1307, "Active": 524, "Date": "2020-10-01T00:00:00Z"}, {"Country": "Latvia", "CountryCode": "", "Province": "", "City": "", "CityCode": "", "Lat": "0", "Lon": "0", "Confirmed": 1945, "Deaths": 38, "Recovered": 1307, "Active": 600, "Date": "2020-10-02T00:00:00Z"}, {"Country": "Latvia", "CountryCode": "", "Province": "", "City": "", "CityCode": "", "Lat": "0", "Lon": "0", "Confirmed": 2019, "Deaths": 38, "Recovered": 1307, "Active": 674, "Date": "2020-10-03T00:00:00Z"}, {"Country": "Latvia", "CountryCode": "", "Province": "", "City": "", "CityCode": "", "Lat": "0", "Lon": "0", "Confirmed": 2086, "Deaths": 38, "Recovered": 1307, "Active": 741, "Date": "2020-10-04T00:00:00Z"}, {"Country": "Latvia", "CountryCode": "", "Province": "", "City": "", "CityCode": "", "Lat": "0", "Lon": "0", "Confirmed": 2126, "Deaths": 39, "Recovered": 1307, "Active": 780, "Date": "2020-10-05T00:00:00Z"}, {"Country": "Latvia", "CountryCode": "", "Province": "", "City": "", "CityCode": "", "Lat": "0", "Lon": "0", "Confirmed": 2194, "Deaths": 40, "Recovered": 1322, "Active": 832, "Date": "2020-10-06T00:00:00Z"}, {"Country": "Latvia", "CountryCode": "", "Province": "", "City": "", "CityCode": "", "Lat": "0", "Lon": "0", "Confirmed": 2261, "Deaths": 40, "Recovered": 1322, "Active": 899, "Date": "2020-10-07T00:00:00Z"}, {"Country": "Latvia", "CountryCode": "", "Province": "", "City": "", "CityCode": "", "Lat": "0", "Lon": "0", "Confirmed": 2370, "Deaths": 40, "Recovered": 1322, "Active": 1008, "Date": "2020-10-08T00:00:00Z"}, {"Country": "Latvia", "CountryCode": "", "Province": "", "City": "", "CityCode": "", "Lat": "0", "Lon": "0", "Confirmed": 2507, "Deaths": 40, "Recovered": 1322, "Active": 1145, "Date": "2020-10-09T00:00:00Z"}, {"Country": "Latvia", "CountryCode": "", "Province": "", "City": "", "CityCode": "", "Lat": "0", "Lon": "0", "Confirmed": 2596, "Deaths": 40, "Recovered": 1322, "Active": 1234, "Date": "2020-10-10T00:00:00Z"}, {"Country": "Latvia", "CountryCode": "", "Province": "", "City": "", "CityCode": "", "Lat": "0", "Lon": "0", "Confirmed": 2670, "Deaths": 40, "Recovered": 1322, "Active": 1308, "Date": "2020-10-11T00:00:00Z"}, {"Country": "Latvia", "CountryCode": "", "Province": "", "City": "", "CityCode": "", "Lat": "0", "Lon": "0", "Confirmed": 2765, "Deaths": 40, "Recovered": 1325, "Active": 1400, "Date": "2020-10-12T00:00:00Z"}, {"Country": "Latvia", "CountryCode": "", "Province": "", "City": "", "CityCode": "", "Lat": "0", "Lon": "0", "Confirmed": 2840, "Deaths": 41, "Recovered": 1325, "Active": 1474, "Date": "2020-10-13T00:00:00Z"}, {"Country": "Latvia", "CountryCode": "", "Province": "", "City": "", "CityCode": "", "Lat": "0", "Lon": "0", "Confirmed": 2942, "Deaths": 41, "Recovered": 1325, "Active": 1576, "Date": "2020-10-14T00:00:00Z"}, {"Country": "Latvia", "CountryCode": "", "Province": "", "City": "", "CityCode": "", "Lat": "0", "Lon": "0", "Confirmed": 3056, "Deaths": 41, "Recovered": 1329, "Active": 1686, "Date": "2020-10-15T00:00:00Z"}, {"Country": "Latvia", "CountryCode": "", "Province": "", "City": "", "CityCode": "", "Lat": "0", "Lon": "0", "Confirmed": 3204, "Deaths": 42, "Recovered": 1329, "Active": 1833, "Date": "2020-10-16T00:00:00Z"}, {"Country": "Latvia", "CountryCode": "", "Province": "", "City": "", "CityCode": "", "Lat": "0", "Lon": "0", "Confirmed": 3392, "Deaths": 43, "Recovered": 1329, "Active": 2020, "Date": "2020-10-17T00:00:00Z"}, {"Country": "Latvia", "CountryCode": "", "Province": "", "City": "", "CityCode": "", "Lat": "0", "Lon": "0", "Confirmed": 3450, "Deaths": 44, "Recovered": 1329, "Active": 2077, "Date": "2020-10-18T00:00:00Z"}, {"Country": "Latvia", "CountryCode": "", "Province": "", "City": "", "CityCode": "", "Lat": "0", "Lon": "0", "Confirmed": 3494, "Deaths": 44, "Recovered": 1341, "Active": 2109, "Date": "2020-10-19T00:00:00Z"}, {"Country": "Latvia", "CountryCode": "", "Province": "", "City": "", "CityCode": "", "Lat": "0", "Lon": "0", "Confirmed": 3609, "Deaths": 47, "Recovered": 1341, "Active": 2221, "Date": "2020-10-20T00:00:00Z"}, {"Country": "Latvia", "CountryCode": "", "Province": "", "City": "", "CityCode": "", "Lat": "0", "Lon": "0", "Confirmed": 3797, "Deaths": 47, "Recovered": 1341, "Active": 2409, "Date": "2020-10-21T00:00:00Z"}, {"Country": "Latvia", "CountryCode": "", "Province": "", "City": "", "CityCode": "", "Lat": "0", "Lon": "0", "Confirmed": 3958, "Deaths": 49, "Recovered": 1357, "Active": 2552, "Date": "2020-10-22T00:00:00Z"}, {"Country": "Latvia", "CountryCode": "", "Province": "", "City": "", "CityCode": "", "Lat": "0", "Lon": "0", "Confirmed": 4208, "Deaths": 50, "Recovered": 1357, "Active": 2801, "Date": "2020-10-23T00:00:00Z"}, {"Country": "Latvia", "CountryCode": "", "Province": "", "City": "", "CityCode": "", "Lat": "0", "Lon": "0", "Confirmed": 4467, "Deaths": 54, "Recovered": 1357, "Active": 3056, "Date": "2020-10-24T00:00:00Z"}, {"Country": "Latvia", "CountryCode": "", "Province": "", "City": "", "CityCode": "", "Lat": "0", "Lon": "0", "Confirmed": 4678, "Deaths": 56, "Recovered": 1357, "Active": 3265, "Date": "2020-10-25T00:00:00Z"}, {"Country": "Latvia", "CountryCode": "", "Province": "", "City": "", "CityCode": "", "Lat": "0", "Lon": "0", "Confirmed": 4757, "Deaths": 60, "Recovered": 1357, "Active": 3340, "Date": "2020-10-26T00:00:00Z"}, {"Country": "Latvia", "CountryCode": "", "Province": "", "City": "", "CityCode": "", "Lat": "0", "Lon": "0", "Confirmed": 4893, "Deaths": 63, "Recovered": 1382, "Active": 3448, "Date": "2020-10-27T00:00:00Z"}, {"Country": "Latvia", "CountryCode": "", "Province": "", "City": "", "CityCode": "", "Lat": "0", "Lon": "0", "Confirmed": 5144, "Deaths": 63, "Recovered": 1382, "Active": 3699, "Date": "2020-10-28T00:00:00Z"}, {"Country": "Latvia", "CountryCode": "", "Province": "", "City": "", "CityCode": "", "Lat": "0", "Lon": "0", "Confirmed": 5395, "Deaths": 64, "Recovered": 1406, "Active": 3925, "Date": "2020-10-29T00:00:00Z"}, {"Country": "Latvia", "CountryCode": "", "Province": "", "City": "", "CityCode": "", "Lat": "0", "Lon": "0", "Confirmed": 5679, "Deaths": 69, "Recovered": 1406, "Active": 4204, "Date": "2020-10-30T00:00:00Z"}, {"Country": "Latvia", "CountryCode": "", "Province": "", "City": "", "CityCode": "", "Lat": "0", "Lon": "0", "Confirmed": 5894, "Deaths": 71, "Recovered": 1406, "Active": 4417, "Date": "2020-10-31T00:00:00Z"}, {"Country": "Latvia", "CountryCode": "", "Province": "", "City": "", "CityCode": "", "Lat": "0", "Lon": "0", "Confirmed": 6136, "Deaths": 74, "Recovered": 1406, "Active": 4656, "Date": "2020-11-01T00:00:00Z"}, {"Country": "Latvia", "CountryCode": "", "Province": "", "City": "", "CityCode": "", "Lat": "0", "Lon": "0", "Confirmed": 6268, "Deaths": 77, "Recovered": 1406, "Active": 4785, "Date": "2020-11-02T00:00:00Z"}, {"Country": "Latvia", "CountryCode": "", "Province": "", "City": "", "CityCode": "", "Lat": "0", "Lon": "0", "Confirmed": 6439, "Deaths": 79, "Recovered": 1444, "Active": 4916, "Date": "2020-11-03T00:00:00Z"}, {"Country": "Latvia", "CountryCode": "", "Province": "", "City": "", "CityCode": "", "Lat": "0", "Lon": "0", "Confirmed": 6752, "Deaths": 85, "Recovered": 1444, "Active": 5223, "Date": "2020-11-04T00:00:00Z"}, {"Country": "Latvia", "CountryCode": "", "Province": "", "City": "", "CityCode": "", "Lat": "0", "Lon": "0", "Confirmed": 7119, "Deaths": 88, "Recovered": 1444, "Active": 5587, "Date": "2020-11-05T00:00:00Z"}, {"Country": "Latvia", "CountryCode": "", "Province": "", "City": "", "CityCode": "", "Lat": "0", "Lon": "0", "Confirmed": 7476, "Deaths": 95, "Recovered": 1444, "Active": 5937, "Date": "2020-11-06T00:00:00Z"}, {"Country": "Latvia", "CountryCode": "", "Province": "", "City": "", "CityCode": "", "Lat": "0", "Lon": "0", "Confirmed": 7880, "Deaths": 96, "Recovered": 1444, "Active": 6340, "Date": "2020-11-07T00:00:00Z"}, {"Country": "Latvia", "CountryCode": "", "Province": "", "City": "", "CityCode": "", "Lat": "0", "Lon": "0", "Confirmed": 8095, "Deaths": 99, "Recovered": 1466, "Active": 6530, "Date": "2020-11-08T00:00:00Z"}, {"Country": "Latvia", "CountryCode": "", "Province": "", "City": "", "CityCode": "", "Lat": "0", "Lon": "0", "Confirmed": 8187, "Deaths": 101, "Recovered": 1466, "Active": 6620, "Date": "2020-11-09T00:00:00Z"}, {"Country": "Latvia", "CountryCode": "", "Province": "", "City": "", "CityCode": "", "Lat": "0", "Lon": "0", "Confirmed": 8395, "Deaths": 103, "Recovered": 1471, "Active": 6821, "Date": "2020-11-10T00:00:00Z"}, {"Country": "Latvia", "CountryCode": "", "Province": "", "City": "", "CityCode": "", "Lat": "0", "Lon": "0", "Confirmed": 8848, "Deaths": 105, "Recovered": 1471, "Active": 7272, "Date": "2020-11-11T00:00:00Z"}, {"Country": "Latvia", "CountryCode": "", "Province": "", "City": "", "CityCode": "", "Lat": "0", "Lon": "0", "Confirmed": 9381, "Deaths": 107, "Recovered": 1515, "Active": 7759, "Date": "2020-11-12T00:00:00Z"}, {"Country": "Latvia", "CountryCode": "", "Province": "", "City": "", "CityCode": "", "Lat": "0", "Lon": "0", "Confirmed": 9836, "Deaths": 116, "Recovered": 1515, "Active": 8205, "Date": "2020-11-13T00:00:00Z"}, {"Country": "Latvia", "CountryCode": "", "Province": "", "City": "", "CityCode": "", "Lat": "0", "Lon": "0", "Confirmed": 10231, "Deaths": 121, "Recovered": 1515, "Active": 8595, "Date": "2020-11-14T00:00:00Z"}, {"Country": "Latvia", "CountryCode": "", "Province": "", "City": "", "CityCode": "", "Lat": "0", "Lon": "0", "Confirmed": 10547, "Deaths": 123, "Recovered": 1515, "Active": 8909, "Date": "2020-11-15T00:00:00Z"}, {"Country": "Latvia", "CountryCode": "", "Province": "", "City": "", "CityCode": "", "Lat": "0", "Lon": "0", "Confirmed": 10636, "Deaths": 126, "Recovered": 1515, "Active": 8995, "Date": "2020-11-16T00:00:00Z"}, {"Country": "Latvia", "CountryCode": "", "Province": "", "City": "", "CityCode": "", "Lat": "0", "Lon": "0", "Confirmed": 10914, "Deaths": 132, "Recovered": 1557, "Active": 9225, "Date": "2020-11-17T00:00:00Z"}, {"Country": "Latvia", "CountryCode": "", "Province": "", "City": "", "CityCode": "", "Lat": "0", "Lon": "0", "Confirmed": 11356, "Deaths": 137, "Recovered": 1557, "Active": 9662, "Date": "2020-11-18T00:00:00Z"}, {"Country": "Latvia", "CountryCode": "", "Province": "", "City": "", "CityCode": "", "Lat": "0", "Lon": "0", "Confirmed": 11722, "Deaths": 141, "Recovered": 1557, "Active": 10024, "Date": "2020-11-19T00:00:00Z"}, {"Country": "Latvia", "CountryCode": "", "Province": "", "City": "", "CityCode": "", "Lat": "0", "Lon": "0", "Confirmed": 12102, "Deaths": 146, "Recovered": 1557, "Active": 10399, "Date": "2020-11-20T00:00:00Z"}, {"Country": "Latvia", "CountryCode": "", "Province": "", "City": "", "CityCode": "", "Lat": "0", "Lon": "0", "Confirmed": 12744, "Deaths": 153, "Recovered": 1557, "Active": 11034, "Date": "2020-11-21T00:00:00Z"}, {"Country": "Latvia", "CountryCode": "", "Province": "", "City": "", "CityCode": "", "Lat": "0", "Lon": "0", "Confirmed": 13120, "Deaths": 153, "Recovered": 1635, "Active": 11332, "Date": "2020-11-22T00:00:00Z"}, {"Country": "Latvia", "CountryCode": "", "Province": "", "City": "", "CityCode": "", "Lat": "0", "Lon": "0", "Confirmed": 13236, "Deaths": 162, "Recovered": 1635, "Active": 11439, "Date": "2020-11-23T00:00:00Z"}, {"Country": "Latvia", "CountryCode": "", "Province": "", "City": "", "CityCode": "", "Lat": "0", "Lon": "0", "Confirmed": 13693, "Deaths": 175, "Recovered": 1651, "Active": 11867, "Date": "2020-11-24T00:00:00Z"}, {"Country": "Latvia", "CountryCode": "", "Province": "", "City": "", "CityCode": "", "Lat": "0", "Lon": "0", "Confirmed": 14273, "Deaths": 184, "Recovered": 1686, "Active": 12403, "Date": "2020-11-25T00:00:00Z"}, {"Country": "Latvia", "CountryCode": "", "Province": "", "City": "", "CityCode": "", "Lat": "0", "Lon": "0", "Confirmed": 15171, "Deaths": 188, "Recovered": 1719, "Active": 13264, "Date": "2020-11-26T00:00:00Z"}, {"Country": "Latvia", "CountryCode": "", "Province": "", "City": "", "CityCode": "", "Lat": "0", "Lon": "0", "Confirmed": 15808, "Deaths": 190, "Recovered": 1719, "Active": 13899, "Date": "2020-11-27T00:00:00Z"}, {"Country": "Latvia", "CountryCode": "", "Province": "", "City": "", "CityCode": "", "Lat": "0", "Lon": "0", "Confirmed": 16561, "Deaths": 193, "Recovered": 1719, "Active": 14649, "Date": "2020-11-28T00:00:00Z"}, {"Country": "Latvia", "CountryCode": "", "Province": "", "City": "", "CityCode": "", "Lat": "0", "Lon": "0", "Confirmed": 16975, "Deaths": 197, "Recovered": 1719, "Active": 15059, "Date": "2020-11-29T00:00:00Z"}, {"Country": "Latvia", "CountryCode": "", "Province": "", "City": "", "CityCode": "", "Lat": "0", "Lon": "0", "Confirmed": 17075, "Deaths": 206, "Recovered": 1795, "Active": 15074, "Date": "2020-11-30T00:00:00Z"}, {"Country": "Latvia", "CountryCode": "", "Province": "", "City": "", "CityCode": "", "Lat": "0", "Lon": "0", "Confirmed": 17687, "Deaths": 210, "Recovered": 1806, "Active": 15671, "Date": "2020-12-01T00:00:00Z"}, {"Country": "Latvia", "CountryCode": "", "Province": "", "City": "", "CityCode": "", "Lat": "0", "Lon": "0", "Confirmed": 18377, "Deaths": 224, "Recovered": 1823, "Active": 16330, "Date": "2020-12-02T00:00:00Z"}, {"Country": "Latvia", "CountryCode": "", "Province": "", "City": "", "CityCode": "", "Lat": "0", "Lon": "0", "Confirmed": 19307, "Deaths": 235, "Recovered": 1848, "Active": 17224, "Date": "2020-12-03T00:00:00Z"}, {"Country": "Latvia", "CountryCode": "", "Province": "", "City": "", "CityCode": "", "Lat": "0", "Lon": "0", "Confirmed": 19993, "Deaths": 242, "Recovered": 1849, "Active": 17902, "Date": "2020-12-04T00:00:00Z"}, {"Country": "Latvia", "CountryCode": "", "Province": "", "City": "", "CityCode": "", "Lat": "0", "Lon": "0", "Confirmed": 20787, "Deaths": 253, "Recovered": 1866, "Active": 18668, "Date": "2020-12-05T00:00:00Z"}, {"Country": "Latvia", "CountryCode": "", "Province": "", "City": "", "CityCode": "", "Lat": "0", "Lon": "0", "Confirmed": 21313, "Deaths": 262, "Recovered": 1866, "Active": 19185, "Date": "2020-12-06T00:00:00Z"}, {"Country": "Latvia", "CountryCode": "", "Province": "", "City": "", "CityCode": "", "Lat": "0", "Lon": "0", "Confirmed": 21520, "Deaths": 272, "Recovered": 1866, "Active": 19382, "Date": "2020-12-07T00:00:00Z"}, {"Country": "Latvia", "CountryCode": "", "Province": "", "City": "", "CityCode": "", "Lat": "0", "Lon": "0", "Confirmed": 22104, "Deaths": 288, "Recovered": 1866, "Active": 19950, "Date": "2020-12-08T00:00:00Z"}, {"Country": "Latvia", "CountryCode": "", "Province": "", "City": "", "CityCode": "", "Lat": "0", "Lon": "0", "Confirmed": 22816, "Deaths": 293, "Recovered": 1866, "Active": 20657, "Date": "2020-12-09T00:00:00Z"}, {"Country": "Latvia", "CountryCode": "", "Province": "", "City": "", "CityCode": "", "Lat": "0", "Lon": "0", "Confirmed": 23706, "Deaths": 304, "Recovered": 1866, "Active": 21536, "Date": "2020-12-10T00:00:00Z"}, {"Country": "Latvia", "CountryCode": "", "Province": "", "City": "", "CityCode": "", "Lat": "0", "Lon": "0", "Confirmed": 24386, "Deaths": 319, "Recovered": 1866, "Active": 22201, "Date": "2020-12-11T00:00:00Z"}, {"Country": "Latvia", "CountryCode": "", "Province": "", "City": "", "CityCode": "", "Lat": "0", "Lon": "0", "Confirmed": 25046, "Deaths": 324, "Recovered": 1866, "Active": 22856, "Date": "2020-12-12T00:00:00Z"}, {"Country": "Latvia", "CountryCode": "", "Province": "", "City": "", "CityCode": "", "Lat": "0", "Lon": "0", "Confirmed": 25675, "Deaths": 349, "Recovered": 16778, "Active": 8548, "Date": "2020-12-13T00:00:00Z"}, {"Country": "Latvia", "CountryCode": "", "Province": "", "City": "", "CityCode": "", "Lat": "0", "Lon": "0", "Confirmed": 25885, "Deaths": 352, "Recovered": 16869, "Active": 8664, "Date": "2020-12-14T00:00:00Z"}, {"Country": "Latvia", "CountryCode": "", "Province": "", "City": "", "CityCode": "", "Lat": "0", "Lon": "0", "Confirmed": 26472, "Deaths": 357, "Recovered": 17477, "Active": 8638, "Date": "2020-12-15T00:00:00Z"}, {"Country": "Latvia", "CountryCode": "", "Province": "", "City": "", "CityCode": "", "Lat": "0", "Lon": "0", "Confirmed": 27495, "Deaths": 382, "Recovered": 18153, "Active": 8960, "Date": "2020-12-16T00:00:00Z"}, {"Country": "Latvia", "CountryCode": "", "Province": "", "City": "", "CityCode": "", "Lat": "0", "Lon": "0", "Confirmed": 28535, "Deaths": 394, "Recovered": 19072, "Active": 9069, "Date": "2020-12-17T00:00:00Z"}, {"Country": "Latvia", "CountryCode": "", "Province": "", "City": "", "CityCode": "", "Lat": "0", "Lon": "0", "Confirmed": 29427, "Deaths": 409, "Recovered": 19072, "Active": 9946, "Date": "2020-12-18T00:00:00Z"}, {"Country": "Latvia", "CountryCode": "", "Province": "", "City": "", "CityCode": "", "Lat": "0", "Lon": "0", "Confirmed": 30297, "Deaths": 427, "Recovered": 20534, "Active": 9336, "Date": "2020-12-19T00:00:00Z"}, {"Country": "Latvia", "CountryCode": "", "Province": "", "City": "", "CityCode": "", "Lat": "0", "Lon": "0", "Confirmed": 30940, "Deaths": 439, "Recovered": 21051, "Active": 9450, "Date": "2020-12-20T00:00:00Z"}, {"Country": "Latvia", "CountryCode": "", "Province": "", "City": "", "CityCode": "", "Lat": "0", "Lon": "0", "Confirmed": 31335, "Deaths": 443, "Recovered": 21248, "Active": 9644, "Date": "2020-12-21T00:00:00Z"}, {"Country": "Latvia", "CountryCode": "", "Province": "", "City": "", "CityCode": "", "Lat": "0", "Lon": "0", "Confirmed": 32339, "Deaths": 459, "Recovered": 21816, "Active": 10064, "Date": "2020-12-22T00:00:00Z"}, {"Country": "Latvia", "CountryCode": "", "Province": "", "City": "", "CityCode": "", "Lat": "0", "Lon": "0", "Confirmed": 33484, "Deaths": 479, "Recovered": 22523, "Active": 10482, "Date": "2020-12-23T00:00:00Z"}, {"Country": "Latvia", "CountryCode": "", "Province": "", "City": "", "CityCode": "", "Lat": "0", "Lon": "0", "Confirmed": 34754, "Deaths": 486, "Recovered": 23402, "Active": 10866, "Date": "2020-12-24T00:00:00Z"}, {"Country": "Latvia", "CountryCode": "", "Province": "", "City": "", "CityCode": "", "Lat": "0", "Lon": "0", "Confirmed": 35420, "Deaths": 502, "Recovered": 24067, "Active": 10851, "Date": "2020-12-25T00:00:00Z"}, {"Country": "Latvia", "CountryCode": "", "Province": "", "City": "", "CityCode": "", "Lat": "0", "Lon": "0", "Confirmed": 35819, "Deaths": 515, "Recovered": 24722, "Active": 10582, "Date": "2020-12-26T00:00:00Z"}, {"Country": "Latvia", "CountryCode": "", "Province": "", "City": "", "CityCode": "", "Lat": "0", "Lon": "0", "Confirmed": 36330, "Deaths": 559, "Recovered": 25326, "Active": 10445, "Date": "2020-12-27T00:00:00Z"}, {"Country": "Latvia", "CountryCode": "", "Province": "", "City": "", "CityCode": "", "Lat": "0", "Lon": "0", "Confirmed": 36838, "Deaths": 578, "Recovered": 25533, "Active": 10727, "Date": "2020-12-28T00:00:00Z"}, {"Country": "Latvia", "CountryCode": "", "Province": "", "City": "", "CityCode": "", "Lat": "0", "Lon": "0", "Confirmed": 37676, "Deaths": 603, "Recovered": 26115, "Active": 10958, "Date": "2020-12-29T00:00:00Z"}, {"Country": "Latvia", "CountryCode": "", "Province": "", "City": "", "CityCode": "", "Lat": "0", "Lon": "0", "Confirmed": 39043, "Deaths": 626, "Recovered": 27113, "Active": 11304, "Date": "2020-12-30T00:00:00Z"}, {"Country": "Latvia", "CountryCode": "", "Province": "", "City": "", "CityCode": "", "Lat": "0", "Lon": "0", "Confirmed": 40904, "Deaths": 635, "Recovered": 27113, "Active": 13156, "Date": "2020-12-31T00:00:00Z"}, {"Country": "Latvia", "CountryCode": "", "Province": "", "City": "", "CityCode": "", "Lat": "0", "Lon": "0", "Confirmed": 41615, "Deaths": 644, "Recovered": 29018, "Active": 11953, "Date": "2021-01-01T00:00:00Z"}, {"Country": "Latvia", "CountryCode": "", "Province": "", "City": "", "CityCode": "", "Lat": "0", "Lon": "0", "Confirmed": 41929, "Deaths": 668, "Recovered": 29870, "Active": 11391, "Date": "2021-01-02T00:00:00Z"}, {"Country": "Latvia", "CountryCode": "", "Province": "", "City": "", "CityCode": "", "Lat": "0", "Lon": "0", "Confirmed": 42497, "Deaths": 680, "Recovered": 30501, "Active": 11316, "Date": "2021-01-03T00:00:00Z"}, {"Country": "Latvia", "CountryCode": "", "Province": "", "City": "", "CityCode": "", "Lat": "0", "Lon": "0", "Confirmed": 43118, "Deaths": 692, "Recovered": 30892, "Active": 11534, "Date": "2021-01-04T00:00:00Z"}, {"Country": "Latvia", "CountryCode": "", "Province": "", "City": "", "CityCode": "", "Lat": "0", "Lon": "0", "Confirmed": 43942, "Deaths": 722, "Recovered": 30892, "Active": 12328, "Date": "2021-01-05T00:00:00Z"}, {"Country": "Latvia", "CountryCode": "", "Province": "", "City": "", "CityCode": "", "Lat": "0", "Lon": "0", "Confirmed": 45171, "Deaths": 754, "Recovered": 30892, "Active": 13525, "Date": "2021-01-06T00:00:00Z"}, {"Country": "Latvia", "CountryCode": "", "Province": "", "City": "", "CityCode": "", "Lat": "0", "Lon": "0", "Confirmed": 46545, "Deaths": 790, "Recovered": 34268, "Active": 11487, "Date": "2021-01-07T00:00:00Z"}, {"Country": "Latvia", "CountryCode": "", "Province": "", "City": "", "CityCode": "", "Lat": "0", "Lon": "0", "Confirmed": 47782, "Deaths": 801, "Recovered": 34268, "Active": 12713, "Date": "2021-01-08T00:00:00Z"}, {"Country": "Latvia", "CountryCode": "", "Province": "", "City": "", "CityCode": "", "Lat": "0", "Lon": "0", "Confirmed": 48952, "Deaths": 818, "Recovered": 35304, "Active": 12830, "Date": "2021-01-09T00:00:00Z"}, {"Country": "Latvia", "CountryCode": "", "Province": "", "City": "", "CityCode": "", "Lat": "0", "Lon": "0", "Confirmed": 49568, "Deaths": 849, "Recovered": 35771, "Active": 12948, "Date": "2021-01-10T00:00:00Z"}, {"Country": "Latvia", "CountryCode": "", "Province": "", "City": "", "CityCode": "", "Lat": "0", "Lon": "0", "Confirmed": 49899, "Deaths": 864, "Recovered": 36260, "Active": 12775, "Date": "2021-01-11T00:00:00Z"}, {"Country": "Latvia", "CountryCode": "", "Province": "", "City": "", "CityCode": "", "Lat": "0", "Lon": "0", "Confirmed": 50777, "Deaths": 882, "Recovered": 36260, "Active": 13635, "Date": "2021-01-12T00:00:00Z"}, {"Country": "Latvia", "CountryCode": "", "Province": "", "City": "", "CityCode": "", "Lat": "0", "Lon": "0", "Confirmed": 52032, "Deaths": 909, "Recovered": 36260, "Active": 14863, "Date": "2021-01-13T00:00:00Z"}, {"Country": "Latvia", "CountryCode": "", "Province": "", "City": "", "CityCode": "", "Lat": "0", "Lon": "0", "Confirmed": 52982, "Deaths": 920, "Recovered": 38417, "Active": 13645, "Date": "2021-01-14T00:00:00Z"}, {"Country": "Latvia", "CountryCode": "", "Province": "", "City": "", "CityCode": "", "Lat": "0", "Lon": "0", "Confirmed": 54066, "Deaths": 935, "Recovered": 40971, "Active": 12160, "Date": "2021-01-15T00:00:00Z"}, {"Country": "Latvia", "CountryCode": "", "Province": "", "City": "", "CityCode": "", "Lat": "0", "Lon": "0", "Confirmed": 55097, "Deaths": 961, "Recovered": 41261, "Active": 12875, "Date": "2021-01-16T00:00:00Z"}, {"Country": "Latvia", "CountryCode": "", "Province": "", "City": "", "CityCode": "", "Lat": "0", "Lon": "0", "Confirmed": 55664, "Deaths": 978, "Recovered": 41817, "Active": 12869, "Date": "2021-01-17T00:00:00Z"}, {"Country": "Latvia", "CountryCode": "", "Province": "", "City": "", "CityCode": "", "Lat": "0", "Lon": "0", "Confirmed": 55908, "Deaths": 983, "Recovered": 42426, "Active": 12499, "Date": "2021-01-18T00:00:00Z"}, {"Country": "Latvia", "CountryCode": "", "Province": "", "City": "", "CityCode": "", "Lat": "0", "Lon": "0", "Confirmed": 56720, "Deaths": 1012, "Recovered": 42426, "Active": 13282, "Date": "2021-01-19T00:00:00Z"}, {"Country": "Latvia", "CountryCode": "", "Province": "", "City": "", "CityCode": "", "Lat": "0", "Lon": "0", "Confirmed": 57808, "Deaths": 1032, "Recovered": 42517, "Active": 14259, "Date": "2021-01-20T00:00:00Z"}, {"Country": "Latvia", "CountryCode": "", "Province": "", "City": "", "CityCode": "", "Lat": "0", "Lon": "0", "Confirmed": 58710, "Deaths": 1057, "Recovered": 42517, "Active": 15136, "Date": "2021-01-21T00:00:00Z"}, {"Country": "Latvia", "CountryCode": "", "Province": "", "City": "", "CityCode": "", "Lat": "0", "Lon": "0", "Confirmed": 59586, "Deaths": 1076, "Recovered": 46981, "Active": 11529, "Date": "2021-01-22T00:00:00Z"}, {"Country": "Latvia", "CountryCode": "", "Province": "", "City": "", "CityCode": "", "Lat": "0", "Lon": "0", "Confirmed": 60496, "Deaths": 1097, "Recovered": 48134, "Active": 11265, "Date": "2021-01-23T00:00:00Z"}, {"Country": "Latvia", "CountryCode": "", "Province": "", "City": "", "CityCode": "", "Lat": "0", "Lon": "0", "Confirmed": 61008, "Deaths": 1111, "Recovered": 48134, "Active": 11763, "Date": "2021-01-24T00:00:00Z"}, {"Country": "Latvia", "CountryCode": "", "Province": "", "City": "", "CityCode": "", "Lat": "0", "Lon": "0", "Confirmed": 61231, "Deaths": 1114, "Recovered": 49035, "Active": 11082, "Date": "2021-01-25T00:00:00Z"}, {"Country": "Latvia", "CountryCode": "", "Province": "", "City": "", "CityCode": "", "Lat": "0", "Lon": "0", "Confirmed": 61924, "Deaths": 1126, "Recovered": 49035, "Active": 11763, "Date": "2021-01-26T00:00:00Z"}, {"Country": "Latvia", "CountryCode": "", "Province": "", "City": "", "CityCode": "", "Lat": "0", "Lon": "0", "Confirmed": 63027, "Deaths": 1138, "Recovered": 51123, "Active": 10766, "Date": "2021-01-27T00:00:00Z"}, {"Country": "Latvia", "CountryCode": "", "Province": "", "City": "", "CityCode": "", "Lat": "0", "Lon": "0", "Confirmed": 63992, "Deaths": 1148, "Recovered": 52062, "Active": 10782, "Date": "2021-01-28T00:00:00Z"}, {"Country": "Latvia", "CountryCode": "", "Province": "", "City": "", "CityCode": "", "Lat": "0", "Lon": "0", "Confirmed": 64923, "Deaths": 1166, "Recovered": 53131, "Active": 10626, "Date": "2021-01-29T00:00:00Z"}, {"Country": "Latvia", "CountryCode": "", "Province": "", "City": "", "CityCode": "", "Lat": "0", "Lon": "0", "Confirmed": 65708, "Deaths": 1180, "Recovered": 54136, "Active": 10392, "Date": "2021-01-30T00:00:00Z"}, {"Country": "Latvia", "CountryCode": "", "Province": "", "City": "", "CityCode": "", "Lat": "0", "Lon": "0", "Confirmed": 66241, "Deaths": 1195, "Recovered": 54686, "Active": 10360, "Date": "2021-01-31T00:00:00Z"}, {"Country": "Latvia", "CountryCode": "", "Province": "", "City": "", "CityCode": "", "Lat": "0", "Lon": "0", "Confirmed": 66652, "Deaths": 1202, "Recovered": 54925, "Active": 10525, "Date": "2021-02-01T00:00:00Z"}, {"Country": "Latvia", "CountryCode": "", "Province": "", "City": "", "CityCode": "", "Lat": "0", "Lon": "0", "Confirmed": 67427, "Deaths": 1219, "Recovered": 55708, "Active": 10500, "Date": "2021-02-02T00:00:00Z"}, {"Country": "Latvia", "CountryCode": "", "Province": "", "City": "", "CityCode": "", "Lat": "0", "Lon": "0", "Confirmed": 68658, "Deaths": 1250, "Recovered": 55708, "Active": 11700, "Date": "2021-02-03T00:00:00Z"}, {"Country": "Latvia", "CountryCode": "", "Province": "", "City": "", "CityCode": "", "Lat": "0", "Lon": "0", "Confirmed": 69400, "Deaths": 1281, "Recovered": 55708, "Active": 12411, "Date": "2021-02-04T00:00:00Z"}, {"Country": "Latvia", "CountryCode": "", "Province": "", "City": "", "CityCode": "", "Lat": "0", "Lon": "0", "Confirmed": 70276, "Deaths": 1309, "Recovered": 57653, "Active": 11314, "Date": "2021-02-05T00:00:00Z"}, {"Country": "Latvia", "CountryCode": "", "Province": "", "City": "", "CityCode": "", "Lat": "0", "Lon": "0", "Confirmed": 71320, "Deaths": 1327, "Recovered": 59399, "Active": 10594, "Date": "2021-02-06T00:00:00Z"}, {"Country": "Latvia", "CountryCode": "", "Province": "", "City": "", "CityCode": "", "Lat": "0", "Lon": "0", "Confirmed": 71800, "Deaths": 1339, "Recovered": 59897, "Active": 10564, "Date": "2021-02-07T00:00:00Z"}, {"Country": "Latvia", "CountryCode": "", "Province": "", "City": "", "CityCode": "", "Lat": "0", "Lon": "0", "Confirmed": 72088, "Deaths": 1347, "Recovered": 60117, "Active": 10624, "Date": "2021-02-08T00:00:00Z"}, {"Country": "Latvia", "CountryCode": "", "Province": "", "City": "", "CityCode": "", "Lat": "0", "Lon": "0", "Confirmed": 72869, "Deaths": 1363, "Recovered": 60798, "Active": 10708, "Date": "2021-02-09T00:00:00Z"}, {"Country": "Latvia", "CountryCode": "", "Province": "", "City": "", "CityCode": "", "Lat": "0", "Lon": "0", "Confirmed": 73859, "Deaths": 1395, "Recovered": 61889, "Active": 10575, "Date": "2021-02-10T00:00:00Z"}, {"Country": "Latvia", "CountryCode": "", "Province": "", "City": "", "CityCode": "", "Lat": "0", "Lon": "0", "Confirmed": 74701, "Deaths": 1416, "Recovered": 62844, "Active": 10441, "Date": "2021-02-11T00:00:00Z"}, {"Country": "Latvia", "CountryCode": "", "Province": "", "City": "", "CityCode": "", "Lat": "0", "Lon": "0", "Confirmed": 75509, "Deaths": 1431, "Recovered": 62844, "Active": 11234, "Date": "2021-02-12T00:00:00Z"}, {"Country": "Latvia", "CountryCode": "", "Province": "", "City": "", "CityCode": "", "Lat": "0", "Lon": "0", "Confirmed": 76282, "Deaths": 1443, "Recovered": 64528, "Active": 10311, "Date": "2021-02-13T00:00:00Z"}, {"Country": "Latvia", "CountryCode": "", "Province": "", "City": "", "CityCode": "", "Lat": "0", "Lon": "0", "Confirmed": 76706, "Deaths": 1451, "Recovered": 65046, "Active": 10209, "Date": "2021-02-14T00:00:00Z"}, {"Country": "Latvia", "CountryCode": "", "Province": "", "City": "", "CityCode": "", "Lat": "0", "Lon": "0", "Confirmed": 76984, "Deaths": 1468, "Recovered": 65450, "Active": 10066, "Date": "2021-02-15T00:00:00Z"}, {"Country": "Latvia", "CountryCode": "", "Province": "", "City": "", "CityCode": "", "Lat": "0", "Lon": "0", "Confirmed": 77697, "Deaths": 1486, "Recovered": 65450, "Active": 10761, "Date": "2021-02-16T00:00:00Z"}, {"Country": "Latvia", "CountryCode": "", "Province": "", "City": "", "CityCode": "", "Lat": "0", "Lon": "0", "Confirmed": 78643, "Deaths": 1508, "Recovered": 66208, "Active": 10927, "Date": "2021-02-17T00:00:00Z"}, {"Country": "Latvia", "CountryCode": "", "Province": "", "City": "", "CityCode": "", "Lat": "0", "Lon": "0", "Confirmed": 79351, "Deaths": 1521, "Recovered": 68119, "Active": 9711, "Date": "2021-02-18T00:00:00Z"}, {"Country": "Latvia", "CountryCode": "", "Province": "", "City": "", "CityCode": "", "Lat": "0", "Lon": "0", "Confirmed": 80040, "Deaths": 1533, "Recovered": 68967, "Active": 9540, "Date": "2021-02-19T00:00:00Z"}, {"Country": "Latvia", "CountryCode": "", "Province": "", "City": "", "CityCode": "", "Lat": "0", "Lon": "0", "Confirmed": 81109, "Deaths": 1538, "Recovered": 69993, "Active": 9578, "Date": "2021-02-20T00:00:00Z"}, {"Country": "Latvia", "CountryCode": "", "Province": "", "City": "", "CityCode": "", "Lat": "0", "Lon": "0", "Confirmed": 81519, "Deaths": 1542, "Recovered": 69993, "Active": 9984, "Date": "2021-02-21T00:00:00Z"}, {"Country": "Latvia", "CountryCode": "", "Province": "", "City": "", "CityCode": "", "Lat": "0", "Lon": "0", "Confirmed": 81793, "Deaths": 1546, "Recovered": 70741, "Active": 9506, "Date": "2021-02-22T00:00:00Z"}, {"Country": "Latvia", "CountryCode": "", "Province": "", "City": "", "CityCode": "", "Lat": "0", "Lon": "0", "Confirmed": 82462, "Deaths": 1570, "Recovered": 71506, "Active": 9386, "Date": "2021-02-23T00:00:00Z"}, {"Country": "Latvia", "CountryCode": "", "Province": "", "City": "", "CityCode": "", "Lat": "0", "Lon": "0", "Confirmed": 83445, "Deaths": 1587, "Recovered": 72462, "Active": 9396, "Date": "2021-02-24T00:00:00Z"}, {"Country": "Latvia", "CountryCode": "", "Province": "", "City": "", "CityCode": "", "Lat": "0", "Lon": "0", "Confirmed": 84258, "Deaths": 1593, "Recovered": 73285, "Active": 9380, "Date": "2021-02-25T00:00:00Z"}, {"Country": "Latvia", "CountryCode": "", "Province": "", "City": "", "CityCode": "", "Lat": "0", "Lon": "0", "Confirmed": 84983, "Deaths": 1601, "Recovered": 74078, "Active": 9304, "Date": "2021-02-26T00:00:00Z"}, {"Country": "Latvia", "CountryCode": "", "Province": "", "City": "", "CityCode": "", "Lat": "0", "Lon": "0", "Confirmed": 85810, "Deaths": 1614, "Recovered": 74839, "Active": 9357, "Date": "2021-02-27T00:00:00Z"}, {"Country": "Latvia", "CountryCode": "", "Province": "", "City": "", "CityCode": "", "Lat": "0", "Lon": "0", "Confirmed": 86186, "Deaths": 1618, "Recovered": 75255, "Active": 9313, "Date": "2021-02-28T00:00:00Z"}, {"Country": "Latvia", "CountryCode": "", "Province": "", "City": "", "CityCode": "", "Lat": "0", "Lon": "0", "Confirmed": 86458, "Deaths": 1621, "Recovered": 75255, "Active": 9582, "Date": "2021-03-01T00:00:00Z"}, {"Country": "Latvia", "CountryCode": "", "Province": "", "City": "", "CityCode": "", "Lat": "0", "Lon": "0", "Confirmed": 87103, "Deaths": 1638, "Recovered": 76211, "Active": 9254, "Date": "2021-03-02T00:00:00Z"}, {"Country": "Latvia", "CountryCode": "", "Province": "", "City": "", "CityCode": "", "Lat": "0", "Lon": "0", "Confirmed": 88022, "Deaths": 1654, "Recovered": 77135, "Active": 9233, "Date": "2021-03-03T00:00:00Z"}, {"Country": "Latvia", "CountryCode": "", "Province": "", "City": "", "CityCode": "", "Lat": "0", "Lon": "0", "Confirmed": 88668, "Deaths": 1666, "Recovered": 77830, "Active": 9172, "Date": "2021-03-04T00:00:00Z"}, {"Country": "Latvia", "CountryCode": "", "Province": "", "City": "", "CityCode": "", "Lat": "0", "Lon": "0", "Confirmed": 89414, "Deaths": 1680, "Recovered": 78507, "Active": 9227, "Date": "2021-03-05T00:00:00Z"}, {"Country": "Latvia", "CountryCode": "", "Province": "", "City": "", "CityCode": "", "Lat": "0", "Lon": "0", "Confirmed": 90009, "Deaths": 1687, "Recovered": 78507, "Active": 9815, "Date": "2021-03-06T00:00:00Z"}, {"Country": "Latvia", "CountryCode": "", "Province": "", "City": "", "CityCode": "", "Lat": "0", "Lon": "0", "Confirmed": 90331, "Deaths": 1695, "Recovered": 78507, "Active": 88636, "Date": "2021-03-07T00:00:00Z"}, {"Country": "Latvia", "CountryCode": "", "Province": "", "City": "", "CityCode": "", "Lat": "0", "Lon": "0", "Confirmed": 90525, "Deaths": 1699, "Recovered": 80247, "Active": 8579, "Date": "2021-03-08T00:00:00Z"}, {"Country": "Latvia", "CountryCode": "", "Province": "", "City": "", "CityCode": "", "Lat": "0", "Lon": "0", "Confirmed": 90997, "Deaths": 1705, "Recovered": 80892, "Active": 8400, "Date": "2021-03-09T00:00:00Z"}, {"Country": "Latvia", "CountryCode": "", "Province": "", "City": "", "CityCode": "", "Lat": "0", "Lon": "0", "Confirmed": 91636, "Deaths": 1726, "Recovered": 81858, "Active": 8052, "Date": "2021-03-10T00:00:00Z"}, {"Country": "Latvia", "CountryCode": "", "Province": "", "City": "", "CityCode": "", "Lat": "0", "Lon": "0", "Confirmed": 92274, "Deaths": 1737, "Recovered": 82665, "Active": 7872, "Date": "2021-03-11T00:00:00Z"}, {"Country": "Latvia", "CountryCode": "", "Province": "", "City": "", "CityCode": "", "Lat": "0", "Lon": "0", "Confirmed": 92906, "Deaths": 1746, "Recovered": 83382, "Active": 7778, "Date": "2021-03-12T00:00:00Z"}, {"Country": "Latvia", "CountryCode": "", "Province": "", "City": "", "CityCode": "", "Lat": "0", "Lon": "0", "Confirmed": 93484, "Deaths": 1757, "Recovered": 84196, "Active": 7531, "Date": "2021-03-13T00:00:00Z"}]