[{"Country": "Lithuania", "CountryCode": "", "Province": "", "City": "", "CityCode": "", "Lat": "0", "Lon": "0", "Confirmed": 1, "Deaths": 0, "Recovered": 0, "Active": 1, "Date": "2020-02-29T00:00:00Z"}, {"Country": "Lithuania", "CountryCode": "", "Province": "", "City": "", "CityCode": "", "Lat": "0", "Lon": "0", "Confirmed": 1, "Deaths": 0, "Recovered": 0, "Active": 1, "Date": "2020-03-01T00:00:00Z"}, {"Country": "Lithuania", "CountryCode": "", "Province": "", "City": "", "CityCode": "", "Lat": "0", "Lon": "0", "Confirmed": 1, "Deaths": 0, "Recovered": 0, "Active": 1, "Date": "2020-03-02T00:00:00Z"}, {"Country": "Lithuania", "CountryCode": "", "Province": "", "City": "", "CityCode": "", "Lat": "0", "Lon": "0", "Confirmed": 1, "Deaths": 0, "Recovered": 0, "Active": 1, "Date": "2020-03-03T00:00:00Z"}, {"Country": "Lithuania", "CountryCode": "", "Province": "", "City": "", "CityCode": "", "Lat": "0", "Lon": "0", "Confirmed": 1, "Deaths": 0, "Recovered": 0, "Active": 1, "Date": "2020-03-04T00:00:00Z"}, {"Country": "Lithuania", "CountryCode": "", "Province": "", "City": "", "CityCode": "", "Lat": "0", "Lon": "0", "Confirmed": 1, "Deaths": 0, "Recovered": 0, "Active": 1, "Date": "2020-03-05T00:00:00Z"}, {"Country": "Lithuania", "CountryCode": "", "Province": "", "City": "", "CityCode": "", "Lat": "0", "Lon": "0", "Confirmed": 1, "Deaths": 0, "Recovered": 0, "Active": 1, "Date": "2020-03-06T00:00:00Z"}, {"Country": "Lithuania", "CountryCode": "", "Province": "", "City": "", "CityCode": "", "Lat": "0", "Lon": "0", "Confirmed": 1, "Deaths": 0, "Recovered": 0, "Active": 1, "Date": "2020-03-07T00:00:00Z"}, {"Country": "Lithuania", "CountryCode": "", "Province": "", "City": "", "CityCode": "", "Lat": "0", "Lon": "0", "Confirmed": 1, "Deaths": 0, "Recovered": 0, "Active": 1, "Date": "2020-03-08T00:00:00Z"}, {"Country": "Lithuania", "CountryCode": "", "Province": "", "City": "", "CityCode": "", "Lat": "0", "Lon": "0", "Confirmed": 1, "Deaths": 0, "Recovered": 0, "Active": 1, "Date": "2020-03-09T00:00:00Z"}, {"Country": "Lithuania", "CountryCode": "", "Province": "", "City": "", "CityCode": "", "Lat": "0", "Lon": "0", "Confirmed": 1, "Deaths": 0, "Recovered": 0, "Active": 1, "Date": "2020-03-10T00:00:00Z"}, {"Country": "Lithuania", "CountryCode": "", "Province": "", "City": "", "CityCode": "", "Lat": "0", "Lon": "0", "Confirmed": 3, "Deaths": 0, "Recovered": 0, "Active": 3, "Date": "2020-03-11T00:00:00Z"}, {"Country": "Lithuania", "CountryCode": "", "Province": "", "City": "", "CityCode": "", "Lat": "0", "Lon": "0", "Confirmed": 3, "Deaths": 0, "Recovered": 0, "Active": 3, "Date": "2020-03-12T00:00:00Z"}, {"Country": "Lithuania", "CountryCode": "", "Province": "", "City": "", "CityCode": "", "Lat": "0", "Lon": "0", "Confirmed": 4, "Deaths": 0, "Recovered": 0, "Active": 6, "Date": "2020-03-13T00:00:00Z"}, {"Country": "Lithuania", "CountryCode": "", "Province": "", "City": "", "CityCode": "", "Lat": "0", "Lon": "0", "Confirmed": 6, "Deaths": 0, "Recovered": 1, "Active": 8, "Date": "2020-03-14T00:00:00Z"}, {"Country": "Lithuania", "CountryCode": "", "Province": "", "City": "", "CityCode": "", "Lat": "0", "Lon": "0", "Confirmed": 9, "Deaths": 0, "Recovered": 1, "Active": 11, "Date": "2020-03-15T00:00:00Z"}, {"Country": "Lithuania", "CountryCode": "", "Province": "", "City": "", "CityCode": "", "Lat": "0", "Lon": "0", "Confirmed": 12, "Deaths": 0, "Recovered": 1, "Active": 16, "Date": "2020-03-16T00:00:00Z"}, {"Country": "Lithuania", "CountryCode": "", "Province": "", "City": "", "CityCode": "", "Lat": "0", "Lon": "0", "Confirmed": 19, "Deaths": 0, "Recovered": 1, "Active": 24, "Date": "2020-03-17T00:00:00Z"}, {"Country": "Lithuania", "CountryCode": "", "Province": "", "City": "", "CityCode": "", "Lat": "0", "Lon": "0", "Confirmed": 27, "Deaths": 0, "Recovered": 1, "Active": 26, "Date": "2020-03-18T00:00:00Z"}, {"Country": "Lithuania", "CountryCode": "", "Province": "", "City": "", "CityCode": "", "Lat": "0", "Lon": "0", "Confirmed": 36, "Deaths": 0, "Recovered": 0, "Active": 35, "Date": "2020-03-19T00:00:00Z"}, {"Country": "Lithuania", "CountryCode": "", "Province": "", "City": "", "CityCode": "", "Lat": "0", "Lon": "0", "Confirmed": 47, "Deaths": 0, "Recovered": 0, "Active": 48, "Date": "2020-03-20T00:00:00Z"}, {"Country": "Lithuania", "CountryCode": "", "Province": "", "City": "", "CityCode": "", "Lat": "0", "Lon": "0", "Confirmed": 69, "Deaths": 0, "Recovered": 0, "Active": 81, "Date": "2020-03-21T00:00:00Z"}, {"Country": "Lithuania", "CountryCode": "", "Province": "", "City": "", "CityCode": "", "Lat": "0", "Lon": "0", "Confirmed": 111, "Deaths": 0, "Recovered": 0, "Active": 141, "Date": "2020-03-22T00:00:00Z"}, {"Country": "Lithuania", "CountryCode": "", "Province": "", "City": "", "CityCode": "", "Lat": "0", "Lon": "0", "Confirmed": 128, "Deaths": 0, "Recovered": 0, "Active": 177, "Date": "2020-03-23T00:00:00Z"}, {"Country": "Lithuania", "CountryCode": "", "Province": "", "City": "", "CityCode": "", "Lat": "0", "Lon": "0", "Confirmed": 166, "Deaths": 1, "Recovered": 0, "Active": 206, "Date": "2020-03-24T00:00:00Z"}, {"Country": "Lithuania", "CountryCode": "", "Province": "", "City": "", "CityCode": "", "Lat": "0", "Lon": "0", "Confirmed": 208, "Deaths": 2, "Recovered": 0, "Active": 269, "Date": "2020-03-25T00:00:00Z"}, {"Country": "Lithuania", "CountryCode": "", "Province": "", "City": "", "CityCode": "", "Lat": "0", "Lon": "0", "Confirmed": 263, "Deaths": 3, "Recovered": 0, "Active": 294, "Date": "2020-03-26T00:00:00Z"}, {"Country": "Lithuania", "CountryCode": "", "Province": "", "City": "", "CityCode": "", "Lat": "0", "Lon": "0", "Confirmed": 292, "Deaths": 4, "Recovered": 0, "Active": 352, "Date": "2020-03-27T00:00:00Z"}, {"Country": "Lithuania", "CountryCode": "", "Province": "", "City": "", "CityCode": "", "Lat": "0", "Lon": "0", "Confirmed": 339, "Deaths": 4, "Recovered": 0, "Active": 386, "Date": "2020-03-28T00:00:00Z"}, {"Country": "Lithuania", "CountryCode": "", "Province": "", "City": "", "CityCode": "", "Lat": "0", "Lon": "0", "Confirmed": 378, "Deaths": 4, "Recovered": 0, "Active": 452, "Date": "2020-03-29T00:00:00Z"}, {"Country": "Lithuania", "CountryCode": "", "Province": "", "City": "", "CityCode": "", "Lat": "0", "Lon": "0", "Confirmed": 424, "Deaths": 4, "Recovered": 0, "Active": 477, "Date": "2020-03-30T00:00:00Z"}, {"Country": "Lithuania", "CountryCode": "", "Province": "", "City": "", "CityCode": "", "Lat": "0", "Lon": "0", "Confirmed": 468, "Deaths": 4, "Recovered": 0, "Active": 522, "Date": "2020-03-31T00:00:00Z"}, {"Country": "Lithuania", "CountryCode": "", "Province": "", "City": "", "CityCode": "", "Lat": "0", "Lon": "0", "Confirmed": 512, "Deaths": 6, "Recovered": 0, "Active": 566, "Date": "2020-04-01T00:00:00Z"}, {"Country": "Lithuania", "CountryCode": "", "Province": "", "City": "", "CityCode": "", "Lat": "0", "Lon": "0", "Confirmed": 579, "Deaths": 6, "Recovered": 0, "Active": 633, "Date": "2020-04-02T00:00:00Z"}, {"Country": "Lithuania", "CountryCode": "", "Province": "", "City": "", "CityCode": "", "Lat": "0", "Lon": "0", "Confirmed": 631, "Deaths": 6, "Recovered": 0, "Active": 680, "Date": "2020-04-03T00:00:00Z"}, {"Country": "Lithuania", "CountryCode": "", "Province": "", "City": "", "CityCode": "", "Lat": "0", "Lon": "0", "Confirmed": 683, "Deaths": 7, "Recovered": 0, "Active": 753, "Date": "2020-04-04T00:00:00Z"}, {"Country": "Lithuania", "CountryCode": "", "Province": "", "City": "", "CityCode": "", "Lat": "0", "Lon": "0", "Confirmed": 716, "Deaths": 8, "Recovered": 0, "Active": 791, "Date": "2020-04-05T00:00:00Z"}, {"Country": "Lithuania", "CountryCode": "", "Province": "", "City": "", "CityCode": "", "Lat": "0", "Lon": "0", "Confirmed": 750, "Deaths": 10, "Recovered": 0, "Active": 820, "Date": "2020-04-06T00:00:00Z"}, {"Country": "Lithuania", "CountryCode": "", "Province": "", "City": "", "CityCode": "", "Lat": "0", "Lon": "0", "Confirmed": 783, "Deaths": 11, "Recovered": 0, "Active": 857, "Date": "2020-04-07T00:00:00Z"}, {"Country": "Lithuania", "CountryCode": "", "Province": "", "City": "", "CityCode": "", "Lat": "0", "Lon": "0", "Confirmed": 821, "Deaths": 11, "Recovered": 1, "Active": 889, "Date": "2020-04-08T00:00:00Z"}, {"Country": "Lithuania", "CountryCode": "", "Province": "", "City": "", "CityCode": "", "Lat": "0", "Lon": "0", "Confirmed": 858, "Deaths": 11, "Recovered": 2, "Active": 931, "Date": "2020-04-09T00:00:00Z"}, {"Country": "Lithuania", "CountryCode": "", "Province": "", "City": "", "CityCode": "", "Lat": "0", "Lon": "0", "Confirmed": 896, "Deaths": 12, "Recovered": 2, "Active": 923, "Date": "2020-04-10T00:00:00Z"}, {"Country": "Lithuania", "CountryCode": "", "Province": "", "City": "", "CityCode": "", "Lat": "0", "Lon": "0", "Confirmed": 926, "Deaths": 13, "Recovered": 2, "Active": 949, "Date": "2020-04-11T00:00:00Z"}, {"Country": "Lithuania", "CountryCode": "", "Province": "", "City": "", "CityCode": "", "Lat": "0", "Lon": "0", "Confirmed": 952, "Deaths": 14, "Recovered": 2, "Active": 933, "Date": "2020-04-12T00:00:00Z"}, {"Country": "Lithuania", "CountryCode": "", "Province": "", "City": "", "CityCode": "", "Lat": "0", "Lon": "0", "Confirmed": 970, "Deaths": 15, "Recovered": 5, "Active": 937, "Date": "2020-04-13T00:00:00Z"}, {"Country": "Lithuania", "CountryCode": "", "Province": "", "City": "", "CityCode": "", "Lat": "0", "Lon": "0", "Confirmed": 977, "Deaths": 16, "Recovered": 7, "Active": 940, "Date": "2020-04-14T00:00:00Z"}, {"Country": "Lithuania", "CountryCode": "", "Province": "", "City": "", "CityCode": "", "Lat": "0", "Lon": "0", "Confirmed": 995, "Deaths": 20, "Recovered": 9, "Active": 923, "Date": "2020-04-15T00:00:00Z"}, {"Country": "Lithuania", "CountryCode": "", "Province": "", "City": "", "CityCode": "", "Lat": "0", "Lon": "0", "Confirmed": 1022, "Deaths": 20, "Recovered": 16, "Active": 918, "Date": "2020-04-16T00:00:00Z"}, {"Country": "Lithuania", "CountryCode": "", "Province": "", "City": "", "CityCode": "", "Lat": "0", "Lon": "0", "Confirmed": 1050, "Deaths": 21, "Recovered": 41, "Active": 906, "Date": "2020-04-17T00:00:00Z"}, {"Country": "Lithuania", "CountryCode": "", "Province": "", "City": "", "CityCode": "", "Lat": "0", "Lon": "0", "Confirmed": 1091, "Deaths": 22, "Recovered": 66, "Active": 978, "Date": "2020-04-18T00:00:00Z"}, {"Country": "Lithuania", "CountryCode": "", "Province": "", "City": "", "CityCode": "", "Lat": "0", "Lon": "0", "Confirmed": 1153, "Deaths": 23, "Recovered": 98, "Active": 1021, "Date": "2020-04-19T00:00:00Z"}, {"Country": "Lithuania", "CountryCode": "", "Province": "", "City": "", "CityCode": "", "Lat": "0", "Lon": "0", "Confirmed": 1173, "Deaths": 26, "Recovered": 122, "Active": 1047, "Date": "2020-04-20T00:00:00Z"}, {"Country": "Lithuania", "CountryCode": "", "Province": "", "City": "", "CityCode": "", "Lat": "0", "Lon": "0", "Confirmed": 1226, "Deaths": 26, "Recovered": 179, "Active": 1014, "Date": "2020-04-21T00:00:00Z"}, {"Country": "Lithuania", "CountryCode": "", "Province": "", "City": "", "CityCode": "", "Lat": "0", "Lon": "0", "Confirmed": 1250, "Deaths": 27, "Recovered": 195, "Active": 975, "Date": "2020-04-22T00:00:00Z"}, {"Country": "Lithuania", "CountryCode": "", "Province": "", "City": "", "CityCode": "", "Lat": "0", "Lon": "0", "Confirmed": 1272, "Deaths": 27, "Recovered": 236, "Active": 959, "Date": "2020-04-23T00:00:00Z"}, {"Country": "Lithuania", "CountryCode": "", "Province": "", "City": "", "CityCode": "", "Lat": "0", "Lon": "0", "Confirmed": 1291, "Deaths": 28, "Recovered": 270, "Active": 940, "Date": "2020-04-24T00:00:00Z"}, {"Country": "Lithuania", "CountryCode": "", "Province": "", "City": "", "CityCode": "", "Lat": "0", "Lon": "0", "Confirmed": 1301, "Deaths": 29, "Recovered": 287, "Active": 925, "Date": "2020-04-25T00:00:00Z"}, {"Country": "Lithuania", "CountryCode": "", "Province": "", "City": "", "CityCode": "", "Lat": "0", "Lon": "0", "Confirmed": 1316, "Deaths": 31, "Recovered": 365, "Active": 930, "Date": "2020-04-26T00:00:00Z"}, {"Country": "Lithuania", "CountryCode": "", "Province": "", "City": "", "CityCode": "", "Lat": "0", "Lon": "0", "Confirmed": 1328, "Deaths": 32, "Recovered": 408, "Active": 934, "Date": "2020-04-27T00:00:00Z"}, {"Country": "Lithuania", "CountryCode": "", "Province": "", "City": "", "CityCode": "", "Lat": "0", "Lon": "0", "Confirmed": 1337, "Deaths": 32, "Recovered": 474, "Active": 764, "Date": "2020-04-28T00:00:00Z"}, {"Country": "Lithuania", "CountryCode": "", "Province": "", "City": "", "CityCode": "", "Lat": "0", "Lon": "0", "Confirmed": 1364, "Deaths": 32, "Recovered": 530, "Active": 767, "Date": "2020-04-29T00:00:00Z"}, {"Country": "Lithuania", "CountryCode": "", "Province": "", "City": "", "CityCode": "", "Lat": "0", "Lon": "0", "Confirmed": 1375, "Deaths": 32, "Recovered": 577, "Active": 751, "Date": "2020-04-30T00:00:00Z"}, {"Country": "Lithuania", "CountryCode": "", "Province": "", "City": "", "CityCode": "", "Lat": "0", "Lon": "0", "Confirmed": 1389, "Deaths": 32, "Recovered": 615, "Active": 760, "Date": "2020-05-01T00:00:00Z"}, {"Country": "Lithuania", "CountryCode": "", "Province": "", "City": "", "CityCode": "", "Lat": "0", "Lon": "0", "Confirmed": 1394, "Deaths": 33, "Recovered": 644, "Active": 728, "Date": "2020-05-02T00:00:00Z"}, {"Country": "Lithuania", "CountryCode": "", "Province": "", "City": "", "CityCode": "", "Lat": "0", "Lon": "0", "Confirmed": 1399, "Deaths": 33, "Recovered": 686, "Active": 729, "Date": "2020-05-03T00:00:00Z"}, {"Country": "Lithuania", "CountryCode": "", "Province": "", "City": "", "CityCode": "", "Lat": "0", "Lon": "0", "Confirmed": 1407, "Deaths": 33, "Recovered": 715, "Active": 735, "Date": "2020-05-04T00:00:00Z"}, {"Country": "Lithuania", "CountryCode": "", "Province": "", "City": "", "CityCode": "", "Lat": "0", "Lon": "0", "Confirmed": 1410, "Deaths": 33, "Recovered": 761, "Active": 699, "Date": "2020-05-05T00:00:00Z"}, {"Country": "Lithuania", "CountryCode": "", "Province": "", "City": "", "CityCode": "", "Lat": "0", "Lon": "0", "Confirmed": 1416, "Deaths": 34, "Recovered": 804, "Active": 662, "Date": "2020-05-06T00:00:00Z"}, {"Country": "Lithuania", "CountryCode": "", "Province": "", "City": "", "CityCode": "", "Lat": "0", "Lon": "0", "Confirmed": 1421, "Deaths": 35, "Recovered": 858, "Active": 645, "Date": "2020-05-07T00:00:00Z"}, {"Country": "Lithuania", "CountryCode": "", "Province": "", "City": "", "CityCode": "", "Lat": "0", "Lon": "0", "Confirmed": 1430, "Deaths": 35, "Recovered": 888, "Active": 622, "Date": "2020-05-08T00:00:00Z"}, {"Country": "Lithuania", "CountryCode": "", "Province": "", "City": "", "CityCode": "", "Lat": "0", "Lon": "0", "Confirmed": 1459, "Deaths": 35, "Recovered": 905, "Active": 567, "Date": "2020-05-09T00:00:00Z"}, {"Country": "Lithuania", "CountryCode": "", "Province": "", "City": "", "CityCode": "", "Lat": "0", "Lon": "0", "Confirmed": 1471, "Deaths": 36, "Recovered": 927, "Active": 601, "Date": "2020-05-10T00:00:00Z"}, {"Country": "Lithuania", "CountryCode": "", "Province": "", "City": "", "CityCode": "", "Lat": "0", "Lon": "0", "Confirmed": 1479, "Deaths": 36, "Recovered": 946, "Active": 602, "Date": "2020-05-11T00:00:00Z"}, {"Country": "Lithuania", "CountryCode": "", "Province": "", "City": "", "CityCode": "", "Lat": "0", "Lon": "0", "Confirmed": 1488, "Deaths": 39, "Recovered": 969, "Active": 591, "Date": "2020-05-12T00:00:00Z"}, {"Country": "Lithuania", "CountryCode": "", "Province": "", "City": "", "CityCode": "", "Lat": "0", "Lon": "0", "Confirmed": 1502, "Deaths": 39, "Recovered": 989, "Active": 543, "Date": "2020-05-13T00:00:00Z"}, {"Country": "Lithuania", "CountryCode": "", "Province": "", "City": "", "CityCode": "", "Lat": "0", "Lon": "0", "Confirmed": 1511, "Deaths": 39, "Recovered": 1049, "Active": 523, "Date": "2020-05-14T00:00:00Z"}, {"Country": "Lithuania", "CountryCode": "", "Province": "", "City": "", "CityCode": "", "Lat": "0", "Lon": "0", "Confirmed": 1521, "Deaths": 41, "Recovered": 1096, "Active": 504, "Date": "2020-05-15T00:00:00Z"}, {"Country": "Lithuania", "CountryCode": "", "Province": "", "City": "", "CityCode": "", "Lat": "0", "Lon": "0", "Confirmed": 1536, "Deaths": 42, "Recovered": 1119, "Active": 491, "Date": "2020-05-16T00:00:00Z"}, {"Country": "Lithuania", "CountryCode": "", "Province": "", "City": "", "CityCode": "", "Lat": "0", "Lon": "0", "Confirmed": 1545, "Deaths": 43, "Recovered": 1134, "Active": 488, "Date": "2020-05-17T00:00:00Z"}, {"Country": "Lithuania", "CountryCode": "", "Province": "", "City": "", "CityCode": "", "Lat": "0", "Lon": "0", "Confirmed": 1551, "Deaths": 45, "Recovered": 1156, "Active": 491, "Date": "2020-05-18T00:00:00Z"}, {"Country": "Lithuania", "CountryCode": "", "Province": "", "City": "", "CityCode": "", "Lat": "0", "Lon": "0", "Confirmed": 1559, "Deaths": 45, "Recovered": 1174, "Active": 477, "Date": "2020-05-19T00:00:00Z"}, {"Country": "Lithuania", "CountryCode": "", "Province": "", "City": "", "CityCode": "", "Lat": "0", "Lon": "0", "Confirmed": 1580, "Deaths": 46, "Recovered": 1181, "Active": 468, "Date": "2020-05-20T00:00:00Z"}, {"Country": "Lithuania", "CountryCode": "", "Province": "", "City": "", "CityCode": "", "Lat": "0", "Lon": "0", "Confirmed": 1592, "Deaths": 46, "Recovered": 1189, "Active": 483, "Date": "2020-05-21T00:00:00Z"}, {"Country": "Lithuania", "CountryCode": "", "Province": "", "City": "", "CityCode": "", "Lat": "0", "Lon": "0", "Confirmed": 1598, "Deaths": 46, "Recovered": 1198, "Active": 432, "Date": "2020-05-22T00:00:00Z"}, {"Country": "Lithuania", "CountryCode": "", "Province": "", "City": "", "CityCode": "", "Lat": "0", "Lon": "0", "Confirmed": 1612, "Deaths": 47, "Recovered": 1209, "Active": 418, "Date": "2020-05-23T00:00:00Z"}, {"Country": "Lithuania", "CountryCode": "", "Province": "", "City": "", "CityCode": "", "Lat": "0", "Lon": "0", "Confirmed": 1618, "Deaths": 48, "Recovered": 1212, "Active": 422, "Date": "2020-05-24T00:00:00Z"}, {"Country": "Lithuania", "CountryCode": "", "Province": "", "City": "", "CityCode": "", "Lat": "0", "Lon": "0", "Confirmed": 1628, "Deaths": 49, "Recovered": 1241, "Active": 434, "Date": "2020-05-25T00:00:00Z"}, {"Country": "Lithuania", "CountryCode": "", "Province": "", "City": "", "CityCode": "", "Lat": "0", "Lon": "0", "Confirmed": 1632, "Deaths": 51, "Recovered": 1256, "Active": 409, "Date": "2020-05-26T00:00:00Z"}, {"Country": "Lithuania", "CountryCode": "", "Province": "", "City": "", "CityCode": "", "Lat": "0", "Lon": "0", "Confirmed": 1640, "Deaths": 51, "Recovered": 1260, "Active": 397, "Date": "2020-05-27T00:00:00Z"}, {"Country": "Lithuania", "CountryCode": "", "Province": "", "City": "", "CityCode": "", "Lat": "0", "Lon": "0", "Confirmed": 1649, "Deaths": 52, "Recovered": 1266, "Active": 395, "Date": "2020-05-28T00:00:00Z"}, {"Country": "Lithuania", "CountryCode": "", "Province": "", "City": "", "CityCode": "", "Lat": "0", "Lon": "0", "Confirmed": 1654, "Deaths": 52, "Recovered": 1269, "Active": 378, "Date": "2020-05-29T00:00:00Z"}, {"Country": "Lithuania", "CountryCode": "", "Province": "", "City": "", "CityCode": "", "Lat": "0", "Lon": "0", "Confirmed": 1662, "Deaths": 54, "Recovered": 1274, "Active": 371, "Date": "2020-05-30T00:00:00Z"}, {"Country": "Lithuania", "CountryCode": "", "Province": "", "City": "", "CityCode": "", "Lat": "0", "Lon": "0", "Confirmed": 1667, "Deaths": 54, "Recovered": 1279, "Active": 369, "Date": "2020-05-31T00:00:00Z"}, {"Country": "Lithuania", "CountryCode": "", "Province": "", "City": "", "CityCode": "", "Lat": "0", "Lon": "0", "Confirmed": 1671, "Deaths": 55, "Recovered": 1283, "Active": 372, "Date": "2020-06-01T00:00:00Z"}, {"Country": "Lithuania", "CountryCode": "", "Province": "", "City": "", "CityCode": "", "Lat": "0", "Lon": "0", "Confirmed": 1676, "Deaths": 55, "Recovered": 1291, "Active": 362, "Date": "2020-06-02T00:00:00Z"}, {"Country": "Lithuania", "CountryCode": "", "Province": "", "City": "", "CityCode": "", "Lat": "0", "Lon": "0", "Confirmed": 1679, "Deaths": 55, "Recovered": 1302, "Active": 353, "Date": "2020-06-03T00:00:00Z"}, {"Country": "Lithuania", "CountryCode": "", "Province": "", "City": "", "CityCode": "", "Lat": "0", "Lon": "0", "Confirmed": 1684, "Deaths": 55, "Recovered": 1319, "Active": 343, "Date": "2020-06-04T00:00:00Z"}, {"Country": "Lithuania", "CountryCode": "", "Province": "", "City": "", "CityCode": "", "Lat": "0", "Lon": "0", "Confirmed": 1689, "Deaths": 55, "Recovered": 1325, "Active": 321, "Date": "2020-06-05T00:00:00Z"}, {"Country": "Lithuania", "CountryCode": "", "Province": "", "City": "", "CityCode": "", "Lat": "0", "Lon": "0", "Confirmed": 1700, "Deaths": 55, "Recovered": 1333, "Active": 313, "Date": "2020-06-06T00:00:00Z"}, {"Country": "Lithuania", "CountryCode": "", "Province": "", "City": "", "CityCode": "", "Lat": "0", "Lon": "0", "Confirmed": 1709, "Deaths": 56, "Recovered": 1343, "Active": 315, "Date": "2020-06-07T00:00:00Z"}, {"Country": "Lithuania", "CountryCode": "", "Province": "", "City": "", "CityCode": "", "Lat": "0", "Lon": "0", "Confirmed": 1716, "Deaths": 58, "Recovered": 1359, "Active": 318, "Date": "2020-06-08T00:00:00Z"}, {"Country": "Lithuania", "CountryCode": "", "Province": "", "City": "", "CityCode": "", "Lat": "0", "Lon": "0", "Confirmed": 1722, "Deaths": 58, "Recovered": 1365, "Active": 317, "Date": "2020-06-09T00:00:00Z"}, {"Country": "Lithuania", "CountryCode": "", "Province": "", "City": "", "CityCode": "", "Lat": "0", "Lon": "0", "Confirmed": 1728, "Deaths": 58, "Recovered": 1374, "Active": 290, "Date": "2020-06-10T00:00:00Z"}, {"Country": "Lithuania", "CountryCode": "", "Province": "", "City": "", "CityCode": "", "Lat": "0", "Lon": "0", "Confirmed": 1747, "Deaths": 58, "Recovered": 1390, "Active": 306, "Date": "2020-06-11T00:00:00Z"}, {"Country": "Lithuania", "CountryCode": "", "Province": "", "City": "", "CityCode": "", "Lat": "0", "Lon": "0", "Confirmed": 1751, "Deaths": 59, "Recovered": 1396, "Active": 282, "Date": "2020-06-12T00:00:00Z"}, {"Country": "Lithuania", "CountryCode": "", "Province": "", "City": "", "CityCode": "", "Lat": "0", "Lon": "0", "Confirmed": 1758, "Deaths": 59, "Recovered": 1402, "Active": 272, "Date": "2020-06-13T00:00:00Z"}, {"Country": "Lithuania", "CountryCode": "", "Province": "", "City": "", "CityCode": "", "Lat": "0", "Lon": "0", "Confirmed": 1763, "Deaths": 59, "Recovered": 1413, "Active": 266, "Date": "2020-06-14T00:00:00Z"}, {"Country": "Lithuania", "CountryCode": "", "Province": "", "City": "", "CityCode": "", "Lat": "0", "Lon": "0", "Confirmed": 1768, "Deaths": 60, "Recovered": 1428, "Active": 268, "Date": "2020-06-15T00:00:00Z"}, {"Country": "Lithuania", "CountryCode": "", "Province": "", "City": "", "CityCode": "", "Lat": "0", "Lon": "0", "Confirmed": 1771, "Deaths": 60, "Recovered": 1443, "Active": 259, "Date": "2020-06-16T00:00:00Z"}, {"Country": "Lithuania", "CountryCode": "", "Province": "", "City": "", "CityCode": "", "Lat": "0", "Lon": "0", "Confirmed": 1773, "Deaths": 60, "Recovered": 1453, "Active": 255, "Date": "2020-06-17T00:00:00Z"}, {"Country": "Lithuania", "CountryCode": "", "Province": "", "City": "", "CityCode": "", "Lat": "0", "Lon": "0", "Confirmed": 1779, "Deaths": 60, "Recovered": 1465, "Active": 259, "Date": "2020-06-18T00:00:00Z"}, {"Country": "Lithuania", "CountryCode": "", "Province": "", "City": "", "CityCode": "", "Lat": "0", "Lon": "0", "Confirmed": 1787, "Deaths": 60, "Recovered": 1474, "Active": 254, "Date": "2020-06-19T00:00:00Z"}, {"Country": "Lithuania", "CountryCode": "", "Province": "", "City": "", "CityCode": "", "Lat": "0", "Lon": "0", "Confirmed": 1790, "Deaths": 60, "Recovered": 1478, "Active": 249, "Date": "2020-06-20T00:00:00Z"}, {"Country": "Lithuania", "CountryCode": "", "Province": "", "City": "", "CityCode": "", "Lat": "0", "Lon": "0", "Confirmed": 1793, "Deaths": 60, "Recovered": 1482, "Active": 247, "Date": "2020-06-21T00:00:00Z"}, {"Country": "Lithuania", "CountryCode": "", "Province": "", "City": "", "CityCode": "", "Lat": "0", "Lon": "0", "Confirmed": 1796, "Deaths": 60, "Recovered": 1488, "Active": 250, "Date": "2020-06-22T00:00:00Z"}, {"Country": "Lithuania", "CountryCode": "", "Province": "", "City": "", "CityCode": "", "Lat": "0", "Lon": "0", "Confirmed": 1798, "Deaths": 61, "Recovered": 1494, "Active": 243, "Date": "2020-06-23T00:00:00Z"}, {"Country": "Lithuania", "CountryCode": "", "Province": "", "City": "", "CityCode": "", "Lat": "0", "Lon": "0", "Confirmed": 1799, "Deaths": 61, "Recovered": 1502, "Active": 242, "Date": "2020-06-24T00:00:00Z"}, {"Country": "Lithuania", "CountryCode": "", "Province": "", "City": "", "CityCode": "", "Lat": "0", "Lon": "0", "Confirmed": 1801, "Deaths": 61, "Recovered": 1509, "Active": 234, "Date": "2020-06-25T00:00:00Z"}, {"Country": "Lithuania", "CountryCode": "", "Province": "", "City": "", "CityCode": "", "Lat": "0", "Lon": "0", "Confirmed": 1803, "Deaths": 61, "Recovered": 1511, "Active": 229, "Date": "2020-06-26T00:00:00Z"}, {"Country": "Lithuania", "CountryCode": "", "Province": "", "City": "", "CityCode": "", "Lat": "0", "Lon": "0", "Confirmed": 1808, "Deaths": 61, "Recovered": 1516, "Active": 232, "Date": "2020-06-27T00:00:00Z"}, {"Country": "Lithuania", "CountryCode": "", "Province": "", "City": "", "CityCode": "", "Lat": "0", "Lon": "0", "Confirmed": 1810, "Deaths": 61, "Recovered": 1520, "Active": 234, "Date": "2020-06-28T00:00:00Z"}, {"Country": "Lithuania", "CountryCode": "", "Province": "", "City": "", "CityCode": "", "Lat": "0", "Lon": "0", "Confirmed": 1811, "Deaths": 61, "Recovered": 1521, "Active": 226, "Date": "2020-06-29T00:00:00Z"}, {"Country": "Lithuania", "CountryCode": "", "Province": "", "City": "", "CityCode": "", "Lat": "0", "Lon": "0", "Confirmed": 1812, "Deaths": 61, "Recovered": 1525, "Active": 224, "Date": "2020-06-30T00:00:00Z"}, {"Country": "Lithuania", "CountryCode": "", "Province": "", "City": "", "CityCode": "", "Lat": "0", "Lon": "0", "Confirmed": 1813, "Deaths": 61, "Recovered": 1534, "Active": 216, "Date": "2020-07-01T00:00:00Z"}, {"Country": "Lithuania", "CountryCode": "", "Province": "", "City": "", "CityCode": "", "Lat": "0", "Lon": "0", "Confirmed": 1820, "Deaths": 62, "Recovered": 1544, "Active": 211, "Date": "2020-07-02T00:00:00Z"}, {"Country": "Lithuania", "CountryCode": "", "Province": "", "City": "", "CityCode": "", "Lat": "0", "Lon": "0", "Confirmed": 1823, "Deaths": 62, "Recovered": 1549, "Active": 210, "Date": "2020-07-03T00:00:00Z"}, {"Country": "Lithuania", "CountryCode": "", "Province": "", "City": "", "CityCode": "", "Lat": "0", "Lon": "0", "Confirmed": 1826, "Deaths": 62, "Recovered": 1554, "Active": 207, "Date": "2020-07-04T00:00:00Z"}, {"Country": "Lithuania", "CountryCode": "", "Province": "", "City": "", "CityCode": "", "Lat": "0", "Lon": "0", "Confirmed": 1831, "Deaths": 62, "Recovered": 1559, "Active": 212, "Date": "2020-07-05T00:00:00Z"}, {"Country": "Lithuania", "CountryCode": "", "Province": "", "City": "", "CityCode": "", "Lat": "0", "Lon": "0", "Confirmed": 1836, "Deaths": 62, "Recovered": 1573, "Active": 215, "Date": "2020-07-06T00:00:00Z"}, {"Country": "Lithuania", "CountryCode": "", "Province": "", "City": "", "CityCode": "", "Lat": "0", "Lon": "0", "Confirmed": 1839, "Deaths": 62, "Recovered": 1581, "Active": 218, "Date": "2020-07-07T00:00:00Z"}, {"Country": "Lithuania", "CountryCode": "", "Province": "", "City": "", "CityCode": "", "Lat": "0", "Lon": "0", "Confirmed": 1849, "Deaths": 62, "Recovered": 1585, "Active": 223, "Date": "2020-07-08T00:00:00Z"}, {"Country": "Lithuania", "CountryCode": "", "Province": "", "City": "", "CityCode": "", "Lat": "0", "Lon": "0", "Confirmed": 1852, "Deaths": 62, "Recovered": 1588, "Active": 214, "Date": "2020-07-09T00:00:00Z"}, {"Country": "Lithuania", "CountryCode": "", "Province": "", "City": "", "CityCode": "", "Lat": "0", "Lon": "0", "Confirmed": 1856, "Deaths": 62, "Recovered": 1595, "Active": 213, "Date": "2020-07-10T00:00:00Z"}, {"Country": "Lithuania", "CountryCode": "", "Province": "", "City": "", "CityCode": "", "Lat": "0", "Lon": "0", "Confirmed": 1860, "Deaths": 62, "Recovered": 1598, "Active": 207, "Date": "2020-07-11T00:00:00Z"}, {"Country": "Lithuania", "CountryCode": "", "Province": "", "City": "", "CityCode": "", "Lat": "0", "Lon": "0", "Confirmed": 1864, "Deaths": 62, "Recovered": 1599, "Active": 219, "Date": "2020-07-12T00:00:00Z"}, {"Country": "Lithuania", "CountryCode": "", "Province": "", "City": "", "CityCode": "", "Lat": "0", "Lon": "0", "Confirmed": 1869, "Deaths": 62, "Recovered": 1602, "Active": 224, "Date": "2020-07-13T00:00:00Z"}, {"Country": "Lithuania", "CountryCode": "", "Province": "", "City": "", "CityCode": "", "Lat": "0", "Lon": "0", "Confirmed": 1870, "Deaths": 62, "Recovered": 1610, "Active": 225, "Date": "2020-07-14T00:00:00Z"}, {"Country": "Lithuania", "CountryCode": "", "Province": "", "City": "", "CityCode": "", "Lat": "0", "Lon": "0", "Confirmed": 1891, "Deaths": 62, "Recovered": 1610, "Active": 221, "Date": "2020-07-15T00:00:00Z"}, {"Country": "Lithuania", "CountryCode": "", "Province": "", "City": "", "CityCode": "", "Lat": "0", "Lon": "0", "Confirmed": 1897, "Deaths": 62, "Recovered": 1615, "Active": 230, "Date": "2020-07-16T00:00:00Z"}, {"Country": "Lithuania", "CountryCode": "", "Province": "", "City": "", "CityCode": "", "Lat": "0", "Lon": "0", "Confirmed": 1903, "Deaths": 62, "Recovered": 1618, "Active": 234, "Date": "2020-07-17T00:00:00Z"}, {"Country": "Lithuania", "CountryCode": "", "Province": "", "City": "", "CityCode": "", "Lat": "0", "Lon": "0", "Confirmed": 1910, "Deaths": 63, "Recovered": 1619, "Active": 235, "Date": "2020-07-18T00:00:00Z"}, {"Country": "Lithuania", "CountryCode": "", "Province": "", "City": "", "CityCode": "", "Lat": "0", "Lon": "0", "Confirmed": 1928, "Deaths": 63, "Recovered": 1620, "Active": 252, "Date": "2020-07-19T00:00:00Z"}, {"Country": "Lithuania", "CountryCode": "", "Province": "", "City": "", "CityCode": "", "Lat": "0", "Lon": "0", "Confirmed": 1942, "Deaths": 63, "Recovered": 1621, "Active": 266, "Date": "2020-07-20T00:00:00Z"}, {"Country": "Lithuania", "CountryCode": "", "Province": "", "City": "", "CityCode": "", "Lat": "0", "Lon": "0", "Confirmed": 1944, "Deaths": 63, "Recovered": 1623, "Active": 268, "Date": "2020-07-21T00:00:00Z"}, {"Country": "Lithuania", "CountryCode": "", "Province": "", "City": "", "CityCode": "", "Lat": "0", "Lon": "0", "Confirmed": 1946, "Deaths": 63, "Recovered": 1626, "Active": 264, "Date": "2020-07-22T00:00:00Z"}, {"Country": "Lithuania", "CountryCode": "", "Province": "", "City": "", "CityCode": "", "Lat": "0", "Lon": "0", "Confirmed": 1956, "Deaths": 63, "Recovered": 1632, "Active": 269, "Date": "2020-07-23T00:00:00Z"}, {"Country": "Lithuania", "CountryCode": "", "Province": "", "City": "", "CityCode": "", "Lat": "0", "Lon": "0", "Confirmed": 1982, "Deaths": 63, "Recovered": 1632, "Active": 290, "Date": "2020-07-24T00:00:00Z"}, {"Country": "Lithuania", "CountryCode": "", "Province": "", "City": "", "CityCode": "", "Lat": "0", "Lon": "0", "Confirmed": 1996, "Deaths": 63, "Recovered": 1633, "Active": 305, "Date": "2020-07-25T00:00:00Z"}, {"Country": "Lithuania", "CountryCode": "", "Province": "", "City": "", "CityCode": "", "Lat": "0", "Lon": "0", "Confirmed": 2003, "Deaths": 63, "Recovered": 1634, "Active": 312, "Date": "2020-07-26T00:00:00Z"}, {"Country": "Lithuania", "CountryCode": "", "Province": "", "City": "", "CityCode": "", "Lat": "0", "Lon": "0", "Confirmed": 2014, "Deaths": 63, "Recovered": 1640, "Active": 319, "Date": "2020-07-27T00:00:00Z"}, {"Country": "Lithuania", "CountryCode": "", "Province": "", "City": "", "CityCode": "", "Lat": "0", "Lon": "0", "Confirmed": 2022, "Deaths": 63, "Recovered": 1643, "Active": 324, "Date": "2020-07-28T00:00:00Z"}, {"Country": "Lithuania", "CountryCode": "", "Province": "", "City": "", "CityCode": "", "Lat": "0", "Lon": "0", "Confirmed": 2037, "Deaths": 63, "Recovered": 1647, "Active": 320, "Date": "2020-07-29T00:00:00Z"}, {"Country": "Lithuania", "CountryCode": "", "Province": "", "City": "", "CityCode": "", "Lat": "0", "Lon": "0", "Confirmed": 2056, "Deaths": 63, "Recovered": 1652, "Active": 339, "Date": "2020-07-30T00:00:00Z"}, {"Country": "Lithuania", "CountryCode": "", "Province": "", "City": "", "CityCode": "", "Lat": "0", "Lon": "0", "Confirmed": 2069, "Deaths": 63, "Recovered": 1655, "Active": 351, "Date": "2020-07-31T00:00:00Z"}, {"Country": "Lithuania", "CountryCode": "", "Province": "", "City": "", "CityCode": "", "Lat": "0", "Lon": "0", "Confirmed": 2087, "Deaths": 63, "Recovered": 1659, "Active": 369, "Date": "2020-08-01T00:00:00Z"}, {"Country": "Lithuania", "CountryCode": "", "Province": "", "City": "", "CityCode": "", "Lat": "0", "Lon": "0", "Confirmed": 2104, "Deaths": 63, "Recovered": 1667, "Active": 386, "Date": "2020-08-02T00:00:00Z"}, {"Country": "Lithuania", "CountryCode": "", "Province": "", "City": "", "CityCode": "", "Lat": "0", "Lon": "0", "Confirmed": 2114, "Deaths": 63, "Recovered": 1668, "Active": 395, "Date": "2020-08-03T00:00:00Z"}, {"Country": "Lithuania", "CountryCode": "", "Province": "", "City": "", "CityCode": "", "Lat": "0", "Lon": "0", "Confirmed": 2131, "Deaths": 63, "Recovered": 1672, "Active": 410, "Date": "2020-08-04T00:00:00Z"}, {"Country": "Lithuania", "CountryCode": "", "Province": "", "City": "", "CityCode": "", "Lat": "0", "Lon": "0", "Confirmed": 2141, "Deaths": 64, "Recovered": 1678, "Active": 416, "Date": "2020-08-05T00:00:00Z"}, {"Country": "Lithuania", "CountryCode": "", "Province": "", "City": "", "CityCode": "", "Lat": "0", "Lon": "0", "Confirmed": 2165, "Deaths": 64, "Recovered": 1683, "Active": 434, "Date": "2020-08-06T00:00:00Z"}, {"Country": "Lithuania", "CountryCode": "", "Province": "", "City": "", "CityCode": "", "Lat": "0", "Lon": "0", "Confirmed": 2189, "Deaths": 64, "Recovered": 1685, "Active": 455, "Date": "2020-08-07T00:00:00Z"}, {"Country": "Lithuania", "CountryCode": "", "Province": "", "City": "", "CityCode": "", "Lat": "0", "Lon": "0", "Confirmed": 2225, "Deaths": 64, "Recovered": 1686, "Active": 482, "Date": "2020-08-08T00:00:00Z"}, {"Country": "Lithuania", "CountryCode": "", "Province": "", "City": "", "CityCode": "", "Lat": "0", "Lon": "0", "Confirmed": 2247, "Deaths": 64, "Recovered": 1692, "Active": 501, "Date": "2020-08-09T00:00:00Z"}, {"Country": "Lithuania", "CountryCode": "", "Province": "", "City": "", "CityCode": "", "Lat": "0", "Lon": "0", "Confirmed": 2259, "Deaths": 64, "Recovered": 1713, "Active": 514, "Date": "2020-08-10T00:00:00Z"}, {"Country": "Lithuania", "CountryCode": "", "Province": "", "City": "", "CityCode": "", "Lat": "0", "Lon": "0", "Confirmed": 2277, "Deaths": 64, "Recovered": 1719, "Active": 523, "Date": "2020-08-11T00:00:00Z"}, {"Country": "Lithuania", "CountryCode": "", "Province": "", "City": "", "CityCode": "", "Lat": "0", "Lon": "0", "Confirmed": 2303, "Deaths": 64, "Recovered": 1728, "Active": 545, "Date": "2020-08-12T00:00:00Z"}, {"Country": "Lithuania", "CountryCode": "", "Province": "", "City": "", "CityCode": "", "Lat": "0", "Lon": "0", "Confirmed": 2324, "Deaths": 64, "Recovered": 1743, "Active": 560, "Date": "2020-08-13T00:00:00Z"}, {"Country": "Lithuania", "CountryCode": "", "Province": "", "City": "", "CityCode": "", "Lat": "0", "Lon": "0", "Confirmed": 2346, "Deaths": 64, "Recovered": 1756, "Active": 580, "Date": "2020-08-14T00:00:00Z"}, {"Country": "Lithuania", "CountryCode": "", "Province": "", "City": "", "CityCode": "", "Lat": "0", "Lon": "0", "Confirmed": 2379, "Deaths": 64, "Recovered": 1762, "Active": 601, "Date": "2020-08-15T00:00:00Z"}, {"Country": "Lithuania", "CountryCode": "", "Province": "", "City": "", "CityCode": "", "Lat": "0", "Lon": "0", "Confirmed": 2409, "Deaths": 64, "Recovered": 1766, "Active": 631, "Date": "2020-08-16T00:00:00Z"}, {"Country": "Lithuania", "CountryCode": "", "Province": "", "City": "", "CityCode": "", "Lat": "0", "Lon": "0", "Confirmed": 2430, "Deaths": 64, "Recovered": 1768, "Active": 650, "Date": "2020-08-17T00:00:00Z"}, {"Country": "Lithuania", "CountryCode": "", "Province": "", "City": "", "CityCode": "", "Lat": "0", "Lon": "0", "Confirmed": 2467, "Deaths": 64, "Recovered": 1773, "Active": 660, "Date": "2020-08-18T00:00:00Z"}, {"Country": "Lithuania", "CountryCode": "", "Province": "", "City": "", "CityCode": "", "Lat": "0", "Lon": "0", "Confirmed": 2489, "Deaths": 64, "Recovered": 1777, "Active": 676, "Date": "2020-08-19T00:00:00Z"}, {"Country": "Lithuania", "CountryCode": "", "Province": "", "City": "", "CityCode": "", "Lat": "0", "Lon": "0", "Confirmed": 2521, "Deaths": 65, "Recovered": 1781, "Active": 699, "Date": "2020-08-20T00:00:00Z"}, {"Country": "Lithuania", "CountryCode": "", "Province": "", "City": "", "CityCode": "", "Lat": "0", "Lon": "0", "Confirmed": 2558, "Deaths": 66, "Recovered": 1786, "Active": 726, "Date": "2020-08-21T00:00:00Z"}, {"Country": "Lithuania", "CountryCode": "", "Province": "", "City": "", "CityCode": "", "Lat": "0", "Lon": "0", "Confirmed": 2588, "Deaths": 67, "Recovered": 1786, "Active": 744, "Date": "2020-08-22T00:00:00Z"}, {"Country": "Lithuania", "CountryCode": "", "Province": "", "City": "", "CityCode": "", "Lat": "0", "Lon": "0", "Confirmed": 2629, "Deaths": 67, "Recovered": 1792, "Active": 785, "Date": "2020-08-23T00:00:00Z"}, {"Country": "Lithuania", "CountryCode": "", "Province": "", "City": "", "CityCode": "", "Lat": "0", "Lon": "0", "Confirmed": 2667, "Deaths": 68, "Recovered": 1810, "Active": 822, "Date": "2020-08-24T00:00:00Z"}, {"Country": "Lithuania", "CountryCode": "", "Province": "", "City": "", "CityCode": "", "Lat": "0", "Lon": "0", "Confirmed": 2688, "Deaths": 68, "Recovered": 1884, "Active": 824, "Date": "2020-08-25T00:00:00Z"}, {"Country": "Lithuania", "CountryCode": "", "Province": "", "City": "", "CityCode": "", "Lat": "0", "Lon": "0", "Confirmed": 2720, "Deaths": 68, "Recovered": 1891, "Active": 847, "Date": "2020-08-26T00:00:00Z"}, {"Country": "Lithuania", "CountryCode": "", "Province": "", "City": "", "CityCode": "", "Lat": "0", "Lon": "0", "Confirmed": 2756, "Deaths": 68, "Recovered": 1912, "Active": 875, "Date": "2020-08-27T00:00:00Z"}, {"Country": "Lithuania", "CountryCode": "", "Province": "", "City": "", "CityCode": "", "Lat": "0", "Lon": "0", "Confirmed": 2804, "Deaths": 69, "Recovered": 1925, "Active": 908, "Date": "2020-08-28T00:00:00Z"}, {"Country": "Lithuania", "CountryCode": "", "Province": "", "City": "", "CityCode": "", "Lat": "0", "Lon": "0", "Confirmed": 2833, "Deaths": 69, "Recovered": 1932, "Active": 920, "Date": "2020-08-29T00:00:00Z"}, {"Country": "Lithuania", "CountryCode": "", "Province": "", "City": "", "CityCode": "", "Lat": "0", "Lon": "0", "Confirmed": 2868, "Deaths": 69, "Recovered": 1946, "Active": 951, "Date": "2020-08-30T00:00:00Z"}, {"Country": "Lithuania", "CountryCode": "", "Province": "", "City": "", "CityCode": "", "Lat": "0", "Lon": "0", "Confirmed": 2900, "Deaths": 69, "Recovered": 1964, "Active": 980, "Date": "2020-08-31T00:00:00Z"}, {"Country": "Lithuania", "CountryCode": "", "Province": "", "City": "", "CityCode": "", "Lat": "0", "Lon": "0", "Confirmed": 2923, "Deaths": 69, "Recovered": 1996, "Active": 986, "Date": "2020-09-01T00:00:00Z"}, {"Country": "Lithuania", "CountryCode": "", "Province": "", "City": "", "CityCode": "", "Lat": "0", "Lon": "0", "Confirmed": 2952, "Deaths": 69, "Recovered": 2016, "Active": 998, "Date": "2020-09-02T00:00:00Z"}, {"Country": "Lithuania", "CountryCode": "", "Province": "", "City": "", "CityCode": "", "Lat": "0", "Lon": "0", "Confirmed": 2972, "Deaths": 69, "Recovered": 2054, "Active": 991, "Date": "2020-09-03T00:00:00Z"}, {"Country": "Lithuania", "CountryCode": "", "Province": "", "City": "", "CityCode": "", "Lat": "0", "Lon": "0", "Confirmed": 2998, "Deaths": 69, "Recovered": 2071, "Active": 998, "Date": "2020-09-04T00:00:00Z"}, {"Country": "Lithuania", "CountryCode": "", "Province": "", "City": "", "CityCode": "", "Lat": "0", "Lon": "0", "Confirmed": 3034, "Deaths": 69, "Recovered": 2085, "Active": 1002, "Date": "2020-09-05T00:00:00Z"}, {"Country": "Lithuania", "CountryCode": "", "Province": "", "City": "", "CityCode": "", "Lat": "0", "Lon": "0", "Confirmed": 3077, "Deaths": 69, "Recovered": 2111, "Active": 1043, "Date": "2020-09-06T00:00:00Z"}, {"Country": "Lithuania", "CountryCode": "", "Province": "", "City": "", "CityCode": "", "Lat": "0", "Lon": "0", "Confirmed": 3094, "Deaths": 69, "Recovered": 2142, "Active": 1059, "Date": "2020-09-07T00:00:00Z"}, {"Country": "Lithuania", "CountryCode": "", "Province": "", "City": "", "CityCode": "", "Lat": "0", "Lon": "0", "Confirmed": 3126, "Deaths": 69, "Recovered": 2160, "Active": 1051, "Date": "2020-09-08T00:00:00Z"}, {"Country": "Lithuania", "CountryCode": "", "Province": "", "City": "", "CityCode": "", "Lat": "0", "Lon": "0", "Confirmed": 3158, "Deaths": 69, "Recovered": 2194, "Active": 1069, "Date": "2020-09-09T00:00:00Z"}, {"Country": "Lithuania", "CountryCode": "", "Province": "", "City": "", "CityCode": "", "Lat": "0", "Lon": "0", "Confirmed": 3194, "Deaths": 69, "Recovered": 2229, "Active": 1083, "Date": "2020-09-10T00:00:00Z"}, {"Country": "Lithuania", "CountryCode": "", "Province": "", "City": "", "CityCode": "", "Lat": "0", "Lon": "0", "Confirmed": 3238, "Deaths": 70, "Recovered": 2260, "Active": 1108, "Date": "2020-09-11T00:00:00Z"}, {"Country": "Lithuania", "CountryCode": "", "Province": "", "City": "", "CityCode": "", "Lat": "0", "Lon": "0", "Confirmed": 3291, "Deaths": 70, "Recovered": 2284, "Active": 1140, "Date": "2020-09-12T00:00:00Z"}, {"Country": "Lithuania", "CountryCode": "", "Province": "", "City": "", "CityCode": "", "Lat": "0", "Lon": "0", "Confirmed": 3330, "Deaths": 71, "Recovered": 2298, "Active": 1178, "Date": "2020-09-13T00:00:00Z"}, {"Country": "Lithuania", "CountryCode": "", "Province": "", "City": "", "CityCode": "", "Lat": "0", "Lon": "0", "Confirmed": 3381, "Deaths": 71, "Recovered": 2332, "Active": 1228, "Date": "2020-09-14T00:00:00Z"}, {"Country": "Lithuania", "CountryCode": "", "Province": "", "City": "", "CityCode": "", "Lat": "0", "Lon": "0", "Confirmed": 3392, "Deaths": 71, "Recovered": 2367, "Active": 1216, "Date": "2020-09-15T00:00:00Z"}, {"Country": "Lithuania", "CountryCode": "", "Province": "", "City": "", "CityCode": "", "Lat": "0", "Lon": "0", "Confirmed": 3437, "Deaths": 71, "Recovered": 2401, "Active": 1230, "Date": "2020-09-16T00:00:00Z"}, {"Country": "Lithuania", "CountryCode": "", "Province": "", "City": "", "CityCode": "", "Lat": "0", "Lon": "0", "Confirmed": 3499, "Deaths": 71, "Recovered": 2442, "Active": 1268, "Date": "2020-09-17T00:00:00Z"}, {"Country": "Lithuania", "CountryCode": "", "Province": "", "City": "", "CityCode": "", "Lat": "0", "Lon": "0", "Confirmed": 3560, "Deaths": 71, "Recovered": 2480, "Active": 1297, "Date": "2020-09-18T00:00:00Z"}, {"Country": "Lithuania", "CountryCode": "", "Province": "", "City": "", "CityCode": "", "Lat": "0", "Lon": "0", "Confirmed": 3659, "Deaths": 71, "Recovered": 2504, "Active": 1380, "Date": "2020-09-19T00:00:00Z"}, {"Country": "Lithuania", "CountryCode": "", "Province": "", "City": "", "CityCode": "", "Lat": "0", "Lon": "0", "Confirmed": 3739, "Deaths": 71, "Recovered": 2530, "Active": 1459, "Date": "2020-09-20T00:00:00Z"}, {"Country": "Lithuania", "CountryCode": "", "Province": "", "City": "", "CityCode": "", "Lat": "0", "Lon": "0", "Confirmed": 3809, "Deaths": 71, "Recovered": 2567, "Active": 1528, "Date": "2020-09-21T00:00:00Z"}, {"Country": "Lithuania", "CountryCode": "", "Province": "", "City": "", "CityCode": "", "Lat": "0", "Lon": "0", "Confirmed": 3854, "Deaths": 71, "Recovered": 2611, "Active": 1547, "Date": "2020-09-22T00:00:00Z"}, {"Country": "Lithuania", "CountryCode": "", "Province": "", "City": "", "CityCode": "", "Lat": "0", "Lon": "0", "Confirmed": 3927, "Deaths": 72, "Recovered": 2636, "Active": 1599, "Date": "2020-09-23T00:00:00Z"}, {"Country": "Lithuania", "CountryCode": "", "Province": "", "City": "", "CityCode": "", "Lat": "0", "Lon": "0", "Confirmed": 4065, "Deaths": 74, "Recovered": 2673, "Active": 1728, "Date": "2020-09-24T00:00:00Z"}, {"Country": "Lithuania", "CountryCode": "", "Province": "", "City": "", "CityCode": "", "Lat": "0", "Lon": "0", "Confirmed": 4179, "Deaths": 74, "Recovered": 2709, "Active": 1797, "Date": "2020-09-25T00:00:00Z"}, {"Country": "Lithuania", "CountryCode": "", "Province": "", "City": "", "CityCode": "", "Lat": "0", "Lon": "0", "Confirmed": 4290, "Deaths": 74, "Recovered": 2724, "Active": 1887, "Date": "2020-09-26T00:00:00Z"}, {"Country": "Lithuania", "CountryCode": "", "Province": "", "City": "", "CityCode": "", "Lat": "0", "Lon": "0", "Confirmed": 4381, "Deaths": 76, "Recovered": 2754, "Active": 1967, "Date": "2020-09-27T00:00:00Z"}, {"Country": "Lithuania", "CountryCode": "", "Province": "", "City": "", "CityCode": "", "Lat": "0", "Lon": "0", "Confirmed": 4485, "Deaths": 77, "Recovered": 2785, "Active": 2071, "Date": "2020-09-28T00:00:00Z"}, {"Country": "Lithuania", "CountryCode": "", "Province": "", "City": "", "CityCode": "", "Lat": "0", "Lon": "0", "Confirmed": 4573, "Deaths": 77, "Recovered": 2810, "Active": 2146, "Date": "2020-09-29T00:00:00Z"}, {"Country": "Lithuania", "CountryCode": "", "Province": "", "City": "", "CityCode": "", "Lat": "0", "Lon": "0", "Confirmed": 4688, "Deaths": 77, "Recovered": 2845, "Active": 2236, "Date": "2020-09-30T00:00:00Z"}, {"Country": "Lithuania", "CountryCode": "", "Province": "", "City": "", "CityCode": "", "Lat": "0", "Lon": "0", "Confirmed": 4779, "Deaths": 77, "Recovered": 2899, "Active": 2268, "Date": "2020-10-01T00:00:00Z"}, {"Country": "Lithuania", "CountryCode": "", "Province": "", "City": "", "CityCode": "", "Lat": "0", "Lon": "0", "Confirmed": 4950, "Deaths": 78, "Recovered": 2925, "Active": 2397, "Date": "2020-10-02T00:00:00Z"}, {"Country": "Lithuania", "CountryCode": "", "Province": "", "City": "", "CityCode": "", "Lat": "0", "Lon": "0", "Confirmed": 5075, "Deaths": 80, "Recovered": 2942, "Active": 2493, "Date": "2020-10-03T00:00:00Z"}, {"Country": "Lithuania", "CountryCode": "", "Province": "", "City": "", "CityCode": "", "Lat": "0", "Lon": "0", "Confirmed": 5180, "Deaths": 81, "Recovered": 2971, "Active": 2596, "Date": "2020-10-04T00:00:00Z"}, {"Country": "Lithuania", "CountryCode": "", "Province": "", "City": "", "CityCode": "", "Lat": "0", "Lon": "0", "Confirmed": 5279, "Deaths": 82, "Recovered": 3006, "Active": 2694, "Date": "2020-10-05T00:00:00Z"}, {"Country": "Lithuania", "CountryCode": "", "Province": "", "City": "", "CityCode": "", "Lat": "0", "Lon": "0", "Confirmed": 5359, "Deaths": 84, "Recovered": 3048, "Active": 2721, "Date": "2020-10-06T00:00:00Z"}, {"Country": "Lithuania", "CountryCode": "", "Province": "", "City": "", "CityCode": "", "Lat": "0", "Lon": "0", "Confirmed": 5474, "Deaths": 85, "Recovered": 3102, "Active": 2782, "Date": "2020-10-07T00:00:00Z"}, {"Country": "Lithuania", "CountryCode": "", "Province": "", "City": "", "CityCode": "", "Lat": "0", "Lon": "0", "Confirmed": 5616, "Deaths": 86, "Recovered": 3165, "Active": 2863, "Date": "2020-10-08T00:00:00Z"}, {"Country": "Lithuania", "CountryCode": "", "Province": "", "City": "", "CityCode": "", "Lat": "0", "Lon": "0", "Confirmed": 5749, "Deaths": 87, "Recovered": 3217, "Active": 2933, "Date": "2020-10-09T00:00:00Z"}, {"Country": "Lithuania", "CountryCode": "", "Province": "", "City": "", "CityCode": "", "Lat": "0", "Lon": "0", "Confirmed": 5953, "Deaths": 87, "Recovered": 3231, "Active": 3109, "Date": "2020-10-10T00:00:00Z"}, {"Country": "Lithuania", "CountryCode": "", "Province": "", "City": "", "CityCode": "", "Lat": "0", "Lon": "0", "Confirmed": 6113, "Deaths": 89, "Recovered": 3269, "Active": 3242, "Date": "2020-10-11T00:00:00Z"}, {"Country": "Lithuania", "CountryCode": "", "Province": "", "City": "", "CityCode": "", "Lat": "0", "Lon": "0", "Confirmed": 6239, "Deaths": 89, "Recovered": 3332, "Active": 3352, "Date": "2020-10-12T00:00:00Z"}, {"Country": "Lithuania", "CountryCode": "", "Province": "", "City": "", "CityCode": "", "Lat": "0", "Lon": "0", "Confirmed": 6357, "Deaths": 90, "Recovered": 3395, "Active": 3418, "Date": "2020-10-13T00:00:00Z"}, {"Country": "Lithuania", "CountryCode": "", "Province": "", "City": "", "CityCode": "", "Lat": "0", "Lon": "0", "Confirmed": 6494, "Deaths": 94, "Recovered": 3487, "Active": 3493, "Date": "2020-10-14T00:00:00Z"}, {"Country": "Lithuania", "CountryCode": "", "Province": "", "City": "", "CityCode": "", "Lat": "0", "Lon": "0", "Confirmed": 6749, "Deaths": 94, "Recovered": 3622, "Active": 3667, "Date": "2020-10-15T00:00:00Z"}, {"Country": "Lithuania", "CountryCode": "", "Province": "", "City": "", "CityCode": "", "Lat": "0", "Lon": "0", "Confirmed": 7030, "Deaths": 97, "Recovered": 3701, "Active": 3894, "Date": "2020-10-16T00:00:00Z"}, {"Country": "Lithuania", "CountryCode": "", "Province": "", "City": "", "CityCode": "", "Lat": "0", "Lon": "0", "Confirmed": 7258, "Deaths": 98, "Recovered": 3734, "Active": 4059, "Date": "2020-10-17T00:00:00Z"}, {"Country": "Lithuania", "CountryCode": "", "Province": "", "City": "", "CityCode": "", "Lat": "0", "Lon": "0", "Confirmed": 7511, "Deaths": 100, "Recovered": 3833, "Active": 4311, "Date": "2020-10-18T00:00:00Z"}, {"Country": "Lithuania", "CountryCode": "", "Province": "", "City": "", "CityCode": "", "Lat": "0", "Lon": "0", "Confirmed": 7718, "Deaths": 102, "Recovered": 3969, "Active": 4503, "Date": "2020-10-19T00:00:00Z"}, {"Country": "Lithuania", "CountryCode": "", "Province": "", "City": "", "CityCode": "", "Lat": "0", "Lon": "0", "Confirmed": 7921, "Deaths": 105, "Recovered": 4100, "Active": 4534, "Date": "2020-10-20T00:00:00Z"}, {"Country": "Lithuania", "CountryCode": "", "Province": "", "City": "", "CityCode": "", "Lat": "0", "Lon": "0", "Confirmed": 8234, "Deaths": 108, "Recovered": 4184, "Active": 4520, "Date": "2020-10-21T00:00:00Z"}, {"Country": "Lithuania", "CountryCode": "", "Province": "", "City": "", "CityCode": "", "Lat": "0", "Lon": "0", "Confirmed": 8661, "Deaths": 112, "Recovered": 4367, "Active": 4765, "Date": "2020-10-22T00:00:00Z"}, {"Country": "Lithuania", "CountryCode": "", "Province": "", "City": "", "CityCode": "", "Lat": "0", "Lon": "0", "Confirmed": 9106, "Deaths": 115, "Recovered": 4480, "Active": 5000, "Date": "2020-10-23T00:00:00Z"}, {"Country": "Lithuania", "CountryCode": "", "Province": "", "City": "", "CityCode": "", "Lat": "0", "Lon": "0", "Confirmed": 9586, "Deaths": 116, "Recovered": 4532, "Active": 5434, "Date": "2020-10-24T00:00:00Z"}, {"Country": "Lithuania", "CountryCode": "", "Province": "", "City": "", "CityCode": "", "Lat": "0", "Lon": "0", "Confirmed": 10183, "Deaths": 122, "Recovered": 4633, "Active": 5977, "Date": "2020-10-25T00:00:00Z"}, {"Country": "Lithuania", "CountryCode": "", "Province": "", "City": "", "CityCode": "", "Lat": "0", "Lon": "0", "Confirmed": 10948, "Deaths": 124, "Recovered": 4784, "Active": 6647, "Date": "2020-10-26T00:00:00Z"}, {"Country": "Lithuania", "CountryCode": "", "Province": "", "City": "", "CityCode": "", "Lat": "0", "Lon": "0", "Confirmed": 11371, "Deaths": 129, "Recovered": 4930, "Active": 6892, "Date": "2020-10-27T00:00:00Z"}, {"Country": "Lithuania", "CountryCode": "", "Province": "", "City": "", "CityCode": "", "Lat": "0", "Lon": "0", "Confirmed": 12142, "Deaths": 134, "Recovered": 5091, "Active": 7492, "Date": "2020-10-28T00:00:00Z"}, {"Country": "Lithuania", "CountryCode": "", "Province": "", "City": "", "CityCode": "", "Lat": "0", "Lon": "0", "Confirmed": 13090, "Deaths": 138, "Recovered": 5266, "Active": 8356, "Date": "2020-10-29T00:00:00Z"}, {"Country": "Lithuania", "CountryCode": "", "Province": "", "City": "", "CityCode": "", "Lat": "0", "Lon": "0", "Confirmed": 13815, "Deaths": 144, "Recovered": 5398, "Active": 8975, "Date": "2020-10-30T00:00:00Z"}, {"Country": "Lithuania", "CountryCode": "", "Province": "", "City": "", "CityCode": "", "Lat": "0", "Lon": "0", "Confirmed": 14815, "Deaths": 152, "Recovered": 5485, "Active": 9787, "Date": "2020-10-31T00:00:00Z"}, {"Country": "Lithuania", "CountryCode": "", "Province": "", "City": "", "CityCode": "", "Lat": "0", "Lon": "0", "Confirmed": 15698, "Deaths": 155, "Recovered": 5558, "Active": 10670, "Date": "2020-11-01T00:00:00Z"}, {"Country": "Lithuania", "CountryCode": "", "Province": "", "City": "", "CityCode": "", "Lat": "0", "Lon": "0", "Confirmed": 16532, "Deaths": 159, "Recovered": 5812, "Active": 11495, "Date": "2020-11-02T00:00:00Z"}, {"Country": "Lithuania", "CountryCode": "", "Province": "", "City": "", "CityCode": "", "Lat": "0", "Lon": "0", "Confirmed": 17425, "Deaths": 170, "Recovered": 5975, "Active": 12344, "Date": "2020-11-03T00:00:00Z"}, {"Country": "Lithuania", "CountryCode": "", "Province": "", "City": "", "CityCode": "", "Lat": "0", "Lon": "0", "Confirmed": 18078, "Deaths": 176, "Recovered": 6211, "Active": 12828, "Date": "2020-11-04T00:00:00Z"}, {"Country": "Lithuania", "CountryCode": "", "Province": "", "City": "", "CityCode": "", "Lat": "0", "Lon": "0", "Confirmed": 19070, "Deaths": 178, "Recovered": 6525, "Active": 13620, "Date": "2020-11-05T00:00:00Z"}, {"Country": "Lithuania", "CountryCode": "", "Province": "", "City": "", "CityCode": "", "Lat": "0", "Lon": "0", "Confirmed": 20720, "Deaths": 185, "Recovered": 6693, "Active": 15101, "Date": "2020-11-06T00:00:00Z"}, {"Country": "Lithuania", "CountryCode": "", "Province": "", "City": "", "CityCode": "", "Lat": "0", "Lon": "0", "Confirmed": 22660, "Deaths": 195, "Recovered": 6781, "Active": 16901, "Date": "2020-11-07T00:00:00Z"}, {"Country": "Lithuania", "CountryCode": "", "Province": "", "City": "", "CityCode": "", "Lat": "0", "Lon": "0", "Confirmed": 24636, "Deaths": 204, "Recovered": 7228, "Active": 18792, "Date": "2020-11-08T00:00:00Z"}, {"Country": "Lithuania", "CountryCode": "", "Province": "", "City": "", "CityCode": "", "Lat": "0", "Lon": "0", "Confirmed": 25674, "Deaths": 212, "Recovered": 7693, "Active": 19732, "Date": "2020-11-09T00:00:00Z"}, {"Country": "Lithuania", "CountryCode": "", "Province": "", "City": "", "CityCode": "", "Lat": "0", "Lon": "0", "Confirmed": 26782, "Deaths": 229, "Recovered": 8198, "Active": 20658, "Date": "2020-11-10T00:00:00Z"}, {"Country": "Lithuania", "CountryCode": "", "Province": "", "City": "", "CityCode": "", "Lat": "0", "Lon": "0", "Confirmed": 28215, "Deaths": 239, "Recovered": 8706, "Active": 21419, "Date": "2020-11-11T00:00:00Z"}, {"Country": "Lithuania", "CountryCode": "", "Province": "", "City": "", "CityCode": "", "Lat": "0", "Lon": "0", "Confirmed": 29769, "Deaths": 250, "Recovered": 10000, "Active": 22472, "Date": "2020-11-12T00:00:00Z"}, {"Country": "Lithuania", "CountryCode": "", "Province": "", "City": "", "CityCode": "", "Lat": "0", "Lon": "0", "Confirmed": 31826, "Deaths": 264, "Recovered": 10238, "Active": 24378, "Date": "2020-11-13T00:00:00Z"}, {"Country": "Lithuania", "CountryCode": "", "Province": "", "City": "", "CityCode": "", "Lat": "0", "Lon": "0", "Confirmed": 33351, "Deaths": 281, "Recovered": 10433, "Active": 25424, "Date": "2020-11-14T00:00:00Z"}, {"Country": "Lithuania", "CountryCode": "", "Province": "", "City": "", "CityCode": "", "Lat": "0", "Lon": "0", "Confirmed": 34728, "Deaths": 295, "Recovered": 11552, "Active": 26728, "Date": "2020-11-15T00:00:00Z"}, {"Country": "Lithuania", "CountryCode": "", "Province": "", "City": "", "CityCode": "", "Lat": "0", "Lon": "0", "Confirmed": 35876, "Deaths": 309, "Recovered": 12425, "Active": 27744, "Date": "2020-11-16T00:00:00Z"}, {"Country": "Lithuania", "CountryCode": "", "Province": "", "City": "", "CityCode": "", "Lat": "0", "Lon": "0", "Confirmed": 36842, "Deaths": 329, "Recovered": 13310, "Active": 28011, "Date": "2020-11-17T00:00:00Z"}, {"Country": "Lithuania", "CountryCode": "", "Province": "", "City": "", "CityCode": "", "Lat": "0", "Lon": "0", "Confirmed": 38783, "Deaths": 350, "Recovered": 14076, "Active": 29125, "Date": "2020-11-18T00:00:00Z"}, {"Country": "Lithuania", "CountryCode": "", "Province": "", "City": "", "CityCode": "", "Lat": "0", "Lon": "0", "Confirmed": 40452, "Deaths": 373, "Recovered": 15947, "Active": 30143, "Date": "2020-11-19T00:00:00Z"}, {"Country": "Lithuania", "CountryCode": "", "Province": "", "City": "", "CityCode": "", "Lat": "0", "Lon": "0", "Confirmed": 42721, "Deaths": 392, "Recovered": 16501, "Active": 31902, "Date": "2020-11-20T00:00:00Z"}, {"Country": "Lithuania", "CountryCode": "", "Province": "", "City": "", "CityCode": "", "Lat": "0", "Lon": "0", "Confirmed": 44699, "Deaths": 412, "Recovered": 16913, "Active": 33497, "Date": "2020-11-21T00:00:00Z"}, {"Country": "Lithuania", "CountryCode": "", "Province": "", "City": "", "CityCode": "", "Lat": "0", "Lon": "0", "Confirmed": 47008, "Deaths": 439, "Recovered": 18336, "Active": 35716, "Date": "2020-11-22T00:00:00Z"}, {"Country": "Lithuania", "CountryCode": "", "Province": "", "City": "", "CityCode": "", "Lat": "0", "Lon": "0", "Confirmed": 48197, "Deaths": 459, "Recovered": 19616, "Active": 36802, "Date": "2020-11-23T00:00:00Z"}, {"Country": "Lithuania", "CountryCode": "", "Province": "", "City": "", "CityCode": "", "Lat": "0", "Lon": "0", "Confirmed": 49368, "Deaths": 477, "Recovered": 20819, "Active": 37389, "Date": "2020-11-24T00:00:00Z"}, {"Country": "Lithuania", "CountryCode": "", "Province": "", "City": "", "CityCode": "", "Lat": "0", "Lon": "0", "Confirmed": 51656, "Deaths": 499, "Recovered": 21947, "Active": 38941, "Date": "2020-11-25T00:00:00Z"}, {"Country": "Lithuania", "CountryCode": "", "Province": "", "City": "", "CityCode": "", "Lat": "0", "Lon": "0", "Confirmed": 53755, "Deaths": 526, "Recovered": 23985, "Active": 40653, "Date": "2020-11-26T00:00:00Z"}, {"Country": "Lithuania", "CountryCode": "", "Province": "", "City": "", "CityCode": "", "Lat": "0", "Lon": "0", "Confirmed": 56085, "Deaths": 549, "Recovered": 24721, "Active": 42110, "Date": "2020-11-27T00:00:00Z"}, {"Country": "Lithuania", "CountryCode": "", "Province": "", "City": "", "CityCode": "", "Lat": "0", "Lon": "0", "Confirmed": 58211, "Deaths": 571, "Recovered": 25136, "Active": 43674, "Date": "2020-11-28T00:00:00Z"}, {"Country": "Lithuania", "CountryCode": "", "Province": "", "City": "", "CityCode": "", "Lat": "0", "Lon": "0", "Confirmed": 60176, "Deaths": 593, "Recovered": 27061, "Active": 45580, "Date": "2020-11-29T00:00:00Z"}, {"Country": "Lithuania", "CountryCode": "", "Province": "", "City": "", "CityCode": "", "Lat": "0", "Lon": "0", "Confirmed": 61311, "Deaths": 620, "Recovered": 28028, "Active": 46608, "Date": "2020-11-30T00:00:00Z"}, {"Country": "Lithuania", "CountryCode": "", "Province": "", "City": "", "CityCode": "", "Lat": "0", "Lon": "0", "Confirmed": 62511, "Deaths": 641, "Recovered": 29522, "Active": 46919, "Date": "2020-12-01T00:00:00Z"}, {"Country": "Lithuania", "CountryCode": "", "Province": "", "City": "", "CityCode": "", "Lat": "0", "Lon": "0", "Confirmed": 64621, "Deaths": 675, "Recovered": 31058, "Active": 46919, "Date": "2020-12-02T00:00:00Z"}, {"Country": "Lithuania", "CountryCode": "", "Province": "", "City": "", "CityCode": "", "Lat": "0", "Lon": "0", "Confirmed": 67081, "Deaths": 694, "Recovered": 34048, "Active": 39666, "Date": "2020-12-03T00:00:00Z"}, {"Country": "Lithuania", "CountryCode": "", "Province": "", "City": "", "CityCode": "", "Lat": "0", "Lon": "0", "Confirmed": 69600, "Deaths": 732, "Recovered": 34978, "Active": 41232, "Date": "2020-12-04T00:00:00Z"}, {"Country": "Lithuania", "CountryCode": "", "Province": "", "City": "", "CityCode": "", "Lat": "0", "Lon": "0", "Confirmed": 72463, "Deaths": 766, "Recovered": 35598, "Active": 41542, "Date": "2020-12-05T00:00:00Z"}, {"Country": "Lithuania", "CountryCode": "", "Province": "", "City": "", "CityCode": "", "Lat": "0", "Lon": "0", "Confirmed": 74680, "Deaths": 790, "Recovered": 37809, "Active": 43633, "Date": "2020-12-06T00:00:00Z"}, {"Country": "Lithuania", "CountryCode": "", "Province": "", "City": "", "CityCode": "", "Lat": "0", "Lon": "0", "Confirmed": 76071, "Deaths": 834, "Recovered": 39380, "Active": 44950, "Date": "2020-12-07T00:00:00Z"}, {"Country": "Lithuania", "CountryCode": "", "Province": "", "City": "", "CityCode": "", "Lat": "0", "Lon": "0", "Confirmed": 77476, "Deaths": 859, "Recovered": 41210, "Active": 44354, "Date": "2020-12-08T00:00:00Z"}, {"Country": "Lithuania", "CountryCode": "", "Province": "", "City": "", "CityCode": "", "Lat": "0", "Lon": "0", "Confirmed": 80615, "Deaths": 886, "Recovered": 43045, "Active": 46144, "Date": "2020-12-09T00:00:00Z"}, {"Country": "Lithuania", "CountryCode": "", "Province": "", "City": "", "CityCode": "", "Lat": "0", "Lon": "0", "Confirmed": 83959, "Deaths": 903, "Recovered": 46307, "Active": 48173, "Date": "2020-12-10T00:00:00Z"}, {"Country": "Lithuania", "CountryCode": "", "Province": "", "City": "", "CityCode": "", "Lat": "0", "Lon": "0", "Confirmed": 87066, "Deaths": 938, "Recovered": 47078, "Active": 50017, "Date": "2020-12-11T00:00:00Z"}, {"Country": "Lithuania", "CountryCode": "", "Province": "", "City": "", "CityCode": "", "Lat": "0", "Lon": "0", "Confirmed": 90412, "Deaths": 985, "Recovered": 47609, "Active": 50693, "Date": "2020-12-12T00:00:00Z"}, {"Country": "Lithuania", "CountryCode": "", "Province": "", "City": "", "CityCode": "", "Lat": "0", "Lon": "0", "Confirmed": 93255, "Deaths": 1039, "Recovered": 50455, "Active": 53393, "Date": "2020-12-13T00:00:00Z"}, {"Country": "Lithuania", "CountryCode": "", "Province": "", "City": "", "CityCode": "", "Lat": "0", "Lon": "0", "Confirmed": 95178, "Deaths": 1067, "Recovered": 52693, "Active": 55239, "Date": "2020-12-14T00:00:00Z"}, {"Country": "Lithuania", "CountryCode": "", "Province": "", "City": "", "CityCode": "", "Lat": "0", "Lon": "0", "Confirmed": 96694, "Deaths": 1112, "Recovered": 55045, "Active": 53924, "Date": "2020-12-15T00:00:00Z"}, {"Country": "Lithuania", "CountryCode": "", "Province": "", "City": "", "CityCode": "", "Lat": "0", "Lon": "0", "Confirmed": 100173, "Deaths": 1137, "Recovered": 57334, "Active": 55583, "Date": "2020-12-16T00:00:00Z"}, {"Country": "Lithuania", "CountryCode": "", "Province": "", "City": "", "CityCode": "", "Lat": "0", "Lon": "0", "Confirmed": 103398, "Deaths": 1180, "Recovered": 61807, "Active": 56982, "Date": "2020-12-17T00:00:00Z"}, {"Country": "Lithuania", "CountryCode": "", "Province": "", "City": "", "CityCode": "", "Lat": "0", "Lon": "0", "Confirmed": 106645, "Deaths": 1219, "Recovered": 63010, "Active": 58678, "Date": "2020-12-18T00:00:00Z"}, {"Country": "Lithuania", "CountryCode": "", "Province": "", "City": "", "CityCode": "", "Lat": "0", "Lon": "0", "Confirmed": 109989, "Deaths": 1265, "Recovered": 63540, "Active": 57837, "Date": "2020-12-19T00:00:00Z"}, {"Country": "Lithuania", "CountryCode": "", "Province": "", "City": "", "CityCode": "", "Lat": "0", "Lon": "0", "Confirmed": 112912, "Deaths": 1293, "Recovered": 67073, "Active": 60619, "Date": "2020-12-20T00:00:00Z"}, {"Country": "Lithuania", "CountryCode": "", "Province": "", "City": "", "CityCode": "", "Lat": "0", "Lon": "0", "Confirmed": 115047, "Deaths": 1339, "Recovered": 69634, "Active": 62585, "Date": "2020-12-21T00:00:00Z"}, {"Country": "Lithuania", "CountryCode": "", "Province": "", "City": "", "CityCode": "", "Lat": "0", "Lon": "0", "Confirmed": 117086, "Deaths": 1395, "Recovered": 74906, "Active": 61068, "Date": "2020-12-22T00:00:00Z"}, {"Country": "Lithuania", "CountryCode": "", "Province": "", "City": "", "CityCode": "", "Lat": "0", "Lon": "0", "Confirmed": 120890, "Deaths": 1430, "Recovered": 76183, "Active": 63025, "Date": "2020-12-23T00:00:00Z"}, {"Country": "Lithuania", "CountryCode": "", "Province": "", "City": "", "CityCode": "", "Lat": "0", "Lon": "0", "Confirmed": 124856, "Deaths": 1466, "Recovered": 77526, "Active": 62144, "Date": "2020-12-24T00:00:00Z"}, {"Country": "Lithuania", "CountryCode": "", "Province": "", "City": "", "CityCode": "", "Lat": "0", "Lon": "0", "Confirmed": 127547, "Deaths": 1510, "Recovered": 78734, "Active": 64430, "Date": "2020-12-25T00:00:00Z"}, {"Country": "Lithuania", "CountryCode": "", "Province": "", "City": "", "CityCode": "", "Lat": "0", "Lon": "0", "Confirmed": 129914, "Deaths": 1571, "Recovered": 79567, "Active": 66358, "Date": "2020-12-26T00:00:00Z"}, {"Country": "Lithuania", "CountryCode": "", "Province": "", "City": "", "CityCode": "", "Lat": "0", "Lon": "0", "Confirmed": 131601, "Deaths": 1613, "Recovered": 84559, "Active": 67593, "Date": "2020-12-27T00:00:00Z"}, {"Country": "Lithuania", "CountryCode": "", "Province": "", "City": "", "CityCode": "", "Lat": "0", "Lon": "0", "Confirmed": 133395, "Deaths": 1652, "Recovered": 87222, "Active": 69002, "Date": "2020-12-28T00:00:00Z"}, {"Country": "Lithuania", "CountryCode": "", "Province": "", "City": "", "CityCode": "", "Lat": "0", "Lon": "0", "Confirmed": 135503, "Deaths": 1695, "Recovered": 89974, "Active": 66453, "Date": "2020-12-29T00:00:00Z"}, {"Country": "Lithuania", "CountryCode": "", "Province": "", "City": "", "CityCode": "", "Lat": "0", "Lon": "0", "Confirmed": 139487, "Deaths": 1740, "Recovered": 95587, "Active": 70312, "Date": "2020-12-30T00:00:00Z"}, {"Country": "Lithuania", "CountryCode": "", "Province": "", "City": "", "CityCode": "", "Lat": "0", "Lon": "0", "Confirmed": 141955, "Deaths": 1796, "Recovered": 96800, "Active": 68093, "Date": "2020-12-31T00:00:00Z"}, {"Country": "Lithuania", "CountryCode": "", "Province": "", "City": "", "CityCode": "", "Lat": "0", "Lon": "0", "Confirmed": 145430, "Deaths": 1837, "Recovered": 98149, "Active": 71286, "Date": "2021-01-01T00:00:00Z"}, {"Country": "Lithuania", "CountryCode": "", "Province": "", "City": "", "CityCode": "", "Lat": "0", "Lon": "0", "Confirmed": 146937, "Deaths": 1888, "Recovered": 98982, "Active": 67082, "Date": "2021-01-02T00:00:00Z"}, {"Country": "Lithuania", "CountryCode": "", "Province": "", "City": "", "CityCode": "", "Lat": "0", "Lon": "0", "Confirmed": 148202, "Deaths": 1938, "Recovered": 103029, "Active": 67632, "Date": "2021-01-03T00:00:00Z"}, {"Country": "Lithuania", "CountryCode": "", "Province": "", "City": "", "CityCode": "", "Lat": "0", "Lon": "0", "Confirmed": 149579, "Deaths": 1975, "Recovered": 105988, "Active": 68215, "Date": "2021-01-04T00:00:00Z"}, {"Country": "Lithuania", "CountryCode": "", "Province": "", "City": "", "CityCode": "", "Lat": "0", "Lon": "0", "Confirmed": 151220, "Deaths": 2015, "Recovered": 108904, "Active": 65871, "Date": "2021-01-05T00:00:00Z"}, {"Country": "Lithuania", "CountryCode": "", "Province": "", "City": "", "CityCode": "", "Lat": "0", "Lon": "0", "Confirmed": 154007, "Deaths": 2049, "Recovered": 111380, "Active": 66342, "Date": "2021-01-06T00:00:00Z"}, {"Country": "Lithuania", "CountryCode": "", "Province": "", "City": "", "CityCode": "", "Lat": "0", "Lon": "0", "Confirmed": 156416, "Deaths": 2092, "Recovered": 116502, "Active": 66365, "Date": "2021-01-07T00:00:00Z"}, {"Country": "Lithuania", "CountryCode": "", "Province": "", "City": "", "CityCode": "", "Lat": "0", "Lon": "0", "Confirmed": 158474, "Deaths": 2133, "Recovered": 117648, "Active": 66457, "Date": "2021-01-08T00:00:00Z"}, {"Country": "Lithuania", "CountryCode": "", "Province": "", "City": "", "CityCode": "", "Lat": "0", "Lon": "0", "Confirmed": 160238, "Deaths": 2174, "Recovered": 118208, "Active": 63797, "Date": "2021-01-09T00:00:00Z"}, {"Country": "Lithuania", "CountryCode": "", "Province": "", "City": "", "CityCode": "", "Lat": "0", "Lon": "0", "Confirmed": 161741, "Deaths": 2203, "Recovered": 121607, "Active": 65022, "Date": "2021-01-10T00:00:00Z"}, {"Country": "Lithuania", "CountryCode": "", "Province": "", "City": "", "CityCode": "", "Lat": "0", "Lon": "0", "Confirmed": 162515, "Deaths": 2246, "Recovered": 124255, "Active": 65606, "Date": "2021-01-11T00:00:00Z"}, {"Country": "Lithuania", "CountryCode": "", "Province": "", "City": "", "CityCode": "", "Lat": "0", "Lon": "0", "Confirmed": 163527, "Deaths": 2280, "Recovered": 126926, "Active": 63449, "Date": "2021-01-12T00:00:00Z"}, {"Country": "Lithuania", "CountryCode": "", "Province": "", "City": "", "CityCode": "", "Lat": "0", "Lon": "0", "Confirmed": 165291, "Deaths": 2317, "Recovered": 129314, "Active": 63392, "Date": "2021-01-13T00:00:00Z"}, {"Country": "Lithuania", "CountryCode": "", "Province": "", "City": "", "CityCode": "", "Lat": "0", "Lon": "0", "Confirmed": 166736, "Deaths": 2350, "Recovered": 133822, "Active": 64557, "Date": "2021-01-14T00:00:00Z"}, {"Country": "Lithuania", "CountryCode": "", "Province": "", "City": "", "CityCode": "", "Lat": "0", "Lon": "0", "Confirmed": 167960, "Deaths": 2385, "Recovered": 134902, "Active": 62689, "Date": "2021-01-15T00:00:00Z"}, {"Country": "Lithuania", "CountryCode": "", "Province": "", "City": "", "CityCode": "", "Lat": "0", "Lon": "0", "Confirmed": 169194, "Deaths": 2419, "Recovered": 135541, "Active": 60219, "Date": "2021-01-16T00:00:00Z"}, {"Country": "Lithuania", "CountryCode": "", "Province": "", "City": "", "CityCode": "", "Lat": "0", "Lon": "0", "Confirmed": 170036, "Deaths": 2450, "Recovered": 138778, "Active": 60883, "Date": "2021-01-17T00:00:00Z"}, {"Country": "Lithuania", "CountryCode": "", "Province": "", "City": "", "CityCode": "", "Lat": "0", "Lon": "0", "Confirmed": 170513, "Deaths": 2476, "Recovered": 141199, "Active": 61226, "Date": "2021-01-18T00:00:00Z"}, {"Country": "Lithuania", "CountryCode": "", "Province": "", "City": "", "CityCode": "", "Lat": "0", "Lon": "0", "Confirmed": 171380, "Deaths": 2498, "Recovered": 143789, "Active": 61917, "Date": "2021-01-19T00:00:00Z"}, {"Country": "Lithuania", "CountryCode": "", "Province": "", "City": "", "CityCode": "", "Lat": "0", "Lon": "0", "Confirmed": 172612, "Deaths": 2523, "Recovered": 145654, "Active": 59095, "Date": "2021-01-20T00:00:00Z"}, {"Country": "Lithuania", "CountryCode": "", "Province": "", "City": "", "CityCode": "", "Lat": "0", "Lon": "0", "Confirmed": 173889, "Deaths": 2561, "Recovered": 148796, "Active": 57901, "Date": "2021-01-21T00:00:00Z"}, {"Country": "Lithuania", "CountryCode": "", "Province": "", "City": "", "CityCode": "", "Lat": "0", "Lon": "0", "Confirmed": 174922, "Deaths": 2597, "Recovered": 149408, "Active": 57330, "Date": "2021-01-22T00:00:00Z"}, {"Country": "Lithuania", "CountryCode": "", "Province": "", "City": "", "CityCode": "", "Lat": "0", "Lon": "0", "Confirmed": 175929, "Deaths": 2631, "Recovered": 149934, "Active": 54330, "Date": "2021-01-23T00:00:00Z"}, {"Country": "Lithuania", "CountryCode": "", "Province": "", "City": "", "CityCode": "", "Lat": "0", "Lon": "0", "Confirmed": 176702, "Deaths": 2654, "Recovered": 152470, "Active": 54890, "Date": "2021-01-24T00:00:00Z"}, {"Country": "Lithuania", "CountryCode": "", "Province": "", "City": "", "CityCode": "", "Lat": "0", "Lon": "0", "Confirmed": 177243, "Deaths": 2674, "Recovered": 154297, "Active": 55248, "Date": "2021-01-25T00:00:00Z"}, {"Country": "Lithuania", "CountryCode": "", "Province": "", "City": "", "CityCode": "", "Lat": "0", "Lon": "0", "Confirmed": 177934, "Deaths": 2691, "Recovered": 155987, "Active": 53339, "Date": "2021-01-26T00:00:00Z"}, {"Country": "Lithuania", "CountryCode": "", "Province": "", "City": "", "CityCode": "", "Lat": "0", "Lon": "0", "Confirmed": 179217, "Deaths": 2720, "Recovered": 157440, "Active": 52934, "Date": "2021-01-27T00:00:00Z"}, {"Country": "Lithuania", "CountryCode": "", "Province": "", "City": "", "CityCode": "", "Lat": "0", "Lon": "0", "Confirmed": 180160, "Deaths": 2749, "Recovered": 159735, "Active": 52360, "Date": "2021-01-28T00:00:00Z"}, {"Country": "Lithuania", "CountryCode": "", "Province": "", "City": "", "CityCode": "", "Lat": "0", "Lon": "0", "Confirmed": 181019, "Deaths": 2766, "Recovered": 160162, "Active": 51718, "Date": "2021-01-29T00:00:00Z"}, {"Country": "Lithuania", "CountryCode": "", "Province": "", "City": "", "CityCode": "", "Lat": "0", "Lon": "0", "Confirmed": 181740, "Deaths": 2791, "Recovered": 160516, "Active": 49904, "Date": "2021-01-30T00:00:00Z"}, {"Country": "Lithuania", "CountryCode": "", "Province": "", "City": "", "CityCode": "", "Lat": "0", "Lon": "0", "Confirmed": 182543, "Deaths": 2808, "Recovered": 162392, "Active": 50561, "Date": "2021-01-31T00:00:00Z"}, {"Country": "Lithuania", "CountryCode": "", "Province": "", "City": "", "CityCode": "", "Lat": "0", "Lon": "0", "Confirmed": 182898, "Deaths": 2830, "Recovered": 163763, "Active": 50799, "Date": "2021-02-01T00:00:00Z"}, {"Country": "Lithuania", "CountryCode": "", "Province": "", "City": "", "CityCode": "", "Lat": "0", "Lon": "0", "Confirmed": 183444, "Deaths": 2847, "Recovered": 165099, "Active": 49446, "Date": "2021-02-02T00:00:00Z"}, {"Country": "Lithuania", "CountryCode": "", "Province": "", "City": "", "CityCode": "", "Lat": "0", "Lon": "0", "Confirmed": 184208, "Deaths": 2867, "Recovered": 166164, "Active": 49015, "Date": "2021-02-03T00:00:00Z"}, {"Country": "Lithuania", "CountryCode": "", "Province": "", "City": "", "CityCode": "", "Lat": "0", "Lon": "0", "Confirmed": 184948, "Deaths": 2885, "Recovered": 168368, "Active": 48069, "Date": "2021-02-04T00:00:00Z"}, {"Country": "Lithuania", "CountryCode": "", "Province": "", "City": "", "CityCode": "", "Lat": "0", "Lon": "0", "Confirmed": 185601, "Deaths": 2908, "Recovered": 168703, "Active": 47287, "Date": "2021-02-05T00:00:00Z"}, {"Country": "Lithuania", "CountryCode": "", "Province": "", "City": "", "CityCode": "", "Lat": "0", "Lon": "0", "Confirmed": 186278, "Deaths": 2927, "Recovered": 168890, "Active": 45338, "Date": "2021-02-06T00:00:00Z"}, {"Country": "Lithuania", "CountryCode": "", "Province": "", "City": "", "CityCode": "", "Lat": "0", "Lon": "0", "Confirmed": 186770, "Deaths": 2937, "Recovered": 170340, "Active": 45725, "Date": "2021-02-07T00:00:00Z"}, {"Country": "Lithuania", "CountryCode": "", "Province": "", "City": "", "CityCode": "", "Lat": "0", "Lon": "0", "Confirmed": 187039, "Deaths": 2955, "Recovered": 171280, "Active": 45877, "Date": "2021-02-08T00:00:00Z"}, {"Country": "Lithuania", "CountryCode": "", "Province": "", "City": "", "CityCode": "", "Lat": "0", "Lon": "0", "Confirmed": 187421, "Deaths": 2972, "Recovered": 172363, "Active": 44001, "Date": "2021-02-09T00:00:00Z"}, {"Country": "Lithuania", "CountryCode": "", "Province": "", "City": "", "CityCode": "", "Lat": "0", "Lon": "0", "Confirmed": 187991, "Deaths": 2988, "Recovered": 173163, "Active": 42690, "Date": "2021-02-10T00:00:00Z"}, {"Country": "Lithuania", "CountryCode": "", "Province": "", "City": "", "CityCode": "", "Lat": "0", "Lon": "0", "Confirmed": 189058, "Deaths": 3013, "Recovered": 174784, "Active": 42690, "Date": "2021-02-11T00:00:00Z"}, {"Country": "Lithuania", "CountryCode": "", "Province": "", "City": "", "CityCode": "", "Lat": "0", "Lon": "0", "Confirmed": 189665, "Deaths": 3038, "Recovered": 174943, "Active": 42690, "Date": "2021-02-12T00:00:00Z"}, {"Country": "Lithuania", "CountryCode": "", "Province": "", "City": "", "CityCode": "", "Lat": "0", "Lon": "0", "Confirmed": 190241, "Deaths": 3057, "Recovered": 175034, "Active": 42690, "Date": "2021-02-13T00:00:00Z"}, {"Country": "Lithuania", "CountryCode": "", "Province": "", "City": "", "CityCode": "", "Lat": "0", "Lon": "0", "Confirmed": 190724, "Deaths": 3070, "Recovered": 142313, "Active": 42690, "Date": "2021-02-14T00:00:00Z"}, {"Country": "Lithuania", "CountryCode": "", "Province": "", "City": "", "CityCode": "", "Lat": "0", "Lon": "0", "Confirmed": 190937, "Deaths": 3080, "Recovered": 175034, "Active": 12823, "Date": "2021-02-15T00:00:00Z"}, {"Country": "Lithuania", "CountryCode": "", "Province": "", "City": "", "CityCode": "", "Lat": "0", "Lon": "0", "Confirmed": 191264, "Deaths": 3095, "Recovered": 175278, "Active": 12891, "Date": "2021-02-16T00:00:00Z"}, {"Country": "Lithuania", "CountryCode": "", "Province": "", "City": "", "CityCode": "", "Lat": "0", "Lon": "0", "Confirmed": 191821, "Deaths": 3113, "Recovered": 176671, "Active": 12037, "Date": "2021-02-17T00:00:00Z"}, {"Country": "Lithuania", "CountryCode": "", "Province": "", "City": "", "CityCode": "", "Lat": "0", "Lon": "0", "Confirmed": 192193, "Deaths": 3129, "Recovered": 176925, "Active": 12139, "Date": "2021-02-18T00:00:00Z"}, {"Country": "Lithuania", "CountryCode": "", "Province": "", "City": "", "CityCode": "", "Lat": "0", "Lon": "0", "Confirmed": 192986, "Deaths": 3145, "Recovered": 178126, "Active": 11715, "Date": "2021-02-19T00:00:00Z"}, {"Country": "Lithuania", "CountryCode": "", "Province": "", "City": "", "CityCode": "", "Lat": "0", "Lon": "0", "Confirmed": 193562, "Deaths": 3162, "Recovered": 179364, "Active": 11036, "Date": "2021-02-20T00:00:00Z"}, {"Country": "Lithuania", "CountryCode": "", "Province": "", "City": "", "CityCode": "", "Lat": "0", "Lon": "0", "Confirmed": 194051, "Deaths": 3171, "Recovered": 179509, "Active": 11371, "Date": "2021-02-21T00:00:00Z"}, {"Country": "Lithuania", "CountryCode": "", "Province": "", "City": "", "CityCode": "", "Lat": "0", "Lon": "0", "Confirmed": 194333, "Deaths": 3178, "Recovered": 179624, "Active": 11531, "Date": "2021-02-22T00:00:00Z"}, {"Country": "Lithuania", "CountryCode": "", "Province": "", "City": "", "CityCode": "", "Lat": "0", "Lon": "0", "Confirmed": 194833, "Deaths": 3189, "Recovered": 180640, "Active": 11004, "Date": "2021-02-23T00:00:00Z"}, {"Country": "Lithuania", "CountryCode": "", "Province": "", "City": "", "CityCode": "", "Lat": "0", "Lon": "0", "Confirmed": 195481, "Deaths": 3200, "Recovered": 181230, "Active": 11051, "Date": "2021-02-24T00:00:00Z"}, {"Country": "Lithuania", "CountryCode": "", "Province": "", "City": "", "CityCode": "", "Lat": "0", "Lon": "0", "Confirmed": 196049, "Deaths": 3209, "Recovered": 181809, "Active": 11031, "Date": "2021-02-25T00:00:00Z"}, {"Country": "Lithuania", "CountryCode": "", "Province": "", "City": "", "CityCode": "", "Lat": "0", "Lon": "0", "Confirmed": 196690, "Deaths": 3225, "Recovered": 182263, "Active": 11202, "Date": "2021-02-26T00:00:00Z"}, {"Country": "Lithuania", "CountryCode": "", "Province": "", "City": "", "CityCode": "", "Lat": "0", "Lon": "0", "Confirmed": 197343, "Deaths": 3234, "Recovered": 183324, "Active": 10785, "Date": "2021-02-27T00:00:00Z"}, {"Country": "Lithuania", "CountryCode": "", "Province": "", "City": "", "CityCode": "", "Lat": "0", "Lon": "0", "Confirmed": 199145, "Deaths": 3244, "Recovered": 184785, "Active": 11116, "Date": "2021-02-28T00:00:00Z"}, {"Country": "Lithuania", "CountryCode": "", "Province": "", "City": "", "CityCode": "", "Lat": "0", "Lon": "0", "Confirmed": 199398, "Deaths": 3253, "Recovered": 184848, "Active": 11297, "Date": "2021-03-01T00:00:00Z"}, {"Country": "Lithuania", "CountryCode": "", "Province": "", "City": "", "CityCode": "", "Lat": "0", "Lon": "0", "Confirmed": 199825, "Deaths": 3263, "Recovered": 185770, "Active": 10792, "Date": "2021-03-02T00:00:00Z"}, {"Country": "Lithuania", "CountryCode": "", "Province": "", "City": "", "CityCode": "", "Lat": "0", "Lon": "0", "Confirmed": 200351, "Deaths": 3281, "Recovered": 186209, "Active": 10861, "Date": "2021-03-03T00:00:00Z"}, {"Country": "Lithuania", "CountryCode": "", "Province": "", "City": "", "CityCode": "", "Lat": "0", "Lon": "0", "Confirmed": 200898, "Deaths": 3294, "Recovered": 186737, "Active": 10867, "Date": "2021-03-04T00:00:00Z"}, {"Country": "Lithuania", "CountryCode": "", "Province": "", "City": "", "CityCode": "", "Lat": "0", "Lon": "0", "Confirmed": 201335, "Deaths": 3303, "Recovered": 187162, "Active": 10870, "Date": "2021-03-05T00:00:00Z"}, {"Country": "Lithuania", "CountryCode": "", "Province": "", "City": "", "CityCode": "", "Lat": "0", "Lon": "0", "Confirmed": 201799, "Deaths": 3321, "Recovered": 188103, "Active": 10375, "Date": "2021-03-06T00:00:00Z"}, {"Country": "Lithuania", "CountryCode": "", "Province": "", "City": "", "CityCode": "", "Lat": "0", "Lon": "0", "Confirmed": 202214, "Deaths": 3328, "Recovered": 188191, "Active": 198886, "Date": "2021-03-07T00:00:00Z"}, {"Country": "Lithuania", "CountryCode": "", "Province": "", "City": "", "CityCode": "", "Lat": "0", "Lon": "0", "Confirmed": 202430, "Deaths": 3336, "Recovered": 188245, "Active": 10849, "Date": "2021-03-08T00:00:00Z"}, {"Country": "Lithuania", "CountryCode": "", "Province": "", "City": "", "CityCode": "", "Lat": "0", "Lon": "0", "Confirmed": 202900, "Deaths": 3341, "Recovered": 189070, "Active": 10489, "Date": "2021-03-09T00:00:00Z"}, {"Country": "Lithuania", "CountryCode": "", "Province": "", "City": "", "CityCode": "", "Lat": "0", "Lon": "0", "Confirmed": 203386, "Deaths": 3351, "Recovered": 189479, "Active": 10556, "Date": "2021-03-10T00:00:00Z"}, {"Country": "Lithuania", "CountryCode": "", "Province": "", "City": "", "CityCode": "", "Lat": "0", "Lon": "0", "Confirmed": 203992, "Deaths": 3363, "Recovered": 190131, "Active": 10498, "Date": "2021-03-11T00:00:00Z"}, {"Country": "Lithuania", "CountryCode": "", "Province": "", "City": "", "CityCode": "", "Lat": "0", "Lon": "0", "Confirmed": 204356, "Deaths": 3373, "Recovered": 190234, "Active": 10749, "Date": "2021-03-12T00:00:00Z"}, {"Country": "Lithuania", "CountryCode": "", "Province": "", "City": "", "CityCode": "", "Lat": "0", "Lon": "0", "Confirmed": 204954, "Deaths": 3389, "Recovered": 191197, "Active": 10368, "Date": "2021-03-13T00:00:00Z"}]