[{"Country": "Luxembourg", "CountryCode": "", "Province": "", "City": "", "CityCode": "", "Lat": "0", "Lon": "0", "Confirmed": 1, "Deaths": 0, "Recovered": 0, "Active": 1, "Date": "2020-02-29T00:00:00Z"}, {"Country": "Luxembourg", "CountryCode": "", "Province": "", "City": "", "CityCode": "", "Lat": "0", "Lon": "0", "Confirmed": 1, "Deaths": 0, "Recovered": 0, "Active": 1, "Date": "2020-03-01T00:00:00Z"}, {"Country": "Luxembourg", "CountryCode": "", "Province": "", "City": "", "CityCode": "", "Lat": "0", "Lon": "0", "Confirmed": 1, "Deaths": 0, "Recovered": 0, "Active": 1, "Date": "2020-03-02T00:00:00Z"}, {"Country": "Luxembourg", "CountryCode": "", "Province": "", "City": "", "CityCode": "", "Lat": "0", "Lon": "0", "Confirmed": 1, "Deaths": 0, "Recovered": 0, "Active": 1, "Date": "2020-03-03T00:00:00Z"}, {"Country": "Luxembourg", "CountryCode": "", "Province": "", "City": "", "CityCode": "", "Lat": "0", "Lon": "0", "Confirmed": 1, "Deaths": 0, "Recovered": 0, "Active": 1, "Date": "2020-03-04T00:00:00Z"}, {"Country": "Luxembourg", "CountryCode": "", "Province": "", "City": "", "CityCode": "", "Lat": "0", "Lon": "0", "Confirmed": 1, "Deaths": 0, "Recovered": 0, "Active": 1, "Date": "2020-03-05T00:00:00Z"}, {"Country": "Luxembourg", "CountryCode": "", "Province": "", "City": "", "CityCode": "", "Lat": "0", "Lon": "0", "Confirmed": 2, "Deaths": 0, "Recovered": 0, "Active": 2, "Date": "2020-03-06T00:00:00Z"}, {"Country": "Luxembourg", "CountryCode": "", "Province": "", "City": "", "CityCode": "", "Lat": "0", "Lon": "0", "Confirmed": 2, "Deaths": 0, "Recovered": 0, "Active": 2, "Date": "2020-03-07T00:00:00Z"}, {"Country": "Luxembourg", "CountryCode": "", "Province": "", "City": "", "CityCode": "", "Lat": "0", "Lon": "0", "Confirmed": 3, "Deaths": 0, "Recovered": 0, "Active": 3, "Date": "2020-03-08T00:00:00Z"}, {"Country": "Luxembourg", "CountryCode": "", "Province": "", "City": "", "CityCode": "", "Lat": "0", "Lon": "0", "Confirmed": 3, "Deaths": 0, "Recovered": 0, "Active": 3, "Date": "2020-03-09T00:00:00Z"}, {"Country": "Luxembourg", "CountryCode": "", "Province": "", "City": "", "CityCode": "", "Lat": "0", "Lon": "0", "Confirmed": 5, "Deaths": 0, "Recovered": 0, "Active": 5, "Date": "2020-03-10T00:00:00Z"}, {"Country": "Luxembourg", "CountryCode": "", "Province": "", "City": "", "CityCode": "", "Lat": "0", "Lon": "0", "Confirmed": 7, "Deaths": 0, "Recovered": 0, "Active": 7, "Date": "2020-03-11T00:00:00Z"}, {"Country": "Luxembourg", "CountryCode": "", "Province": "", "City": "", "CityCode": "", "Lat": "0", "Lon": "0", "Confirmed": 19, "Deaths": 0, "Recovered": 0, "Active": 19, "Date": "2020-03-12T00:00:00Z"}, {"Country": "Luxembourg", "CountryCode": "", "Province": "", "City": "", "CityCode": "", "Lat": "0", "Lon": "0", "Confirmed": 34, "Deaths": 0, "Recovered": 0, "Active": 34, "Date": "2020-03-13T00:00:00Z"}, {"Country": "Luxembourg", "CountryCode": "", "Province": "", "City": "", "CityCode": "", "Lat": "0", "Lon": "0", "Confirmed": 51, "Deaths": 1, "Recovered": 0, "Active": 50, "Date": "2020-03-14T00:00:00Z"}, {"Country": "Luxembourg", "CountryCode": "", "Province": "", "City": "", "CityCode": "", "Lat": "0", "Lon": "0", "Confirmed": 59, "Deaths": 1, "Recovered": 0, "Active": 58, "Date": "2020-03-15T00:00:00Z"}, {"Country": "Luxembourg", "CountryCode": "", "Province": "", "City": "", "CityCode": "", "Lat": "0", "Lon": "0", "Confirmed": 77, "Deaths": 1, "Recovered": 0, "Active": 76, "Date": "2020-03-16T00:00:00Z"}, {"Country": "Luxembourg", "CountryCode": "", "Province": "", "City": "", "CityCode": "", "Lat": "0", "Lon": "0", "Confirmed": 140, "Deaths": 1, "Recovered": 0, "Active": 139, "Date": "2020-03-17T00:00:00Z"}, {"Country": "Luxembourg", "CountryCode": "", "Province": "", "City": "", "CityCode": "", "Lat": "0", "Lon": "0", "Confirmed": 203, "Deaths": 2, "Recovered": 0, "Active": 201, "Date": "2020-03-18T00:00:00Z"}, {"Country": "Luxembourg", "CountryCode": "", "Province": "", "City": "", "CityCode": "", "Lat": "0", "Lon": "0", "Confirmed": 335, "Deaths": 4, "Recovered": 0, "Active": 331, "Date": "2020-03-19T00:00:00Z"}, {"Country": "Luxembourg", "CountryCode": "", "Province": "", "City": "", "CityCode": "", "Lat": "0", "Lon": "0", "Confirmed": 484, "Deaths": 4, "Recovered": 0, "Active": 480, "Date": "2020-03-20T00:00:00Z"}, {"Country": "Luxembourg", "CountryCode": "", "Province": "", "City": "", "CityCode": "", "Lat": "0", "Lon": "0", "Confirmed": 670, "Deaths": 8, "Recovered": 0, "Active": 662, "Date": "2020-03-21T00:00:00Z"}, {"Country": "Luxembourg", "CountryCode": "", "Province": "", "City": "", "CityCode": "", "Lat": "0", "Lon": "0", "Confirmed": 798, "Deaths": 8, "Recovered": 6, "Active": 784, "Date": "2020-03-22T00:00:00Z"}, {"Country": "Luxembourg", "CountryCode": "", "Province": "", "City": "", "CityCode": "", "Lat": "0", "Lon": "0", "Confirmed": 875, "Deaths": 8, "Recovered": 6, "Active": 861, "Date": "2020-03-23T00:00:00Z"}, {"Country": "Luxembourg", "CountryCode": "", "Province": "", "City": "", "CityCode": "", "Lat": "0", "Lon": "0", "Confirmed": 1099, "Deaths": 8, "Recovered": 6, "Active": 1085, "Date": "2020-03-24T00:00:00Z"}, {"Country": "Luxembourg", "CountryCode": "", "Province": "", "City": "", "CityCode": "", "Lat": "0", "Lon": "0", "Confirmed": 1333, "Deaths": 8, "Recovered": 6, "Active": 1319, "Date": "2020-03-25T00:00:00Z"}, {"Country": "Luxembourg", "CountryCode": "", "Province": "", "City": "", "CityCode": "", "Lat": "0", "Lon": "0", "Confirmed": 1453, "Deaths": 9, "Recovered": 6, "Active": 1438, "Date": "2020-03-26T00:00:00Z"}, {"Country": "Luxembourg", "CountryCode": "", "Province": "", "City": "", "CityCode": "", "Lat": "0", "Lon": "0", "Confirmed": 1605, "Deaths": 15, "Recovered": 40, "Active": 1550, "Date": "2020-03-27T00:00:00Z"}, {"Country": "Luxembourg", "CountryCode": "", "Province": "", "City": "", "CityCode": "", "Lat": "0", "Lon": "0", "Confirmed": 1831, "Deaths": 18, "Recovered": 40, "Active": 1773, "Date": "2020-03-28T00:00:00Z"}, {"Country": "Luxembourg", "CountryCode": "", "Province": "", "City": "", "CityCode": "", "Lat": "0", "Lon": "0", "Confirmed": 1950, "Deaths": 21, "Recovered": 40, "Active": 1889, "Date": "2020-03-29T00:00:00Z"}, {"Country": "Luxembourg", "CountryCode": "", "Province": "", "City": "", "CityCode": "", "Lat": "0", "Lon": "0", "Confirmed": 1988, "Deaths": 22, "Recovered": 40, "Active": 1926, "Date": "2020-03-30T00:00:00Z"}, {"Country": "Luxembourg", "CountryCode": "", "Province": "", "City": "", "CityCode": "", "Lat": "0", "Lon": "0", "Confirmed": 2178, "Deaths": 23, "Recovered": 80, "Active": 2075, "Date": "2020-03-31T00:00:00Z"}, {"Country": "Luxembourg", "CountryCode": "", "Province": "", "City": "", "CityCode": "", "Lat": "0", "Lon": "0", "Confirmed": 2319, "Deaths": 29, "Recovered": 80, "Active": 2210, "Date": "2020-04-01T00:00:00Z"}, {"Country": "Luxembourg", "CountryCode": "", "Province": "", "City": "", "CityCode": "", "Lat": "0", "Lon": "0", "Confirmed": 2487, "Deaths": 30, "Recovered": 80, "Active": 2377, "Date": "2020-04-02T00:00:00Z"}, {"Country": "Luxembourg", "CountryCode": "", "Province": "", "City": "", "CityCode": "", "Lat": "0", "Lon": "0", "Confirmed": 2612, "Deaths": 31, "Recovered": 500, "Active": 2081, "Date": "2020-04-03T00:00:00Z"}, {"Country": "Luxembourg", "CountryCode": "", "Province": "", "City": "", "CityCode": "", "Lat": "0", "Lon": "0", "Confirmed": 2729, "Deaths": 31, "Recovered": 500, "Active": 2198, "Date": "2020-04-04T00:00:00Z"}, {"Country": "Luxembourg", "CountryCode": "", "Province": "", "City": "", "CityCode": "", "Lat": "0", "Lon": "0", "Confirmed": 2804, "Deaths": 36, "Recovered": 500, "Active": 2268, "Date": "2020-04-05T00:00:00Z"}, {"Country": "Luxembourg", "CountryCode": "", "Province": "", "City": "", "CityCode": "", "Lat": "0", "Lon": "0", "Confirmed": 2843, "Deaths": 41, "Recovered": 500, "Active": 2302, "Date": "2020-04-06T00:00:00Z"}, {"Country": "Luxembourg", "CountryCode": "", "Province": "", "City": "", "CityCode": "", "Lat": "0", "Lon": "0", "Confirmed": 2970, "Deaths": 44, "Recovered": 500, "Active": 2426, "Date": "2020-04-07T00:00:00Z"}, {"Country": "Luxembourg", "CountryCode": "", "Province": "", "City": "", "CityCode": "", "Lat": "0", "Lon": "0", "Confirmed": 3034, "Deaths": 46, "Recovered": 500, "Active": 2488, "Date": "2020-04-08T00:00:00Z"}, {"Country": "Luxembourg", "CountryCode": "", "Province": "", "City": "", "CityCode": "", "Lat": "0", "Lon": "0", "Confirmed": 3115, "Deaths": 52, "Recovered": 500, "Active": 2563, "Date": "2020-04-09T00:00:00Z"}, {"Country": "Luxembourg", "CountryCode": "", "Province": "", "City": "", "CityCode": "", "Lat": "0", "Lon": "0", "Confirmed": 3223, "Deaths": 54, "Recovered": 500, "Active": 2669, "Date": "2020-04-10T00:00:00Z"}, {"Country": "Luxembourg", "CountryCode": "", "Province": "", "City": "", "CityCode": "", "Lat": "0", "Lon": "0", "Confirmed": 3270, "Deaths": 62, "Recovered": 500, "Active": 2708, "Date": "2020-04-11T00:00:00Z"}, {"Country": "Luxembourg", "CountryCode": "", "Province": "", "City": "", "CityCode": "", "Lat": "0", "Lon": "0", "Confirmed": 3281, "Deaths": 66, "Recovered": 500, "Active": 2715, "Date": "2020-04-12T00:00:00Z"}, {"Country": "Luxembourg", "CountryCode": "", "Province": "", "City": "", "CityCode": "", "Lat": "0", "Lon": "0", "Confirmed": 3292, "Deaths": 69, "Recovered": 500, "Active": 2723, "Date": "2020-04-13T00:00:00Z"}, {"Country": "Luxembourg", "CountryCode": "", "Province": "", "City": "", "CityCode": "", "Lat": "0", "Lon": "0", "Confirmed": 3307, "Deaths": 67, "Recovered": 500, "Active": 2740, "Date": "2020-04-14T00:00:00Z"}, {"Country": "Luxembourg", "CountryCode": "", "Province": "", "City": "", "CityCode": "", "Lat": "0", "Lon": "0", "Confirmed": 3373, "Deaths": 69, "Recovered": 526, "Active": 2778, "Date": "2020-04-15T00:00:00Z"}, {"Country": "Luxembourg", "CountryCode": "", "Province": "", "City": "", "CityCode": "", "Lat": "0", "Lon": "0", "Confirmed": 3444, "Deaths": 69, "Recovered": 552, "Active": 2823, "Date": "2020-04-16T00:00:00Z"}, {"Country": "Luxembourg", "CountryCode": "", "Province": "", "City": "", "CityCode": "", "Lat": "0", "Lon": "0", "Confirmed": 3480, "Deaths": 72, "Recovered": 579, "Active": 2829, "Date": "2020-04-17T00:00:00Z"}, {"Country": "Luxembourg", "CountryCode": "", "Province": "", "City": "", "CityCode": "", "Lat": "0", "Lon": "0", "Confirmed": 3537, "Deaths": 72, "Recovered": 601, "Active": 2864, "Date": "2020-04-18T00:00:00Z"}, {"Country": "Luxembourg", "CountryCode": "", "Province": "", "City": "", "CityCode": "", "Lat": "0", "Lon": "0", "Confirmed": 3550, "Deaths": 73, "Recovered": 627, "Active": 2850, "Date": "2020-04-19T00:00:00Z"}, {"Country": "Luxembourg", "CountryCode": "", "Province": "", "City": "", "CityCode": "", "Lat": "0", "Lon": "0", "Confirmed": 3558, "Deaths": 75, "Recovered": 637, "Active": 2846, "Date": "2020-04-20T00:00:00Z"}, {"Country": "Luxembourg", "CountryCode": "", "Province": "", "City": "", "CityCode": "", "Lat": "0", "Lon": "0", "Confirmed": 3618, "Deaths": 78, "Recovered": 670, "Active": 2870, "Date": "2020-04-21T00:00:00Z"}, {"Country": "Luxembourg", "CountryCode": "", "Province": "", "City": "", "CityCode": "", "Lat": "0", "Lon": "0", "Confirmed": 3654, "Deaths": 80, "Recovered": 711, "Active": 2863, "Date": "2020-04-22T00:00:00Z"}, {"Country": "Luxembourg", "CountryCode": "", "Province": "", "City": "", "CityCode": "", "Lat": "0", "Lon": "0", "Confirmed": 3665, "Deaths": 83, "Recovered": 728, "Active": 2854, "Date": "2020-04-23T00:00:00Z"}, {"Country": "Luxembourg", "CountryCode": "", "Province": "", "City": "", "CityCode": "", "Lat": "0", "Lon": "0", "Confirmed": 3695, "Deaths": 85, "Recovered": 3007, "Active": 603, "Date": "2020-04-24T00:00:00Z"}, {"Country": "Luxembourg", "CountryCode": "", "Province": "", "City": "", "CityCode": "", "Lat": "0", "Lon": "0", "Confirmed": 3711, "Deaths": 85, "Recovered": 3088, "Active": 538, "Date": "2020-04-25T00:00:00Z"}, {"Country": "Luxembourg", "CountryCode": "", "Province": "", "City": "", "CityCode": "", "Lat": "0", "Lon": "0", "Confirmed": 3723, "Deaths": 88, "Recovered": 3104, "Active": 531, "Date": "2020-04-26T00:00:00Z"}, {"Country": "Luxembourg", "CountryCode": "", "Province": "", "City": "", "CityCode": "", "Lat": "0", "Lon": "0", "Confirmed": 3729, "Deaths": 88, "Recovered": 3123, "Active": 518, "Date": "2020-04-27T00:00:00Z"}, {"Country": "Luxembourg", "CountryCode": "", "Province": "", "City": "", "CityCode": "", "Lat": "0", "Lon": "0", "Confirmed": 3741, "Deaths": 89, "Recovered": 3123, "Active": 529, "Date": "2020-04-28T00:00:00Z"}, {"Country": "Luxembourg", "CountryCode": "", "Province": "", "City": "", "CityCode": "", "Lat": "0", "Lon": "0", "Confirmed": 3769, "Deaths": 89, "Recovered": 3134, "Active": 546, "Date": "2020-04-29T00:00:00Z"}, {"Country": "Luxembourg", "CountryCode": "", "Province": "", "City": "", "CityCode": "", "Lat": "0", "Lon": "0", "Confirmed": 3784, "Deaths": 90, "Recovered": 3213, "Active": 481, "Date": "2020-04-30T00:00:00Z"}, {"Country": "Luxembourg", "CountryCode": "", "Province": "", "City": "", "CityCode": "", "Lat": "0", "Lon": "0", "Confirmed": 3802, "Deaths": 92, "Recovered": 3213, "Active": 497, "Date": "2020-05-01T00:00:00Z"}, {"Country": "Luxembourg", "CountryCode": "", "Province": "", "City": "", "CityCode": "", "Lat": "0", "Lon": "0", "Confirmed": 3812, "Deaths": 92, "Recovered": 3318, "Active": 402, "Date": "2020-05-02T00:00:00Z"}, {"Country": "Luxembourg", "CountryCode": "", "Province": "", "City": "", "CityCode": "", "Lat": "0", "Lon": "0", "Confirmed": 3824, "Deaths": 96, "Recovered": 3379, "Active": 349, "Date": "2020-05-03T00:00:00Z"}, {"Country": "Luxembourg", "CountryCode": "", "Province": "", "City": "", "CityCode": "", "Lat": "0", "Lon": "0", "Confirmed": 3828, "Deaths": 96, "Recovered": 3405, "Active": 327, "Date": "2020-05-04T00:00:00Z"}, {"Country": "Luxembourg", "CountryCode": "", "Province": "", "City": "", "CityCode": "", "Lat": "0", "Lon": "0", "Confirmed": 3840, "Deaths": 96, "Recovered": 3412, "Active": 332, "Date": "2020-05-05T00:00:00Z"}, {"Country": "Luxembourg", "CountryCode": "", "Province": "", "City": "", "CityCode": "", "Lat": "0", "Lon": "0", "Confirmed": 3851, "Deaths": 98, "Recovered": 3452, "Active": 301, "Date": "2020-05-06T00:00:00Z"}, {"Country": "Luxembourg", "CountryCode": "", "Province": "", "City": "", "CityCode": "", "Lat": "0", "Lon": "0", "Confirmed": 3859, "Deaths": 100, "Recovered": 3505, "Active": 254, "Date": "2020-05-07T00:00:00Z"}, {"Country": "Luxembourg", "CountryCode": "", "Province": "", "City": "", "CityCode": "", "Lat": "0", "Lon": "0", "Confirmed": 3871, "Deaths": 100, "Recovered": 3526, "Active": 245, "Date": "2020-05-08T00:00:00Z"}, {"Country": "Luxembourg", "CountryCode": "", "Province": "", "City": "", "CityCode": "", "Lat": "0", "Lon": "0", "Confirmed": 3877, "Deaths": 101, "Recovered": 3550, "Active": 226, "Date": "2020-05-09T00:00:00Z"}, {"Country": "Luxembourg", "CountryCode": "", "Province": "", "City": "", "CityCode": "", "Lat": "0", "Lon": "0", "Confirmed": 3886, "Deaths": 101, "Recovered": 3586, "Active": 199, "Date": "2020-05-10T00:00:00Z"}, {"Country": "Luxembourg", "CountryCode": "", "Province": "", "City": "", "CityCode": "", "Lat": "0", "Lon": "0", "Confirmed": 3888, "Deaths": 101, "Recovered": 3602, "Active": 185, "Date": "2020-05-11T00:00:00Z"}, {"Country": "Luxembourg", "CountryCode": "", "Province": "", "City": "", "CityCode": "", "Lat": "0", "Lon": "0", "Confirmed": 3894, "Deaths": 102, "Recovered": 3610, "Active": 182, "Date": "2020-05-12T00:00:00Z"}, {"Country": "Luxembourg", "CountryCode": "", "Province": "", "City": "", "CityCode": "", "Lat": "0", "Lon": "0", "Confirmed": 3904, "Deaths": 103, "Recovered": 3629, "Active": 172, "Date": "2020-05-13T00:00:00Z"}, {"Country": "Luxembourg", "CountryCode": "", "Province": "", "City": "", "CityCode": "", "Lat": "0", "Lon": "0", "Confirmed": 3915, "Deaths": 103, "Recovered": 3665, "Active": 147, "Date": "2020-05-14T00:00:00Z"}, {"Country": "Luxembourg", "CountryCode": "", "Province": "", "City": "", "CityCode": "", "Lat": "0", "Lon": "0", "Confirmed": 3923, "Deaths": 104, "Recovered": 3682, "Active": 137, "Date": "2020-05-15T00:00:00Z"}, {"Country": "Luxembourg", "CountryCode": "", "Province": "", "City": "", "CityCode": "", "Lat": "0", "Lon": "0", "Confirmed": 3930, "Deaths": 104, "Recovered": 3699, "Active": 127, "Date": "2020-05-16T00:00:00Z"}, {"Country": "Luxembourg", "CountryCode": "", "Province": "", "City": "", "CityCode": "", "Lat": "0", "Lon": "0", "Confirmed": 3945, "Deaths": 107, "Recovered": 3702, "Active": 136, "Date": "2020-05-17T00:00:00Z"}, {"Country": "Luxembourg", "CountryCode": "", "Province": "", "City": "", "CityCode": "", "Lat": "0", "Lon": "0", "Confirmed": 3947, "Deaths": 107, "Recovered": 3715, "Active": 125, "Date": "2020-05-18T00:00:00Z"}, {"Country": "Luxembourg", "CountryCode": "", "Province": "", "City": "", "CityCode": "", "Lat": "0", "Lon": "0", "Confirmed": 3958, "Deaths": 109, "Recovered": 3718, "Active": 131, "Date": "2020-05-19T00:00:00Z"}, {"Country": "Luxembourg", "CountryCode": "", "Province": "", "City": "", "CityCode": "", "Lat": "0", "Lon": "0", "Confirmed": 3971, "Deaths": 109, "Recovered": 3728, "Active": 134, "Date": "2020-05-20T00:00:00Z"}, {"Country": "Luxembourg", "CountryCode": "", "Province": "", "City": "", "CityCode": "", "Lat": "0", "Lon": "0", "Confirmed": 3980, "Deaths": 109, "Recovered": 3741, "Active": 130, "Date": "2020-05-21T00:00:00Z"}, {"Country": "Luxembourg", "CountryCode": "", "Province": "", "City": "", "CityCode": "", "Lat": "0", "Lon": "0", "Confirmed": 3981, "Deaths": 109, "Recovered": 3748, "Active": 124, "Date": "2020-05-22T00:00:00Z"}, {"Country": "Luxembourg", "CountryCode": "", "Province": "", "City": "", "CityCode": "", "Lat": "0", "Lon": "0", "Confirmed": 3990, "Deaths": 109, "Recovered": 3758, "Active": 123, "Date": "2020-05-23T00:00:00Z"}, {"Country": "Luxembourg", "CountryCode": "", "Province": "", "City": "", "CityCode": "", "Lat": "0", "Lon": "0", "Confirmed": 3992, "Deaths": 110, "Recovered": 3767, "Active": 115, "Date": "2020-05-24T00:00:00Z"}, {"Country": "Luxembourg", "CountryCode": "", "Province": "", "City": "", "CityCode": "", "Lat": "0", "Lon": "0", "Confirmed": 3993, "Deaths": 110, "Recovered": 3781, "Active": 102, "Date": "2020-05-25T00:00:00Z"}, {"Country": "Luxembourg", "CountryCode": "", "Province": "", "City": "", "CityCode": "", "Lat": "0", "Lon": "0", "Confirmed": 3995, "Deaths": 110, "Recovered": 3783, "Active": 102, "Date": "2020-05-26T00:00:00Z"}, {"Country": "Luxembourg", "CountryCode": "", "Province": "", "City": "", "CityCode": "", "Lat": "0", "Lon": "0", "Confirmed": 4001, "Deaths": 110, "Recovered": 3791, "Active": 100, "Date": "2020-05-27T00:00:00Z"}, {"Country": "Luxembourg", "CountryCode": "", "Province": "", "City": "", "CityCode": "", "Lat": "0", "Lon": "0", "Confirmed": 4008, "Deaths": 110, "Recovered": 3803, "Active": 95, "Date": "2020-05-28T00:00:00Z"}, {"Country": "Luxembourg", "CountryCode": "", "Province": "", "City": "", "CityCode": "", "Lat": "0", "Lon": "0", "Confirmed": 4012, "Deaths": 110, "Recovered": 3815, "Active": 87, "Date": "2020-05-29T00:00:00Z"}, {"Country": "Luxembourg", "CountryCode": "", "Province": "", "City": "", "CityCode": "", "Lat": "0", "Lon": "0", "Confirmed": 4016, "Deaths": 110, "Recovered": 3815, "Active": 91, "Date": "2020-05-30T00:00:00Z"}, {"Country": "Luxembourg", "CountryCode": "", "Province": "", "City": "", "CityCode": "", "Lat": "0", "Lon": "0", "Confirmed": 4018, "Deaths": 110, "Recovered": 3833, "Active": 75, "Date": "2020-05-31T00:00:00Z"}, {"Country": "Luxembourg", "CountryCode": "", "Province": "", "City": "", "CityCode": "", "Lat": "0", "Lon": "0", "Confirmed": 4019, "Deaths": 110, "Recovered": 3845, "Active": 64, "Date": "2020-06-01T00:00:00Z"}, {"Country": "Luxembourg", "CountryCode": "", "Province": "", "City": "", "CityCode": "", "Lat": "0", "Lon": "0", "Confirmed": 4020, "Deaths": 110, "Recovered": 3848, "Active": 62, "Date": "2020-06-02T00:00:00Z"}, {"Country": "Luxembourg", "CountryCode": "", "Province": "", "City": "", "CityCode": "", "Lat": "0", "Lon": "0", "Confirmed": 4024, "Deaths": 110, "Recovered": 3861, "Active": 53, "Date": "2020-06-03T00:00:00Z"}, {"Country": "Luxembourg", "CountryCode": "", "Province": "", "City": "", "CityCode": "", "Lat": "0", "Lon": "0", "Confirmed": 4027, "Deaths": 110, "Recovered": 3874, "Active": 43, "Date": "2020-06-04T00:00:00Z"}, {"Country": "Luxembourg", "CountryCode": "", "Province": "", "City": "", "CityCode": "", "Lat": "0", "Lon": "0", "Confirmed": 4032, "Deaths": 110, "Recovered": 3885, "Active": 37, "Date": "2020-06-05T00:00:00Z"}, {"Country": "Luxembourg", "CountryCode": "", "Province": "", "City": "", "CityCode": "", "Lat": "0", "Lon": "0", "Confirmed": 4035, "Deaths": 110, "Recovered": 3888, "Active": 37, "Date": "2020-06-06T00:00:00Z"}, {"Country": "Luxembourg", "CountryCode": "", "Province": "", "City": "", "CityCode": "", "Lat": "0", "Lon": "0", "Confirmed": 4039, "Deaths": 110, "Recovered": 3899, "Active": 30, "Date": "2020-06-07T00:00:00Z"}, {"Country": "Luxembourg", "CountryCode": "", "Province": "", "City": "", "CityCode": "", "Lat": "0", "Lon": "0", "Confirmed": 4040, "Deaths": 110, "Recovered": 3901, "Active": 29, "Date": "2020-06-08T00:00:00Z"}, {"Country": "Luxembourg", "CountryCode": "", "Province": "", "City": "", "CityCode": "", "Lat": "0", "Lon": "0", "Confirmed": 4046, "Deaths": 110, "Recovered": 3902, "Active": 34, "Date": "2020-06-09T00:00:00Z"}, {"Country": "Luxembourg", "CountryCode": "", "Province": "", "City": "", "CityCode": "", "Lat": "0", "Lon": "0", "Confirmed": 4049, "Deaths": 110, "Recovered": 3904, "Active": 35, "Date": "2020-06-10T00:00:00Z"}, {"Country": "Luxembourg", "CountryCode": "", "Province": "", "City": "", "CityCode": "", "Lat": "0", "Lon": "0", "Confirmed": 4052, "Deaths": 110, "Recovered": 3910, "Active": 32, "Date": "2020-06-11T00:00:00Z"}, {"Country": "Luxembourg", "CountryCode": "", "Province": "", "City": "", "CityCode": "", "Lat": "0", "Lon": "0", "Confirmed": 4055, "Deaths": 110, "Recovered": 3918, "Active": 27, "Date": "2020-06-12T00:00:00Z"}, {"Country": "Luxembourg", "CountryCode": "", "Province": "", "City": "", "CityCode": "", "Lat": "0", "Lon": "0", "Confirmed": 4063, "Deaths": 110, "Recovered": 3922, "Active": 31, "Date": "2020-06-13T00:00:00Z"}, {"Country": "Luxembourg", "CountryCode": "", "Province": "", "City": "", "CityCode": "", "Lat": "0", "Lon": "0", "Confirmed": 4070, "Deaths": 110, "Recovered": 3929, "Active": 31, "Date": "2020-06-14T00:00:00Z"}, {"Country": "Luxembourg", "CountryCode": "", "Province": "", "City": "", "CityCode": "", "Lat": "0", "Lon": "0", "Confirmed": 4072, "Deaths": 110, "Recovered": 3931, "Active": 31, "Date": "2020-06-15T00:00:00Z"}, {"Country": "Luxembourg", "CountryCode": "", "Province": "", "City": "", "CityCode": "", "Lat": "0", "Lon": "0", "Confirmed": 4075, "Deaths": 110, "Recovered": 3933, "Active": 32, "Date": "2020-06-16T00:00:00Z"}, {"Country": "Luxembourg", "CountryCode": "", "Province": "", "City": "", "CityCode": "", "Lat": "0", "Lon": "0", "Confirmed": 4085, "Deaths": 110, "Recovered": 3935, "Active": 40, "Date": "2020-06-17T00:00:00Z"}, {"Country": "Luxembourg", "CountryCode": "", "Province": "", "City": "", "CityCode": "", "Lat": "0", "Lon": "0", "Confirmed": 4091, "Deaths": 110, "Recovered": 3940, "Active": 41, "Date": "2020-06-18T00:00:00Z"}, {"Country": "Luxembourg", "CountryCode": "", "Province": "", "City": "", "CityCode": "", "Lat": "0", "Lon": "0", "Confirmed": 4099, "Deaths": 110, "Recovered": 3944, "Active": 45, "Date": "2020-06-19T00:00:00Z"}, {"Country": "Luxembourg", "CountryCode": "", "Province": "", "City": "", "CityCode": "", "Lat": "0", "Lon": "0", "Confirmed": 4105, "Deaths": 110, "Recovered": 3951, "Active": 44, "Date": "2020-06-20T00:00:00Z"}, {"Country": "Luxembourg", "CountryCode": "", "Province": "", "City": "", "CityCode": "", "Lat": "0", "Lon": "0", "Confirmed": 4120, "Deaths": 110, "Recovered": 3956, "Active": 54, "Date": "2020-06-21T00:00:00Z"}, {"Country": "Luxembourg", "CountryCode": "", "Province": "", "City": "", "CityCode": "", "Lat": "0", "Lon": "0", "Confirmed": 4121, "Deaths": 110, "Recovered": 3959, "Active": 52, "Date": "2020-06-22T00:00:00Z"}, {"Country": "Luxembourg", "CountryCode": "", "Province": "", "City": "", "CityCode": "", "Lat": "0", "Lon": "0", "Confirmed": 4133, "Deaths": 110, "Recovered": 3959, "Active": 64, "Date": "2020-06-23T00:00:00Z"}, {"Country": "Luxembourg", "CountryCode": "", "Province": "", "City": "", "CityCode": "", "Lat": "0", "Lon": "0", "Confirmed": 4140, "Deaths": 110, "Recovered": 3965, "Active": 65, "Date": "2020-06-24T00:00:00Z"}, {"Country": "Luxembourg", "CountryCode": "", "Province": "", "City": "", "CityCode": "", "Lat": "0", "Lon": "0", "Confirmed": 4151, "Deaths": 110, "Recovered": 3968, "Active": 73, "Date": "2020-06-25T00:00:00Z"}, {"Country": "Luxembourg", "CountryCode": "", "Province": "", "City": "", "CityCode": "", "Lat": "0", "Lon": "0", "Confirmed": 4173, "Deaths": 110, "Recovered": 3968, "Active": 95, "Date": "2020-06-26T00:00:00Z"}, {"Country": "Luxembourg", "CountryCode": "", "Province": "", "City": "", "CityCode": "", "Lat": "0", "Lon": "0", "Confirmed": 4217, "Deaths": 110, "Recovered": 3978, "Active": 129, "Date": "2020-06-27T00:00:00Z"}, {"Country": "Luxembourg", "CountryCode": "", "Province": "", "City": "", "CityCode": "", "Lat": "0", "Lon": "0", "Confirmed": 4242, "Deaths": 110, "Recovered": 3978, "Active": 154, "Date": "2020-06-28T00:00:00Z"}, {"Country": "Luxembourg", "CountryCode": "", "Province": "", "City": "", "CityCode": "", "Lat": "0", "Lon": "0", "Confirmed": 4256, "Deaths": 110, "Recovered": 3997, "Active": 149, "Date": "2020-06-29T00:00:00Z"}, {"Country": "Luxembourg", "CountryCode": "", "Province": "", "City": "", "CityCode": "", "Lat": "0", "Lon": "0", "Confirmed": 4299, "Deaths": 110, "Recovered": 3998, "Active": 191, "Date": "2020-06-30T00:00:00Z"}, {"Country": "Luxembourg", "CountryCode": "", "Province": "", "City": "", "CityCode": "", "Lat": "0", "Lon": "0", "Confirmed": 4345, "Deaths": 110, "Recovered": 4003, "Active": 232, "Date": "2020-07-01T00:00:00Z"}, {"Country": "Luxembourg", "CountryCode": "", "Province": "", "City": "", "CityCode": "", "Lat": "0", "Lon": "0", "Confirmed": 4395, "Deaths": 110, "Recovered": 4012, "Active": 273, "Date": "2020-07-02T00:00:00Z"}, {"Country": "Luxembourg", "CountryCode": "", "Province": "", "City": "", "CityCode": "", "Lat": "0", "Lon": "0", "Confirmed": 4447, "Deaths": 110, "Recovered": 4016, "Active": 321, "Date": "2020-07-03T00:00:00Z"}, {"Country": "Luxembourg", "CountryCode": "", "Province": "", "City": "", "CityCode": "", "Lat": "0", "Lon": "0", "Confirmed": 4476, "Deaths": 110, "Recovered": 4016, "Active": 350, "Date": "2020-07-04T00:00:00Z"}, {"Country": "Luxembourg", "CountryCode": "", "Province": "", "City": "", "CityCode": "", "Lat": "0", "Lon": "0", "Confirmed": 4522, "Deaths": 110, "Recovered": 4016, "Active": 396, "Date": "2020-07-05T00:00:00Z"}, {"Country": "Luxembourg", "CountryCode": "", "Province": "", "City": "", "CityCode": "", "Lat": "0", "Lon": "0", "Confirmed": 4542, "Deaths": 110, "Recovered": 4016, "Active": 416, "Date": "2020-07-06T00:00:00Z"}, {"Country": "Luxembourg", "CountryCode": "", "Province": "", "City": "", "CityCode": "", "Lat": "0", "Lon": "0", "Confirmed": 4603, "Deaths": 110, "Recovered": 4056, "Active": 437, "Date": "2020-07-07T00:00:00Z"}, {"Country": "Luxembourg", "CountryCode": "", "Province": "", "City": "", "CityCode": "", "Lat": "0", "Lon": "0", "Confirmed": 4650, "Deaths": 110, "Recovered": 4056, "Active": 484, "Date": "2020-07-08T00:00:00Z"}, {"Country": "Luxembourg", "CountryCode": "", "Province": "", "City": "", "CityCode": "", "Lat": "0", "Lon": "0", "Confirmed": 4719, "Deaths": 110, "Recovered": 4056, "Active": 553, "Date": "2020-07-09T00:00:00Z"}, {"Country": "Luxembourg", "CountryCode": "", "Province": "", "City": "", "CityCode": "", "Lat": "0", "Lon": "0", "Confirmed": 4777, "Deaths": 110, "Recovered": 4086, "Active": 581, "Date": "2020-07-10T00:00:00Z"}, {"Country": "Luxembourg", "CountryCode": "", "Province": "", "City": "", "CityCode": "", "Lat": "0", "Lon": "0", "Confirmed": 4842, "Deaths": 110, "Recovered": 4086, "Active": 646, "Date": "2020-07-11T00:00:00Z"}, {"Country": "Luxembourg", "CountryCode": "", "Province": "", "City": "", "CityCode": "", "Lat": "0", "Lon": "0", "Confirmed": 4925, "Deaths": 111, "Recovered": 4086, "Active": 728, "Date": "2020-07-12T00:00:00Z"}, {"Country": "Luxembourg", "CountryCode": "", "Province": "", "City": "", "CityCode": "", "Lat": "0", "Lon": "0", "Confirmed": 4956, "Deaths": 111, "Recovered": 4183, "Active": 662, "Date": "2020-07-13T00:00:00Z"}, {"Country": "Luxembourg", "CountryCode": "", "Province": "", "City": "", "CityCode": "", "Lat": "0", "Lon": "0", "Confirmed": 5056, "Deaths": 111, "Recovered": 4195, "Active": 750, "Date": "2020-07-14T00:00:00Z"}, {"Country": "Luxembourg", "CountryCode": "", "Province": "", "City": "", "CityCode": "", "Lat": "0", "Lon": "0", "Confirmed": 5122, "Deaths": 111, "Recovered": 4247, "Active": 764, "Date": "2020-07-15T00:00:00Z"}, {"Country": "Luxembourg", "CountryCode": "", "Province": "", "City": "", "CityCode": "", "Lat": "0", "Lon": "0", "Confirmed": 5285, "Deaths": 111, "Recovered": 4275, "Active": 899, "Date": "2020-07-16T00:00:00Z"}, {"Country": "Luxembourg", "CountryCode": "", "Province": "", "City": "", "CityCode": "", "Lat": "0", "Lon": "0", "Confirmed": 5409, "Deaths": 111, "Recovered": 4333, "Active": 965, "Date": "2020-07-17T00:00:00Z"}, {"Country": "Luxembourg", "CountryCode": "", "Province": "", "City": "", "CityCode": "", "Lat": "0", "Lon": "0", "Confirmed": 5483, "Deaths": 111, "Recovered": 4333, "Active": 1039, "Date": "2020-07-18T00:00:00Z"}, {"Country": "Luxembourg", "CountryCode": "", "Province": "", "City": "", "CityCode": "", "Lat": "0", "Lon": "0", "Confirmed": 5605, "Deaths": 111, "Recovered": 4333, "Active": 1161, "Date": "2020-07-19T00:00:00Z"}, {"Country": "Luxembourg", "CountryCode": "", "Province": "", "City": "", "CityCode": "", "Lat": "0", "Lon": "0", "Confirmed": 5639, "Deaths": 111, "Recovered": 4464, "Active": 1064, "Date": "2020-07-20T00:00:00Z"}, {"Country": "Luxembourg", "CountryCode": "", "Province": "", "City": "", "CityCode": "", "Lat": "0", "Lon": "0", "Confirmed": 5725, "Deaths": 111, "Recovered": 4479, "Active": 1135, "Date": "2020-07-21T00:00:00Z"}, {"Country": "Luxembourg", "CountryCode": "", "Province": "", "City": "", "CityCode": "", "Lat": "0", "Lon": "0", "Confirmed": 5854, "Deaths": 111, "Recovered": 4530, "Active": 1213, "Date": "2020-07-22T00:00:00Z"}, {"Country": "Luxembourg", "CountryCode": "", "Province": "", "City": "", "CityCode": "", "Lat": "0", "Lon": "0", "Confirmed": 5952, "Deaths": 112, "Recovered": 4591, "Active": 1249, "Date": "2020-07-23T00:00:00Z"}, {"Country": "Luxembourg", "CountryCode": "", "Province": "", "City": "", "CityCode": "", "Lat": "0", "Lon": "0", "Confirmed": 6056, "Deaths": 112, "Recovered": 4647, "Active": 1297, "Date": "2020-07-24T00:00:00Z"}, {"Country": "Luxembourg", "CountryCode": "", "Province": "", "City": "", "CityCode": "", "Lat": "0", "Lon": "0", "Confirmed": 6189, "Deaths": 112, "Recovered": 4647, "Active": 1430, "Date": "2020-07-25T00:00:00Z"}, {"Country": "Luxembourg", "CountryCode": "", "Province": "", "City": "", "CityCode": "", "Lat": "0", "Lon": "0", "Confirmed": 6272, "Deaths": 112, "Recovered": 4647, "Active": 1513, "Date": "2020-07-26T00:00:00Z"}, {"Country": "Luxembourg", "CountryCode": "", "Province": "", "City": "", "CityCode": "", "Lat": "0", "Lon": "0", "Confirmed": 6321, "Deaths": 112, "Recovered": 4825, "Active": 1384, "Date": "2020-07-27T00:00:00Z"}, {"Country": "Luxembourg", "CountryCode": "", "Province": "", "City": "", "CityCode": "", "Lat": "0", "Lon": "0", "Confirmed": 6375, "Deaths": 113, "Recovered": 4855, "Active": 1407, "Date": "2020-07-28T00:00:00Z"}, {"Country": "Luxembourg", "CountryCode": "", "Province": "", "City": "", "CityCode": "", "Lat": "0", "Lon": "0", "Confirmed": 6533, "Deaths": 114, "Recovered": 4959, "Active": 1460, "Date": "2020-07-29T00:00:00Z"}, {"Country": "Luxembourg", "CountryCode": "", "Province": "", "City": "", "CityCode": "", "Lat": "0", "Lon": "0", "Confirmed": 6616, "Deaths": 114, "Recovered": 5027, "Active": 1475, "Date": "2020-07-30T00:00:00Z"}, {"Country": "Luxembourg", "CountryCode": "", "Province": "", "City": "", "CityCode": "", "Lat": "0", "Lon": "0", "Confirmed": 6695, "Deaths": 114, "Recovered": 5192, "Active": 1389, "Date": "2020-07-31T00:00:00Z"}, {"Country": "Luxembourg", "CountryCode": "", "Province": "", "City": "", "CityCode": "", "Lat": "0", "Lon": "0", "Confirmed": 6793, "Deaths": 116, "Recovered": 5192, "Active": 1485, "Date": "2020-08-01T00:00:00Z"}, {"Country": "Luxembourg", "CountryCode": "", "Province": "", "City": "", "CityCode": "", "Lat": "0", "Lon": "0", "Confirmed": 6855, "Deaths": 117, "Recovered": 5192, "Active": 1546, "Date": "2020-08-02T00:00:00Z"}, {"Country": "Luxembourg", "CountryCode": "", "Province": "", "City": "", "CityCode": "", "Lat": "0", "Lon": "0", "Confirmed": 6864, "Deaths": 118, "Recovered": 5498, "Active": 1248, "Date": "2020-08-03T00:00:00Z"}, {"Country": "Luxembourg", "CountryCode": "", "Province": "", "City": "", "CityCode": "", "Lat": "0", "Lon": "0", "Confirmed": 6917, "Deaths": 118, "Recovered": 5537, "Active": 1262, "Date": "2020-08-04T00:00:00Z"}, {"Country": "Luxembourg", "CountryCode": "", "Province": "", "City": "", "CityCode": "", "Lat": "0", "Lon": "0", "Confirmed": 7007, "Deaths": 118, "Recovered": 5623, "Active": 1266, "Date": "2020-08-05T00:00:00Z"}, {"Country": "Luxembourg", "CountryCode": "", "Province": "", "City": "", "CityCode": "", "Lat": "0", "Lon": "0", "Confirmed": 7073, "Deaths": 119, "Recovered": 5750, "Active": 1204, "Date": "2020-08-06T00:00:00Z"}, {"Country": "Luxembourg", "CountryCode": "", "Province": "", "City": "", "CityCode": "", "Lat": "0", "Lon": "0", "Confirmed": 7113, "Deaths": 119, "Recovered": 5848, "Active": 1146, "Date": "2020-08-07T00:00:00Z"}, {"Country": "Luxembourg", "CountryCode": "", "Province": "", "City": "", "CityCode": "", "Lat": "0", "Lon": "0", "Confirmed": 7169, "Deaths": 120, "Recovered": 5848, "Active": 1201, "Date": "2020-08-08T00:00:00Z"}, {"Country": "Luxembourg", "CountryCode": "", "Province": "", "City": "", "CityCode": "", "Lat": "0", "Lon": "0", "Confirmed": 7205, "Deaths": 120, "Recovered": 5848, "Active": 1237, "Date": "2020-08-09T00:00:00Z"}, {"Country": "Luxembourg", "CountryCode": "", "Province": "", "City": "", "CityCode": "", "Lat": "0", "Lon": "0", "Confirmed": 7216, "Deaths": 121, "Recovered": 6170, "Active": 925, "Date": "2020-08-10T00:00:00Z"}, {"Country": "Luxembourg", "CountryCode": "", "Province": "", "City": "", "CityCode": "", "Lat": "0", "Lon": "0", "Confirmed": 7242, "Deaths": 122, "Recovered": 6222, "Active": 898, "Date": "2020-08-11T00:00:00Z"}, {"Country": "Luxembourg", "CountryCode": "", "Province": "", "City": "", "CityCode": "", "Lat": "0", "Lon": "0", "Confirmed": 7300, "Deaths": 122, "Recovered": 6262, "Active": 916, "Date": "2020-08-12T00:00:00Z"}, {"Country": "Luxembourg", "CountryCode": "", "Province": "", "City": "", "CityCode": "", "Lat": "0", "Lon": "0", "Confirmed": 7368, "Deaths": 122, "Recovered": 6414, "Active": 832, "Date": "2020-08-13T00:00:00Z"}, {"Country": "Luxembourg", "CountryCode": "", "Province": "", "City": "", "CityCode": "", "Lat": "0", "Lon": "0", "Confirmed": 7405, "Deaths": 122, "Recovered": 6500, "Active": 783, "Date": "2020-08-14T00:00:00Z"}, {"Country": "Luxembourg", "CountryCode": "", "Province": "", "City": "", "CityCode": "", "Lat": "0", "Lon": "0", "Confirmed": 7439, "Deaths": 123, "Recovered": 6500, "Active": 816, "Date": "2020-08-15T00:00:00Z"}, {"Country": "Luxembourg", "CountryCode": "", "Province": "", "City": "", "CityCode": "", "Lat": "0", "Lon": "0", "Confirmed": 7458, "Deaths": 123, "Recovered": 6500, "Active": 835, "Date": "2020-08-16T00:00:00Z"}, {"Country": "Luxembourg", "CountryCode": "", "Province": "", "City": "", "CityCode": "", "Lat": "0", "Lon": "0", "Confirmed": 7469, "Deaths": 124, "Recovered": 6739, "Active": 606, "Date": "2020-08-17T00:00:00Z"}, {"Country": "Luxembourg", "CountryCode": "", "Province": "", "City": "", "CityCode": "", "Lat": "0", "Lon": "0", "Confirmed": 7499, "Deaths": 124, "Recovered": 6753, "Active": 622, "Date": "2020-08-18T00:00:00Z"}, {"Country": "Luxembourg", "CountryCode": "", "Province": "", "City": "", "CityCode": "", "Lat": "0", "Lon": "0", "Confirmed": 7566, "Deaths": 124, "Recovered": 6813, "Active": 629, "Date": "2020-08-19T00:00:00Z"}, {"Country": "Luxembourg", "CountryCode": "", "Province": "", "City": "", "CityCode": "", "Lat": "0", "Lon": "0", "Confirmed": 7637, "Deaths": 124, "Recovered": 6903, "Active": 610, "Date": "2020-08-20T00:00:00Z"}, {"Country": "Luxembourg", "CountryCode": "", "Province": "", "City": "", "CityCode": "", "Lat": "0", "Lon": "0", "Confirmed": 7704, "Deaths": 124, "Recovered": 6969, "Active": 611, "Date": "2020-08-21T00:00:00Z"}, {"Country": "Luxembourg", "CountryCode": "", "Province": "", "City": "", "CityCode": "", "Lat": "0", "Lon": "0", "Confirmed": 7762, "Deaths": 124, "Recovered": 6969, "Active": 669, "Date": "2020-08-22T00:00:00Z"}, {"Country": "Luxembourg", "CountryCode": "", "Province": "", "City": "", "CityCode": "", "Lat": "0", "Lon": "0", "Confirmed": 7775, "Deaths": 124, "Recovered": 6969, "Active": 682, "Date": "2020-08-23T00:00:00Z"}, {"Country": "Luxembourg", "CountryCode": "", "Province": "", "City": "", "CityCode": "", "Lat": "0", "Lon": "0", "Confirmed": 7794, "Deaths": 124, "Recovered": 7106, "Active": 564, "Date": "2020-08-24T00:00:00Z"}, {"Country": "Luxembourg", "CountryCode": "", "Province": "", "City": "", "CityCode": "", "Lat": "0", "Lon": "0", "Confirmed": 7838, "Deaths": 124, "Recovered": 7114, "Active": 600, "Date": "2020-08-25T00:00:00Z"}, {"Country": "Luxembourg", "CountryCode": "", "Province": "", "City": "", "CityCode": "", "Lat": "0", "Lon": "0", "Confirmed": 7928, "Deaths": 124, "Recovered": 7140, "Active": 664, "Date": "2020-08-26T00:00:00Z"}, {"Country": "Luxembourg", "CountryCode": "", "Province": "", "City": "", "CityCode": "", "Lat": "0", "Lon": "0", "Confirmed": 7928, "Deaths": 124, "Recovered": 5854, "Active": 1950, "Date": "2020-08-27T00:00:00Z"}, {"Country": "Luxembourg", "CountryCode": "", "Province": "", "City": "", "CityCode": "", "Lat": "0", "Lon": "0", "Confirmed": 6580, "Deaths": 124, "Recovered": 5909, "Active": 547, "Date": "2020-08-28T00:00:00Z"}, {"Country": "Luxembourg", "CountryCode": "", "Province": "", "City": "", "CityCode": "", "Lat": "0", "Lon": "0", "Confirmed": 6625, "Deaths": 124, "Recovered": 5942, "Active": 559, "Date": "2020-08-29T00:00:00Z"}, {"Country": "Luxembourg", "CountryCode": "", "Province": "", "City": "", "CityCode": "", "Lat": "0", "Lon": "0", "Confirmed": 6625, "Deaths": 124, "Recovered": 5967, "Active": 534, "Date": "2020-08-30T00:00:00Z"}, {"Country": "Luxembourg", "CountryCode": "", "Province": "", "City": "", "CityCode": "", "Lat": "0", "Lon": "0", "Confirmed": 6625, "Deaths": 124, "Recovered": 5984, "Active": 517, "Date": "2020-08-31T00:00:00Z"}, {"Country": "Luxembourg", "CountryCode": "", "Province": "", "City": "", "CityCode": "", "Lat": "0", "Lon": "0", "Confirmed": 6625, "Deaths": 124, "Recovered": 5990, "Active": 511, "Date": "2020-09-01T00:00:00Z"}, {"Country": "Luxembourg", "CountryCode": "", "Province": "", "City": "", "CityCode": "", "Lat": "0", "Lon": "0", "Confirmed": 6745, "Deaths": 124, "Recovered": 6015, "Active": 606, "Date": "2020-09-02T00:00:00Z"}, {"Country": "Luxembourg", "CountryCode": "", "Province": "", "City": "", "CityCode": "", "Lat": "0", "Lon": "0", "Confirmed": 6811, "Deaths": 124, "Recovered": 6074, "Active": 613, "Date": "2020-09-03T00:00:00Z"}, {"Country": "Luxembourg", "CountryCode": "", "Province": "", "City": "", "CityCode": "", "Lat": "0", "Lon": "0", "Confirmed": 6854, "Deaths": 124, "Recovered": 6126, "Active": 604, "Date": "2020-09-04T00:00:00Z"}, {"Country": "Luxembourg", "CountryCode": "", "Province": "", "City": "", "CityCode": "", "Lat": "0", "Lon": "0", "Confirmed": 6896, "Deaths": 124, "Recovered": 6126, "Active": 646, "Date": "2020-09-05T00:00:00Z"}, {"Country": "Luxembourg", "CountryCode": "", "Province": "", "City": "", "CityCode": "", "Lat": "0", "Lon": "0", "Confirmed": 6950, "Deaths": 124, "Recovered": 6126, "Active": 700, "Date": "2020-09-06T00:00:00Z"}, {"Country": "Luxembourg", "CountryCode": "", "Province": "", "City": "", "CityCode": "", "Lat": "0", "Lon": "0", "Confirmed": 6960, "Deaths": 124, "Recovered": 6126, "Active": 710, "Date": "2020-09-07T00:00:00Z"}, {"Country": "Luxembourg", "CountryCode": "", "Province": "", "City": "", "CityCode": "", "Lat": "0", "Lon": "0", "Confirmed": 6974, "Deaths": 124, "Recovered": 6266, "Active": 584, "Date": "2020-09-08T00:00:00Z"}, {"Country": "Luxembourg", "CountryCode": "", "Province": "", "City": "", "CityCode": "", "Lat": "0", "Lon": "0", "Confirmed": 7023, "Deaths": 124, "Recovered": 6292, "Active": 607, "Date": "2020-09-09T00:00:00Z"}, {"Country": "Luxembourg", "CountryCode": "", "Province": "", "City": "", "CityCode": "", "Lat": "0", "Lon": "0", "Confirmed": 7088, "Deaths": 124, "Recovered": 6367, "Active": 597, "Date": "2020-09-10T00:00:00Z"}, {"Country": "Luxembourg", "CountryCode": "", "Province": "", "City": "", "CityCode": "", "Lat": "0", "Lon": "0", "Confirmed": 7088, "Deaths": 124, "Recovered": 6367, "Active": 597, "Date": "2020-09-11T00:00:00Z"}, {"Country": "Luxembourg", "CountryCode": "", "Province": "", "City": "", "CityCode": "", "Lat": "0", "Lon": "0", "Confirmed": 7159, "Deaths": 124, "Recovered": 6421, "Active": 614, "Date": "2020-09-12T00:00:00Z"}, {"Country": "Luxembourg", "CountryCode": "", "Province": "", "City": "", "CityCode": "", "Lat": "0", "Lon": "0", "Confirmed": 7159, "Deaths": 124, "Recovered": 6421, "Active": 614, "Date": "2020-09-13T00:00:00Z"}, {"Country": "Luxembourg", "CountryCode": "", "Province": "", "City": "", "CityCode": "", "Lat": "0", "Lon": "0", "Confirmed": 7244, "Deaths": 124, "Recovered": 6555, "Active": 565, "Date": "2020-09-14T00:00:00Z"}, {"Country": "Luxembourg", "CountryCode": "", "Province": "", "City": "", "CityCode": "", "Lat": "0", "Lon": "0", "Confirmed": 7284, "Deaths": 124, "Recovered": 6561, "Active": 599, "Date": "2020-09-15T00:00:00Z"}, {"Country": "Luxembourg", "CountryCode": "", "Province": "", "City": "", "CityCode": "", "Lat": "0", "Lon": "0", "Confirmed": 7394, "Deaths": 124, "Recovered": 6593, "Active": 677, "Date": "2020-09-16T00:00:00Z"}, {"Country": "Luxembourg", "CountryCode": "", "Province": "", "City": "", "CityCode": "", "Lat": "0", "Lon": "0", "Confirmed": 7541, "Deaths": 124, "Recovered": 6641, "Active": 776, "Date": "2020-09-17T00:00:00Z"}, {"Country": "Luxembourg", "CountryCode": "", "Province": "", "City": "", "CityCode": "", "Lat": "0", "Lon": "0", "Confirmed": 7718, "Deaths": 124, "Recovered": 6703, "Active": 891, "Date": "2020-09-18T00:00:00Z"}, {"Country": "Luxembourg", "CountryCode": "", "Province": "", "City": "", "CityCode": "", "Lat": "0", "Lon": "0", "Confirmed": 7718, "Deaths": 124, "Recovered": 6703, "Active": 891, "Date": "2020-09-19T00:00:00Z"}, {"Country": "Luxembourg", "CountryCode": "", "Province": "", "City": "", "CityCode": "", "Lat": "0", "Lon": "0", "Confirmed": 7718, "Deaths": 124, "Recovered": 6703, "Active": 891, "Date": "2020-09-20T00:00:00Z"}, {"Country": "Luxembourg", "CountryCode": "", "Province": "", "City": "", "CityCode": "", "Lat": "0", "Lon": "0", "Confirmed": 7916, "Deaths": 124, "Recovered": 6839, "Active": 953, "Date": "2020-09-21T00:00:00Z"}, {"Country": "Luxembourg", "CountryCode": "", "Province": "", "City": "", "CityCode": "", "Lat": "0", "Lon": "0", "Confirmed": 8016, "Deaths": 124, "Recovered": 6848, "Active": 1044, "Date": "2020-09-22T00:00:00Z"}, {"Country": "Luxembourg", "CountryCode": "", "Province": "", "City": "", "CityCode": "", "Lat": "0", "Lon": "0", "Confirmed": 8090, "Deaths": 124, "Recovered": 6862, "Active": 1104, "Date": "2020-09-23T00:00:00Z"}, {"Country": "Luxembourg", "CountryCode": "", "Province": "", "City": "", "CityCode": "", "Lat": "0", "Lon": "0", "Confirmed": 8158, "Deaths": 124, "Recovered": 6910, "Active": 1124, "Date": "2020-09-24T00:00:00Z"}, {"Country": "Luxembourg", "CountryCode": "", "Province": "", "City": "", "CityCode": "", "Lat": "0", "Lon": "0", "Confirmed": 8233, "Deaths": 124, "Recovered": 6976, "Active": 1133, "Date": "2020-09-25T00:00:00Z"}, {"Country": "Luxembourg", "CountryCode": "", "Province": "", "City": "", "CityCode": "", "Lat": "0", "Lon": "0", "Confirmed": 8233, "Deaths": 124, "Recovered": 6976, "Active": 1133, "Date": "2020-09-26T00:00:00Z"}, {"Country": "Luxembourg", "CountryCode": "", "Province": "", "City": "", "CityCode": "", "Lat": "0", "Lon": "0", "Confirmed": 8233, "Deaths": 124, "Recovered": 6976, "Active": 1133, "Date": "2020-09-27T00:00:00Z"}, {"Country": "Luxembourg", "CountryCode": "", "Province": "", "City": "", "CityCode": "", "Lat": "0", "Lon": "0", "Confirmed": 8376, "Deaths": 124, "Recovered": 7128, "Active": 1124, "Date": "2020-09-28T00:00:00Z"}, {"Country": "Luxembourg", "CountryCode": "", "Province": "", "City": "", "CityCode": "", "Lat": "0", "Lon": "0", "Confirmed": 8431, "Deaths": 124, "Recovered": 7136, "Active": 1171, "Date": "2020-09-29T00:00:00Z"}, {"Country": "Luxembourg", "CountryCode": "", "Province": "", "City": "", "CityCode": "", "Lat": "0", "Lon": "0", "Confirmed": 8509, "Deaths": 124, "Recovered": 7174, "Active": 1211, "Date": "2020-09-30T00:00:00Z"}, {"Country": "Luxembourg", "CountryCode": "", "Province": "", "City": "", "CityCode": "", "Lat": "0", "Lon": "0", "Confirmed": 8595, "Deaths": 125, "Recovered": 7280, "Active": 1190, "Date": "2020-10-01T00:00:00Z"}, {"Country": "Luxembourg", "CountryCode": "", "Province": "", "City": "", "CityCode": "", "Lat": "0", "Lon": "0", "Confirmed": 8709, "Deaths": 125, "Recovered": 7428, "Active": 1156, "Date": "2020-10-02T00:00:00Z"}, {"Country": "Luxembourg", "CountryCode": "", "Province": "", "City": "", "CityCode": "", "Lat": "0", "Lon": "0", "Confirmed": 8709, "Deaths": 125, "Recovered": 7428, "Active": 1156, "Date": "2020-10-03T00:00:00Z"}, {"Country": "Luxembourg", "CountryCode": "", "Province": "", "City": "", "CityCode": "", "Lat": "0", "Lon": "0", "Confirmed": 8709, "Deaths": 125, "Recovered": 7428, "Active": 1156, "Date": "2020-10-04T00:00:00Z"}, {"Country": "Luxembourg", "CountryCode": "", "Province": "", "City": "", "CityCode": "", "Lat": "0", "Lon": "0", "Confirmed": 8925, "Deaths": 127, "Recovered": 7793, "Active": 1005, "Date": "2020-10-05T00:00:00Z"}, {"Country": "Luxembourg", "CountryCode": "", "Province": "", "City": "", "CityCode": "", "Lat": "0", "Lon": "0", "Confirmed": 8979, "Deaths": 128, "Recovered": 7793, "Active": 1058, "Date": "2020-10-06T00:00:00Z"}, {"Country": "Luxembourg", "CountryCode": "", "Province": "", "City": "", "CityCode": "", "Lat": "0", "Lon": "0", "Confirmed": 9119, "Deaths": 128, "Recovered": 7900, "Active": 1091, "Date": "2020-10-07T00:00:00Z"}, {"Country": "Luxembourg", "CountryCode": "", "Province": "", "City": "", "CityCode": "", "Lat": "0", "Lon": "0", "Confirmed": 9219, "Deaths": 129, "Recovered": 7900, "Active": 1190, "Date": "2020-10-08T00:00:00Z"}, {"Country": "Luxembourg", "CountryCode": "", "Province": "", "City": "", "CityCode": "", "Lat": "0", "Lon": "0", "Confirmed": 9360, "Deaths": 130, "Recovered": 7900, "Active": 1330, "Date": "2020-10-09T00:00:00Z"}, {"Country": "Luxembourg", "CountryCode": "", "Province": "", "City": "", "CityCode": "", "Lat": "0", "Lon": "0", "Confirmed": 9514, "Deaths": 131, "Recovered": 7900, "Active": 1483, "Date": "2020-10-10T00:00:00Z"}, {"Country": "Luxembourg", "CountryCode": "", "Province": "", "City": "", "CityCode": "", "Lat": "0", "Lon": "0", "Confirmed": 9722, "Deaths": 132, "Recovered": 7900, "Active": 1690, "Date": "2020-10-11T00:00:00Z"}, {"Country": "Luxembourg", "CountryCode": "", "Province": "", "City": "", "CityCode": "", "Lat": "0", "Lon": "0", "Confirmed": 9731, "Deaths": 133, "Recovered": 7900, "Active": 1698, "Date": "2020-10-12T00:00:00Z"}, {"Country": "Luxembourg", "CountryCode": "", "Province": "", "City": "", "CityCode": "", "Lat": "0", "Lon": "0", "Confirmed": 9840, "Deaths": 133, "Recovered": 7900, "Active": 1807, "Date": "2020-10-13T00:00:00Z"}, {"Country": "Luxembourg", "CountryCode": "", "Province": "", "City": "", "CityCode": "", "Lat": "0", "Lon": "0", "Confirmed": 10030, "Deaths": 133, "Recovered": 7900, "Active": 1997, "Date": "2020-10-14T00:00:00Z"}, {"Country": "Luxembourg", "CountryCode": "", "Province": "", "City": "", "CityCode": "", "Lat": "0", "Lon": "0", "Confirmed": 10244, "Deaths": 133, "Recovered": 8384, "Active": 1727, "Date": "2020-10-15T00:00:00Z"}, {"Country": "Luxembourg", "CountryCode": "", "Province": "", "City": "", "CityCode": "", "Lat": "0", "Lon": "0", "Confirmed": 10471, "Deaths": 133, "Recovered": 8468, "Active": 1870, "Date": "2020-10-16T00:00:00Z"}, {"Country": "Luxembourg", "CountryCode": "", "Province": "", "City": "", "CityCode": "", "Lat": "0", "Lon": "0", "Confirmed": 10471, "Deaths": 133, "Recovered": 8468, "Active": 1870, "Date": "2020-10-17T00:00:00Z"}, {"Country": "Luxembourg", "CountryCode": "", "Province": "", "City": "", "CityCode": "", "Lat": "0", "Lon": "0", "Confirmed": 10888, "Deaths": 133, "Recovered": 8468, "Active": 2287, "Date": "2020-10-18T00:00:00Z"}, {"Country": "Luxembourg", "CountryCode": "", "Province": "", "City": "", "CityCode": "", "Lat": "0", "Lon": "0", "Confirmed": 11010, "Deaths": 135, "Recovered": 8471, "Active": 2404, "Date": "2020-10-19T00:00:00Z"}, {"Country": "Luxembourg", "CountryCode": "", "Province": "", "City": "", "CityCode": "", "Lat": "0", "Lon": "0", "Confirmed": 11241, "Deaths": 136, "Recovered": 8472, "Active": 2633, "Date": "2020-10-20T00:00:00Z"}, {"Country": "Luxembourg", "CountryCode": "", "Province": "", "City": "", "CityCode": "", "Lat": "0", "Lon": "0", "Confirmed": 11671, "Deaths": 138, "Recovered": 8473, "Active": 3060, "Date": "2020-10-21T00:00:00Z"}, {"Country": "Luxembourg", "CountryCode": "", "Province": "", "City": "", "CityCode": "", "Lat": "0", "Lon": "0", "Confirmed": 12333, "Deaths": 140, "Recovered": 8474, "Active": 3719, "Date": "2020-10-22T00:00:00Z"}, {"Country": "Luxembourg", "CountryCode": "", "Province": "", "City": "", "CityCode": "", "Lat": "0", "Lon": "0", "Confirmed": 12851, "Deaths": 141, "Recovered": 9085, "Active": 3625, "Date": "2020-10-23T00:00:00Z"}, {"Country": "Luxembourg", "CountryCode": "", "Province": "", "City": "", "CityCode": "", "Lat": "0", "Lon": "0", "Confirmed": 12851, "Deaths": 141, "Recovered": 9085, "Active": 3625, "Date": "2020-10-24T00:00:00Z"}, {"Country": "Luxembourg", "CountryCode": "", "Province": "", "City": "", "CityCode": "", "Lat": "0", "Lon": "0", "Confirmed": 12851, "Deaths": 141, "Recovered": 9085, "Active": 3625, "Date": "2020-10-25T00:00:00Z"}, {"Country": "Luxembourg", "CountryCode": "", "Province": "", "City": "", "CityCode": "", "Lat": "0", "Lon": "0", "Confirmed": 14399, "Deaths": 147, "Recovered": 9570, "Active": 4682, "Date": "2020-10-26T00:00:00Z"}, {"Country": "Luxembourg", "CountryCode": "", "Province": "", "City": "", "CityCode": "", "Lat": "0", "Lon": "0", "Confirmed": 14884, "Deaths": 147, "Recovered": 5158, "Active": 9579, "Date": "2020-10-27T00:00:00Z"}, {"Country": "Luxembourg", "CountryCode": "", "Province": "", "City": "", "CityCode": "", "Lat": "0", "Lon": "0", "Confirmed": 15659, "Deaths": 147, "Recovered": 9681, "Active": 5831, "Date": "2020-10-28T00:00:00Z"}, {"Country": "Luxembourg", "CountryCode": "", "Province": "", "City": "", "CityCode": "", "Lat": "0", "Lon": "0", "Confirmed": 16356, "Deaths": 150, "Recovered": 9865, "Active": 6341, "Date": "2020-10-29T00:00:00Z"}, {"Country": "Luxembourg", "CountryCode": "", "Province": "", "City": "", "CityCode": "", "Lat": "0", "Lon": "0", "Confirmed": 17134, "Deaths": 152, "Recovered": 10081, "Active": 6901, "Date": "2020-10-30T00:00:00Z"}, {"Country": "Luxembourg", "CountryCode": "", "Province": "", "City": "", "CityCode": "", "Lat": "0", "Lon": "0", "Confirmed": 17134, "Deaths": 152, "Recovered": 10081, "Active": 6901, "Date": "2020-10-31T00:00:00Z"}, {"Country": "Luxembourg", "CountryCode": "", "Province": "", "City": "", "CityCode": "", "Lat": "0", "Lon": "0", "Confirmed": 17134, "Deaths": 152, "Recovered": 10081, "Active": 6901, "Date": "2020-11-01T00:00:00Z"}, {"Country": "Luxembourg", "CountryCode": "", "Province": "", "City": "", "CityCode": "", "Lat": "0", "Lon": "0", "Confirmed": 19101, "Deaths": 160, "Recovered": 10717, "Active": 8224, "Date": "2020-11-02T00:00:00Z"}, {"Country": "Luxembourg", "CountryCode": "", "Province": "", "City": "", "CityCode": "", "Lat": "0", "Lon": "0", "Confirmed": 19634, "Deaths": 167, "Recovered": 10825, "Active": 8642, "Date": "2020-11-03T00:00:00Z"}, {"Country": "Luxembourg", "CountryCode": "", "Province": "", "City": "", "CityCode": "", "Lat": "0", "Lon": "0", "Confirmed": 20344, "Deaths": 171, "Recovered": 11063, "Active": 9110, "Date": "2020-11-04T00:00:00Z"}, {"Country": "Luxembourg", "CountryCode": "", "Province": "", "City": "", "CityCode": "", "Lat": "0", "Lon": "0", "Confirmed": 21147, "Deaths": 177, "Recovered": 11519, "Active": 9451, "Date": "2020-11-05T00:00:00Z"}, {"Country": "Luxembourg", "CountryCode": "", "Province": "", "City": "", "CityCode": "", "Lat": "0", "Lon": "0", "Confirmed": 21806, "Deaths": 180, "Recovered": 12094, "Active": 9532, "Date": "2020-11-06T00:00:00Z"}, {"Country": "Luxembourg", "CountryCode": "", "Province": "", "City": "", "CityCode": "", "Lat": "0", "Lon": "0", "Confirmed": 21806, "Deaths": 180, "Recovered": 12094, "Active": 9532, "Date": "2020-11-07T00:00:00Z"}, {"Country": "Luxembourg", "CountryCode": "", "Province": "", "City": "", "CityCode": "", "Lat": "0", "Lon": "0", "Confirmed": 21806, "Deaths": 180, "Recovered": 12094, "Active": 9532, "Date": "2020-11-08T00:00:00Z"}, {"Country": "Luxembourg", "CountryCode": "", "Province": "", "City": "", "CityCode": "", "Lat": "0", "Lon": "0", "Confirmed": 23227, "Deaths": 193, "Recovered": 13913, "Active": 9121, "Date": "2020-11-09T00:00:00Z"}, {"Country": "Luxembourg", "CountryCode": "", "Province": "", "City": "", "CityCode": "", "Lat": "0", "Lon": "0", "Confirmed": 23710, "Deaths": 198, "Recovered": 14094, "Active": 9418, "Date": "2020-11-10T00:00:00Z"}, {"Country": "Luxembourg", "CountryCode": "", "Province": "", "City": "", "CityCode": "", "Lat": "0", "Lon": "0", "Confirmed": 23710, "Deaths": 198, "Recovered": 14094, "Active": 9418, "Date": "2020-11-11T00:00:00Z"}, {"Country": "Luxembourg", "CountryCode": "", "Province": "", "City": "", "CityCode": "", "Lat": "0", "Lon": "0", "Confirmed": 25218, "Deaths": 211, "Recovered": 14798, "Active": 10209, "Date": "2020-11-12T00:00:00Z"}, {"Country": "Luxembourg", "CountryCode": "", "Province": "", "City": "", "CityCode": "", "Lat": "0", "Lon": "0", "Confirmed": 25931, "Deaths": 219, "Recovered": 15428, "Active": 10284, "Date": "2020-11-13T00:00:00Z"}, {"Country": "Luxembourg", "CountryCode": "", "Province": "", "City": "", "CityCode": "", "Lat": "0", "Lon": "0", "Confirmed": 25931, "Deaths": 219, "Recovered": 15428, "Active": 10284, "Date": "2020-11-14T00:00:00Z"}, {"Country": "Luxembourg", "CountryCode": "", "Province": "", "City": "", "CityCode": "", "Lat": "0", "Lon": "0", "Confirmed": 25931, "Deaths": 219, "Recovered": 15428, "Active": 10284, "Date": "2020-11-15T00:00:00Z"}, {"Country": "Luxembourg", "CountryCode": "", "Province": "", "City": "", "CityCode": "", "Lat": "0", "Lon": "0", "Confirmed": 27256, "Deaths": 236, "Recovered": 17734, "Active": 9286, "Date": "2020-11-16T00:00:00Z"}, {"Country": "Luxembourg", "CountryCode": "", "Province": "", "City": "", "CityCode": "", "Lat": "0", "Lon": "0", "Confirmed": 27681, "Deaths": 240, "Recovered": 18024, "Active": 9417, "Date": "2020-11-17T00:00:00Z"}, {"Country": "Luxembourg", "CountryCode": "", "Province": "", "City": "", "CityCode": "", "Lat": "0", "Lon": "0", "Confirmed": 28573, "Deaths": 248, "Recovered": 18504, "Active": 9821, "Date": "2020-11-18T00:00:00Z"}, {"Country": "Luxembourg", "CountryCode": "", "Province": "", "City": "", "CityCode": "", "Lat": "0", "Lon": "0", "Confirmed": 29243, "Deaths": 254, "Recovered": 19231, "Active": 9758, "Date": "2020-11-19T00:00:00Z"}, {"Country": "Luxembourg", "CountryCode": "", "Province": "", "City": "", "CityCode": "", "Lat": "0", "Lon": "0", "Confirmed": 29762, "Deaths": 260, "Recovered": 20014, "Active": 9488, "Date": "2020-11-20T00:00:00Z"}, {"Country": "Luxembourg", "CountryCode": "", "Province": "", "City": "", "CityCode": "", "Lat": "0", "Lon": "0", "Confirmed": 29762, "Deaths": 260, "Recovered": 20014, "Active": 9488, "Date": "2020-11-21T00:00:00Z"}, {"Country": "Luxembourg", "CountryCode": "", "Province": "", "City": "", "CityCode": "", "Lat": "0", "Lon": "0", "Confirmed": 29762, "Deaths": 260, "Recovered": 20014, "Active": 9488, "Date": "2020-11-22T00:00:00Z"}, {"Country": "Luxembourg", "CountryCode": "", "Province": "", "City": "", "CityCode": "", "Lat": "0", "Lon": "0", "Confirmed": 31111, "Deaths": 273, "Recovered": 22004, "Active": 8834, "Date": "2020-11-23T00:00:00Z"}, {"Country": "Luxembourg", "CountryCode": "", "Province": "", "City": "", "CityCode": "", "Lat": "0", "Lon": "0", "Confirmed": 31484, "Deaths": 283, "Recovered": 22189, "Active": 9012, "Date": "2020-11-24T00:00:00Z"}, {"Country": "Luxembourg", "CountryCode": "", "Province": "", "City": "", "CityCode": "", "Lat": "0", "Lon": "0", "Confirmed": 32100, "Deaths": 288, "Recovered": 22630, "Active": 9182, "Date": "2020-11-25T00:00:00Z"}, {"Country": "Luxembourg", "CountryCode": "", "Province": "", "City": "", "CityCode": "", "Lat": "0", "Lon": "0", "Confirmed": 32873, "Deaths": 294, "Recovered": 23404, "Active": 9175, "Date": "2020-11-26T00:00:00Z"}, {"Country": "Luxembourg", "CountryCode": "", "Province": "", "City": "", "CityCode": "", "Lat": "0", "Lon": "0", "Confirmed": 33409, "Deaths": 300, "Recovered": 24073, "Active": 9036, "Date": "2020-11-27T00:00:00Z"}, {"Country": "Luxembourg", "CountryCode": "", "Province": "", "City": "", "CityCode": "", "Lat": "0", "Lon": "0", "Confirmed": 33409, "Deaths": 300, "Recovered": 24073, "Active": 9036, "Date": "2020-11-28T00:00:00Z"}, {"Country": "Luxembourg", "CountryCode": "", "Province": "", "City": "", "CityCode": "", "Lat": "0", "Lon": "0", "Confirmed": 33409, "Deaths": 300, "Recovered": 24073, "Active": 9036, "Date": "2020-11-29T00:00:00Z"}, {"Country": "Luxembourg", "CountryCode": "", "Province": "", "City": "", "CityCode": "", "Lat": "0", "Lon": "0", "Confirmed": 34678, "Deaths": 321, "Recovered": 26086, "Active": 8271, "Date": "2020-11-30T00:00:00Z"}, {"Country": "Luxembourg", "CountryCode": "", "Province": "", "City": "", "CityCode": "", "Lat": "0", "Lon": "0", "Confirmed": 35129, "Deaths": 330, "Recovered": 26156, "Active": 8643, "Date": "2020-12-01T00:00:00Z"}, {"Country": "Luxembourg", "CountryCode": "", "Province": "", "City": "", "CityCode": "", "Lat": "0", "Lon": "0", "Confirmed": 35802, "Deaths": 334, "Recovered": 26497, "Active": 8971, "Date": "2020-12-02T00:00:00Z"}, {"Country": "Luxembourg", "CountryCode": "", "Province": "", "City": "", "CityCode": "", "Lat": "0", "Lon": "0", "Confirmed": 36429, "Deaths": 339, "Recovered": 27356, "Active": 8734, "Date": "2020-12-03T00:00:00Z"}, {"Country": "Luxembourg", "CountryCode": "", "Province": "", "City": "", "CityCode": "", "Lat": "0", "Lon": "0", "Confirmed": 37017, "Deaths": 345, "Recovered": 28029, "Active": 8643, "Date": "2020-12-04T00:00:00Z"}, {"Country": "Luxembourg", "CountryCode": "", "Province": "", "City": "", "CityCode": "", "Lat": "0", "Lon": "0", "Confirmed": 37017, "Deaths": 345, "Recovered": 28029, "Active": 8643, "Date": "2020-12-05T00:00:00Z"}, {"Country": "Luxembourg", "CountryCode": "", "Province": "", "City": "", "CityCode": "", "Lat": "0", "Lon": "0", "Confirmed": 37017, "Deaths": 345, "Recovered": 28029, "Active": 8643, "Date": "2020-12-06T00:00:00Z"}, {"Country": "Luxembourg", "CountryCode": "", "Province": "", "City": "", "CityCode": "", "Lat": "0", "Lon": "0", "Confirmed": 38476, "Deaths": 360, "Recovered": 29792, "Active": 8324, "Date": "2020-12-07T00:00:00Z"}, {"Country": "Luxembourg", "CountryCode": "", "Province": "", "City": "", "CityCode": "", "Lat": "0", "Lon": "0", "Confirmed": 38476, "Deaths": 360, "Recovered": 29792, "Active": 8324, "Date": "2020-12-08T00:00:00Z"}, {"Country": "Luxembourg", "CountryCode": "", "Province": "", "City": "", "CityCode": "", "Lat": "0", "Lon": "0", "Confirmed": 38476, "Deaths": 360, "Recovered": 29792, "Active": 8324, "Date": "2020-12-09T00:00:00Z"}, {"Country": "Luxembourg", "CountryCode": "", "Province": "", "City": "", "CityCode": "", "Lat": "0", "Lon": "0", "Confirmed": 40037, "Deaths": 384, "Recovered": 30898, "Active": 8755, "Date": "2020-12-10T00:00:00Z"}, {"Country": "Luxembourg", "CountryCode": "", "Province": "", "City": "", "CityCode": "", "Lat": "0", "Lon": "0", "Confirmed": 40755, "Deaths": 392, "Recovered": 31678, "Active": 8685, "Date": "2020-12-11T00:00:00Z"}, {"Country": "Luxembourg", "CountryCode": "", "Province": "", "City": "", "CityCode": "", "Lat": "0", "Lon": "0", "Confirmed": 40755, "Deaths": 392, "Recovered": 31678, "Active": 8685, "Date": "2020-12-12T00:00:00Z"}, {"Country": "Luxembourg", "CountryCode": "", "Province": "", "City": "", "CityCode": "", "Lat": "0", "Lon": "0", "Confirmed": 40755, "Deaths": 392, "Recovered": 31678, "Active": 8685, "Date": "2020-12-13T00:00:00Z"}, {"Country": "Luxembourg", "CountryCode": "", "Province": "", "City": "", "CityCode": "", "Lat": "0", "Lon": "0", "Confirmed": 41900, "Deaths": 410, "Recovered": 33367, "Active": 8123, "Date": "2020-12-14T00:00:00Z"}, {"Country": "Luxembourg", "CountryCode": "", "Province": "", "City": "", "CityCode": "", "Lat": "0", "Lon": "0", "Confirmed": 42250, "Deaths": 418, "Recovered": 33486, "Active": 8346, "Date": "2020-12-15T00:00:00Z"}, {"Country": "Luxembourg", "CountryCode": "", "Province": "", "City": "", "CityCode": "", "Lat": "0", "Lon": "0", "Confirmed": 42845, "Deaths": 421, "Recovered": 33920, "Active": 8504, "Date": "2020-12-16T00:00:00Z"}, {"Country": "Luxembourg", "CountryCode": "", "Province": "", "City": "", "CityCode": "", "Lat": "0", "Lon": "0", "Confirmed": 43279, "Deaths": 428, "Recovered": 34609, "Active": 8242, "Date": "2020-12-17T00:00:00Z"}, {"Country": "Luxembourg", "CountryCode": "", "Province": "", "City": "", "CityCode": "", "Lat": "0", "Lon": "0", "Confirmed": 43728, "Deaths": 434, "Recovered": 35237, "Active": 8057, "Date": "2020-12-18T00:00:00Z"}, {"Country": "Luxembourg", "CountryCode": "", "Province": "", "City": "", "CityCode": "", "Lat": "0", "Lon": "0", "Confirmed": 43728, "Deaths": 434, "Recovered": 35237, "Active": 8057, "Date": "2020-12-19T00:00:00Z"}, {"Country": "Luxembourg", "CountryCode": "", "Province": "", "City": "", "CityCode": "", "Lat": "0", "Lon": "0", "Confirmed": 43728, "Deaths": 434, "Recovered": 35237, "Active": 8057, "Date": "2020-12-20T00:00:00Z"}, {"Country": "Luxembourg", "CountryCode": "", "Province": "", "City": "", "CityCode": "", "Lat": "0", "Lon": "0", "Confirmed": 44582, "Deaths": 450, "Recovered": 37106, "Active": 7026, "Date": "2020-12-21T00:00:00Z"}, {"Country": "Luxembourg", "CountryCode": "", "Province": "", "City": "", "CityCode": "", "Lat": "0", "Lon": "0", "Confirmed": 44809, "Deaths": 453, "Recovered": 37221, "Active": 7135, "Date": "2020-12-22T00:00:00Z"}, {"Country": "Luxembourg", "CountryCode": "", "Province": "", "City": "", "CityCode": "", "Lat": "0", "Lon": "0", "Confirmed": 45209, "Deaths": 458, "Recovered": 37574, "Active": 7177, "Date": "2020-12-23T00:00:00Z"}, {"Country": "Luxembourg", "CountryCode": "", "Province": "", "City": "", "CityCode": "", "Lat": "0", "Lon": "0", "Confirmed": 45209, "Deaths": 458, "Recovered": 37574, "Active": 7177, "Date": "2020-12-24T00:00:00Z"}, {"Country": "Luxembourg", "CountryCode": "", "Province": "", "City": "", "CityCode": "", "Lat": "0", "Lon": "0", "Confirmed": 45209, "Deaths": 458, "Recovered": 37574, "Active": 7177, "Date": "2020-12-25T00:00:00Z"}, {"Country": "Luxembourg", "CountryCode": "", "Province": "", "City": "", "CityCode": "", "Lat": "0", "Lon": "0", "Confirmed": 45209, "Deaths": 458, "Recovered": 37574, "Active": 7177, "Date": "2020-12-26T00:00:00Z"}, {"Country": "Luxembourg", "CountryCode": "", "Province": "", "City": "", "CityCode": "", "Lat": "0", "Lon": "0", "Confirmed": 45209, "Deaths": 458, "Recovered": 37574, "Active": 7177, "Date": "2020-12-27T00:00:00Z"}, {"Country": "Luxembourg", "CountryCode": "", "Province": "", "City": "", "CityCode": "", "Lat": "0", "Lon": "0", "Confirmed": 45849, "Deaths": 487, "Recovered": 40456, "Active": 4906, "Date": "2020-12-28T00:00:00Z"}, {"Country": "Luxembourg", "CountryCode": "", "Province": "", "City": "", "CityCode": "", "Lat": "0", "Lon": "0", "Confirmed": 46088, "Deaths": 489, "Recovered": 40608, "Active": 4991, "Date": "2020-12-29T00:00:00Z"}, {"Country": "Luxembourg", "CountryCode": "", "Province": "", "City": "", "CityCode": "", "Lat": "0", "Lon": "0", "Confirmed": 46415, "Deaths": 495, "Recovered": 40978, "Active": 4942, "Date": "2020-12-30T00:00:00Z"}, {"Country": "Luxembourg", "CountryCode": "", "Province": "", "City": "", "CityCode": "", "Lat": "0", "Lon": "0", "Confirmed": 46415, "Deaths": 495, "Recovered": 40978, "Active": 4942, "Date": "2020-12-31T00:00:00Z"}, {"Country": "Luxembourg", "CountryCode": "", "Province": "", "City": "", "CityCode": "", "Lat": "0", "Lon": "0", "Confirmed": 46415, "Deaths": 495, "Recovered": 40978, "Active": 4942, "Date": "2021-01-01T00:00:00Z"}, {"Country": "Luxembourg", "CountryCode": "", "Province": "", "City": "", "CityCode": "", "Lat": "0", "Lon": "0", "Confirmed": 46415, "Deaths": 495, "Recovered": 40978, "Active": 4942, "Date": "2021-01-02T00:00:00Z"}, {"Country": "Luxembourg", "CountryCode": "", "Province": "", "City": "", "CityCode": "", "Lat": "0", "Lon": "0", "Confirmed": 46415, "Deaths": 495, "Recovered": 40978, "Active": 4942, "Date": "2021-01-03T00:00:00Z"}, {"Country": "Luxembourg", "CountryCode": "", "Province": "", "City": "", "CityCode": "", "Lat": "0", "Lon": "0", "Confirmed": 46986, "Deaths": 508, "Recovered": 43364, "Active": 3114, "Date": "2021-01-04T00:00:00Z"}, {"Country": "Luxembourg", "CountryCode": "", "Province": "", "City": "", "CityCode": "", "Lat": "0", "Lon": "0", "Confirmed": 47149, "Deaths": 514, "Recovered": 43468, "Active": 3167, "Date": "2021-01-05T00:00:00Z"}, {"Country": "Luxembourg", "CountryCode": "", "Province": "", "City": "", "CityCode": "", "Lat": "0", "Lon": "0", "Confirmed": 47430, "Deaths": 517, "Recovered": 43712, "Active": 3201, "Date": "2021-01-06T00:00:00Z"}, {"Country": "Luxembourg", "CountryCode": "", "Province": "", "City": "", "CityCode": "", "Lat": "0", "Lon": "0", "Confirmed": 47592, "Deaths": 521, "Recovered": 44187, "Active": 2884, "Date": "2021-01-07T00:00:00Z"}, {"Country": "Luxembourg", "CountryCode": "", "Province": "", "City": "", "CityCode": "", "Lat": "0", "Lon": "0", "Confirmed": 47744, "Deaths": 527, "Recovered": 44482, "Active": 2735, "Date": "2021-01-08T00:00:00Z"}, {"Country": "Luxembourg", "CountryCode": "", "Province": "", "City": "", "CityCode": "", "Lat": "0", "Lon": "0", "Confirmed": 47744, "Deaths": 527, "Recovered": 44482, "Active": 2735, "Date": "2021-01-09T00:00:00Z"}, {"Country": "Luxembourg", "CountryCode": "", "Province": "", "City": "", "CityCode": "", "Lat": "0", "Lon": "0", "Confirmed": 47744, "Deaths": 527, "Recovered": 44482, "Active": 2735, "Date": "2021-01-10T00:00:00Z"}, {"Country": "Luxembourg", "CountryCode": "", "Province": "", "City": "", "CityCode": "", "Lat": "0", "Lon": "0", "Confirmed": 48027, "Deaths": 535, "Recovered": 44845, "Active": 2647, "Date": "2021-01-11T00:00:00Z"}, {"Country": "Luxembourg", "CountryCode": "", "Province": "", "City": "", "CityCode": "", "Lat": "0", "Lon": "0", "Confirmed": 48181, "Deaths": 538, "Recovered": 44848, "Active": 2795, "Date": "2021-01-12T00:00:00Z"}, {"Country": "Luxembourg", "CountryCode": "", "Province": "", "City": "", "CityCode": "", "Lat": "0", "Lon": "0", "Confirmed": 48372, "Deaths": 542, "Recovered": 44935, "Active": 2895, "Date": "2021-01-13T00:00:00Z"}, {"Country": "Luxembourg", "CountryCode": "", "Province": "", "City": "", "CityCode": "", "Lat": "0", "Lon": "0", "Confirmed": 48486, "Deaths": 545, "Recovered": 45449, "Active": 2492, "Date": "2021-01-14T00:00:00Z"}, {"Country": "Luxembourg", "CountryCode": "", "Province": "", "City": "", "CityCode": "", "Lat": "0", "Lon": "0", "Confirmed": 48630, "Deaths": 549, "Recovered": 45654, "Active": 2427, "Date": "2021-01-15T00:00:00Z"}, {"Country": "Luxembourg", "CountryCode": "", "Province": "", "City": "", "CityCode": "", "Lat": "0", "Lon": "0", "Confirmed": 48630, "Deaths": 549, "Recovered": 45654, "Active": 2427, "Date": "2021-01-16T00:00:00Z"}, {"Country": "Luxembourg", "CountryCode": "", "Province": "", "City": "", "CityCode": "", "Lat": "0", "Lon": "0", "Confirmed": 48630, "Deaths": 549, "Recovered": 45654, "Active": 2427, "Date": "2021-01-17T00:00:00Z"}, {"Country": "Luxembourg", "CountryCode": "", "Province": "", "City": "", "CityCode": "", "Lat": "0", "Lon": "0", "Confirmed": 48890, "Deaths": 557, "Recovered": 45997, "Active": 2336, "Date": "2021-01-18T00:00:00Z"}, {"Country": "Luxembourg", "CountryCode": "", "Province": "", "City": "", "CityCode": "", "Lat": "0", "Lon": "0", "Confirmed": 48975, "Deaths": 560, "Recovered": 46051, "Active": 2364, "Date": "2021-01-19T00:00:00Z"}, {"Country": "Luxembourg", "CountryCode": "", "Province": "", "City": "", "CityCode": "", "Lat": "0", "Lon": "0", "Confirmed": 49204, "Deaths": 562, "Recovered": 46211, "Active": 2431, "Date": "2021-01-20T00:00:00Z"}, {"Country": "Luxembourg", "CountryCode": "", "Province": "", "City": "", "CityCode": "", "Lat": "0", "Lon": "0", "Confirmed": 49319, "Deaths": 562, "Recovered": 46499, "Active": 2258, "Date": "2021-01-21T00:00:00Z"}, {"Country": "Luxembourg", "CountryCode": "", "Province": "", "City": "", "CityCode": "", "Lat": "0", "Lon": "0", "Confirmed": 49438, "Deaths": 562, "Recovered": 46656, "Active": 2220, "Date": "2021-01-22T00:00:00Z"}, {"Country": "Luxembourg", "CountryCode": "", "Province": "", "City": "", "CityCode": "", "Lat": "0", "Lon": "0", "Confirmed": 49438, "Deaths": 562, "Recovered": 46656, "Active": 2220, "Date": "2021-01-23T00:00:00Z"}, {"Country": "Luxembourg", "CountryCode": "", "Province": "", "City": "", "CityCode": "", "Lat": "0", "Lon": "0", "Confirmed": 49438, "Deaths": 562, "Recovered": 46656, "Active": 2220, "Date": "2021-01-24T00:00:00Z"}, {"Country": "Luxembourg", "CountryCode": "", "Province": "", "City": "", "CityCode": "", "Lat": "0", "Lon": "0", "Confirmed": 49733, "Deaths": 566, "Recovered": 47109, "Active": 2058, "Date": "2021-01-25T00:00:00Z"}, {"Country": "Luxembourg", "CountryCode": "", "Province": "", "City": "", "CityCode": "", "Lat": "0", "Lon": "0", "Confirmed": 49852, "Deaths": 570, "Recovered": 47147, "Active": 2135, "Date": "2021-01-26T00:00:00Z"}, {"Country": "Luxembourg", "CountryCode": "", "Province": "", "City": "", "CityCode": "", "Lat": "0", "Lon": "0", "Confirmed": 50089, "Deaths": 571, "Recovered": 47302, "Active": 2216, "Date": "2021-01-27T00:00:00Z"}, {"Country": "Luxembourg", "CountryCode": "", "Province": "", "City": "", "CityCode": "", "Lat": "0", "Lon": "0", "Confirmed": 50228, "Deaths": 574, "Recovered": 47506, "Active": 2148, "Date": "2021-01-28T00:00:00Z"}, {"Country": "Luxembourg", "CountryCode": "", "Province": "", "City": "", "CityCode": "", "Lat": "0", "Lon": "0", "Confirmed": 50388, "Deaths": 577, "Recovered": 47615, "Active": 2196, "Date": "2021-01-29T00:00:00Z"}, {"Country": "Luxembourg", "CountryCode": "", "Province": "", "City": "", "CityCode": "", "Lat": "0", "Lon": "0", "Confirmed": 50388, "Deaths": 577, "Recovered": 47615, "Active": 2196, "Date": "2021-01-30T00:00:00Z"}, {"Country": "Luxembourg", "CountryCode": "", "Province": "", "City": "", "CityCode": "", "Lat": "0", "Lon": "0", "Confirmed": 50388, "Deaths": 577, "Recovered": 47615, "Active": 2196, "Date": "2021-01-31T00:00:00Z"}, {"Country": "Luxembourg", "CountryCode": "", "Province": "", "City": "", "CityCode": "", "Lat": "0", "Lon": "0", "Confirmed": 50733, "Deaths": 584, "Recovered": 47974, "Active": 2175, "Date": "2021-02-01T00:00:00Z"}, {"Country": "Luxembourg", "CountryCode": "", "Province": "", "City": "", "CityCode": "", "Lat": "0", "Lon": "0", "Confirmed": 50923, "Deaths": 586, "Recovered": 48006, "Active": 2331, "Date": "2021-02-02T00:00:00Z"}, {"Country": "Luxembourg", "CountryCode": "", "Province": "", "City": "", "CityCode": "", "Lat": "0", "Lon": "0", "Confirmed": 51128, "Deaths": 587, "Recovered": 48092, "Active": 2449, "Date": "2021-02-03T00:00:00Z"}, {"Country": "Luxembourg", "CountryCode": "", "Province": "", "City": "", "CityCode": "", "Lat": "0", "Lon": "0", "Confirmed": 51330, "Deaths": 588, "Recovered": 48311, "Active": 2431, "Date": "2021-02-04T00:00:00Z"}, {"Country": "Luxembourg", "CountryCode": "", "Province": "", "City": "", "CityCode": "", "Lat": "0", "Lon": "0", "Confirmed": 51512, "Deaths": 590, "Recovered": 48421, "Active": 2501, "Date": "2021-02-05T00:00:00Z"}, {"Country": "Luxembourg", "CountryCode": "", "Province": "", "City": "", "CityCode": "", "Lat": "0", "Lon": "0", "Confirmed": 51512, "Deaths": 590, "Recovered": 48421, "Active": 2501, "Date": "2021-02-06T00:00:00Z"}, {"Country": "Luxembourg", "CountryCode": "", "Province": "", "City": "", "CityCode": "", "Lat": "0", "Lon": "0", "Confirmed": 51512, "Deaths": 590, "Recovered": 48421, "Active": 2501, "Date": "2021-02-07T00:00:00Z"}, {"Country": "Luxembourg", "CountryCode": "", "Province": "", "City": "", "CityCode": "", "Lat": "0", "Lon": "0", "Confirmed": 51879, "Deaths": 597, "Recovered": 48853, "Active": 2429, "Date": "2021-02-08T00:00:00Z"}, {"Country": "Luxembourg", "CountryCode": "", "Province": "", "City": "", "CityCode": "", "Lat": "0", "Lon": "0", "Confirmed": 52022, "Deaths": 600, "Recovered": 48846, "Active": 2576, "Date": "2021-02-09T00:00:00Z"}, {"Country": "Luxembourg", "CountryCode": "", "Province": "", "City": "", "CityCode": "", "Lat": "0", "Lon": "0", "Confirmed": 52247, "Deaths": 602, "Recovered": 48949, "Active": 2696, "Date": "2021-02-10T00:00:00Z"}, {"Country": "Luxembourg", "CountryCode": "", "Province": "", "City": "", "CityCode": "", "Lat": "0", "Lon": "0", "Confirmed": 52392, "Deaths": 604, "Recovered": 49166, "Active": 2622, "Date": "2021-02-11T00:00:00Z"}, {"Country": "Luxembourg", "CountryCode": "", "Province": "", "City": "", "CityCode": "", "Lat": "0", "Lon": "0", "Confirmed": 52539, "Deaths": 606, "Recovered": 49301, "Active": 2632, "Date": "2021-02-12T00:00:00Z"}, {"Country": "Luxembourg", "CountryCode": "", "Province": "", "City": "", "CityCode": "", "Lat": "0", "Lon": "0", "Confirmed": 52539, "Deaths": 606, "Recovered": 49301, "Active": 2632, "Date": "2021-02-13T00:00:00Z"}, {"Country": "Luxembourg", "CountryCode": "", "Province": "", "City": "", "CityCode": "", "Lat": "0", "Lon": "0", "Confirmed": 52539, "Deaths": 606, "Recovered": 49301, "Active": 2632, "Date": "2021-02-14T00:00:00Z"}, {"Country": "Luxembourg", "CountryCode": "", "Province": "", "City": "", "CityCode": "", "Lat": "0", "Lon": "0", "Confirmed": 52923, "Deaths": 611, "Recovered": 49775, "Active": 2537, "Date": "2021-02-15T00:00:00Z"}, {"Country": "Luxembourg", "CountryCode": "", "Province": "", "City": "", "CityCode": "", "Lat": "0", "Lon": "0", "Confirmed": 53062, "Deaths": 612, "Recovered": 49807, "Active": 2643, "Date": "2021-02-16T00:00:00Z"}, {"Country": "Luxembourg", "CountryCode": "", "Province": "", "City": "", "CityCode": "", "Lat": "0", "Lon": "0", "Confirmed": 53329, "Deaths": 616, "Recovered": 49994, "Active": 2719, "Date": "2021-02-17T00:00:00Z"}, {"Country": "Luxembourg", "CountryCode": "", "Province": "", "City": "", "CityCode": "", "Lat": "0", "Lon": "0", "Confirmed": 53562, "Deaths": 619, "Recovered": 50198, "Active": 2745, "Date": "2021-02-18T00:00:00Z"}, {"Country": "Luxembourg", "CountryCode": "", "Province": "", "City": "", "CityCode": "", "Lat": "0", "Lon": "0", "Confirmed": 53782, "Deaths": 622, "Recovered": 50386, "Active": 2774, "Date": "2021-02-19T00:00:00Z"}, {"Country": "Luxembourg", "CountryCode": "", "Province": "", "City": "", "CityCode": "", "Lat": "0", "Lon": "0", "Confirmed": 53782, "Deaths": 622, "Recovered": 50386, "Active": 2774, "Date": "2021-02-20T00:00:00Z"}, {"Country": "Luxembourg", "CountryCode": "", "Province": "", "City": "", "CityCode": "", "Lat": "0", "Lon": "0", "Confirmed": 53782, "Deaths": 622, "Recovered": 50386, "Active": 2774, "Date": "2021-02-21T00:00:00Z"}, {"Country": "Luxembourg", "CountryCode": "", "Province": "", "City": "", "CityCode": "", "Lat": "0", "Lon": "0", "Confirmed": 54172, "Deaths": 628, "Recovered": 50931, "Active": 2613, "Date": "2021-02-22T00:00:00Z"}, {"Country": "Luxembourg", "CountryCode": "", "Province": "", "City": "", "CityCode": "", "Lat": "0", "Lon": "0", "Confirmed": 54354, "Deaths": 629, "Recovered": 50945, "Active": 2780, "Date": "2021-02-23T00:00:00Z"}, {"Country": "Luxembourg", "CountryCode": "", "Province": "", "City": "", "CityCode": "", "Lat": "0", "Lon": "0", "Confirmed": 54678, "Deaths": 632, "Recovered": 51064, "Active": 2982, "Date": "2021-02-24T00:00:00Z"}, {"Country": "Luxembourg", "CountryCode": "", "Province": "", "City": "", "CityCode": "", "Lat": "0", "Lon": "0", "Confirmed": 54871, "Deaths": 634, "Recovered": 51290, "Active": 2947, "Date": "2021-02-25T00:00:00Z"}, {"Country": "Luxembourg", "CountryCode": "", "Province": "", "City": "", "CityCode": "", "Lat": "0", "Lon": "0", "Confirmed": 55110, "Deaths": 637, "Recovered": 51487, "Active": 2986, "Date": "2021-02-26T00:00:00Z"}, {"Country": "Luxembourg", "CountryCode": "", "Province": "", "City": "", "CityCode": "", "Lat": "0", "Lon": "0", "Confirmed": 55110, "Deaths": 637, "Recovered": 51487, "Active": 2986, "Date": "2021-02-27T00:00:00Z"}, {"Country": "Luxembourg", "CountryCode": "", "Province": "", "City": "", "CityCode": "", "Lat": "0", "Lon": "0", "Confirmed": 55110, "Deaths": 637, "Recovered": 51487, "Active": 2986, "Date": "2021-02-28T00:00:00Z"}, {"Country": "Luxembourg", "CountryCode": "", "Province": "", "City": "", "CityCode": "", "Lat": "0", "Lon": "0", "Confirmed": 55480, "Deaths": 639, "Recovered": 52019, "Active": 2822, "Date": "2021-03-01T00:00:00Z"}, {"Country": "Luxembourg", "CountryCode": "", "Province": "", "City": "", "CityCode": "", "Lat": "0", "Lon": "0", "Confirmed": 55632, "Deaths": 641, "Recovered": 52062, "Active": 2929, "Date": "2021-03-02T00:00:00Z"}, {"Country": "Luxembourg", "CountryCode": "", "Province": "", "City": "", "CityCode": "", "Lat": "0", "Lon": "0", "Confirmed": 55902, "Deaths": 643, "Recovered": 52185, "Active": 3074, "Date": "2021-03-03T00:00:00Z"}, {"Country": "Luxembourg", "CountryCode": "", "Province": "", "City": "", "CityCode": "", "Lat": "0", "Lon": "0", "Confirmed": 56110, "Deaths": 647, "Recovered": 52445, "Active": 3018, "Date": "2021-03-04T00:00:00Z"}, {"Country": "Luxembourg", "CountryCode": "", "Province": "", "City": "", "CityCode": "", "Lat": "0", "Lon": "0", "Confirmed": 56296, "Deaths": 652, "Recovered": 52662, "Active": 2982, "Date": "2021-03-05T00:00:00Z"}, {"Country": "Luxembourg", "CountryCode": "", "Province": "", "City": "", "CityCode": "", "Lat": "0", "Lon": "0", "Confirmed": 56296, "Deaths": 652, "Recovered": 52662, "Active": 2982, "Date": "2021-03-06T00:00:00Z"}, {"Country": "Luxembourg", "CountryCode": "", "Province": "", "City": "", "CityCode": "", "Lat": "0", "Lon": "0", "Confirmed": 56296, "Deaths": 652, "Recovered": 52662, "Active": 55644, "Date": "2021-03-07T00:00:00Z"}, {"Country": "Luxembourg", "CountryCode": "", "Province": "", "City": "", "CityCode": "", "Lat": "0", "Lon": "0", "Confirmed": 56677, "Deaths": 663, "Recovered": 53240, "Active": 2774, "Date": "2021-03-08T00:00:00Z"}, {"Country": "Luxembourg", "CountryCode": "", "Province": "", "City": "", "CityCode": "", "Lat": "0", "Lon": "0", "Confirmed": 56822, "Deaths": 668, "Recovered": 53266, "Active": 2888, "Date": "2021-03-09T00:00:00Z"}, {"Country": "Luxembourg", "CountryCode": "", "Province": "", "City": "", "CityCode": "", "Lat": "0", "Lon": "0", "Confirmed": 57056, "Deaths": 673, "Recovered": 53453, "Active": 2930, "Date": "2021-03-10T00:00:00Z"}, {"Country": "Luxembourg", "CountryCode": "", "Province": "", "City": "", "CityCode": "", "Lat": "0", "Lon": "0", "Confirmed": 57321, "Deaths": 675, "Recovered": 53748, "Active": 2898, "Date": "2021-03-11T00:00:00Z"}, {"Country": "Luxembourg", "CountryCode": "", "Province": "", "City": "", "CityCode": "", "Lat": "0", "Lon": "0", "Confirmed": 57503, "Deaths": 681, "Recovered": 53941, "Active": 2881, "Date": "2021-03-12T00:00:00Z"}, {"Country": "Luxembourg", "CountryCode": "", "Province": "", "City": "", "CityCode": "", "Lat": "0", "Lon": "0", "Confirmed": 57503, "Deaths": 681, "Recovered": 53941, "Active": 2881, "Date": "2021-03-13T00:00:00Z"}]