[{"Country": "Malta", "CountryCode": "", "Province": "", "City": "", "CityCode": "", "Lat": "0", "Lon": "0", "Confirmed": 3, "Deaths": 0, "Recovered": 0, "Active": 3, "Date": "2020-03-07T00:00:00Z"}, {"Country": "Malta", "CountryCode": "", "Province": "", "City": "", "CityCode": "", "Lat": "0", "Lon": "0", "Confirmed": 3, "Deaths": 0, "Recovered": 0, "Active": 3, "Date": "2020-03-08T00:00:00Z"}, {"Country": "Malta", "CountryCode": "", "Province": "", "City": "", "CityCode": "", "Lat": "0", "Lon": "0", "Confirmed": 3, "Deaths": 0, "Recovered": 0, "Active": 3, "Date": "2020-03-09T00:00:00Z"}, {"Country": "Malta", "CountryCode": "", "Province": "", "City": "", "CityCode": "", "Lat": "0", "Lon": "0", "Confirmed": 5, "Deaths": 0, "Recovered": 0, "Active": 5, "Date": "2020-03-10T00:00:00Z"}, {"Country": "Malta", "CountryCode": "", "Province": "", "City": "", "CityCode": "", "Lat": "0", "Lon": "0", "Confirmed": 6, "Deaths": 0, "Recovered": 0, "Active": 6, "Date": "2020-03-11T00:00:00Z"}, {"Country": "Malta", "CountryCode": "", "Province": "", "City": "", "CityCode": "", "Lat": "0", "Lon": "0", "Confirmed": 6, "Deaths": 0, "Recovered": 0, "Active": 6, "Date": "2020-03-12T00:00:00Z"}, {"Country": "Malta", "CountryCode": "", "Province": "", "City": "", "CityCode": "", "Lat": "0", "Lon": "0", "Confirmed": 12, "Deaths": 0, "Recovered": 1, "Active": 11, "Date": "2020-03-13T00:00:00Z"}, {"Country": "Malta", "CountryCode": "", "Province": "", "City": "", "CityCode": "", "Lat": "0", "Lon": "0", "Confirmed": 18, "Deaths": 0, "Recovered": 1, "Active": 17, "Date": "2020-03-14T00:00:00Z"}, {"Country": "Malta", "CountryCode": "", "Province": "", "City": "", "CityCode": "", "Lat": "0", "Lon": "0", "Confirmed": 21, "Deaths": 0, "Recovered": 1, "Active": 20, "Date": "2020-03-15T00:00:00Z"}, {"Country": "Malta", "CountryCode": "", "Province": "", "City": "", "CityCode": "", "Lat": "0", "Lon": "0", "Confirmed": 30, "Deaths": 0, "Recovered": 2, "Active": 28, "Date": "2020-03-16T00:00:00Z"}, {"Country": "Malta", "CountryCode": "", "Province": "", "City": "", "CityCode": "", "Lat": "0", "Lon": "0", "Confirmed": 38, "Deaths": 0, "Recovered": 2, "Active": 36, "Date": "2020-03-17T00:00:00Z"}, {"Country": "Malta", "CountryCode": "", "Province": "", "City": "", "CityCode": "", "Lat": "0", "Lon": "0", "Confirmed": 38, "Deaths": 0, "Recovered": 2, "Active": 36, "Date": "2020-03-18T00:00:00Z"}, {"Country": "Malta", "CountryCode": "", "Province": "", "City": "", "CityCode": "", "Lat": "0", "Lon": "0", "Confirmed": 53, "Deaths": 0, "Recovered": 2, "Active": 51, "Date": "2020-03-19T00:00:00Z"}, {"Country": "Malta", "CountryCode": "", "Province": "", "City": "", "CityCode": "", "Lat": "0", "Lon": "0", "Confirmed": 64, "Deaths": 0, "Recovered": 2, "Active": 62, "Date": "2020-03-20T00:00:00Z"}, {"Country": "Malta", "CountryCode": "", "Province": "", "City": "", "CityCode": "", "Lat": "0", "Lon": "0", "Confirmed": 73, "Deaths": 0, "Recovered": 2, "Active": 71, "Date": "2020-03-21T00:00:00Z"}, {"Country": "Malta", "CountryCode": "", "Province": "", "City": "", "CityCode": "", "Lat": "0", "Lon": "0", "Confirmed": 90, "Deaths": 0, "Recovered": 2, "Active": 88, "Date": "2020-03-22T00:00:00Z"}, {"Country": "Malta", "CountryCode": "", "Province": "", "City": "", "CityCode": "", "Lat": "0", "Lon": "0", "Confirmed": 107, "Deaths": 0, "Recovered": 2, "Active": 105, "Date": "2020-03-23T00:00:00Z"}, {"Country": "Malta", "CountryCode": "", "Province": "", "City": "", "CityCode": "", "Lat": "0", "Lon": "0", "Confirmed": 110, "Deaths": 0, "Recovered": 2, "Active": 108, "Date": "2020-03-24T00:00:00Z"}, {"Country": "Malta", "CountryCode": "", "Province": "", "City": "", "CityCode": "", "Lat": "0", "Lon": "0", "Confirmed": 129, "Deaths": 0, "Recovered": 2, "Active": 127, "Date": "2020-03-25T00:00:00Z"}, {"Country": "Malta", "CountryCode": "", "Province": "", "City": "", "CityCode": "", "Lat": "0", "Lon": "0", "Confirmed": 134, "Deaths": 0, "Recovered": 2, "Active": 132, "Date": "2020-03-26T00:00:00Z"}, {"Country": "Malta", "CountryCode": "", "Province": "", "City": "", "CityCode": "", "Lat": "0", "Lon": "0", "Confirmed": 139, "Deaths": 0, "Recovered": 2, "Active": 137, "Date": "2020-03-27T00:00:00Z"}, {"Country": "Malta", "CountryCode": "", "Province": "", "City": "", "CityCode": "", "Lat": "0", "Lon": "0", "Confirmed": 149, "Deaths": 0, "Recovered": 2, "Active": 147, "Date": "2020-03-28T00:00:00Z"}, {"Country": "Malta", "CountryCode": "", "Province": "", "City": "", "CityCode": "", "Lat": "0", "Lon": "0", "Confirmed": 151, "Deaths": 0, "Recovered": 2, "Active": 149, "Date": "2020-03-29T00:00:00Z"}, {"Country": "Malta", "CountryCode": "", "Province": "", "City": "", "CityCode": "", "Lat": "0", "Lon": "0", "Confirmed": 156, "Deaths": 0, "Recovered": 2, "Active": 154, "Date": "2020-03-30T00:00:00Z"}, {"Country": "Malta", "CountryCode": "", "Province": "", "City": "", "CityCode": "", "Lat": "0", "Lon": "0", "Confirmed": 169, "Deaths": 0, "Recovered": 2, "Active": 167, "Date": "2020-03-31T00:00:00Z"}, {"Country": "Malta", "CountryCode": "", "Province": "", "City": "", "CityCode": "", "Lat": "0", "Lon": "0", "Confirmed": 188, "Deaths": 0, "Recovered": 2, "Active": 186, "Date": "2020-04-01T00:00:00Z"}, {"Country": "Malta", "CountryCode": "", "Province": "", "City": "", "CityCode": "", "Lat": "0", "Lon": "0", "Confirmed": 196, "Deaths": 0, "Recovered": 2, "Active": 194, "Date": "2020-04-02T00:00:00Z"}, {"Country": "Malta", "CountryCode": "", "Province": "", "City": "", "CityCode": "", "Lat": "0", "Lon": "0", "Confirmed": 202, "Deaths": 0, "Recovered": 2, "Active": 200, "Date": "2020-04-03T00:00:00Z"}, {"Country": "Malta", "CountryCode": "", "Province": "", "City": "", "CityCode": "", "Lat": "0", "Lon": "0", "Confirmed": 213, "Deaths": 0, "Recovered": 2, "Active": 211, "Date": "2020-04-04T00:00:00Z"}, {"Country": "Malta", "CountryCode": "", "Province": "", "City": "", "CityCode": "", "Lat": "0", "Lon": "0", "Confirmed": 227, "Deaths": 0, "Recovered": 5, "Active": 222, "Date": "2020-04-05T00:00:00Z"}, {"Country": "Malta", "CountryCode": "", "Province": "", "City": "", "CityCode": "", "Lat": "0", "Lon": "0", "Confirmed": 241, "Deaths": 0, "Recovered": 5, "Active": 236, "Date": "2020-04-06T00:00:00Z"}, {"Country": "Malta", "CountryCode": "", "Province": "", "City": "", "CityCode": "", "Lat": "0", "Lon": "0", "Confirmed": 293, "Deaths": 0, "Recovered": 5, "Active": 288, "Date": "2020-04-07T00:00:00Z"}, {"Country": "Malta", "CountryCode": "", "Province": "", "City": "", "CityCode": "", "Lat": "0", "Lon": "0", "Confirmed": 299, "Deaths": 1, "Recovered": 16, "Active": 282, "Date": "2020-04-08T00:00:00Z"}, {"Country": "Malta", "CountryCode": "", "Province": "", "City": "", "CityCode": "", "Lat": "0", "Lon": "0", "Confirmed": 337, "Deaths": 2, "Recovered": 16, "Active": 319, "Date": "2020-04-09T00:00:00Z"}, {"Country": "Malta", "CountryCode": "", "Province": "", "City": "", "CityCode": "", "Lat": "0", "Lon": "0", "Confirmed": 350, "Deaths": 2, "Recovered": 16, "Active": 332, "Date": "2020-04-10T00:00:00Z"}, {"Country": "Malta", "CountryCode": "", "Province": "", "City": "", "CityCode": "", "Lat": "0", "Lon": "0", "Confirmed": 370, "Deaths": 3, "Recovered": 16, "Active": 351, "Date": "2020-04-11T00:00:00Z"}, {"Country": "Malta", "CountryCode": "", "Province": "", "City": "", "CityCode": "", "Lat": "0", "Lon": "0", "Confirmed": 378, "Deaths": 3, "Recovered": 44, "Active": 331, "Date": "2020-04-12T00:00:00Z"}, {"Country": "Malta", "CountryCode": "", "Province": "", "City": "", "CityCode": "", "Lat": "0", "Lon": "0", "Confirmed": 384, "Deaths": 3, "Recovered": 44, "Active": 337, "Date": "2020-04-13T00:00:00Z"}, {"Country": "Malta", "CountryCode": "", "Province": "", "City": "", "CityCode": "", "Lat": "0", "Lon": "0", "Confirmed": 393, "Deaths": 3, "Recovered": 44, "Active": 346, "Date": "2020-04-14T00:00:00Z"}, {"Country": "Malta", "CountryCode": "", "Province": "", "City": "", "CityCode": "", "Lat": "0", "Lon": "0", "Confirmed": 399, "Deaths": 3, "Recovered": 44, "Active": 352, "Date": "2020-04-15T00:00:00Z"}, {"Country": "Malta", "CountryCode": "", "Province": "", "City": "", "CityCode": "", "Lat": "0", "Lon": "0", "Confirmed": 412, "Deaths": 3, "Recovered": 82, "Active": 327, "Date": "2020-04-16T00:00:00Z"}, {"Country": "Malta", "CountryCode": "", "Province": "", "City": "", "CityCode": "", "Lat": "0", "Lon": "0", "Confirmed": 422, "Deaths": 3, "Recovered": 91, "Active": 328, "Date": "2020-04-17T00:00:00Z"}, {"Country": "Malta", "CountryCode": "", "Province": "", "City": "", "CityCode": "", "Lat": "0", "Lon": "0", "Confirmed": 426, "Deaths": 3, "Recovered": 99, "Active": 324, "Date": "2020-04-18T00:00:00Z"}, {"Country": "Malta", "CountryCode": "", "Province": "", "City": "", "CityCode": "", "Lat": "0", "Lon": "0", "Confirmed": 427, "Deaths": 3, "Recovered": 118, "Active": 306, "Date": "2020-04-19T00:00:00Z"}, {"Country": "Malta", "CountryCode": "", "Province": "", "City": "", "CityCode": "", "Lat": "0", "Lon": "0", "Confirmed": 431, "Deaths": 3, "Recovered": 126, "Active": 302, "Date": "2020-04-20T00:00:00Z"}, {"Country": "Malta", "CountryCode": "", "Province": "", "City": "", "CityCode": "", "Lat": "0", "Lon": "0", "Confirmed": 443, "Deaths": 3, "Recovered": 150, "Active": 290, "Date": "2020-04-21T00:00:00Z"}, {"Country": "Malta", "CountryCode": "", "Province": "", "City": "", "CityCode": "", "Lat": "0", "Lon": "0", "Confirmed": 444, "Deaths": 3, "Recovered": 165, "Active": 276, "Date": "2020-04-22T00:00:00Z"}, {"Country": "Malta", "CountryCode": "", "Province": "", "City": "", "CityCode": "", "Lat": "0", "Lon": "0", "Confirmed": 445, "Deaths": 3, "Recovered": 204, "Active": 238, "Date": "2020-04-23T00:00:00Z"}, {"Country": "Malta", "CountryCode": "", "Province": "", "City": "", "CityCode": "", "Lat": "0", "Lon": "0", "Confirmed": 447, "Deaths": 3, "Recovered": 223, "Active": 221, "Date": "2020-04-24T00:00:00Z"}, {"Country": "Malta", "CountryCode": "", "Province": "", "City": "", "CityCode": "", "Lat": "0", "Lon": "0", "Confirmed": 448, "Deaths": 4, "Recovered": 249, "Active": 195, "Date": "2020-04-25T00:00:00Z"}, {"Country": "Malta", "CountryCode": "", "Province": "", "City": "", "CityCode": "", "Lat": "0", "Lon": "0", "Confirmed": 448, "Deaths": 4, "Recovered": 282, "Active": 162, "Date": "2020-04-26T00:00:00Z"}, {"Country": "Malta", "CountryCode": "", "Province": "", "City": "", "CityCode": "", "Lat": "0", "Lon": "0", "Confirmed": 450, "Deaths": 4, "Recovered": 286, "Active": 160, "Date": "2020-04-27T00:00:00Z"}, {"Country": "Malta", "CountryCode": "", "Province": "", "City": "", "CityCode": "", "Lat": "0", "Lon": "0", "Confirmed": 458, "Deaths": 4, "Recovered": 303, "Active": 151, "Date": "2020-04-28T00:00:00Z"}, {"Country": "Malta", "CountryCode": "", "Province": "", "City": "", "CityCode": "", "Lat": "0", "Lon": "0", "Confirmed": 463, "Deaths": 4, "Recovered": 339, "Active": 120, "Date": "2020-04-29T00:00:00Z"}, {"Country": "Malta", "CountryCode": "", "Province": "", "City": "", "CityCode": "", "Lat": "0", "Lon": "0", "Confirmed": 465, "Deaths": 4, "Recovered": 351, "Active": 110, "Date": "2020-04-30T00:00:00Z"}, {"Country": "Malta", "CountryCode": "", "Province": "", "City": "", "CityCode": "", "Lat": "0", "Lon": "0", "Confirmed": 467, "Deaths": 4, "Recovered": 383, "Active": 80, "Date": "2020-05-01T00:00:00Z"}, {"Country": "Malta", "CountryCode": "", "Province": "", "City": "", "CityCode": "", "Lat": "0", "Lon": "0", "Confirmed": 468, "Deaths": 4, "Recovered": 379, "Active": 85, "Date": "2020-05-02T00:00:00Z"}, {"Country": "Malta", "CountryCode": "", "Province": "", "City": "", "CityCode": "", "Lat": "0", "Lon": "0", "Confirmed": 477, "Deaths": 4, "Recovered": 392, "Active": 81, "Date": "2020-05-03T00:00:00Z"}, {"Country": "Malta", "CountryCode": "", "Province": "", "City": "", "CityCode": "", "Lat": "0", "Lon": "0", "Confirmed": 480, "Deaths": 4, "Recovered": 399, "Active": 77, "Date": "2020-05-04T00:00:00Z"}, {"Country": "Malta", "CountryCode": "", "Province": "", "City": "", "CityCode": "", "Lat": "0", "Lon": "0", "Confirmed": 482, "Deaths": 5, "Recovered": 403, "Active": 74, "Date": "2020-05-05T00:00:00Z"}, {"Country": "Malta", "CountryCode": "", "Province": "", "City": "", "CityCode": "", "Lat": "0", "Lon": "0", "Confirmed": 484, "Deaths": 5, "Recovered": 407, "Active": 72, "Date": "2020-05-06T00:00:00Z"}, {"Country": "Malta", "CountryCode": "", "Province": "", "City": "", "CityCode": "", "Lat": "0", "Lon": "0", "Confirmed": 486, "Deaths": 5, "Recovered": 413, "Active": 68, "Date": "2020-05-07T00:00:00Z"}, {"Country": "Malta", "CountryCode": "", "Province": "", "City": "", "CityCode": "", "Lat": "0", "Lon": "0", "Confirmed": 489, "Deaths": 5, "Recovered": 419, "Active": 65, "Date": "2020-05-08T00:00:00Z"}, {"Country": "Malta", "CountryCode": "", "Province": "", "City": "", "CityCode": "", "Lat": "0", "Lon": "0", "Confirmed": 490, "Deaths": 5, "Recovered": 427, "Active": 58, "Date": "2020-05-09T00:00:00Z"}, {"Country": "Malta", "CountryCode": "", "Province": "", "City": "", "CityCode": "", "Lat": "0", "Lon": "0", "Confirmed": 496, "Deaths": 5, "Recovered": 433, "Active": 58, "Date": "2020-05-10T00:00:00Z"}, {"Country": "Malta", "CountryCode": "", "Province": "", "City": "", "CityCode": "", "Lat": "0", "Lon": "0", "Confirmed": 503, "Deaths": 5, "Recovered": 434, "Active": 64, "Date": "2020-05-11T00:00:00Z"}, {"Country": "Malta", "CountryCode": "", "Province": "", "City": "", "CityCode": "", "Lat": "0", "Lon": "0", "Confirmed": 506, "Deaths": 5, "Recovered": 434, "Active": 67, "Date": "2020-05-12T00:00:00Z"}, {"Country": "Malta", "CountryCode": "", "Province": "", "City": "", "CityCode": "", "Lat": "0", "Lon": "0", "Confirmed": 508, "Deaths": 6, "Recovered": 436, "Active": 66, "Date": "2020-05-13T00:00:00Z"}, {"Country": "Malta", "CountryCode": "", "Province": "", "City": "", "CityCode": "", "Lat": "0", "Lon": "0", "Confirmed": 522, "Deaths": 6, "Recovered": 443, "Active": 73, "Date": "2020-05-14T00:00:00Z"}, {"Country": "Malta", "CountryCode": "", "Province": "", "City": "", "CityCode": "", "Lat": "0", "Lon": "0", "Confirmed": 532, "Deaths": 6, "Recovered": 458, "Active": 68, "Date": "2020-05-15T00:00:00Z"}, {"Country": "Malta", "CountryCode": "", "Province": "", "City": "", "CityCode": "", "Lat": "0", "Lon": "0", "Confirmed": 546, "Deaths": 6, "Recovered": 450, "Active": 90, "Date": "2020-05-16T00:00:00Z"}, {"Country": "Malta", "CountryCode": "", "Province": "", "City": "", "CityCode": "", "Lat": "0", "Lon": "0", "Confirmed": 553, "Deaths": 6, "Recovered": 454, "Active": 93, "Date": "2020-05-17T00:00:00Z"}, {"Country": "Malta", "CountryCode": "", "Province": "", "City": "", "CityCode": "", "Lat": "0", "Lon": "0", "Confirmed": 558, "Deaths": 6, "Recovered": 456, "Active": 96, "Date": "2020-05-18T00:00:00Z"}, {"Country": "Malta", "CountryCode": "", "Province": "", "City": "", "CityCode": "", "Lat": "0", "Lon": "0", "Confirmed": 569, "Deaths": 6, "Recovered": 460, "Active": 103, "Date": "2020-05-19T00:00:00Z"}, {"Country": "Malta", "CountryCode": "", "Province": "", "City": "", "CityCode": "", "Lat": "0", "Lon": "0", "Confirmed": 584, "Deaths": 6, "Recovered": 465, "Active": 113, "Date": "2020-05-20T00:00:00Z"}, {"Country": "Malta", "CountryCode": "", "Province": "", "City": "", "CityCode": "", "Lat": "0", "Lon": "0", "Confirmed": 599, "Deaths": 6, "Recovered": 468, "Active": 125, "Date": "2020-05-21T00:00:00Z"}, {"Country": "Malta", "CountryCode": "", "Province": "", "City": "", "CityCode": "", "Lat": "0", "Lon": "0", "Confirmed": 600, "Deaths": 6, "Recovered": 469, "Active": 125, "Date": "2020-05-22T00:00:00Z"}, {"Country": "Malta", "CountryCode": "", "Province": "", "City": "", "CityCode": "", "Lat": "0", "Lon": "0", "Confirmed": 609, "Deaths": 6, "Recovered": 473, "Active": 130, "Date": "2020-05-23T00:00:00Z"}, {"Country": "Malta", "CountryCode": "", "Province": "", "City": "", "CityCode": "", "Lat": "0", "Lon": "0", "Confirmed": 610, "Deaths": 6, "Recovered": 476, "Active": 128, "Date": "2020-05-24T00:00:00Z"}, {"Country": "Malta", "CountryCode": "", "Province": "", "City": "", "CityCode": "", "Lat": "0", "Lon": "0", "Confirmed": 611, "Deaths": 6, "Recovered": 485, "Active": 120, "Date": "2020-05-25T00:00:00Z"}, {"Country": "Malta", "CountryCode": "", "Province": "", "City": "", "CityCode": "", "Lat": "0", "Lon": "0", "Confirmed": 611, "Deaths": 6, "Recovered": 485, "Active": 120, "Date": "2020-05-26T00:00:00Z"}, {"Country": "Malta", "CountryCode": "", "Province": "", "City": "", "CityCode": "", "Lat": "0", "Lon": "0", "Confirmed": 612, "Deaths": 7, "Recovered": 491, "Active": 114, "Date": "2020-05-27T00:00:00Z"}, {"Country": "Malta", "CountryCode": "", "Province": "", "City": "", "CityCode": "", "Lat": "0", "Lon": "0", "Confirmed": 616, "Deaths": 7, "Recovered": 501, "Active": 108, "Date": "2020-05-28T00:00:00Z"}, {"Country": "Malta", "CountryCode": "", "Province": "", "City": "", "CityCode": "", "Lat": "0", "Lon": "0", "Confirmed": 616, "Deaths": 9, "Recovered": 514, "Active": 93, "Date": "2020-05-29T00:00:00Z"}, {"Country": "Malta", "CountryCode": "", "Province": "", "City": "", "CityCode": "", "Lat": "0", "Lon": "0", "Confirmed": 618, "Deaths": 9, "Recovered": 525, "Active": 84, "Date": "2020-05-30T00:00:00Z"}, {"Country": "Malta", "CountryCode": "", "Province": "", "City": "", "CityCode": "", "Lat": "0", "Lon": "0", "Confirmed": 618, "Deaths": 9, "Recovered": 534, "Active": 75, "Date": "2020-05-31T00:00:00Z"}, {"Country": "Malta", "CountryCode": "", "Province": "", "City": "", "CityCode": "", "Lat": "0", "Lon": "0", "Confirmed": 619, "Deaths": 9, "Recovered": 537, "Active": 73, "Date": "2020-06-01T00:00:00Z"}, {"Country": "Malta", "CountryCode": "", "Province": "", "City": "", "CityCode": "", "Lat": "0", "Lon": "0", "Confirmed": 620, "Deaths": 9, "Recovered": 554, "Active": 57, "Date": "2020-06-02T00:00:00Z"}, {"Country": "Malta", "CountryCode": "", "Province": "", "City": "", "CityCode": "", "Lat": "0", "Lon": "0", "Confirmed": 622, "Deaths": 9, "Recovered": 562, "Active": 51, "Date": "2020-06-03T00:00:00Z"}, {"Country": "Malta", "CountryCode": "", "Province": "", "City": "", "CityCode": "", "Lat": "0", "Lon": "0", "Confirmed": 622, "Deaths": 9, "Recovered": 576, "Active": 37, "Date": "2020-06-04T00:00:00Z"}, {"Country": "Malta", "CountryCode": "", "Province": "", "City": "", "CityCode": "", "Lat": "0", "Lon": "0", "Confirmed": 625, "Deaths": 9, "Recovered": 583, "Active": 33, "Date": "2020-06-05T00:00:00Z"}, {"Country": "Malta", "CountryCode": "", "Province": "", "City": "", "CityCode": "", "Lat": "0", "Lon": "0", "Confirmed": 627, "Deaths": 9, "Recovered": 596, "Active": 22, "Date": "2020-06-06T00:00:00Z"}, {"Country": "Malta", "CountryCode": "", "Province": "", "City": "", "CityCode": "", "Lat": "0", "Lon": "0", "Confirmed": 629, "Deaths": 9, "Recovered": 596, "Active": 24, "Date": "2020-06-07T00:00:00Z"}, {"Country": "Malta", "CountryCode": "", "Province": "", "City": "", "CityCode": "", "Lat": "0", "Lon": "0", "Confirmed": 630, "Deaths": 9, "Recovered": 596, "Active": 25, "Date": "2020-06-08T00:00:00Z"}, {"Country": "Malta", "CountryCode": "", "Province": "", "City": "", "CityCode": "", "Lat": "0", "Lon": "0", "Confirmed": 632, "Deaths": 9, "Recovered": 597, "Active": 26, "Date": "2020-06-09T00:00:00Z"}, {"Country": "Malta", "CountryCode": "", "Province": "", "City": "", "CityCode": "", "Lat": "0", "Lon": "0", "Confirmed": 635, "Deaths": 9, "Recovered": 597, "Active": 29, "Date": "2020-06-10T00:00:00Z"}, {"Country": "Malta", "CountryCode": "", "Province": "", "City": "", "CityCode": "", "Lat": "0", "Lon": "0", "Confirmed": 640, "Deaths": 9, "Recovered": 600, "Active": 31, "Date": "2020-06-11T00:00:00Z"}, {"Country": "Malta", "CountryCode": "", "Province": "", "City": "", "CityCode": "", "Lat": "0", "Lon": "0", "Confirmed": 645, "Deaths": 9, "Recovered": 600, "Active": 36, "Date": "2020-06-12T00:00:00Z"}, {"Country": "Malta", "CountryCode": "", "Province": "", "City": "", "CityCode": "", "Lat": "0", "Lon": "0", "Confirmed": 646, "Deaths": 9, "Recovered": 601, "Active": 36, "Date": "2020-06-13T00:00:00Z"}, {"Country": "Malta", "CountryCode": "", "Province": "", "City": "", "CityCode": "", "Lat": "0", "Lon": "0", "Confirmed": 649, "Deaths": 9, "Recovered": 603, "Active": 37, "Date": "2020-06-14T00:00:00Z"}, {"Country": "Malta", "CountryCode": "", "Province": "", "City": "", "CityCode": "", "Lat": "0", "Lon": "0", "Confirmed": 650, "Deaths": 9, "Recovered": 603, "Active": 38, "Date": "2020-06-15T00:00:00Z"}, {"Country": "Malta", "CountryCode": "", "Province": "", "City": "", "CityCode": "", "Lat": "0", "Lon": "0", "Confirmed": 656, "Deaths": 9, "Recovered": 608, "Active": 39, "Date": "2020-06-16T00:00:00Z"}, {"Country": "Malta", "CountryCode": "", "Province": "", "City": "", "CityCode": "", "Lat": "0", "Lon": "0", "Confirmed": 662, "Deaths": 9, "Recovered": 610, "Active": 43, "Date": "2020-06-17T00:00:00Z"}, {"Country": "Malta", "CountryCode": "", "Province": "", "City": "", "CityCode": "", "Lat": "0", "Lon": "0", "Confirmed": 663, "Deaths": 9, "Recovered": 610, "Active": 44, "Date": "2020-06-18T00:00:00Z"}, {"Country": "Malta", "CountryCode": "", "Province": "", "City": "", "CityCode": "", "Lat": "0", "Lon": "0", "Confirmed": 663, "Deaths": 9, "Recovered": 613, "Active": 41, "Date": "2020-06-19T00:00:00Z"}, {"Country": "Malta", "CountryCode": "", "Province": "", "City": "", "CityCode": "", "Lat": "0", "Lon": "0", "Confirmed": 664, "Deaths": 9, "Recovered": 616, "Active": 39, "Date": "2020-06-20T00:00:00Z"}, {"Country": "Malta", "CountryCode": "", "Province": "", "City": "", "CityCode": "", "Lat": "0", "Lon": "0", "Confirmed": 665, "Deaths": 9, "Recovered": 616, "Active": 40, "Date": "2020-06-21T00:00:00Z"}, {"Country": "Malta", "CountryCode": "", "Province": "", "City": "", "CityCode": "", "Lat": "0", "Lon": "0", "Confirmed": 665, "Deaths": 9, "Recovered": 617, "Active": 39, "Date": "2020-06-22T00:00:00Z"}, {"Country": "Malta", "CountryCode": "", "Province": "", "City": "", "CityCode": "", "Lat": "0", "Lon": "0", "Confirmed": 665, "Deaths": 9, "Recovered": 618, "Active": 38, "Date": "2020-06-23T00:00:00Z"}, {"Country": "Malta", "CountryCode": "", "Province": "", "City": "", "CityCode": "", "Lat": "0", "Lon": "0", "Confirmed": 665, "Deaths": 9, "Recovered": 624, "Active": 32, "Date": "2020-06-24T00:00:00Z"}, {"Country": "Malta", "CountryCode": "", "Province": "", "City": "", "CityCode": "", "Lat": "0", "Lon": "0", "Confirmed": 668, "Deaths": 9, "Recovered": 627, "Active": 32, "Date": "2020-06-25T00:00:00Z"}, {"Country": "Malta", "CountryCode": "", "Province": "", "City": "", "CityCode": "", "Lat": "0", "Lon": "0", "Confirmed": 670, "Deaths": 9, "Recovered": 632, "Active": 29, "Date": "2020-06-26T00:00:00Z"}, {"Country": "Malta", "CountryCode": "", "Province": "", "City": "", "CityCode": "", "Lat": "0", "Lon": "0", "Confirmed": 670, "Deaths": 9, "Recovered": 635, "Active": 26, "Date": "2020-06-27T00:00:00Z"}, {"Country": "Malta", "CountryCode": "", "Province": "", "City": "", "CityCode": "", "Lat": "0", "Lon": "0", "Confirmed": 670, "Deaths": 9, "Recovered": 636, "Active": 25, "Date": "2020-06-28T00:00:00Z"}, {"Country": "Malta", "CountryCode": "", "Province": "", "City": "", "CityCode": "", "Lat": "0", "Lon": "0", "Confirmed": 670, "Deaths": 9, "Recovered": 639, "Active": 22, "Date": "2020-06-29T00:00:00Z"}, {"Country": "Malta", "CountryCode": "", "Province": "", "City": "", "CityCode": "", "Lat": "0", "Lon": "0", "Confirmed": 670, "Deaths": 9, "Recovered": 640, "Active": 21, "Date": "2020-06-30T00:00:00Z"}, {"Country": "Malta", "CountryCode": "", "Province": "", "City": "", "CityCode": "", "Lat": "0", "Lon": "0", "Confirmed": 671, "Deaths": 9, "Recovered": 647, "Active": 15, "Date": "2020-07-01T00:00:00Z"}, {"Country": "Malta", "CountryCode": "", "Province": "", "City": "", "CityCode": "", "Lat": "0", "Lon": "0", "Confirmed": 671, "Deaths": 9, "Recovered": 649, "Active": 13, "Date": "2020-07-02T00:00:00Z"}, {"Country": "Malta", "CountryCode": "", "Province": "", "City": "", "CityCode": "", "Lat": "0", "Lon": "0", "Confirmed": 672, "Deaths": 9, "Recovered": 650, "Active": 13, "Date": "2020-07-03T00:00:00Z"}, {"Country": "Malta", "CountryCode": "", "Province": "", "City": "", "CityCode": "", "Lat": "0", "Lon": "0", "Confirmed": 672, "Deaths": 9, "Recovered": 651, "Active": 12, "Date": "2020-07-04T00:00:00Z"}, {"Country": "Malta", "CountryCode": "", "Province": "", "City": "", "CityCode": "", "Lat": "0", "Lon": "0", "Confirmed": 672, "Deaths": 9, "Recovered": 652, "Active": 11, "Date": "2020-07-05T00:00:00Z"}, {"Country": "Malta", "CountryCode": "", "Province": "", "City": "", "CityCode": "", "Lat": "0", "Lon": "0", "Confirmed": 672, "Deaths": 9, "Recovered": 652, "Active": 11, "Date": "2020-07-06T00:00:00Z"}, {"Country": "Malta", "CountryCode": "", "Province": "", "City": "", "CityCode": "", "Lat": "0", "Lon": "0", "Confirmed": 673, "Deaths": 9, "Recovered": 653, "Active": 11, "Date": "2020-07-07T00:00:00Z"}, {"Country": "Malta", "CountryCode": "", "Province": "", "City": "", "CityCode": "", "Lat": "0", "Lon": "0", "Confirmed": 673, "Deaths": 9, "Recovered": 654, "Active": 10, "Date": "2020-07-08T00:00:00Z"}, {"Country": "Malta", "CountryCode": "", "Province": "", "City": "", "CityCode": "", "Lat": "0", "Lon": "0", "Confirmed": 674, "Deaths": 9, "Recovered": 656, "Active": 9, "Date": "2020-07-09T00:00:00Z"}, {"Country": "Malta", "CountryCode": "", "Province": "", "City": "", "CityCode": "", "Lat": "0", "Lon": "0", "Confirmed": 674, "Deaths": 9, "Recovered": 658, "Active": 7, "Date": "2020-07-10T00:00:00Z"}, {"Country": "Malta", "CountryCode": "", "Province": "", "City": "", "CityCode": "", "Lat": "0", "Lon": "0", "Confirmed": 674, "Deaths": 9, "Recovered": 658, "Active": 7, "Date": "2020-07-11T00:00:00Z"}, {"Country": "Malta", "CountryCode": "", "Province": "", "City": "", "CityCode": "", "Lat": "0", "Lon": "0", "Confirmed": 674, "Deaths": 9, "Recovered": 660, "Active": 5, "Date": "2020-07-12T00:00:00Z"}, {"Country": "Malta", "CountryCode": "", "Province": "", "City": "", "CityCode": "", "Lat": "0", "Lon": "0", "Confirmed": 674, "Deaths": 9, "Recovered": 660, "Active": 5, "Date": "2020-07-13T00:00:00Z"}, {"Country": "Malta", "CountryCode": "", "Province": "", "City": "", "CityCode": "", "Lat": "0", "Lon": "0", "Confirmed": 674, "Deaths": 9, "Recovered": 660, "Active": 5, "Date": "2020-07-14T00:00:00Z"}, {"Country": "Malta", "CountryCode": "", "Province": "", "City": "", "CityCode": "", "Lat": "0", "Lon": "0", "Confirmed": 674, "Deaths": 9, "Recovered": 661, "Active": 4, "Date": "2020-07-15T00:00:00Z"}, {"Country": "Malta", "CountryCode": "", "Province": "", "City": "", "CityCode": "", "Lat": "0", "Lon": "0", "Confirmed": 674, "Deaths": 9, "Recovered": 661, "Active": 4, "Date": "2020-07-16T00:00:00Z"}, {"Country": "Malta", "CountryCode": "", "Province": "", "City": "", "CityCode": "", "Lat": "0", "Lon": "0", "Confirmed": 674, "Deaths": 9, "Recovered": 662, "Active": 3, "Date": "2020-07-17T00:00:00Z"}, {"Country": "Malta", "CountryCode": "", "Province": "", "City": "", "CityCode": "", "Lat": "0", "Lon": "0", "Confirmed": 675, "Deaths": 9, "Recovered": 662, "Active": 4, "Date": "2020-07-18T00:00:00Z"}, {"Country": "Malta", "CountryCode": "", "Province": "", "City": "", "CityCode": "", "Lat": "0", "Lon": "0", "Confirmed": 677, "Deaths": 9, "Recovered": 662, "Active": 6, "Date": "2020-07-19T00:00:00Z"}, {"Country": "Malta", "CountryCode": "", "Province": "", "City": "", "CityCode": "", "Lat": "0", "Lon": "0", "Confirmed": 677, "Deaths": 9, "Recovered": 664, "Active": 4, "Date": "2020-07-20T00:00:00Z"}, {"Country": "Malta", "CountryCode": "", "Province": "", "City": "", "CityCode": "", "Lat": "0", "Lon": "0", "Confirmed": 677, "Deaths": 9, "Recovered": 664, "Active": 4, "Date": "2020-07-21T00:00:00Z"}, {"Country": "Malta", "CountryCode": "", "Province": "", "City": "", "CityCode": "", "Lat": "0", "Lon": "0", "Confirmed": 679, "Deaths": 9, "Recovered": 665, "Active": 5, "Date": "2020-07-22T00:00:00Z"}, {"Country": "Malta", "CountryCode": "", "Province": "", "City": "", "CityCode": "", "Lat": "0", "Lon": "0", "Confirmed": 680, "Deaths": 9, "Recovered": 665, "Active": 6, "Date": "2020-07-23T00:00:00Z"}, {"Country": "Malta", "CountryCode": "", "Province": "", "City": "", "CityCode": "", "Lat": "0", "Lon": "0", "Confirmed": 686, "Deaths": 9, "Recovered": 665, "Active": 12, "Date": "2020-07-24T00:00:00Z"}, {"Country": "Malta", "CountryCode": "", "Province": "", "City": "", "CityCode": "", "Lat": "0", "Lon": "0", "Confirmed": 686, "Deaths": 9, "Recovered": 665, "Active": 12, "Date": "2020-07-25T00:00:00Z"}, {"Country": "Malta", "CountryCode": "", "Province": "", "City": "", "CityCode": "", "Lat": "0", "Lon": "0", "Confirmed": 700, "Deaths": 9, "Recovered": 665, "Active": 26, "Date": "2020-07-26T00:00:00Z"}, {"Country": "Malta", "CountryCode": "", "Province": "", "City": "", "CityCode": "", "Lat": "0", "Lon": "0", "Confirmed": 701, "Deaths": 9, "Recovered": 665, "Active": 27, "Date": "2020-07-27T00:00:00Z"}, {"Country": "Malta", "CountryCode": "", "Province": "", "City": "", "CityCode": "", "Lat": "0", "Lon": "0", "Confirmed": 708, "Deaths": 9, "Recovered": 665, "Active": 34, "Date": "2020-07-28T00:00:00Z"}, {"Country": "Malta", "CountryCode": "", "Province": "", "City": "", "CityCode": "", "Lat": "0", "Lon": "0", "Confirmed": 720, "Deaths": 9, "Recovered": 665, "Active": 46, "Date": "2020-07-29T00:00:00Z"}, {"Country": "Malta", "CountryCode": "", "Province": "", "City": "", "CityCode": "", "Lat": "0", "Lon": "0", "Confirmed": 814, "Deaths": 9, "Recovered": 665, "Active": 140, "Date": "2020-07-30T00:00:00Z"}, {"Country": "Malta", "CountryCode": "", "Province": "", "City": "", "CityCode": "", "Lat": "0", "Lon": "0", "Confirmed": 824, "Deaths": 9, "Recovered": 665, "Active": 150, "Date": "2020-07-31T00:00:00Z"}, {"Country": "Malta", "CountryCode": "", "Province": "", "City": "", "CityCode": "", "Lat": "0", "Lon": "0", "Confirmed": 845, "Deaths": 9, "Recovered": 665, "Active": 171, "Date": "2020-08-01T00:00:00Z"}, {"Country": "Malta", "CountryCode": "", "Province": "", "City": "", "CityCode": "", "Lat": "0", "Lon": "0", "Confirmed": 860, "Deaths": 9, "Recovered": 666, "Active": 185, "Date": "2020-08-02T00:00:00Z"}, {"Country": "Malta", "CountryCode": "", "Province": "", "City": "", "CityCode": "", "Lat": "0", "Lon": "0", "Confirmed": 874, "Deaths": 9, "Recovered": 666, "Active": 199, "Date": "2020-08-03T00:00:00Z"}, {"Country": "Malta", "CountryCode": "", "Province": "", "City": "", "CityCode": "", "Lat": "0", "Lon": "0", "Confirmed": 890, "Deaths": 9, "Recovered": 666, "Active": 215, "Date": "2020-08-04T00:00:00Z"}, {"Country": "Malta", "CountryCode": "", "Province": "", "City": "", "CityCode": "", "Lat": "0", "Lon": "0", "Confirmed": 926, "Deaths": 9, "Recovered": 668, "Active": 249, "Date": "2020-08-05T00:00:00Z"}, {"Country": "Malta", "CountryCode": "", "Province": "", "City": "", "CityCode": "", "Lat": "0", "Lon": "0", "Confirmed": 946, "Deaths": 9, "Recovered": 670, "Active": 267, "Date": "2020-08-06T00:00:00Z"}, {"Country": "Malta", "CountryCode": "", "Province": "", "City": "", "CityCode": "", "Lat": "0", "Lon": "0", "Confirmed": 995, "Deaths": 9, "Recovered": 675, "Active": 311, "Date": "2020-08-07T00:00:00Z"}, {"Country": "Malta", "CountryCode": "", "Province": "", "City": "", "CityCode": "", "Lat": "0", "Lon": "0", "Confirmed": 1035, "Deaths": 9, "Recovered": 675, "Active": 351, "Date": "2020-08-08T00:00:00Z"}, {"Country": "Malta", "CountryCode": "", "Province": "", "City": "", "CityCode": "", "Lat": "0", "Lon": "0", "Confirmed": 1089, "Deaths": 9, "Recovered": 684, "Active": 396, "Date": "2020-08-09T00:00:00Z"}, {"Country": "Malta", "CountryCode": "", "Province": "", "City": "", "CityCode": "", "Lat": "0", "Lon": "0", "Confirmed": 1112, "Deaths": 9, "Recovered": 688, "Active": 415, "Date": "2020-08-10T00:00:00Z"}, {"Country": "Malta", "CountryCode": "", "Province": "", "City": "", "CityCode": "", "Lat": "0", "Lon": "0", "Confirmed": 1141, "Deaths": 9, "Recovered": 692, "Active": 440, "Date": "2020-08-11T00:00:00Z"}, {"Country": "Malta", "CountryCode": "", "Province": "", "City": "", "CityCode": "", "Lat": "0", "Lon": "0", "Confirmed": 1190, "Deaths": 9, "Recovered": 695, "Active": 486, "Date": "2020-08-12T00:00:00Z"}, {"Country": "Malta", "CountryCode": "", "Province": "", "City": "", "CityCode": "", "Lat": "0", "Lon": "0", "Confirmed": 1245, "Deaths": 9, "Recovered": 708, "Active": 528, "Date": "2020-08-13T00:00:00Z"}, {"Country": "Malta", "CountryCode": "", "Province": "", "City": "", "CityCode": "", "Lat": "0", "Lon": "0", "Confirmed": 1276, "Deaths": 9, "Recovered": 762, "Active": 505, "Date": "2020-08-14T00:00:00Z"}, {"Country": "Malta", "CountryCode": "", "Province": "", "City": "", "CityCode": "", "Lat": "0", "Lon": "0", "Confirmed": 1348, "Deaths": 9, "Recovered": 782, "Active": 557, "Date": "2020-08-15T00:00:00Z"}, {"Country": "Malta", "CountryCode": "", "Province": "", "City": "", "CityCode": "", "Lat": "0", "Lon": "0", "Confirmed": 1306, "Deaths": 9, "Recovered": 749, "Active": 548, "Date": "2020-08-16T00:00:00Z"}, {"Country": "Malta", "CountryCode": "", "Province": "", "City": "", "CityCode": "", "Lat": "0", "Lon": "0", "Confirmed": 1375, "Deaths": 9, "Recovered": 759, "Active": 607, "Date": "2020-08-17T00:00:00Z"}, {"Country": "Malta", "CountryCode": "", "Province": "", "City": "", "CityCode": "", "Lat": "0", "Lon": "0", "Confirmed": 1423, "Deaths": 9, "Recovered": 766, "Active": 648, "Date": "2020-08-18T00:00:00Z"}, {"Country": "Malta", "CountryCode": "", "Province": "", "City": "", "CityCode": "", "Lat": "0", "Lon": "0", "Confirmed": 1470, "Deaths": 9, "Recovered": 784, "Active": 677, "Date": "2020-08-19T00:00:00Z"}, {"Country": "Malta", "CountryCode": "", "Province": "", "City": "", "CityCode": "", "Lat": "0", "Lon": "0", "Confirmed": 1510, "Deaths": 9, "Recovered": 802, "Active": 699, "Date": "2020-08-20T00:00:00Z"}, {"Country": "Malta", "CountryCode": "", "Province": "", "City": "", "CityCode": "", "Lat": "0", "Lon": "0", "Confirmed": 1546, "Deaths": 10, "Recovered": 854, "Active": 682, "Date": "2020-08-21T00:00:00Z"}, {"Country": "Malta", "CountryCode": "", "Province": "", "City": "", "CityCode": "", "Lat": "0", "Lon": "0", "Confirmed": 1577, "Deaths": 10, "Recovered": 901, "Active": 666, "Date": "2020-08-22T00:00:00Z"}, {"Country": "Malta", "CountryCode": "", "Province": "", "City": "", "CityCode": "", "Lat": "0", "Lon": "0", "Confirmed": 1612, "Deaths": 10, "Recovered": 934, "Active": 668, "Date": "2020-08-23T00:00:00Z"}, {"Country": "Malta", "CountryCode": "", "Province": "", "City": "", "CityCode": "", "Lat": "0", "Lon": "0", "Confirmed": 1667, "Deaths": 10, "Recovered": 977, "Active": 680, "Date": "2020-08-24T00:00:00Z"}, {"Country": "Malta", "CountryCode": "", "Province": "", "City": "", "CityCode": "", "Lat": "0", "Lon": "0", "Confirmed": 1705, "Deaths": 10, "Recovered": 1029, "Active": 666, "Date": "2020-08-25T00:00:00Z"}, {"Country": "Malta", "CountryCode": "", "Province": "", "City": "", "CityCode": "", "Lat": "0", "Lon": "0", "Confirmed": 1751, "Deaths": 10, "Recovered": 1077, "Active": 664, "Date": "2020-08-26T00:00:00Z"}, {"Country": "Malta", "CountryCode": "", "Province": "", "City": "", "CityCode": "", "Lat": "0", "Lon": "0", "Confirmed": 1788, "Deaths": 10, "Recovered": 1121, "Active": 657, "Date": "2020-08-27T00:00:00Z"}, {"Country": "Malta", "CountryCode": "", "Province": "", "City": "", "CityCode": "", "Lat": "0", "Lon": "0", "Confirmed": 1820, "Deaths": 10, "Recovered": 1186, "Active": 624, "Date": "2020-08-28T00:00:00Z"}, {"Country": "Malta", "CountryCode": "", "Province": "", "City": "", "CityCode": "", "Lat": "0", "Lon": "0", "Confirmed": 1847, "Deaths": 10, "Recovered": 1244, "Active": 593, "Date": "2020-08-29T00:00:00Z"}, {"Country": "Malta", "CountryCode": "", "Province": "", "City": "", "CityCode": "", "Lat": "0", "Lon": "0", "Confirmed": 1862, "Deaths": 12, "Recovered": 1313, "Active": 537, "Date": "2020-08-30T00:00:00Z"}, {"Country": "Malta", "CountryCode": "", "Province": "", "City": "", "CityCode": "", "Lat": "0", "Lon": "0", "Confirmed": 1883, "Deaths": 12, "Recovered": 1400, "Active": 471, "Date": "2020-08-31T00:00:00Z"}, {"Country": "Malta", "CountryCode": "", "Province": "", "City": "", "CityCode": "", "Lat": "0", "Lon": "0", "Confirmed": 1909, "Deaths": 12, "Recovered": 1453, "Active": 444, "Date": "2020-09-01T00:00:00Z"}, {"Country": "Malta", "CountryCode": "", "Province": "", "City": "", "CityCode": "", "Lat": "0", "Lon": "0", "Confirmed": 1931, "Deaths": 13, "Recovered": 1490, "Active": 428, "Date": "2020-09-02T00:00:00Z"}, {"Country": "Malta", "CountryCode": "", "Province": "", "City": "", "CityCode": "", "Lat": "0", "Lon": "0", "Confirmed": 1965, "Deaths": 13, "Recovered": 1528, "Active": 424, "Date": "2020-09-03T00:00:00Z"}, {"Country": "Malta", "CountryCode": "", "Province": "", "City": "", "CityCode": "", "Lat": "0", "Lon": "0", "Confirmed": 1984, "Deaths": 13, "Recovered": 1565, "Active": 406, "Date": "2020-09-04T00:00:00Z"}, {"Country": "Malta", "CountryCode": "", "Province": "", "City": "", "CityCode": "", "Lat": "0", "Lon": "0", "Confirmed": 2014, "Deaths": 14, "Recovered": 1601, "Active": 399, "Date": "2020-09-05T00:00:00Z"}, {"Country": "Malta", "CountryCode": "", "Province": "", "City": "", "CityCode": "", "Lat": "0", "Lon": "0", "Confirmed": 2039, "Deaths": 14, "Recovered": 1627, "Active": 398, "Date": "2020-09-06T00:00:00Z"}, {"Country": "Malta", "CountryCode": "", "Province": "", "City": "", "CityCode": "", "Lat": "0", "Lon": "0", "Confirmed": 2076, "Deaths": 14, "Recovered": 1690, "Active": 372, "Date": "2020-09-07T00:00:00Z"}, {"Country": "Malta", "CountryCode": "", "Province": "", "City": "", "CityCode": "", "Lat": "0", "Lon": "0", "Confirmed": 2099, "Deaths": 14, "Recovered": 1729, "Active": 356, "Date": "2020-09-08T00:00:00Z"}, {"Country": "Malta", "CountryCode": "", "Province": "", "City": "", "CityCode": "", "Lat": "0", "Lon": "0", "Confirmed": 2162, "Deaths": 14, "Recovered": 1760, "Active": 388, "Date": "2020-09-09T00:00:00Z"}, {"Country": "Malta", "CountryCode": "", "Province": "", "City": "", "CityCode": "", "Lat": "0", "Lon": "0", "Confirmed": 2204, "Deaths": 14, "Recovered": 1803, "Active": 387, "Date": "2020-09-10T00:00:00Z"}, {"Country": "Malta", "CountryCode": "", "Province": "", "City": "", "CityCode": "", "Lat": "0", "Lon": "0", "Confirmed": 2247, "Deaths": 15, "Recovered": 1833, "Active": 399, "Date": "2020-09-11T00:00:00Z"}, {"Country": "Malta", "CountryCode": "", "Province": "", "City": "", "CityCode": "", "Lat": "0", "Lon": "0", "Confirmed": 2274, "Deaths": 15, "Recovered": 1850, "Active": 409, "Date": "2020-09-12T00:00:00Z"}, {"Country": "Malta", "CountryCode": "", "Province": "", "City": "", "CityCode": "", "Lat": "0", "Lon": "0", "Confirmed": 2352, "Deaths": 15, "Recovered": 1872, "Active": 465, "Date": "2020-09-13T00:00:00Z"}, {"Country": "Malta", "CountryCode": "", "Province": "", "City": "", "CityCode": "", "Lat": "0", "Lon": "0", "Confirmed": 2405, "Deaths": 16, "Recovered": 1890, "Active": 499, "Date": "2020-09-14T00:00:00Z"}, {"Country": "Malta", "CountryCode": "", "Province": "", "City": "", "CityCode": "", "Lat": "0", "Lon": "0", "Confirmed": 2454, "Deaths": 16, "Recovered": 1931, "Active": 507, "Date": "2020-09-15T00:00:00Z"}, {"Country": "Malta", "CountryCode": "", "Province": "", "City": "", "CityCode": "", "Lat": "0", "Lon": "0", "Confirmed": 2560, "Deaths": 16, "Recovered": 1953, "Active": 591, "Date": "2020-09-16T00:00:00Z"}, {"Country": "Malta", "CountryCode": "", "Province": "", "City": "", "CityCode": "", "Lat": "0", "Lon": "0", "Confirmed": 2595, "Deaths": 16, "Recovered": 1978, "Active": 601, "Date": "2020-09-17T00:00:00Z"}, {"Country": "Malta", "CountryCode": "", "Province": "", "City": "", "CityCode": "", "Lat": "0", "Lon": "0", "Confirmed": 2634, "Deaths": 17, "Recovered": 1996, "Active": 621, "Date": "2020-09-18T00:00:00Z"}, {"Country": "Malta", "CountryCode": "", "Province": "", "City": "", "CityCode": "", "Lat": "0", "Lon": "0", "Confirmed": 2699, "Deaths": 19, "Recovered": 2017, "Active": 663, "Date": "2020-09-19T00:00:00Z"}, {"Country": "Malta", "CountryCode": "", "Province": "", "City": "", "CityCode": "", "Lat": "0", "Lon": "0", "Confirmed": 2731, "Deaths": 20, "Recovered": 2047, "Active": 664, "Date": "2020-09-20T00:00:00Z"}, {"Country": "Malta", "CountryCode": "", "Province": "", "City": "", "CityCode": "", "Lat": "0", "Lon": "0", "Confirmed": 2776, "Deaths": 23, "Recovered": 2079, "Active": 674, "Date": "2020-09-21T00:00:00Z"}, {"Country": "Malta", "CountryCode": "", "Province": "", "City": "", "CityCode": "", "Lat": "0", "Lon": "0", "Confirmed": 2814, "Deaths": 23, "Recovered": 2113, "Active": 678, "Date": "2020-09-22T00:00:00Z"}, {"Country": "Malta", "CountryCode": "", "Province": "", "City": "", "CityCode": "", "Lat": "0", "Lon": "0", "Confirmed": 2856, "Deaths": 25, "Recovered": 2173, "Active": 658, "Date": "2020-09-23T00:00:00Z"}, {"Country": "Malta", "CountryCode": "", "Province": "", "City": "", "CityCode": "", "Lat": "0", "Lon": "0", "Confirmed": 2898, "Deaths": 27, "Recovered": 2191, "Active": 680, "Date": "2020-09-24T00:00:00Z"}, {"Country": "Malta", "CountryCode": "", "Province": "", "City": "", "CityCode": "", "Lat": "0", "Lon": "0", "Confirmed": 2929, "Deaths": 29, "Recovered": 2261, "Active": 639, "Date": "2020-09-25T00:00:00Z"}, {"Country": "Malta", "CountryCode": "", "Province": "", "City": "", "CityCode": "", "Lat": "0", "Lon": "0", "Confirmed": 2958, "Deaths": 31, "Recovered": 2304, "Active": 623, "Date": "2020-09-26T00:00:00Z"}, {"Country": "Malta", "CountryCode": "", "Province": "", "City": "", "CityCode": "", "Lat": "0", "Lon": "0", "Confirmed": 2979, "Deaths": 31, "Recovered": 2358, "Active": 590, "Date": "2020-09-27T00:00:00Z"}, {"Country": "Malta", "CountryCode": "", "Province": "", "City": "", "CityCode": "", "Lat": "0", "Lon": "0", "Confirmed": 3006, "Deaths": 32, "Recovered": 2399, "Active": 575, "Date": "2020-09-28T00:00:00Z"}, {"Country": "Malta", "CountryCode": "", "Province": "", "City": "", "CityCode": "", "Lat": "0", "Lon": "0", "Confirmed": 3035, "Deaths": 34, "Recovered": 2484, "Active": 517, "Date": "2020-09-29T00:00:00Z"}, {"Country": "Malta", "CountryCode": "", "Province": "", "City": "", "CityCode": "", "Lat": "0", "Lon": "0", "Confirmed": 3058, "Deaths": 35, "Recovered": 2562, "Active": 461, "Date": "2020-09-30T00:00:00Z"}, {"Country": "Malta", "CountryCode": "", "Province": "", "City": "", "CityCode": "", "Lat": "0", "Lon": "0", "Confirmed": 3095, "Deaths": 35, "Recovered": 2605, "Active": 455, "Date": "2020-10-01T00:00:00Z"}, {"Country": "Malta", "CountryCode": "", "Province": "", "City": "", "CityCode": "", "Lat": "0", "Lon": "0", "Confirmed": 3139, "Deaths": 37, "Recovered": 2668, "Active": 434, "Date": "2020-10-02T00:00:00Z"}, {"Country": "Malta", "CountryCode": "", "Province": "", "City": "", "CityCode": "", "Lat": "0", "Lon": "0", "Confirmed": 3204, "Deaths": 38, "Recovered": 2711, "Active": 455, "Date": "2020-10-03T00:00:00Z"}, {"Country": "Malta", "CountryCode": "", "Province": "", "City": "", "CityCode": "", "Lat": "0", "Lon": "0", "Confirmed": 3270, "Deaths": 39, "Recovered": 2758, "Active": 473, "Date": "2020-10-04T00:00:00Z"}, {"Country": "Malta", "CountryCode": "", "Province": "", "City": "", "CityCode": "", "Lat": "0", "Lon": "0", "Confirmed": 3327, "Deaths": 39, "Recovered": 2770, "Active": 518, "Date": "2020-10-05T00:00:00Z"}, {"Country": "Malta", "CountryCode": "", "Province": "", "City": "", "CityCode": "", "Lat": "0", "Lon": "0", "Confirmed": 3374, "Deaths": 40, "Recovered": 2812, "Active": 522, "Date": "2020-10-06T00:00:00Z"}, {"Country": "Malta", "CountryCode": "", "Province": "", "City": "", "CityCode": "", "Lat": "0", "Lon": "0", "Confirmed": 3442, "Deaths": 41, "Recovered": 2865, "Active": 536, "Date": "2020-10-07T00:00:00Z"}, {"Country": "Malta", "CountryCode": "", "Province": "", "City": "", "CityCode": "", "Lat": "0", "Lon": "0", "Confirmed": 3506, "Deaths": 41, "Recovered": 2884, "Active": 581, "Date": "2020-10-08T00:00:00Z"}, {"Country": "Malta", "CountryCode": "", "Province": "", "City": "", "CityCode": "", "Lat": "0", "Lon": "0", "Confirmed": 3581, "Deaths": 41, "Recovered": 2915, "Active": 625, "Date": "2020-10-09T00:00:00Z"}, {"Country": "Malta", "CountryCode": "", "Province": "", "City": "", "CityCode": "", "Lat": "0", "Lon": "0", "Confirmed": 3681, "Deaths": 41, "Recovered": 2937, "Active": 703, "Date": "2020-10-10T00:00:00Z"}, {"Country": "Malta", "CountryCode": "", "Province": "", "City": "", "CityCode": "", "Lat": "0", "Lon": "0", "Confirmed": 3776, "Deaths": 41, "Recovered": 2967, "Active": 768, "Date": "2020-10-11T00:00:00Z"}, {"Country": "Malta", "CountryCode": "", "Province": "", "City": "", "CityCode": "", "Lat": "0", "Lon": "0", "Confirmed": 3844, "Deaths": 43, "Recovered": 2981, "Active": 820, "Date": "2020-10-12T00:00:00Z"}, {"Country": "Malta", "CountryCode": "", "Province": "", "City": "", "CityCode": "", "Lat": "0", "Lon": "0", "Confirmed": 3937, "Deaths": 44, "Recovered": 3012, "Active": 881, "Date": "2020-10-13T00:00:00Z"}, {"Country": "Malta", "CountryCode": "", "Province": "", "City": "", "CityCode": "", "Lat": "0", "Lon": "0", "Confirmed": 4048, "Deaths": 44, "Recovered": 3064, "Active": 940, "Date": "2020-10-14T00:00:00Z"}, {"Country": "Malta", "CountryCode": "", "Province": "", "City": "", "CityCode": "", "Lat": "0", "Lon": "0", "Confirmed": 4160, "Deaths": 45, "Recovered": 3106, "Active": 1009, "Date": "2020-10-15T00:00:00Z"}, {"Country": "Malta", "CountryCode": "", "Province": "", "City": "", "CityCode": "", "Lat": "0", "Lon": "0", "Confirmed": 4282, "Deaths": 45, "Recovered": 3142, "Active": 1095, "Date": "2020-10-16T00:00:00Z"}, {"Country": "Malta", "CountryCode": "", "Province": "", "City": "", "CityCode": "", "Lat": "0", "Lon": "0", "Confirmed": 4486, "Deaths": 45, "Recovered": 3184, "Active": 1257, "Date": "2020-10-17T00:00:00Z"}, {"Country": "Malta", "CountryCode": "", "Province": "", "City": "", "CityCode": "", "Lat": "0", "Lon": "0", "Confirmed": 4628, "Deaths": 45, "Recovered": 3236, "Active": 1347, "Date": "2020-10-18T00:00:00Z"}, {"Country": "Malta", "CountryCode": "", "Province": "", "City": "", "CityCode": "", "Lat": "0", "Lon": "0", "Confirmed": 4737, "Deaths": 45, "Recovered": 3242, "Active": 1450, "Date": "2020-10-19T00:00:00Z"}, {"Country": "Malta", "CountryCode": "", "Province": "", "City": "", "CityCode": "", "Lat": "0", "Lon": "0", "Confirmed": 4871, "Deaths": 46, "Recovered": 3282, "Active": 1543, "Date": "2020-10-20T00:00:00Z"}, {"Country": "Malta", "CountryCode": "", "Province": "", "City": "", "CityCode": "", "Lat": "0", "Lon": "0", "Confirmed": 5026, "Deaths": 46, "Recovered": 3331, "Active": 1649, "Date": "2020-10-21T00:00:00Z"}, {"Country": "Malta", "CountryCode": "", "Province": "", "City": "", "CityCode": "", "Lat": "0", "Lon": "0", "Confirmed": 5137, "Deaths": 49, "Recovered": 3384, "Active": 1704, "Date": "2020-10-22T00:00:00Z"}, {"Country": "Malta", "CountryCode": "", "Province": "", "City": "", "CityCode": "", "Lat": "0", "Lon": "0", "Confirmed": 5258, "Deaths": 49, "Recovered": 3439, "Active": 1770, "Date": "2020-10-23T00:00:00Z"}, {"Country": "Malta", "CountryCode": "", "Province": "", "City": "", "CityCode": "", "Lat": "0", "Lon": "0", "Confirmed": 5373, "Deaths": 50, "Recovered": 3478, "Active": 1845, "Date": "2020-10-24T00:00:00Z"}, {"Country": "Malta", "CountryCode": "", "Province": "", "City": "", "CityCode": "", "Lat": "0", "Lon": "0", "Confirmed": 5498, "Deaths": 51, "Recovered": 3567, "Active": 1880, "Date": "2020-10-25T00:00:00Z"}, {"Country": "Malta", "CountryCode": "", "Province": "", "City": "", "CityCode": "", "Lat": "0", "Lon": "0", "Confirmed": 5578, "Deaths": 53, "Recovered": 3630, "Active": 1895, "Date": "2020-10-26T00:00:00Z"}, {"Country": "Malta", "CountryCode": "", "Province": "", "City": "", "CityCode": "", "Lat": "0", "Lon": "0", "Confirmed": 5685, "Deaths": 55, "Recovered": 3715, "Active": 1915, "Date": "2020-10-27T00:00:00Z"}, {"Country": "Malta", "CountryCode": "", "Province": "", "City": "", "CityCode": "", "Lat": "0", "Lon": "0", "Confirmed": 5760, "Deaths": 56, "Recovered": 3789, "Active": 1915, "Date": "2020-10-28T00:00:00Z"}, {"Country": "Malta", "CountryCode": "", "Province": "", "City": "", "CityCode": "", "Lat": "0", "Lon": "0", "Confirmed": 5866, "Deaths": 59, "Recovered": 3880, "Active": 1927, "Date": "2020-10-29T00:00:00Z"}, {"Country": "Malta", "CountryCode": "", "Province": "", "City": "", "CityCode": "", "Lat": "0", "Lon": "0", "Confirmed": 5942, "Deaths": 61, "Recovered": 3990, "Active": 1891, "Date": "2020-10-30T00:00:00Z"}, {"Country": "Malta", "CountryCode": "", "Province": "", "City": "", "CityCode": "", "Lat": "0", "Lon": "0", "Confirmed": 6042, "Deaths": 62, "Recovered": 4155, "Active": 1825, "Date": "2020-10-31T00:00:00Z"}, {"Country": "Malta", "CountryCode": "", "Province": "", "City": "", "CityCode": "", "Lat": "0", "Lon": "0", "Confirmed": 6182, "Deaths": 64, "Recovered": 4286, "Active": 1832, "Date": "2020-11-01T00:00:00Z"}, {"Country": "Malta", "CountryCode": "", "Province": "", "City": "", "CityCode": "", "Lat": "0", "Lon": "0", "Confirmed": 6400, "Deaths": 66, "Recovered": 4397, "Active": 1937, "Date": "2020-11-02T00:00:00Z"}, {"Country": "Malta", "CountryCode": "", "Province": "", "City": "", "CityCode": "", "Lat": "0", "Lon": "0", "Confirmed": 6506, "Deaths": 64, "Recovered": 4505, "Active": 1937, "Date": "2020-11-03T00:00:00Z"}, {"Country": "Malta", "CountryCode": "", "Province": "", "City": "", "CityCode": "", "Lat": "0", "Lon": "0", "Confirmed": 6590, "Deaths": 65, "Recovered": 4672, "Active": 1853, "Date": "2020-11-04T00:00:00Z"}, {"Country": "Malta", "CountryCode": "", "Province": "", "City": "", "CityCode": "", "Lat": "0", "Lon": "0", "Confirmed": 6764, "Deaths": 70, "Recovered": 4765, "Active": 1929, "Date": "2020-11-05T00:00:00Z"}, {"Country": "Malta", "CountryCode": "", "Province": "", "City": "", "CityCode": "", "Lat": "0", "Lon": "0", "Confirmed": 6893, "Deaths": 73, "Recovered": 4832, "Active": 1988, "Date": "2020-11-06T00:00:00Z"}, {"Country": "Malta", "CountryCode": "", "Province": "", "City": "", "CityCode": "", "Lat": "0", "Lon": "0", "Confirmed": 7039, "Deaths": 74, "Recovered": 5000, "Active": 1965, "Date": "2020-11-07T00:00:00Z"}, {"Country": "Malta", "CountryCode": "", "Province": "", "City": "", "CityCode": "", "Lat": "0", "Lon": "0", "Confirmed": 7141, "Deaths": 76, "Recovered": 5103, "Active": 1962, "Date": "2020-11-08T00:00:00Z"}, {"Country": "Malta", "CountryCode": "", "Province": "", "City": "", "CityCode": "", "Lat": "0", "Lon": "0", "Confirmed": 7243, "Deaths": 78, "Recovered": 5185, "Active": 1980, "Date": "2020-11-09T00:00:00Z"}, {"Country": "Malta", "CountryCode": "", "Province": "", "City": "", "CityCode": "", "Lat": "0", "Lon": "0", "Confirmed": 7396, "Deaths": 81, "Recovered": 5274, "Active": 2041, "Date": "2020-11-10T00:00:00Z"}, {"Country": "Malta", "CountryCode": "", "Province": "", "City": "", "CityCode": "", "Lat": "0", "Lon": "0", "Confirmed": 7537, "Deaths": 88, "Recovered": 5371, "Active": 2078, "Date": "2020-11-11T00:00:00Z"}, {"Country": "Malta", "CountryCode": "", "Province": "", "City": "", "CityCode": "", "Lat": "0", "Lon": "0", "Confirmed": 7646, "Deaths": 88, "Recovered": 5479, "Active": 2079, "Date": "2020-11-12T00:00:00Z"}, {"Country": "Malta", "CountryCode": "", "Province": "", "City": "", "CityCode": "", "Lat": "0", "Lon": "0", "Confirmed": 7796, "Deaths": 92, "Recovered": 5580, "Active": 2124, "Date": "2020-11-13T00:00:00Z"}, {"Country": "Malta", "CountryCode": "", "Province": "", "City": "", "CityCode": "", "Lat": "0", "Lon": "0", "Confirmed": 7917, "Deaths": 95, "Recovered": 5702, "Active": 2120, "Date": "2020-11-14T00:00:00Z"}, {"Country": "Malta", "CountryCode": "", "Province": "", "City": "", "CityCode": "", "Lat": "0", "Lon": "0", "Confirmed": 8034, "Deaths": 97, "Recovered": 5765, "Active": 2172, "Date": "2020-11-15T00:00:00Z"}, {"Country": "Malta", "CountryCode": "", "Province": "", "City": "", "CityCode": "", "Lat": "0", "Lon": "0", "Confirmed": 8137, "Deaths": 98, "Recovered": 5888, "Active": 2151, "Date": "2020-11-16T00:00:00Z"}, {"Country": "Malta", "CountryCode": "", "Province": "", "City": "", "CityCode": "", "Lat": "0", "Lon": "0", "Confirmed": 8247, "Deaths": 101, "Recovered": 6049, "Active": 2097, "Date": "2020-11-17T00:00:00Z"}, {"Country": "Malta", "CountryCode": "", "Province": "", "City": "", "CityCode": "", "Lat": "0", "Lon": "0", "Confirmed": 8420, "Deaths": 103, "Recovered": 6184, "Active": 2133, "Date": "2020-11-18T00:00:00Z"}, {"Country": "Malta", "CountryCode": "", "Province": "", "City": "", "CityCode": "", "Lat": "0", "Lon": "0", "Confirmed": 8560, "Deaths": 104, "Recovered": 6301, "Active": 2155, "Date": "2020-11-19T00:00:00Z"}, {"Country": "Malta", "CountryCode": "", "Province": "", "City": "", "CityCode": "", "Lat": "0", "Lon": "0", "Confirmed": 8681, "Deaths": 108, "Recovered": 6406, "Active": 2167, "Date": "2020-11-20T00:00:00Z"}, {"Country": "Malta", "CountryCode": "", "Province": "", "City": "", "CityCode": "", "Lat": "0", "Lon": "0", "Confirmed": 8822, "Deaths": 111, "Recovered": 6565, "Active": 2146, "Date": "2020-11-21T00:00:00Z"}, {"Country": "Malta", "CountryCode": "", "Province": "", "City": "", "CityCode": "", "Lat": "0", "Lon": "0", "Confirmed": 8924, "Deaths": 111, "Recovered": 6654, "Active": 2159, "Date": "2020-11-22T00:00:00Z"}, {"Country": "Malta", "CountryCode": "", "Province": "", "City": "", "CityCode": "", "Lat": "0", "Lon": "0", "Confirmed": 9004, "Deaths": 113, "Recovered": 6831, "Active": 2060, "Date": "2020-11-23T00:00:00Z"}, {"Country": "Malta", "CountryCode": "", "Province": "", "City": "", "CityCode": "", "Lat": "0", "Lon": "0", "Confirmed": 9137, "Deaths": 117, "Recovered": 6938, "Active": 2082, "Date": "2020-11-24T00:00:00Z"}, {"Country": "Malta", "CountryCode": "", "Province": "", "City": "", "CityCode": "", "Lat": "0", "Lon": "0", "Confirmed": 9253, "Deaths": 122, "Recovered": 7062, "Active": 2069, "Date": "2020-11-25T00:00:00Z"}, {"Country": "Malta", "CountryCode": "", "Province": "", "City": "", "CityCode": "", "Lat": "0", "Lon": "0", "Confirmed": 9405, "Deaths": 125, "Recovered": 7165, "Active": 2115, "Date": "2020-11-26T00:00:00Z"}, {"Country": "Malta", "CountryCode": "", "Province": "", "City": "", "CityCode": "", "Lat": "0", "Lon": "0", "Confirmed": 9501, "Deaths": 128, "Recovered": 7297, "Active": 2076, "Date": "2020-11-27T00:00:00Z"}, {"Country": "Malta", "CountryCode": "", "Province": "", "City": "", "CityCode": "", "Lat": "0", "Lon": "0", "Confirmed": 9609, "Deaths": 132, "Recovered": 7418, "Active": 2059, "Date": "2020-11-28T00:00:00Z"}, {"Country": "Malta", "CountryCode": "", "Province": "", "City": "", "CityCode": "", "Lat": "0", "Lon": "0", "Confirmed": 9752, "Deaths": 133, "Recovered": 7557, "Active": 2062, "Date": "2020-11-29T00:00:00Z"}, {"Country": "Malta", "CountryCode": "", "Province": "", "City": "", "CityCode": "", "Lat": "0", "Lon": "0", "Confirmed": 9873, "Deaths": 137, "Recovered": 7665, "Active": 2071, "Date": "2020-11-30T00:00:00Z"}, {"Country": "Malta", "CountryCode": "", "Province": "", "City": "", "CityCode": "", "Lat": "0", "Lon": "0", "Confirmed": 9975, "Deaths": 141, "Recovered": 7748, "Active": 2086, "Date": "2020-12-01T00:00:00Z"}, {"Country": "Malta", "CountryCode": "", "Province": "", "City": "", "CityCode": "", "Lat": "0", "Lon": "0", "Confirmed": 10101, "Deaths": 146, "Recovered": 7887, "Active": 2068, "Date": "2020-12-02T00:00:00Z"}, {"Country": "Malta", "CountryCode": "", "Province": "", "City": "", "CityCode": "", "Lat": "0", "Lon": "0", "Confirmed": 10197, "Deaths": 148, "Recovered": 8015, "Active": 2034, "Date": "2020-12-03T00:00:00Z"}, {"Country": "Malta", "CountryCode": "", "Province": "", "City": "", "CityCode": "", "Lat": "0", "Lon": "0", "Confirmed": 10320, "Deaths": 149, "Recovered": 8120, "Active": 2051, "Date": "2020-12-04T00:00:00Z"}, {"Country": "Malta", "CountryCode": "", "Province": "", "City": "", "CityCode": "", "Lat": "0", "Lon": "0", "Confirmed": 10423, "Deaths": 149, "Recovered": 8289, "Active": 1985, "Date": "2020-12-05T00:00:00Z"}, {"Country": "Malta", "CountryCode": "", "Province": "", "City": "", "CityCode": "", "Lat": "0", "Lon": "0", "Confirmed": 10520, "Deaths": 151, "Recovered": 8396, "Active": 1973, "Date": "2020-12-06T00:00:00Z"}, {"Country": "Malta", "CountryCode": "", "Province": "", "City": "", "CityCode": "", "Lat": "0", "Lon": "0", "Confirmed": 10659, "Deaths": 155, "Recovered": 8497, "Active": 2007, "Date": "2020-12-07T00:00:00Z"}, {"Country": "Malta", "CountryCode": "", "Province": "", "City": "", "CityCode": "", "Lat": "0", "Lon": "0", "Confirmed": 10699, "Deaths": 157, "Recovered": 8641, "Active": 1901, "Date": "2020-12-08T00:00:00Z"}, {"Country": "Malta", "CountryCode": "", "Province": "", "City": "", "CityCode": "", "Lat": "0", "Lon": "0", "Confirmed": 10778, "Deaths": 160, "Recovered": 8720, "Active": 1898, "Date": "2020-12-09T00:00:00Z"}, {"Country": "Malta", "CountryCode": "", "Province": "", "City": "", "CityCode": "", "Lat": "0", "Lon": "0", "Confirmed": 10884, "Deaths": 164, "Recovered": 8848, "Active": 1872, "Date": "2020-12-10T00:00:00Z"}, {"Country": "Malta", "CountryCode": "", "Province": "", "City": "", "CityCode": "", "Lat": "0", "Lon": "0", "Confirmed": 10980, "Deaths": 166, "Recovered": 8935, "Active": 1879, "Date": "2020-12-11T00:00:00Z"}, {"Country": "Malta", "CountryCode": "", "Province": "", "City": "", "CityCode": "", "Lat": "0", "Lon": "0", "Confirmed": 11101, "Deaths": 166, "Recovered": 9079, "Active": 1856, "Date": "2020-12-12T00:00:00Z"}, {"Country": "Malta", "CountryCode": "", "Province": "", "City": "", "CityCode": "", "Lat": "0", "Lon": "0", "Confirmed": 11153, "Deaths": 169, "Recovered": 9169, "Active": 1815, "Date": "2020-12-13T00:00:00Z"}, {"Country": "Malta", "CountryCode": "", "Province": "", "City": "", "CityCode": "", "Lat": "0", "Lon": "0", "Confirmed": 11254, "Deaths": 174, "Recovered": 9319, "Active": 1761, "Date": "2020-12-14T00:00:00Z"}, {"Country": "Malta", "CountryCode": "", "Province": "", "City": "", "CityCode": "", "Lat": "0", "Lon": "0", "Confirmed": 11303, "Deaths": 177, "Recovered": 9420, "Active": 1706, "Date": "2020-12-15T00:00:00Z"}, {"Country": "Malta", "CountryCode": "", "Province": "", "City": "", "CityCode": "", "Lat": "0", "Lon": "0", "Confirmed": 11415, "Deaths": 180, "Recovered": 9516, "Active": 1719, "Date": "2020-12-16T00:00:00Z"}, {"Country": "Malta", "CountryCode": "", "Province": "", "City": "", "CityCode": "", "Lat": "0", "Lon": "0", "Confirmed": 11475, "Deaths": 182, "Recovered": 9670, "Active": 1623, "Date": "2020-12-17T00:00:00Z"}, {"Country": "Malta", "CountryCode": "", "Province": "", "City": "", "CityCode": "", "Lat": "0", "Lon": "0", "Confirmed": 11569, "Deaths": 183, "Recovered": 9780, "Active": 1606, "Date": "2020-12-18T00:00:00Z"}, {"Country": "Malta", "CountryCode": "", "Province": "", "City": "", "CityCode": "", "Lat": "0", "Lon": "0", "Confirmed": 11621, "Deaths": 187, "Recovered": 9881, "Active": 1553, "Date": "2020-12-19T00:00:00Z"}, {"Country": "Malta", "CountryCode": "", "Province": "", "City": "", "CityCode": "", "Lat": "0", "Lon": "0", "Confirmed": 11714, "Deaths": 190, "Recovered": 9978, "Active": 1546, "Date": "2020-12-20T00:00:00Z"}, {"Country": "Malta", "CountryCode": "", "Province": "", "City": "", "CityCode": "", "Lat": "0", "Lon": "0", "Confirmed": 11802, "Deaths": 194, "Recovered": 10115, "Active": 1493, "Date": "2020-12-21T00:00:00Z"}, {"Country": "Malta", "CountryCode": "", "Province": "", "City": "", "CityCode": "", "Lat": "0", "Lon": "0", "Confirmed": 11910, "Deaths": 196, "Recovered": 10161, "Active": 1553, "Date": "2020-12-22T00:00:00Z"}, {"Country": "Malta", "CountryCode": "", "Province": "", "City": "", "CityCode": "", "Lat": "0", "Lon": "0", "Confirmed": 11992, "Deaths": 201, "Recovered": 10293, "Active": 1498, "Date": "2020-12-23T00:00:00Z"}, {"Country": "Malta", "CountryCode": "", "Province": "", "City": "", "CityCode": "", "Lat": "0", "Lon": "0", "Confirmed": 12062, "Deaths": 203, "Recovered": 10423, "Active": 1436, "Date": "2020-12-24T00:00:00Z"}, {"Country": "Malta", "CountryCode": "", "Province": "", "City": "", "CityCode": "", "Lat": "0", "Lon": "0", "Confirmed": 12112, "Deaths": 203, "Recovered": 10547, "Active": 1362, "Date": "2020-12-25T00:00:00Z"}, {"Country": "Malta", "CountryCode": "", "Province": "", "City": "", "CityCode": "", "Lat": "0", "Lon": "0", "Confirmed": 12241, "Deaths": 206, "Recovered": 10550, "Active": 1485, "Date": "2020-12-26T00:00:00Z"}, {"Country": "Malta", "CountryCode": "", "Province": "", "City": "", "CityCode": "", "Lat": "0", "Lon": "0", "Confirmed": 12325, "Deaths": 210, "Recovered": 10668, "Active": 1447, "Date": "2020-12-27T00:00:00Z"}, {"Country": "Malta", "CountryCode": "", "Province": "", "City": "", "CityCode": "", "Lat": "0", "Lon": "0", "Confirmed": 12426, "Deaths": 215, "Recovered": 10791, "Active": 1420, "Date": "2020-12-28T00:00:00Z"}, {"Country": "Malta", "CountryCode": "", "Province": "", "City": "", "CityCode": "", "Lat": "0", "Lon": "0", "Confirmed": 12541, "Deaths": 215, "Recovered": 10919, "Active": 1407, "Date": "2020-12-29T00:00:00Z"}, {"Country": "Malta", "CountryCode": "", "Province": "", "City": "", "CityCode": "", "Lat": "0", "Lon": "0", "Confirmed": 12665, "Deaths": 216, "Recovered": 11057, "Active": 1392, "Date": "2020-12-30T00:00:00Z"}, {"Country": "Malta", "CountryCode": "", "Province": "", "City": "", "CityCode": "", "Lat": "0", "Lon": "0", "Confirmed": 12774, "Deaths": 219, "Recovered": 11121, "Active": 1434, "Date": "2020-12-31T00:00:00Z"}, {"Country": "Malta", "CountryCode": "", "Province": "", "City": "", "CityCode": "", "Lat": "0", "Lon": "0", "Confirmed": 12909, "Deaths": 219, "Recovered": 11178, "Active": 1512, "Date": "2021-01-01T00:00:00Z"}, {"Country": "Malta", "CountryCode": "", "Province": "", "City": "", "CityCode": "", "Lat": "0", "Lon": "0", "Confirmed": 12997, "Deaths": 220, "Recovered": 11211, "Active": 1566, "Date": "2021-01-02T00:00:00Z"}, {"Country": "Malta", "CountryCode": "", "Province": "", "City": "", "CityCode": "", "Lat": "0", "Lon": "0", "Confirmed": 13082, "Deaths": 220, "Recovered": 11275, "Active": 1587, "Date": "2021-01-03T00:00:00Z"}, {"Country": "Malta", "CountryCode": "", "Province": "", "City": "", "CityCode": "", "Lat": "0", "Lon": "0", "Confirmed": 13230, "Deaths": 222, "Recovered": 11386, "Active": 1622, "Date": "2021-01-04T00:00:00Z"}, {"Country": "Malta", "CountryCode": "", "Province": "", "City": "", "CityCode": "", "Lat": "0", "Lon": "0", "Confirmed": 13388, "Deaths": 226, "Recovered": 11460, "Active": 1702, "Date": "2021-01-05T00:00:00Z"}, {"Country": "Malta", "CountryCode": "", "Province": "", "City": "", "CityCode": "", "Lat": "0", "Lon": "0", "Confirmed": 13612, "Deaths": 227, "Recovered": 11540, "Active": 1845, "Date": "2021-01-06T00:00:00Z"}, {"Country": "Malta", "CountryCode": "", "Province": "", "City": "", "CityCode": "", "Lat": "0", "Lon": "0", "Confirmed": 13776, "Deaths": 228, "Recovered": 11613, "Active": 1935, "Date": "2021-01-07T00:00:00Z"}, {"Country": "Malta", "CountryCode": "", "Province": "", "City": "", "CityCode": "", "Lat": "0", "Lon": "0", "Confirmed": 13967, "Deaths": 230, "Recovered": 11690, "Active": 2047, "Date": "2021-01-08T00:00:00Z"}, {"Country": "Malta", "CountryCode": "", "Province": "", "City": "", "CityCode": "", "Lat": "0", "Lon": "0", "Confirmed": 14212, "Deaths": 232, "Recovered": 11759, "Active": 2221, "Date": "2021-01-09T00:00:00Z"}, {"Country": "Malta", "CountryCode": "", "Province": "", "City": "", "CityCode": "", "Lat": "0", "Lon": "0", "Confirmed": 14396, "Deaths": 233, "Recovered": 11841, "Active": 2322, "Date": "2021-01-10T00:00:00Z"}, {"Country": "Malta", "CountryCode": "", "Province": "", "City": "", "CityCode": "", "Lat": "0", "Lon": "0", "Confirmed": 14529, "Deaths": 233, "Recovered": 11936, "Active": 2360, "Date": "2021-01-11T00:00:00Z"}, {"Country": "Malta", "CountryCode": "", "Province": "", "City": "", "CityCode": "", "Lat": "0", "Lon": "0", "Confirmed": 14769, "Deaths": 234, "Recovered": 12016, "Active": 2519, "Date": "2021-01-12T00:00:00Z"}, {"Country": "Malta", "CountryCode": "", "Province": "", "City": "", "CityCode": "", "Lat": "0", "Lon": "0", "Confirmed": 14958, "Deaths": 234, "Recovered": 12123, "Active": 2601, "Date": "2021-01-13T00:00:00Z"}, {"Country": "Malta", "CountryCode": "", "Province": "", "City": "", "CityCode": "", "Lat": "0", "Lon": "0", "Confirmed": 15079, "Deaths": 235, "Recovered": 12250, "Active": 2594, "Date": "2021-01-14T00:00:00Z"}, {"Country": "Malta", "CountryCode": "", "Province": "", "City": "", "CityCode": "", "Lat": "0", "Lon": "0", "Confirmed": 15272, "Deaths": 236, "Recovered": 12393, "Active": 2643, "Date": "2021-01-15T00:00:00Z"}, {"Country": "Malta", "CountryCode": "", "Province": "", "City": "", "CityCode": "", "Lat": "0", "Lon": "0", "Confirmed": 15447, "Deaths": 238, "Recovered": 12460, "Active": 2749, "Date": "2021-01-16T00:00:00Z"}, {"Country": "Malta", "CountryCode": "", "Province": "", "City": "", "CityCode": "", "Lat": "0", "Lon": "0", "Confirmed": 15588, "Deaths": 239, "Recovered": 12596, "Active": 2753, "Date": "2021-01-17T00:00:00Z"}, {"Country": "Malta", "CountryCode": "", "Province": "", "City": "", "CityCode": "", "Lat": "0", "Lon": "0", "Confirmed": 15742, "Deaths": 241, "Recovered": 12717, "Active": 2784, "Date": "2021-01-18T00:00:00Z"}, {"Country": "Malta", "CountryCode": "", "Province": "", "City": "", "CityCode": "", "Lat": "0", "Lon": "0", "Confirmed": 15942, "Deaths": 242, "Recovered": 12865, "Active": 2835, "Date": "2021-01-19T00:00:00Z"}, {"Country": "Malta", "CountryCode": "", "Province": "", "City": "", "CityCode": "", "Lat": "0", "Lon": "0", "Confirmed": 16129, "Deaths": 244, "Recovered": 13054, "Active": 2831, "Date": "2021-01-20T00:00:00Z"}, {"Country": "Malta", "CountryCode": "", "Province": "", "City": "", "CityCode": "", "Lat": "0", "Lon": "0", "Confirmed": 16280, "Deaths": 245, "Recovered": 13234, "Active": 2801, "Date": "2021-01-21T00:00:00Z"}, {"Country": "Malta", "CountryCode": "", "Province": "", "City": "", "CityCode": "", "Lat": "0", "Lon": "0", "Confirmed": 16423, "Deaths": 248, "Recovered": 13435, "Active": 2740, "Date": "2021-01-22T00:00:00Z"}, {"Country": "Malta", "CountryCode": "", "Province": "", "City": "", "CityCode": "", "Lat": "0", "Lon": "0", "Confirmed": 16542, "Deaths": 250, "Recovered": 13646, "Active": 2646, "Date": "2021-01-23T00:00:00Z"}, {"Country": "Malta", "CountryCode": "", "Province": "", "City": "", "CityCode": "", "Lat": "0", "Lon": "0", "Confirmed": 16658, "Deaths": 251, "Recovered": 13801, "Active": 2606, "Date": "2021-01-24T00:00:00Z"}, {"Country": "Malta", "CountryCode": "", "Province": "", "City": "", "CityCode": "", "Lat": "0", "Lon": "0", "Confirmed": 16861, "Deaths": 253, "Recovered": 13976, "Active": 2632, "Date": "2021-01-25T00:00:00Z"}, {"Country": "Malta", "CountryCode": "", "Province": "", "City": "", "CityCode": "", "Lat": "0", "Lon": "0", "Confirmed": 16999, "Deaths": 255, "Recovered": 14104, "Active": 2640, "Date": "2021-01-26T00:00:00Z"}, {"Country": "Malta", "CountryCode": "", "Province": "", "City": "", "CityCode": "", "Lat": "0", "Lon": "0", "Confirmed": 17192, "Deaths": 258, "Recovered": 14252, "Active": 2682, "Date": "2021-01-27T00:00:00Z"}, {"Country": "Malta", "CountryCode": "", "Province": "", "City": "", "CityCode": "", "Lat": "0", "Lon": "0", "Confirmed": 17400, "Deaths": 261, "Recovered": 14452, "Active": 2687, "Date": "2021-01-28T00:00:00Z"}, {"Country": "Malta", "CountryCode": "", "Province": "", "City": "", "CityCode": "", "Lat": "0", "Lon": "0", "Confirmed": 17585, "Deaths": 264, "Recovered": 14626, "Active": 2695, "Date": "2021-01-29T00:00:00Z"}, {"Country": "Malta", "CountryCode": "", "Province": "", "City": "", "CityCode": "", "Lat": "0", "Lon": "0", "Confirmed": 17721, "Deaths": 265, "Recovered": 14775, "Active": 2681, "Date": "2021-01-30T00:00:00Z"}, {"Country": "Malta", "CountryCode": "", "Province": "", "City": "", "CityCode": "", "Lat": "0", "Lon": "0", "Confirmed": 17903, "Deaths": 267, "Recovered": 14960, "Active": 2676, "Date": "2021-01-31T00:00:00Z"}, {"Country": "Malta", "CountryCode": "", "Province": "", "City": "", "CityCode": "", "Lat": "0", "Lon": "0", "Confirmed": 18027, "Deaths": 269, "Recovered": 15101, "Active": 2657, "Date": "2021-02-01T00:00:00Z"}, {"Country": "Malta", "CountryCode": "", "Province": "", "City": "", "CityCode": "", "Lat": "0", "Lon": "0", "Confirmed": 18168, "Deaths": 270, "Recovered": 15233, "Active": 2665, "Date": "2021-02-02T00:00:00Z"}, {"Country": "Malta", "CountryCode": "", "Province": "", "City": "", "CityCode": "", "Lat": "0", "Lon": "0", "Confirmed": 18306, "Deaths": 273, "Recovered": 15423, "Active": 2610, "Date": "2021-02-03T00:00:00Z"}, {"Country": "Malta", "CountryCode": "", "Province": "", "City": "", "CityCode": "", "Lat": "0", "Lon": "0", "Confirmed": 18385, "Deaths": 273, "Recovered": 15567, "Active": 2545, "Date": "2021-02-04T00:00:00Z"}, {"Country": "Malta", "CountryCode": "", "Province": "", "City": "", "CityCode": "", "Lat": "0", "Lon": "0", "Confirmed": 18442, "Deaths": 277, "Recovered": 15701, "Active": 2464, "Date": "2021-02-05T00:00:00Z"}, {"Country": "Malta", "CountryCode": "", "Province": "", "City": "", "CityCode": "", "Lat": "0", "Lon": "0", "Confirmed": 18576, "Deaths": 279, "Recovered": 15896, "Active": 2401, "Date": "2021-02-06T00:00:00Z"}, {"Country": "Malta", "CountryCode": "", "Province": "", "City": "", "CityCode": "", "Lat": "0", "Lon": "0", "Confirmed": 18676, "Deaths": 282, "Recovered": 16053, "Active": 2341, "Date": "2021-02-07T00:00:00Z"}, {"Country": "Malta", "CountryCode": "", "Province": "", "City": "", "CityCode": "", "Lat": "0", "Lon": "0", "Confirmed": 18813, "Deaths": 282, "Recovered": 16179, "Active": 2352, "Date": "2021-02-08T00:00:00Z"}, {"Country": "Malta", "CountryCode": "", "Province": "", "City": "", "CityCode": "", "Lat": "0", "Lon": "0", "Confirmed": 19015, "Deaths": 284, "Recovered": 16325, "Active": 2406, "Date": "2021-02-09T00:00:00Z"}, {"Country": "Malta", "CountryCode": "", "Province": "", "City": "", "CityCode": "", "Lat": "0", "Lon": "0", "Confirmed": 19182, "Deaths": 286, "Recovered": 16490, "Active": 2406, "Date": "2021-02-10T00:00:00Z"}, {"Country": "Malta", "CountryCode": "", "Province": "", "City": "", "CityCode": "", "Lat": "0", "Lon": "0", "Confirmed": 19333, "Deaths": 286, "Recovered": 16646, "Active": 2401, "Date": "2021-02-11T00:00:00Z"}, {"Country": "Malta", "CountryCode": "", "Province": "", "City": "", "CityCode": "", "Lat": "0", "Lon": "0", "Confirmed": 19497, "Deaths": 288, "Recovered": 16811, "Active": 2398, "Date": "2021-02-12T00:00:00Z"}, {"Country": "Malta", "CountryCode": "", "Province": "", "City": "", "CityCode": "", "Lat": "0", "Lon": "0", "Confirmed": 19651, "Deaths": 290, "Recovered": 17017, "Active": 2344, "Date": "2021-02-13T00:00:00Z"}, {"Country": "Malta", "CountryCode": "", "Province": "", "City": "", "CityCode": "", "Lat": "0", "Lon": "0", "Confirmed": 19789, "Deaths": 293, "Recovered": 17126, "Active": 2370, "Date": "2021-02-14T00:00:00Z"}, {"Country": "Malta", "CountryCode": "", "Province": "", "City": "", "CityCode": "", "Lat": "0", "Lon": "0", "Confirmed": 19945, "Deaths": 295, "Recovered": 17310, "Active": 2340, "Date": "2021-02-15T00:00:00Z"}, {"Country": "Malta", "CountryCode": "", "Province": "", "City": "", "CityCode": "", "Lat": "0", "Lon": "0", "Confirmed": 20047, "Deaths": 297, "Recovered": 17434, "Active": 2316, "Date": "2021-02-16T00:00:00Z"}, {"Country": "Malta", "CountryCode": "", "Province": "", "City": "", "CityCode": "", "Lat": "0", "Lon": "0", "Confirmed": 20246, "Deaths": 298, "Recovered": 17523, "Active": 2425, "Date": "2021-02-17T00:00:00Z"}, {"Country": "Malta", "CountryCode": "", "Province": "", "City": "", "CityCode": "", "Lat": "0", "Lon": "0", "Confirmed": 20409, "Deaths": 301, "Recovered": 17679, "Active": 2429, "Date": "2021-02-18T00:00:00Z"}, {"Country": "Malta", "CountryCode": "", "Province": "", "City": "", "CityCode": "", "Lat": "0", "Lon": "0", "Confirmed": 20563, "Deaths": 301, "Recovered": 17827, "Active": 2435, "Date": "2021-02-19T00:00:00Z"}, {"Country": "Malta", "CountryCode": "", "Province": "", "City": "", "CityCode": "", "Lat": "0", "Lon": "0", "Confirmed": 20762, "Deaths": 303, "Recovered": 17933, "Active": 2526, "Date": "2021-02-20T00:00:00Z"}, {"Country": "Malta", "CountryCode": "", "Province": "", "City": "", "CityCode": "", "Lat": "0", "Lon": "0", "Confirmed": 20892, "Deaths": 304, "Recovered": 18067, "Active": 2521, "Date": "2021-02-21T00:00:00Z"}, {"Country": "Malta", "CountryCode": "", "Province": "", "City": "", "CityCode": "", "Lat": "0", "Lon": "0", "Confirmed": 21085, "Deaths": 305, "Recovered": 18309, "Active": 2471, "Date": "2021-02-22T00:00:00Z"}, {"Country": "Malta", "CountryCode": "", "Province": "", "City": "", "CityCode": "", "Lat": "0", "Lon": "0", "Confirmed": 21306, "Deaths": 306, "Recovered": 18500, "Active": 2500, "Date": "2021-02-23T00:00:00Z"}, {"Country": "Malta", "CountryCode": "", "Province": "", "City": "", "CityCode": "", "Lat": "0", "Lon": "0", "Confirmed": 21532, "Deaths": 308, "Recovered": 18720, "Active": 2504, "Date": "2021-02-24T00:00:00Z"}, {"Country": "Malta", "CountryCode": "", "Province": "", "City": "", "CityCode": "", "Lat": "0", "Lon": "0", "Confirmed": 21724, "Deaths": 311, "Recovered": 18905, "Active": 2508, "Date": "2021-02-25T00:00:00Z"}, {"Country": "Malta", "CountryCode": "", "Province": "", "City": "", "CityCode": "", "Lat": "0", "Lon": "0", "Confirmed": 21982, "Deaths": 313, "Recovered": 19087, "Active": 2582, "Date": "2021-02-26T00:00:00Z"}, {"Country": "Malta", "CountryCode": "", "Province": "", "City": "", "CityCode": "", "Lat": "0", "Lon": "0", "Confirmed": 22219, "Deaths": 313, "Recovered": 19255, "Active": 2651, "Date": "2021-02-27T00:00:00Z"}, {"Country": "Malta", "CountryCode": "", "Province": "", "City": "", "CityCode": "", "Lat": "0", "Lon": "0", "Confirmed": 22482, "Deaths": 315, "Recovered": 19447, "Active": 2720, "Date": "2021-02-28T00:00:00Z"}, {"Country": "Malta", "CountryCode": "", "Province": "", "City": "", "CityCode": "", "Lat": "0", "Lon": "0", "Confirmed": 22657, "Deaths": 316, "Recovered": 19663, "Active": 2678, "Date": "2021-03-01T00:00:00Z"}, {"Country": "Malta", "CountryCode": "", "Province": "", "City": "", "CityCode": "", "Lat": "0", "Lon": "0", "Confirmed": 22993, "Deaths": 319, "Recovered": 19743, "Active": 2931, "Date": "2021-03-02T00:00:00Z"}, {"Country": "Malta", "CountryCode": "", "Province": "", "City": "", "CityCode": "", "Lat": "0", "Lon": "0", "Confirmed": 23226, "Deaths": 321, "Recovered": 19905, "Active": 3000, "Date": "2021-03-03T00:00:00Z"}, {"Country": "Malta", "CountryCode": "", "Province": "", "City": "", "CityCode": "", "Lat": "0", "Lon": "0", "Confirmed": 23588, "Deaths": 325, "Recovered": 20135, "Active": 3128, "Date": "2021-03-04T00:00:00Z"}, {"Country": "Malta", "CountryCode": "", "Province": "", "City": "", "CityCode": "", "Lat": "0", "Lon": "0", "Confirmed": 23871, "Deaths": 328, "Recovered": 20291, "Active": 3252, "Date": "2021-03-05T00:00:00Z"}, {"Country": "Malta", "CountryCode": "", "Province": "", "City": "", "CityCode": "", "Lat": "0", "Lon": "0", "Confirmed": 24216, "Deaths": 329, "Recovered": 20484, "Active": 3403, "Date": "2021-03-06T00:00:00Z"}, {"Country": "Malta", "CountryCode": "", "Province": "", "City": "", "CityCode": "", "Lat": "0", "Lon": "0", "Confirmed": 24398, "Deaths": 334, "Recovered": 20742, "Active": 24064, "Date": "2021-03-07T00:00:00Z"}, {"Country": "Malta", "CountryCode": "", "Province": "", "City": "", "CityCode": "", "Lat": "0", "Lon": "0", "Confirmed": 24599, "Deaths": 334, "Recovered": 21087, "Active": 3178, "Date": "2021-03-08T00:00:00Z"}, {"Country": "Malta", "CountryCode": "", "Province": "", "City": "", "CityCode": "", "Lat": "0", "Lon": "0", "Confirmed": 24847, "Deaths": 335, "Recovered": 21477, "Active": 3035, "Date": "2021-03-09T00:00:00Z"}, {"Country": "Malta", "CountryCode": "", "Province": "", "City": "", "CityCode": "", "Lat": "0", "Lon": "0", "Confirmed": 25357, "Deaths": 337, "Recovered": 21838, "Active": 3182, "Date": "2021-03-10T00:00:00Z"}, {"Country": "Malta", "CountryCode": "", "Province": "", "City": "", "CityCode": "", "Lat": "0", "Lon": "0", "Confirmed": 25640, "Deaths": 341, "Recovered": 22176, "Active": 3123, "Date": "2021-03-11T00:00:00Z"}, {"Country": "Malta", "CountryCode": "", "Province": "", "City": "", "CityCode": "", "Lat": "0", "Lon": "0", "Confirmed": 25969, "Deaths": 346, "Recovered": 22435, "Active": 3188, "Date": "2021-03-12T00:00:00Z"}, {"Country": "Malta", "CountryCode": "", "Province": "", "City": "", "CityCode": "", "Lat": "0", "Lon": "0", "Confirmed": 26267, "Deaths": 350, "Recovered": 22773, "Active": 3144, "Date": "2021-03-13T00:00:00Z"}]