[{"Country": "Netherlands", "CountryCode": "", "Province": "", "City": "", "CityCode": "", "Lat": "0", "Lon": "0", "Confirmed": 1, "Deaths": 0, "Recovered": 0, "Active": 1, "Date": "2020-02-27T00:00:00Z"}, {"Country": "Netherlands", "CountryCode": "", "Province": "", "City": "", "CityCode": "", "Lat": "0", "Lon": "0", "Confirmed": 1, "Deaths": 0, "Recovered": 0, "Active": 1, "Date": "2020-02-28T00:00:00Z"}, {"Country": "Netherlands", "CountryCode": "", "Province": "", "City": "", "CityCode": "", "Lat": "0", "Lon": "0", "Confirmed": 6, "Deaths": 0, "Recovered": 0, "Active": 6, "Date": "2020-02-29T00:00:00Z"}, {"Country": "Netherlands", "CountryCode": "", "Province": "", "City": "", "CityCode": "", "Lat": "0", "Lon": "0", "Confirmed": 10, "Deaths": 0, "Recovered": 0, "Active": 10, "Date": "2020-03-01T00:00:00Z"}, {"Country": "Netherlands", "CountryCode": "", "Province": "", "City": "", "CityCode": "", "Lat": "0", "Lon": "0", "Confirmed": 18, "Deaths": 0, "Recovered": 0, "Active": 18, "Date": "2020-03-02T00:00:00Z"}, {"Country": "Netherlands", "CountryCode": "", "Province": "", "City": "", "CityCode": "", "Lat": "0", "Lon": "0", "Confirmed": 24, "Deaths": 0, "Recovered": 0, "Active": 24, "Date": "2020-03-03T00:00:00Z"}, {"Country": "Netherlands", "CountryCode": "", "Province": "", "City": "", "CityCode": "", "Lat": "0", "Lon": "0", "Confirmed": 38, "Deaths": 0, "Recovered": 0, "Active": 38, "Date": "2020-03-04T00:00:00Z"}, {"Country": "Netherlands", "CountryCode": "", "Province": "", "City": "", "CityCode": "", "Lat": "0", "Lon": "0", "Confirmed": 82, "Deaths": 0, "Recovered": 0, "Active": 82, "Date": "2020-03-05T00:00:00Z"}, {"Country": "Netherlands", "CountryCode": "", "Province": "", "City": "", "CityCode": "", "Lat": "0", "Lon": "0", "Confirmed": 128, "Deaths": 1, "Recovered": 0, "Active": 127, "Date": "2020-03-06T00:00:00Z"}, {"Country": "Netherlands", "CountryCode": "", "Province": "", "City": "", "CityCode": "", "Lat": "0", "Lon": "0", "Confirmed": 188, "Deaths": 1, "Recovered": 0, "Active": 187, "Date": "2020-03-07T00:00:00Z"}, {"Country": "Netherlands", "CountryCode": "", "Province": "", "City": "", "CityCode": "", "Lat": "0", "Lon": "0", "Confirmed": 265, "Deaths": 3, "Recovered": 0, "Active": 262, "Date": "2020-03-08T00:00:00Z"}, {"Country": "Netherlands", "CountryCode": "", "Province": "", "City": "", "CityCode": "", "Lat": "0", "Lon": "0", "Confirmed": 321, "Deaths": 3, "Recovered": 0, "Active": 318, "Date": "2020-03-09T00:00:00Z"}, {"Country": "Netherlands", "CountryCode": "", "Province": "", "City": "", "CityCode": "", "Lat": "0", "Lon": "0", "Confirmed": 382, "Deaths": 4, "Recovered": 0, "Active": 378, "Date": "2020-03-10T00:00:00Z"}, {"Country": "Netherlands", "CountryCode": "", "Province": "", "City": "", "CityCode": "", "Lat": "0", "Lon": "0", "Confirmed": 503, "Deaths": 5, "Recovered": 0, "Active": 498, "Date": "2020-03-11T00:00:00Z"}, {"Country": "Netherlands", "CountryCode": "", "Province": "", "City": "", "CityCode": "", "Lat": "0", "Lon": "0", "Confirmed": 503, "Deaths": 5, "Recovered": 0, "Active": 498, "Date": "2020-03-12T00:00:00Z"}, {"Country": "Netherlands", "CountryCode": "", "Province": "", "City": "", "CityCode": "", "Lat": "0", "Lon": "0", "Confirmed": 806, "Deaths": 10, "Recovered": 0, "Active": 796, "Date": "2020-03-13T00:00:00Z"}, {"Country": "Netherlands", "CountryCode": "", "Province": "", "City": "", "CityCode": "", "Lat": "0", "Lon": "0", "Confirmed": 962, "Deaths": 12, "Recovered": 0, "Active": 950, "Date": "2020-03-14T00:00:00Z"}, {"Country": "Netherlands", "CountryCode": "", "Province": "", "City": "", "CityCode": "", "Lat": "0", "Lon": "0", "Confirmed": 1138, "Deaths": 20, "Recovered": 0, "Active": 1118, "Date": "2020-03-15T00:00:00Z"}, {"Country": "Netherlands", "CountryCode": "", "Province": "", "City": "", "CityCode": "", "Lat": "0", "Lon": "0", "Confirmed": 1416, "Deaths": 24, "Recovered": 0, "Active": 1392, "Date": "2020-03-16T00:00:00Z"}, {"Country": "Netherlands", "CountryCode": "", "Province": "", "City": "", "CityCode": "", "Lat": "0", "Lon": "0", "Confirmed": 1711, "Deaths": 43, "Recovered": 0, "Active": 1668, "Date": "2020-03-17T00:00:00Z"}, {"Country": "Netherlands", "CountryCode": "", "Province": "", "City": "", "CityCode": "", "Lat": "0", "Lon": "0", "Confirmed": 2058, "Deaths": 58, "Recovered": 0, "Active": 2000, "Date": "2020-03-18T00:00:00Z"}, {"Country": "Netherlands", "CountryCode": "", "Province": "", "City": "", "CityCode": "", "Lat": "0", "Lon": "0", "Confirmed": 2467, "Deaths": 77, "Recovered": 0, "Active": 2390, "Date": "2020-03-19T00:00:00Z"}, {"Country": "Netherlands", "CountryCode": "", "Province": "", "City": "", "CityCode": "", "Lat": "0", "Lon": "0", "Confirmed": 3003, "Deaths": 107, "Recovered": 0, "Active": 2896, "Date": "2020-03-20T00:00:00Z"}, {"Country": "Netherlands", "CountryCode": "", "Province": "", "City": "", "CityCode": "", "Lat": "0", "Lon": "0", "Confirmed": 3640, "Deaths": 137, "Recovered": 0, "Active": 3503, "Date": "2020-03-21T00:00:00Z"}, {"Country": "Netherlands", "CountryCode": "", "Province": "", "City": "", "CityCode": "", "Lat": "0", "Lon": "0", "Confirmed": 4217, "Deaths": 180, "Recovered": 0, "Active": 4037, "Date": "2020-03-22T00:00:00Z"}, {"Country": "Netherlands", "CountryCode": "", "Province": "", "City": "", "CityCode": "", "Lat": "0", "Lon": "0", "Confirmed": 4764, "Deaths": 214, "Recovered": 0, "Active": 4550, "Date": "2020-03-23T00:00:00Z"}, {"Country": "Netherlands", "CountryCode": "", "Province": "", "City": "", "CityCode": "", "Lat": "0", "Lon": "0", "Confirmed": 5580, "Deaths": 277, "Recovered": 1, "Active": 5302, "Date": "2020-03-24T00:00:00Z"}, {"Country": "Netherlands", "CountryCode": "", "Province": "", "City": "", "CityCode": "", "Lat": "0", "Lon": "0", "Confirmed": 6438, "Deaths": 357, "Recovered": 1, "Active": 6080, "Date": "2020-03-25T00:00:00Z"}, {"Country": "Netherlands", "CountryCode": "", "Province": "", "City": "", "CityCode": "", "Lat": "0", "Lon": "0", "Confirmed": 7468, "Deaths": 435, "Recovered": 3, "Active": 7030, "Date": "2020-03-26T00:00:00Z"}, {"Country": "Netherlands", "CountryCode": "", "Province": "", "City": "", "CityCode": "", "Lat": "0", "Lon": "0", "Confirmed": 8647, "Deaths": 547, "Recovered": 3, "Active": 8097, "Date": "2020-03-27T00:00:00Z"}, {"Country": "Netherlands", "CountryCode": "", "Province": "", "City": "", "CityCode": "", "Lat": "0", "Lon": "0", "Confirmed": 9819, "Deaths": 640, "Recovered": 3, "Active": 9176, "Date": "2020-03-28T00:00:00Z"}, {"Country": "Netherlands", "CountryCode": "", "Province": "", "City": "", "CityCode": "", "Lat": "0", "Lon": "0", "Confirmed": 10930, "Deaths": 772, "Recovered": 3, "Active": 10155, "Date": "2020-03-29T00:00:00Z"}, {"Country": "Netherlands", "CountryCode": "", "Province": "", "City": "", "CityCode": "", "Lat": "0", "Lon": "0", "Confirmed": 11817, "Deaths": 865, "Recovered": 3, "Active": 10949, "Date": "2020-03-30T00:00:00Z"}, {"Country": "Netherlands", "CountryCode": "", "Province": "", "City": "", "CityCode": "", "Lat": "0", "Lon": "0", "Confirmed": 12667, "Deaths": 1040, "Recovered": 3, "Active": 11624, "Date": "2020-03-31T00:00:00Z"}, {"Country": "Netherlands", "CountryCode": "", "Province": "", "City": "", "CityCode": "", "Lat": "0", "Lon": "0", "Confirmed": 13696, "Deaths": 1175, "Recovered": 10, "Active": 12511, "Date": "2020-04-01T00:00:00Z"}, {"Country": "Netherlands", "CountryCode": "", "Province": "", "City": "", "CityCode": "", "Lat": "0", "Lon": "0", "Confirmed": 14788, "Deaths": 1341, "Recovered": 10, "Active": 13437, "Date": "2020-04-02T00:00:00Z"}, {"Country": "Netherlands", "CountryCode": "", "Province": "", "City": "", "CityCode": "", "Lat": "0", "Lon": "0", "Confirmed": 15821, "Deaths": 1490, "Recovered": 10, "Active": 14321, "Date": "2020-04-03T00:00:00Z"}, {"Country": "Netherlands", "CountryCode": "", "Province": "", "City": "", "CityCode": "", "Lat": "0", "Lon": "0", "Confirmed": 16727, "Deaths": 1656, "Recovered": 12, "Active": 15059, "Date": "2020-04-04T00:00:00Z"}, {"Country": "Netherlands", "CountryCode": "", "Province": "", "City": "", "CityCode": "", "Lat": "0", "Lon": "0", "Confirmed": 17953, "Deaths": 1771, "Recovered": 7, "Active": 16175, "Date": "2020-04-05T00:00:00Z"}, {"Country": "Netherlands", "CountryCode": "", "Province": "", "City": "", "CityCode": "", "Lat": "0", "Lon": "0", "Confirmed": 18926, "Deaths": 1874, "Recovered": 8, "Active": 17044, "Date": "2020-04-06T00:00:00Z"}, {"Country": "Netherlands", "CountryCode": "", "Province": "", "City": "", "CityCode": "", "Lat": "0", "Lon": "0", "Confirmed": 19709, "Deaths": 2108, "Recovered": 22, "Active": 17579, "Date": "2020-04-07T00:00:00Z"}, {"Country": "Netherlands", "CountryCode": "", "Province": "", "City": "", "CityCode": "", "Lat": "0", "Lon": "0", "Confirmed": 20682, "Deaths": 2255, "Recovered": 22, "Active": 18405, "Date": "2020-04-08T00:00:00Z"}, {"Country": "Netherlands", "CountryCode": "", "Province": "", "City": "", "CityCode": "", "Lat": "0", "Lon": "0", "Confirmed": 21903, "Deaths": 2403, "Recovered": 28, "Active": 19472, "Date": "2020-04-09T00:00:00Z"}, {"Country": "Netherlands", "CountryCode": "", "Province": "", "City": "", "CityCode": "", "Lat": "0", "Lon": "0", "Confirmed": 23249, "Deaths": 2520, "Recovered": 37, "Active": 20692, "Date": "2020-04-10T00:00:00Z"}, {"Country": "Netherlands", "CountryCode": "", "Province": "", "City": "", "CityCode": "", "Lat": "0", "Lon": "0", "Confirmed": 24571, "Deaths": 2653, "Recovered": 41, "Active": 21877, "Date": "2020-04-11T00:00:00Z"}, {"Country": "Netherlands", "CountryCode": "", "Province": "", "City": "", "CityCode": "", "Lat": "0", "Lon": "0", "Confirmed": 25746, "Deaths": 2747, "Recovered": 45, "Active": 22954, "Date": "2020-04-12T00:00:00Z"}, {"Country": "Netherlands", "CountryCode": "", "Province": "", "City": "", "CityCode": "", "Lat": "0", "Lon": "0", "Confirmed": 26710, "Deaths": 2833, "Recovered": 45, "Active": 23832, "Date": "2020-04-13T00:00:00Z"}, {"Country": "Netherlands", "CountryCode": "", "Province": "", "City": "", "CityCode": "", "Lat": "0", "Lon": "0", "Confirmed": 27580, "Deaths": 2955, "Recovered": 47, "Active": 24578, "Date": "2020-04-14T00:00:00Z"}, {"Country": "Netherlands", "CountryCode": "", "Province": "", "City": "", "CityCode": "", "Lat": "0", "Lon": "0", "Confirmed": 28316, "Deaths": 3145, "Recovered": 54, "Active": 25117, "Date": "2020-04-15T00:00:00Z"}, {"Country": "Netherlands", "CountryCode": "", "Province": "", "City": "", "CityCode": "", "Lat": "0", "Lon": "0", "Confirmed": 29383, "Deaths": 3327, "Recovered": 61, "Active": 25995, "Date": "2020-04-16T00:00:00Z"}, {"Country": "Netherlands", "CountryCode": "", "Province": "", "City": "", "CityCode": "", "Lat": "0", "Lon": "0", "Confirmed": 30619, "Deaths": 3471, "Recovered": 65, "Active": 27083, "Date": "2020-04-17T00:00:00Z"}, {"Country": "Netherlands", "CountryCode": "", "Province": "", "City": "", "CityCode": "", "Lat": "0", "Lon": "0", "Confirmed": 31766, "Deaths": 3613, "Recovered": 67, "Active": 28086, "Date": "2020-04-18T00:00:00Z"}, {"Country": "Netherlands", "CountryCode": "", "Province": "", "City": "", "CityCode": "", "Lat": "0", "Lon": "0", "Confirmed": 32838, "Deaths": 3697, "Recovered": 72, "Active": 29069, "Date": "2020-04-19T00:00:00Z"}, {"Country": "Netherlands", "CountryCode": "", "Province": "", "City": "", "CityCode": "", "Lat": "0", "Lon": "0", "Confirmed": 33588, "Deaths": 3764, "Recovered": 72, "Active": 29752, "Date": "2020-04-20T00:00:00Z"}, {"Country": "Netherlands", "CountryCode": "", "Province": "", "City": "", "CityCode": "", "Lat": "0", "Lon": "0", "Confirmed": 34317, "Deaths": 3929, "Recovered": 74, "Active": 30314, "Date": "2020-04-21T00:00:00Z"}, {"Country": "Netherlands", "CountryCode": "", "Province": "", "City": "", "CityCode": "", "Lat": "0", "Lon": "0", "Confirmed": 35032, "Deaths": 4068, "Recovered": 101, "Active": 30863, "Date": "2020-04-22T00:00:00Z"}, {"Country": "Netherlands", "CountryCode": "", "Province": "", "City": "", "CityCode": "", "Lat": "0", "Lon": "0", "Confirmed": 35921, "Deaths": 4192, "Recovered": 101, "Active": 31628, "Date": "2020-04-23T00:00:00Z"}, {"Country": "Netherlands", "CountryCode": "", "Province": "", "City": "", "CityCode": "", "Lat": "0", "Lon": "0", "Confirmed": 36729, "Deaths": 4304, "Recovered": 102, "Active": 32323, "Date": "2020-04-24T00:00:00Z"}, {"Country": "Netherlands", "CountryCode": "", "Province": "", "City": "", "CityCode": "", "Lat": "0", "Lon": "0", "Confirmed": 37384, "Deaths": 4424, "Recovered": 102, "Active": 32858, "Date": "2020-04-25T00:00:00Z"}, {"Country": "Netherlands", "CountryCode": "", "Province": "", "City": "", "CityCode": "", "Lat": "0", "Lon": "0", "Confirmed": 38040, "Deaths": 4491, "Recovered": 117, "Active": 33432, "Date": "2020-04-26T00:00:00Z"}, {"Country": "Netherlands", "CountryCode": "", "Province": "", "City": "", "CityCode": "", "Lat": "0", "Lon": "0", "Confirmed": 38440, "Deaths": 4534, "Recovered": 117, "Active": 33789, "Date": "2020-04-27T00:00:00Z"}, {"Country": "Netherlands", "CountryCode": "", "Province": "", "City": "", "CityCode": "", "Lat": "0", "Lon": "0", "Confirmed": 38612, "Deaths": 4582, "Recovered": 117, "Active": 33913, "Date": "2020-04-28T00:00:00Z"}, {"Country": "Netherlands", "CountryCode": "", "Province": "", "City": "", "CityCode": "", "Lat": "0", "Lon": "0", "Confirmed": 38998, "Deaths": 4727, "Recovered": 119, "Active": 34152, "Date": "2020-04-29T00:00:00Z"}, {"Country": "Netherlands", "CountryCode": "", "Province": "", "City": "", "CityCode": "", "Lat": "0", "Lon": "0", "Confirmed": 39512, "Deaths": 4811, "Recovered": 125, "Active": 34576, "Date": "2020-04-30T00:00:00Z"}, {"Country": "Netherlands", "CountryCode": "", "Province": "", "City": "", "CityCode": "", "Lat": "0", "Lon": "0", "Confirmed": 39989, "Deaths": 4909, "Recovered": 138, "Active": 34942, "Date": "2020-05-01T00:00:00Z"}, {"Country": "Netherlands", "CountryCode": "", "Province": "", "City": "", "CityCode": "", "Lat": "0", "Lon": "0", "Confirmed": 40434, "Deaths": 5003, "Recovered": 138, "Active": 35293, "Date": "2020-05-02T00:00:00Z"}, {"Country": "Netherlands", "CountryCode": "", "Province": "", "City": "", "CityCode": "", "Lat": "0", "Lon": "0", "Confirmed": 40769, "Deaths": 5072, "Recovered": 138, "Active": 35559, "Date": "2020-05-03T00:00:00Z"}, {"Country": "Netherlands", "CountryCode": "", "Province": "", "City": "", "CityCode": "", "Lat": "0", "Lon": "0", "Confirmed": 40968, "Deaths": 5098, "Recovered": 138, "Active": 35732, "Date": "2020-05-04T00:00:00Z"}, {"Country": "Netherlands", "CountryCode": "", "Province": "", "City": "", "CityCode": "", "Lat": "0", "Lon": "0", "Confirmed": 41286, "Deaths": 5185, "Recovered": 139, "Active": 35962, "Date": "2020-05-05T00:00:00Z"}, {"Country": "Netherlands", "CountryCode": "", "Province": "", "City": "", "CityCode": "", "Lat": "0", "Lon": "0", "Confirmed": 41518, "Deaths": 5221, "Recovered": 146, "Active": 36151, "Date": "2020-05-06T00:00:00Z"}, {"Country": "Netherlands", "CountryCode": "", "Province": "", "City": "", "CityCode": "", "Lat": "0", "Lon": "0", "Confirmed": 41973, "Deaths": 5306, "Recovered": 147, "Active": 36520, "Date": "2020-05-07T00:00:00Z"}, {"Country": "Netherlands", "CountryCode": "", "Province": "", "City": "", "CityCode": "", "Lat": "0", "Lon": "0", "Confirmed": 42292, "Deaths": 5377, "Recovered": 147, "Active": 36768, "Date": "2020-05-08T00:00:00Z"}, {"Country": "Netherlands", "CountryCode": "", "Province": "", "City": "", "CityCode": "", "Lat": "0", "Lon": "0", "Confirmed": 42581, "Deaths": 5441, "Recovered": 149, "Active": 36991, "Date": "2020-05-09T00:00:00Z"}, {"Country": "Netherlands", "CountryCode": "", "Province": "", "City": "", "CityCode": "", "Lat": "0", "Lon": "0", "Confirmed": 42826, "Deaths": 5459, "Recovered": 149, "Active": 37218, "Date": "2020-05-10T00:00:00Z"}, {"Country": "Netherlands", "CountryCode": "", "Province": "", "City": "", "CityCode": "", "Lat": "0", "Lon": "0", "Confirmed": 42987, "Deaths": 5475, "Recovered": 149, "Active": 37363, "Date": "2020-05-11T00:00:00Z"}, {"Country": "Netherlands", "CountryCode": "", "Province": "", "City": "", "CityCode": "", "Lat": "0", "Lon": "0", "Confirmed": 43183, "Deaths": 5529, "Recovered": 149, "Active": 37505, "Date": "2020-05-12T00:00:00Z"}, {"Country": "Netherlands", "CountryCode": "", "Province": "", "City": "", "CityCode": "", "Lat": "0", "Lon": "0", "Confirmed": 43410, "Deaths": 5581, "Recovered": 157, "Active": 37672, "Date": "2020-05-13T00:00:00Z"}, {"Country": "Netherlands", "CountryCode": "", "Province": "", "City": "", "CityCode": "", "Lat": "0", "Lon": "0", "Confirmed": 43680, "Deaths": 5609, "Recovered": 159, "Active": 37912, "Date": "2020-05-14T00:00:00Z"}, {"Country": "Netherlands", "CountryCode": "", "Province": "", "City": "", "CityCode": "", "Lat": "0", "Lon": "0", "Confirmed": 43880, "Deaths": 5662, "Recovered": 159, "Active": 38059, "Date": "2020-05-15T00:00:00Z"}, {"Country": "Netherlands", "CountryCode": "", "Province": "", "City": "", "CityCode": "", "Lat": "0", "Lon": "0", "Confirmed": 44070, "Deaths": 5689, "Recovered": 167, "Active": 38214, "Date": "2020-05-16T00:00:00Z"}, {"Country": "Netherlands", "CountryCode": "", "Province": "", "City": "", "CityCode": "", "Lat": "0", "Lon": "0", "Confirmed": 44195, "Deaths": 5699, "Recovered": 167, "Active": 38329, "Date": "2020-05-17T00:00:00Z"}, {"Country": "Netherlands", "CountryCode": "", "Province": "", "City": "", "CityCode": "", "Lat": "0", "Lon": "0", "Confirmed": 44341, "Deaths": 5713, "Recovered": 167, "Active": 38461, "Date": "2020-05-18T00:00:00Z"}, {"Country": "Netherlands", "CountryCode": "", "Province": "", "City": "", "CityCode": "", "Lat": "0", "Lon": "0", "Confirmed": 44449, "Deaths": 5734, "Recovered": 167, "Active": 38548, "Date": "2020-05-19T00:00:00Z"}, {"Country": "Netherlands", "CountryCode": "", "Province": "", "City": "", "CityCode": "", "Lat": "0", "Lon": "0", "Confirmed": 44647, "Deaths": 5767, "Recovered": 169, "Active": 38711, "Date": "2020-05-20T00:00:00Z"}, {"Country": "Netherlands", "CountryCode": "", "Province": "", "City": "", "CityCode": "", "Lat": "0", "Lon": "0", "Confirmed": 44900, "Deaths": 5794, "Recovered": 169, "Active": 38937, "Date": "2020-05-21T00:00:00Z"}, {"Country": "Netherlands", "CountryCode": "", "Province": "", "City": "", "CityCode": "", "Lat": "0", "Lon": "0", "Confirmed": 45088, "Deaths": 5807, "Recovered": 174, "Active": 39107, "Date": "2020-05-22T00:00:00Z"}, {"Country": "Netherlands", "CountryCode": "", "Province": "", "City": "", "CityCode": "", "Lat": "0", "Lon": "0", "Confirmed": 45265, "Deaths": 5830, "Recovered": 174, "Active": 39261, "Date": "2020-05-23T00:00:00Z"}, {"Country": "Netherlands", "CountryCode": "", "Province": "", "City": "", "CityCode": "", "Lat": "0", "Lon": "0", "Confirmed": 45437, "Deaths": 5841, "Recovered": 174, "Active": 39422, "Date": "2020-05-24T00:00:00Z"}, {"Country": "Netherlands", "CountryCode": "", "Province": "", "City": "", "CityCode": "", "Lat": "0", "Lon": "0", "Confirmed": 45647, "Deaths": 5849, "Recovered": 174, "Active": 39624, "Date": "2020-05-25T00:00:00Z"}, {"Country": "Netherlands", "CountryCode": "", "Province": "", "City": "", "CityCode": "", "Lat": "0", "Lon": "0", "Confirmed": 45780, "Deaths": 5875, "Recovered": 174, "Active": 39731, "Date": "2020-05-26T00:00:00Z"}, {"Country": "Netherlands", "CountryCode": "", "Province": "", "City": "", "CityCode": "", "Lat": "0", "Lon": "0", "Confirmed": 45970, "Deaths": 5890, "Recovered": 177, "Active": 39903, "Date": "2020-05-27T00:00:00Z"}, {"Country": "Netherlands", "CountryCode": "", "Province": "", "City": "", "CityCode": "", "Lat": "0", "Lon": "0", "Confirmed": 46152, "Deaths": 5922, "Recovered": 178, "Active": 40052, "Date": "2020-05-28T00:00:00Z"}, {"Country": "Netherlands", "CountryCode": "", "Province": "", "City": "", "CityCode": "", "Lat": "0", "Lon": "0", "Confirmed": 46328, "Deaths": 5950, "Recovered": 178, "Active": 40200, "Date": "2020-05-29T00:00:00Z"}, {"Country": "Netherlands", "CountryCode": "", "Province": "", "City": "", "CityCode": "", "Lat": "0", "Lon": "0", "Confirmed": 46460, "Deaths": 5970, "Recovered": 178, "Active": 40312, "Date": "2020-05-30T00:00:00Z"}, {"Country": "Netherlands", "CountryCode": "", "Province": "", "City": "", "CityCode": "", "Lat": "0", "Lon": "0", "Confirmed": 46645, "Deaths": 5975, "Recovered": 178, "Active": 40492, "Date": "2020-05-31T00:00:00Z"}, {"Country": "Netherlands", "CountryCode": "", "Province": "", "City": "", "CityCode": "", "Lat": "0", "Lon": "0", "Confirmed": 46749, "Deaths": 5981, "Recovered": 179, "Active": 40589, "Date": "2020-06-01T00:00:00Z"}, {"Country": "Netherlands", "CountryCode": "", "Province": "", "City": "", "CityCode": "", "Lat": "0", "Lon": "0", "Confirmed": 46852, "Deaths": 5986, "Recovered": 180, "Active": 40686, "Date": "2020-06-02T00:00:00Z"}, {"Country": "Netherlands", "CountryCode": "", "Province": "", "City": "", "CityCode": "", "Lat": "0", "Lon": "0", "Confirmed": 46939, "Deaths": 5996, "Recovered": 180, "Active": 40763, "Date": "2020-06-03T00:00:00Z"}, {"Country": "Netherlands", "CountryCode": "", "Province": "", "City": "", "CityCode": "", "Lat": "0", "Lon": "0", "Confirmed": 47148, "Deaths": 6009, "Recovered": 180, "Active": 40959, "Date": "2020-06-04T00:00:00Z"}, {"Country": "Netherlands", "CountryCode": "", "Province": "", "City": "", "CityCode": "", "Lat": "0", "Lon": "0", "Confirmed": 47358, "Deaths": 6024, "Recovered": 181, "Active": 41153, "Date": "2020-06-05T00:00:00Z"}, {"Country": "Netherlands", "CountryCode": "", "Province": "", "City": "", "CityCode": "", "Lat": "0", "Lon": "0", "Confirmed": 47541, "Deaths": 6030, "Recovered": 181, "Active": 41330, "Date": "2020-06-06T00:00:00Z"}, {"Country": "Netherlands", "CountryCode": "", "Province": "", "City": "", "CityCode": "", "Lat": "0", "Lon": "0", "Confirmed": 47780, "Deaths": 6032, "Recovered": 181, "Active": 41567, "Date": "2020-06-07T00:00:00Z"}, {"Country": "Netherlands", "CountryCode": "", "Province": "", "City": "", "CityCode": "", "Lat": "0", "Lon": "0", "Confirmed": 47945, "Deaths": 6035, "Recovered": 181, "Active": 41729, "Date": "2020-06-08T00:00:00Z"}, {"Country": "Netherlands", "CountryCode": "", "Province": "", "City": "", "CityCode": "", "Lat": "0", "Lon": "0", "Confirmed": 48109, "Deaths": 6050, "Recovered": 181, "Active": 41878, "Date": "2020-06-09T00:00:00Z"}, {"Country": "Netherlands", "CountryCode": "", "Province": "", "City": "", "CityCode": "", "Lat": "0", "Lon": "0", "Confirmed": 48294, "Deaths": 6061, "Recovered": 181, "Active": 42052, "Date": "2020-06-10T00:00:00Z"}, {"Country": "Netherlands", "CountryCode": "", "Province": "", "City": "", "CityCode": "", "Lat": "0", "Lon": "0", "Confirmed": 48458, "Deaths": 6063, "Recovered": 181, "Active": 42214, "Date": "2020-06-11T00:00:00Z"}, {"Country": "Netherlands", "CountryCode": "", "Province": "", "City": "", "CityCode": "", "Lat": "0", "Lon": "0", "Confirmed": 48668, "Deaths": 6072, "Recovered": 181, "Active": 42415, "Date": "2020-06-12T00:00:00Z"}, {"Country": "Netherlands", "CountryCode": "", "Province": "", "City": "", "CityCode": "", "Lat": "0", "Lon": "0", "Confirmed": 48847, "Deaths": 6076, "Recovered": 181, "Active": 42590, "Date": "2020-06-13T00:00:00Z"}, {"Country": "Netherlands", "CountryCode": "", "Province": "", "City": "", "CityCode": "", "Lat": "0", "Lon": "0", "Confirmed": 48990, "Deaths": 6078, "Recovered": 181, "Active": 42731, "Date": "2020-06-14T00:00:00Z"}, {"Country": "Netherlands", "CountryCode": "", "Province": "", "City": "", "CityCode": "", "Lat": "0", "Lon": "0", "Confirmed": 49155, "Deaths": 6084, "Recovered": 186, "Active": 42885, "Date": "2020-06-15T00:00:00Z"}, {"Country": "Netherlands", "CountryCode": "", "Province": "", "City": "", "CityCode": "", "Lat": "0", "Lon": "0", "Confirmed": 49295, "Deaths": 6089, "Recovered": 186, "Active": 43020, "Date": "2020-06-16T00:00:00Z"}, {"Country": "Netherlands", "CountryCode": "", "Province": "", "City": "", "CityCode": "", "Lat": "0", "Lon": "0", "Confirmed": 49412, "Deaths": 6093, "Recovered": 186, "Active": 43133, "Date": "2020-06-17T00:00:00Z"}, {"Country": "Netherlands", "CountryCode": "", "Province": "", "City": "", "CityCode": "", "Lat": "0", "Lon": "0", "Confirmed": 49527, "Deaths": 6097, "Recovered": 186, "Active": 43244, "Date": "2020-06-18T00:00:00Z"}, {"Country": "Netherlands", "CountryCode": "", "Province": "", "City": "", "CityCode": "", "Lat": "0", "Lon": "0", "Confirmed": 49634, "Deaths": 6100, "Recovered": 186, "Active": 43348, "Date": "2020-06-19T00:00:00Z"}, {"Country": "Netherlands", "CountryCode": "", "Province": "", "City": "", "CityCode": "", "Lat": "0", "Lon": "0", "Confirmed": 49710, "Deaths": 6108, "Recovered": 186, "Active": 43416, "Date": "2020-06-20T00:00:00Z"}, {"Country": "Netherlands", "CountryCode": "", "Province": "", "City": "", "CityCode": "", "Lat": "0", "Lon": "0", "Confirmed": 49801, "Deaths": 6109, "Recovered": 186, "Active": 43506, "Date": "2020-06-21T00:00:00Z"}, {"Country": "Netherlands", "CountryCode": "", "Province": "", "City": "", "CityCode": "", "Lat": "0", "Lon": "0", "Confirmed": 49866, "Deaths": 6109, "Recovered": 186, "Active": 43571, "Date": "2020-06-22T00:00:00Z"}, {"Country": "Netherlands", "CountryCode": "", "Province": "", "City": "", "CityCode": "", "Lat": "0", "Lon": "0", "Confirmed": 49930, "Deaths": 6114, "Recovered": 186, "Active": 43630, "Date": "2020-06-23T00:00:00Z"}, {"Country": "Netherlands", "CountryCode": "", "Province": "", "City": "", "CityCode": "", "Lat": "0", "Lon": "0", "Confirmed": 50012, "Deaths": 6116, "Recovered": 186, "Active": 43710, "Date": "2020-06-24T00:00:00Z"}, {"Country": "Netherlands", "CountryCode": "", "Province": "", "City": "", "CityCode": "", "Lat": "0", "Lon": "0", "Confirmed": 50122, "Deaths": 6119, "Recovered": 186, "Active": 43817, "Date": "2020-06-25T00:00:00Z"}, {"Country": "Netherlands", "CountryCode": "", "Province": "", "City": "", "CityCode": "", "Lat": "0", "Lon": "0", "Confirmed": 50213, "Deaths": 6122, "Recovered": 186, "Active": 43905, "Date": "2020-06-26T00:00:00Z"}, {"Country": "Netherlands", "CountryCode": "", "Province": "", "City": "", "CityCode": "", "Lat": "0", "Lon": "0", "Confirmed": 50282, "Deaths": 6124, "Recovered": 186, "Active": 43972, "Date": "2020-06-27T00:00:00Z"}, {"Country": "Netherlands", "CountryCode": "", "Province": "", "City": "", "CityCode": "", "Lat": "0", "Lon": "0", "Confirmed": 50355, "Deaths": 6124, "Recovered": 186, "Active": 44045, "Date": "2020-06-28T00:00:00Z"}, {"Country": "Netherlands", "CountryCode": "", "Province": "", "City": "", "CityCode": "", "Lat": "0", "Lon": "0", "Confirmed": 50433, "Deaths": 6126, "Recovered": 186, "Active": 44121, "Date": "2020-06-29T00:00:00Z"}, {"Country": "Netherlands", "CountryCode": "", "Province": "", "City": "", "CityCode": "", "Lat": "0", "Lon": "0", "Confirmed": 50483, "Deaths": 6132, "Recovered": 186, "Active": 44165, "Date": "2020-06-30T00:00:00Z"}, {"Country": "Netherlands", "CountryCode": "", "Province": "", "City": "", "CityCode": "", "Lat": "0", "Lon": "0", "Confirmed": 50545, "Deaths": 6134, "Recovered": 186, "Active": 44225, "Date": "2020-07-01T00:00:00Z"}, {"Country": "Netherlands", "CountryCode": "", "Province": "", "City": "", "CityCode": "", "Lat": "0", "Lon": "0", "Confirmed": 50623, "Deaths": 6137, "Recovered": 186, "Active": 44300, "Date": "2020-07-02T00:00:00Z"}, {"Country": "Netherlands", "CountryCode": "", "Province": "", "City": "", "CityCode": "", "Lat": "0", "Lon": "0", "Confirmed": 50698, "Deaths": 6139, "Recovered": 186, "Active": 44373, "Date": "2020-07-03T00:00:00Z"}, {"Country": "Netherlands", "CountryCode": "", "Province": "", "City": "", "CityCode": "", "Lat": "0", "Lon": "0", "Confirmed": 50761, "Deaths": 6145, "Recovered": 187, "Active": 44429, "Date": "2020-07-04T00:00:00Z"}, {"Country": "Netherlands", "CountryCode": "", "Province": "", "City": "", "CityCode": "", "Lat": "0", "Lon": "0", "Confirmed": 50834, "Deaths": 6146, "Recovered": 187, "Active": 44501, "Date": "2020-07-05T00:00:00Z"}, {"Country": "Netherlands", "CountryCode": "", "Province": "", "City": "", "CityCode": "", "Lat": "0", "Lon": "0", "Confirmed": 50870, "Deaths": 6147, "Recovered": 187, "Active": 44536, "Date": "2020-07-06T00:00:00Z"}, {"Country": "Netherlands", "CountryCode": "", "Province": "", "City": "", "CityCode": "", "Lat": "0", "Lon": "0", "Confirmed": 50907, "Deaths": 6151, "Recovered": 187, "Active": 44569, "Date": "2020-07-07T00:00:00Z"}, {"Country": "Netherlands", "CountryCode": "", "Province": "", "City": "", "CityCode": "", "Lat": "0", "Lon": "0", "Confirmed": 50959, "Deaths": 6154, "Recovered": 187, "Active": 44618, "Date": "2020-07-08T00:00:00Z"}, {"Country": "Netherlands", "CountryCode": "", "Province": "", "City": "", "CityCode": "", "Lat": "0", "Lon": "0", "Confirmed": 51013, "Deaths": 6156, "Recovered": 192, "Active": 44665, "Date": "2020-07-09T00:00:00Z"}, {"Country": "Netherlands", "CountryCode": "", "Province": "", "City": "", "CityCode": "", "Lat": "0", "Lon": "0", "Confirmed": 51055, "Deaths": 6155, "Recovered": 192, "Active": 44708, "Date": "2020-07-10T00:00:00Z"}, {"Country": "Netherlands", "CountryCode": "", "Province": "", "City": "", "CityCode": "", "Lat": "0", "Lon": "0", "Confirmed": 51136, "Deaths": 6156, "Recovered": 193, "Active": 44787, "Date": "2020-07-11T00:00:00Z"}, {"Country": "Netherlands", "CountryCode": "", "Province": "", "City": "", "CityCode": "", "Lat": "0", "Lon": "0", "Confirmed": 51237, "Deaths": 6156, "Recovered": 193, "Active": 44888, "Date": "2020-07-12T00:00:00Z"}, {"Country": "Netherlands", "CountryCode": "", "Province": "", "City": "", "CityCode": "", "Lat": "0", "Lon": "0", "Confirmed": 51308, "Deaths": 6156, "Recovered": 193, "Active": 44959, "Date": "2020-07-13T00:00:00Z"}, {"Country": "Netherlands", "CountryCode": "", "Province": "", "City": "", "CityCode": "", "Lat": "0", "Lon": "0", "Confirmed": 51362, "Deaths": 6154, "Recovered": 193, "Active": 45015, "Date": "2020-07-14T00:00:00Z"}, {"Country": "Netherlands", "CountryCode": "", "Province": "", "City": "", "CityCode": "", "Lat": "0", "Lon": "0", "Confirmed": 51471, "Deaths": 6155, "Recovered": 193, "Active": 45123, "Date": "2020-07-15T00:00:00Z"}, {"Country": "Netherlands", "CountryCode": "", "Province": "", "City": "", "CityCode": "", "Lat": "0", "Lon": "0", "Confirmed": 51572, "Deaths": 6156, "Recovered": 194, "Active": 45222, "Date": "2020-07-16T00:00:00Z"}, {"Country": "Netherlands", "CountryCode": "", "Province": "", "City": "", "CityCode": "", "Lat": "0", "Lon": "0", "Confirmed": 51682, "Deaths": 6157, "Recovered": 194, "Active": 45331, "Date": "2020-07-17T00:00:00Z"}, {"Country": "Netherlands", "CountryCode": "", "Province": "", "City": "", "CityCode": "", "Lat": "0", "Lon": "0", "Confirmed": 51809, "Deaths": 6155, "Recovered": 194, "Active": 45460, "Date": "2020-07-18T00:00:00Z"}, {"Country": "Netherlands", "CountryCode": "", "Province": "", "City": "", "CityCode": "", "Lat": "0", "Lon": "0", "Confirmed": 51955, "Deaths": 6155, "Recovered": 194, "Active": 45606, "Date": "2020-07-19T00:00:00Z"}, {"Country": "Netherlands", "CountryCode": "", "Province": "", "City": "", "CityCode": "", "Lat": "0", "Lon": "0", "Confirmed": 52142, "Deaths": 6155, "Recovered": 194, "Active": 45793, "Date": "2020-07-20T00:00:00Z"}, {"Country": "Netherlands", "CountryCode": "", "Province": "", "City": "", "CityCode": "", "Lat": "0", "Lon": "0", "Confirmed": 52307, "Deaths": 6155, "Recovered": 194, "Active": 45958, "Date": "2020-07-21T00:00:00Z"}, {"Country": "Netherlands", "CountryCode": "", "Province": "", "City": "", "CityCode": "", "Lat": "0", "Lon": "0", "Confirmed": 52475, "Deaths": 6158, "Recovered": 194, "Active": 46123, "Date": "2020-07-22T00:00:00Z"}, {"Country": "Netherlands", "CountryCode": "", "Province": "", "City": "", "CityCode": "", "Lat": "0", "Lon": "0", "Confirmed": 52640, "Deaths": 6158, "Recovered": 195, "Active": 46287, "Date": "2020-07-23T00:00:00Z"}, {"Country": "Netherlands", "CountryCode": "", "Province": "", "City": "", "CityCode": "", "Lat": "0", "Lon": "0", "Confirmed": 52837, "Deaths": 6158, "Recovered": 195, "Active": 46484, "Date": "2020-07-24T00:00:00Z"}, {"Country": "Netherlands", "CountryCode": "", "Province": "", "City": "", "CityCode": "", "Lat": "0", "Lon": "0", "Confirmed": 52984, "Deaths": 6159, "Recovered": 196, "Active": 46629, "Date": "2020-07-25T00:00:00Z"}, {"Country": "Netherlands", "CountryCode": "", "Province": "", "City": "", "CityCode": "", "Lat": "0", "Lon": "0", "Confirmed": 53278, "Deaths": 6178, "Recovered": 196, "Active": 46904, "Date": "2020-07-26T00:00:00Z"}, {"Country": "Netherlands", "CountryCode": "", "Province": "", "City": "", "CityCode": "", "Lat": "0", "Lon": "0", "Confirmed": 53424, "Deaths": 6160, "Recovered": 196, "Active": 47068, "Date": "2020-07-27T00:00:00Z"}, {"Country": "Netherlands", "CountryCode": "", "Province": "", "City": "", "CityCode": "", "Lat": "0", "Lon": "0", "Confirmed": 53647, "Deaths": 6164, "Recovered": 196, "Active": 47287, "Date": "2020-07-28T00:00:00Z"}, {"Country": "Netherlands", "CountryCode": "", "Province": "", "City": "", "CityCode": "", "Lat": "0", "Lon": "0", "Confirmed": 53895, "Deaths": 6166, "Recovered": 196, "Active": 47533, "Date": "2020-07-29T00:00:00Z"}, {"Country": "Netherlands", "CountryCode": "", "Province": "", "City": "", "CityCode": "", "Lat": "0", "Lon": "0", "Confirmed": 54249, "Deaths": 6166, "Recovered": 200, "Active": 47883, "Date": "2020-07-30T00:00:00Z"}, {"Country": "Netherlands", "CountryCode": "", "Province": "", "City": "", "CityCode": "", "Lat": "0", "Lon": "0", "Confirmed": 54590, "Deaths": 6166, "Recovered": 200, "Active": 48224, "Date": "2020-07-31T00:00:00Z"}, {"Country": "Netherlands", "CountryCode": "", "Province": "", "City": "", "CityCode": "", "Lat": "0", "Lon": "0", "Confirmed": 55021, "Deaths": 6167, "Recovered": 200, "Active": 48654, "Date": "2020-08-01T00:00:00Z"}, {"Country": "Netherlands", "CountryCode": "", "Province": "", "City": "", "CityCode": "", "Lat": "0", "Lon": "0", "Confirmed": 55408, "Deaths": 6169, "Recovered": 206, "Active": 49033, "Date": "2020-08-02T00:00:00Z"}, {"Country": "Netherlands", "CountryCode": "", "Province": "", "City": "", "CityCode": "", "Lat": "0", "Lon": "0", "Confirmed": 55786, "Deaths": 6169, "Recovered": 207, "Active": 49410, "Date": "2020-08-03T00:00:00Z"}, {"Country": "Netherlands", "CountryCode": "", "Province": "", "City": "", "CityCode": "", "Lat": "0", "Lon": "0", "Confirmed": 56279, "Deaths": 6170, "Recovered": 207, "Active": 49902, "Date": "2020-08-04T00:00:00Z"}, {"Country": "Netherlands", "CountryCode": "", "Province": "", "City": "", "CityCode": "", "Lat": "0", "Lon": "0", "Confirmed": 56750, "Deaths": 6173, "Recovered": 207, "Active": 50370, "Date": "2020-08-05T00:00:00Z"}, {"Country": "Netherlands", "CountryCode": "", "Province": "", "City": "", "CityCode": "", "Lat": "0", "Lon": "0", "Confirmed": 57465, "Deaths": 6173, "Recovered": 235, "Active": 51057, "Date": "2020-08-06T00:00:00Z"}, {"Country": "Netherlands", "CountryCode": "", "Province": "", "City": "", "CityCode": "", "Lat": "0", "Lon": "0", "Confirmed": 58117, "Deaths": 6174, "Recovered": 237, "Active": 51706, "Date": "2020-08-07T00:00:00Z"}, {"Country": "Netherlands", "CountryCode": "", "Province": "", "City": "", "CityCode": "", "Lat": "0", "Lon": "0", "Confirmed": 58717, "Deaths": 6178, "Recovered": 237, "Active": 52302, "Date": "2020-08-08T00:00:00Z"}, {"Country": "Netherlands", "CountryCode": "", "Province": "", "City": "", "CityCode": "", "Lat": "0", "Lon": "0", "Confirmed": 59360, "Deaths": 6178, "Recovered": 237, "Active": 52945, "Date": "2020-08-09T00:00:00Z"}, {"Country": "Netherlands", "CountryCode": "", "Province": "", "City": "", "CityCode": "", "Lat": "0", "Lon": "0", "Confirmed": 60058, "Deaths": 6178, "Recovered": 237, "Active": 53643, "Date": "2020-08-10T00:00:00Z"}, {"Country": "Netherlands", "CountryCode": "", "Province": "", "City": "", "CityCode": "", "Lat": "0", "Lon": "0", "Confirmed": 60391, "Deaths": 6162, "Recovered": 244, "Active": 53985, "Date": "2020-08-11T00:00:00Z"}, {"Country": "Netherlands", "CountryCode": "", "Province": "", "City": "", "CityCode": "", "Lat": "0", "Lon": "0", "Confirmed": 61718, "Deaths": 6182, "Recovered": 253, "Active": 55283, "Date": "2020-08-12T00:00:00Z"}, {"Country": "Netherlands", "CountryCode": "", "Province": "", "City": "", "CityCode": "", "Lat": "0", "Lon": "0", "Confirmed": 62406, "Deaths": 6187, "Recovered": 253, "Active": 55966, "Date": "2020-08-13T00:00:00Z"}, {"Country": "Netherlands", "CountryCode": "", "Province": "", "City": "", "CityCode": "", "Lat": "0", "Lon": "0", "Confirmed": 63127, "Deaths": 6189, "Recovered": 253, "Active": 56685, "Date": "2020-08-14T00:00:00Z"}, {"Country": "Netherlands", "CountryCode": "", "Province": "", "City": "", "CityCode": "", "Lat": "0", "Lon": "0", "Confirmed": 63889, "Deaths": 6191, "Recovered": 338, "Active": 57360, "Date": "2020-08-15T00:00:00Z"}, {"Country": "Netherlands", "CountryCode": "", "Province": "", "City": "", "CityCode": "", "Lat": "0", "Lon": "0", "Confirmed": 64468, "Deaths": 6194, "Recovered": 345, "Active": 57929, "Date": "2020-08-16T00:00:00Z"}, {"Country": "Netherlands", "CountryCode": "", "Province": "", "City": "", "CityCode": "", "Lat": "0", "Lon": "0", "Confirmed": 64980, "Deaths": 6194, "Recovered": 357, "Active": 58429, "Date": "2020-08-17T00:00:00Z"}, {"Country": "Netherlands", "CountryCode": "", "Province": "", "City": "", "CityCode": "", "Lat": "0", "Lon": "0", "Confirmed": 65560, "Deaths": 6197, "Recovered": 422, "Active": 58941, "Date": "2020-08-18T00:00:00Z"}, {"Country": "Netherlands", "CountryCode": "", "Province": "", "City": "", "CityCode": "", "Lat": "0", "Lon": "0", "Confirmed": 66218, "Deaths": 6204, "Recovered": 448, "Active": 59566, "Date": "2020-08-19T00:00:00Z"}, {"Country": "Netherlands", "CountryCode": "", "Province": "", "City": "", "CityCode": "", "Lat": "0", "Lon": "0", "Confirmed": 66843, "Deaths": 6215, "Recovered": 461, "Active": 60167, "Date": "2020-08-20T00:00:00Z"}, {"Country": "Netherlands", "CountryCode": "", "Province": "", "City": "", "CityCode": "", "Lat": "0", "Lon": "0", "Confirmed": 67456, "Deaths": 6219, "Recovered": 600, "Active": 60637, "Date": "2020-08-21T00:00:00Z"}, {"Country": "Netherlands", "CountryCode": "", "Province": "", "City": "", "CityCode": "", "Lat": "0", "Lon": "0", "Confirmed": 68051, "Deaths": 6225, "Recovered": 633, "Active": 61193, "Date": "2020-08-22T00:00:00Z"}, {"Country": "Netherlands", "CountryCode": "", "Province": "", "City": "", "CityCode": "", "Lat": "0", "Lon": "0", "Confirmed": 68570, "Deaths": 6225, "Recovered": 642, "Active": 61703, "Date": "2020-08-23T00:00:00Z"}, {"Country": "Netherlands", "CountryCode": "", "Province": "", "City": "", "CityCode": "", "Lat": "0", "Lon": "0", "Confirmed": 69224, "Deaths": 6227, "Recovered": 649, "Active": 62348, "Date": "2020-08-24T00:00:00Z"}, {"Country": "Netherlands", "CountryCode": "", "Province": "", "City": "", "CityCode": "", "Lat": "0", "Lon": "0", "Confirmed": 69683, "Deaths": 6233, "Recovered": 753, "Active": 62697, "Date": "2020-08-25T00:00:00Z"}, {"Country": "Netherlands", "CountryCode": "", "Province": "", "City": "", "CityCode": "", "Lat": "0", "Lon": "0", "Confirmed": 70382, "Deaths": 6241, "Recovered": 807, "Active": 63334, "Date": "2020-08-26T00:00:00Z"}, {"Country": "Netherlands", "CountryCode": "", "Province": "", "City": "", "CityCode": "", "Lat": "0", "Lon": "0", "Confirmed": 70984, "Deaths": 6244, "Recovered": 829, "Active": 63911, "Date": "2020-08-27T00:00:00Z"}, {"Country": "Netherlands", "CountryCode": "", "Province": "", "City": "", "CityCode": "", "Lat": "0", "Lon": "0", "Confirmed": 71557, "Deaths": 6247, "Recovered": 964, "Active": 64346, "Date": "2020-08-28T00:00:00Z"}, {"Country": "Netherlands", "CountryCode": "", "Province": "", "City": "", "CityCode": "", "Lat": "0", "Lon": "0", "Confirmed": 72128, "Deaths": 6252, "Recovered": 986, "Active": 64890, "Date": "2020-08-29T00:00:00Z"}, {"Country": "Netherlands", "CountryCode": "", "Province": "", "City": "", "CityCode": "", "Lat": "0", "Lon": "0", "Confirmed": 72679, "Deaths": 6252, "Recovered": 986, "Active": 65441, "Date": "2020-08-30T00:00:00Z"}, {"Country": "Netherlands", "CountryCode": "", "Province": "", "City": "", "CityCode": "", "Lat": "0", "Lon": "0", "Confirmed": 73232, "Deaths": 6252, "Recovered": 1010, "Active": 65970, "Date": "2020-08-31T00:00:00Z"}, {"Country": "Netherlands", "CountryCode": "", "Province": "", "City": "", "CityCode": "", "Lat": "0", "Lon": "0", "Confirmed": 73802, "Deaths": 6260, "Recovered": 1140, "Active": 66402, "Date": "2020-09-01T00:00:00Z"}, {"Country": "Netherlands", "CountryCode": "", "Province": "", "City": "", "CityCode": "", "Lat": "0", "Lon": "0", "Confirmed": 74660, "Deaths": 6267, "Recovered": 1282, "Active": 67111, "Date": "2020-09-02T00:00:00Z"}, {"Country": "Netherlands", "CountryCode": "", "Province": "", "City": "", "CityCode": "", "Lat": "0", "Lon": "0", "Confirmed": 75356, "Deaths": 6268, "Recovered": 1379, "Active": 67709, "Date": "2020-09-03T00:00:00Z"}, {"Country": "Netherlands", "CountryCode": "", "Province": "", "City": "", "CityCode": "", "Lat": "0", "Lon": "0", "Confirmed": 76173, "Deaths": 6270, "Recovered": 1467, "Active": 68436, "Date": "2020-09-04T00:00:00Z"}, {"Country": "Netherlands", "CountryCode": "", "Province": "", "City": "", "CityCode": "", "Lat": "0", "Lon": "0", "Confirmed": 76907, "Deaths": 6275, "Recovered": 1554, "Active": 69078, "Date": "2020-09-05T00:00:00Z"}, {"Country": "Netherlands", "CountryCode": "", "Province": "", "City": "", "CityCode": "", "Lat": "0", "Lon": "0", "Confirmed": 77857, "Deaths": 6277, "Recovered": 1560, "Active": 70020, "Date": "2020-09-06T00:00:00Z"}, {"Country": "Netherlands", "CountryCode": "", "Province": "", "City": "", "CityCode": "", "Lat": "0", "Lon": "0", "Confirmed": 78702, "Deaths": 6278, "Recovered": 1617, "Active": 70807, "Date": "2020-09-07T00:00:00Z"}, {"Country": "Netherlands", "CountryCode": "", "Province": "", "City": "", "CityCode": "", "Lat": "0", "Lon": "0", "Confirmed": 79792, "Deaths": 6279, "Recovered": 1669, "Active": 71844, "Date": "2020-09-08T00:00:00Z"}, {"Country": "Netherlands", "CountryCode": "", "Province": "", "City": "", "CityCode": "", "Lat": "0", "Lon": "0", "Confirmed": 81085, "Deaths": 6281, "Recovered": 1742, "Active": 73062, "Date": "2020-09-09T00:00:00Z"}, {"Country": "Netherlands", "CountryCode": "", "Province": "", "City": "", "CityCode": "", "Lat": "0", "Lon": "0", "Confirmed": 82016, "Deaths": 6285, "Recovered": 1802, "Active": 73929, "Date": "2020-09-10T00:00:00Z"}, {"Country": "Netherlands", "CountryCode": "", "Province": "", "City": "", "CityCode": "", "Lat": "0", "Lon": "0", "Confirmed": 83370, "Deaths": 6290, "Recovered": 1900, "Active": 75180, "Date": "2020-09-11T00:00:00Z"}, {"Country": "Netherlands", "CountryCode": "", "Province": "", "City": "", "CityCode": "", "Lat": "0", "Lon": "0", "Confirmed": 84709, "Deaths": 6291, "Recovered": 2035, "Active": 76383, "Date": "2020-09-12T00:00:00Z"}, {"Country": "Netherlands", "CountryCode": "", "Province": "", "City": "", "CityCode": "", "Lat": "0", "Lon": "0", "Confirmed": 85876, "Deaths": 6292, "Recovered": 2036, "Active": 77548, "Date": "2020-09-13T00:00:00Z"}, {"Country": "Netherlands", "CountryCode": "", "Province": "", "City": "", "CityCode": "", "Lat": "0", "Lon": "0", "Confirmed": 87194, "Deaths": 6296, "Recovered": 2061, "Active": 78837, "Date": "2020-09-14T00:00:00Z"}, {"Country": "Netherlands", "CountryCode": "", "Province": "", "City": "", "CityCode": "", "Lat": "0", "Lon": "0", "Confirmed": 88673, "Deaths": 6300, "Recovered": 2146, "Active": 80227, "Date": "2020-09-15T00:00:00Z"}, {"Country": "Netherlands", "CountryCode": "", "Province": "", "City": "", "CityCode": "", "Lat": "0", "Lon": "0", "Confirmed": 90425, "Deaths": 6303, "Recovered": 2238, "Active": 81884, "Date": "2020-09-16T00:00:00Z"}, {"Country": "Netherlands", "CountryCode": "", "Province": "", "City": "", "CityCode": "", "Lat": "0", "Lon": "0", "Confirmed": 92262, "Deaths": 6310, "Recovered": 2310, "Active": 83642, "Date": "2020-09-17T00:00:00Z"}, {"Country": "Netherlands", "CountryCode": "", "Province": "", "City": "", "CityCode": "", "Lat": "0", "Lon": "0", "Confirmed": 94345, "Deaths": 6318, "Recovered": 2716, "Active": 85311, "Date": "2020-09-18T00:00:00Z"}, {"Country": "Netherlands", "CountryCode": "", "Province": "", "City": "", "CityCode": "", "Lat": "0", "Lon": "0", "Confirmed": 96261, "Deaths": 6320, "Recovered": 2721, "Active": 87220, "Date": "2020-09-19T00:00:00Z"}, {"Country": "Netherlands", "CountryCode": "", "Province": "", "City": "", "CityCode": "", "Lat": "0", "Lon": "0", "Confirmed": 98217, "Deaths": 6324, "Recovered": 2840, "Active": 89053, "Date": "2020-09-20T00:00:00Z"}, {"Country": "Netherlands", "CountryCode": "", "Province": "", "City": "", "CityCode": "", "Lat": "0", "Lon": "0", "Confirmed": 100491, "Deaths": 6327, "Recovered": 2993, "Active": 91171, "Date": "2020-09-21T00:00:00Z"}, {"Country": "Netherlands", "CountryCode": "", "Province": "", "City": "", "CityCode": "", "Lat": "0", "Lon": "0", "Confirmed": 102844, "Deaths": 6338, "Recovered": 3059, "Active": 93447, "Date": "2020-09-22T00:00:00Z"}, {"Country": "Netherlands", "CountryCode": "", "Province": "", "City": "", "CityCode": "", "Lat": "0", "Lon": "0", "Confirmed": 105304, "Deaths": 6344, "Recovered": 3143, "Active": 95817, "Date": "2020-09-23T00:00:00Z"}, {"Country": "Netherlands", "CountryCode": "", "Province": "", "City": "", "CityCode": "", "Lat": "0", "Lon": "0", "Confirmed": 107899, "Deaths": 6361, "Recovered": 3317, "Active": 98221, "Date": "2020-09-24T00:00:00Z"}, {"Country": "Netherlands", "CountryCode": "", "Province": "", "City": "", "CityCode": "", "Lat": "0", "Lon": "0", "Confirmed": 110758, "Deaths": 6377, "Recovered": 3430, "Active": 100951, "Date": "2020-09-25T00:00:00Z"}, {"Country": "Netherlands", "CountryCode": "", "Province": "", "City": "", "CityCode": "", "Lat": "0", "Lon": "0", "Confirmed": 113518, "Deaths": 6415, "Recovered": 3516, "Active": 103587, "Date": "2020-09-26T00:00:00Z"}, {"Country": "Netherlands", "CountryCode": "", "Province": "", "City": "", "CityCode": "", "Lat": "0", "Lon": "0", "Confirmed": 116559, "Deaths": 6423, "Recovered": 3642, "Active": 106494, "Date": "2020-09-27T00:00:00Z"}, {"Country": "Netherlands", "CountryCode": "", "Province": "", "City": "", "CityCode": "", "Lat": "0", "Lon": "0", "Confirmed": 119509, "Deaths": 6429, "Recovered": 3755, "Active": 109325, "Date": "2020-09-28T00:00:00Z"}, {"Country": "Netherlands", "CountryCode": "", "Province": "", "City": "", "CityCode": "", "Lat": "0", "Lon": "0", "Confirmed": 122620, "Deaths": 6443, "Recovered": 3919, "Active": 112258, "Date": "2020-09-29T00:00:00Z"}, {"Country": "Netherlands", "CountryCode": "", "Province": "", "City": "", "CityCode": "", "Lat": "0", "Lon": "0", "Confirmed": 125988, "Deaths": 6457, "Recovered": 4019, "Active": 115512, "Date": "2020-09-30T00:00:00Z"}, {"Country": "Netherlands", "CountryCode": "", "Province": "", "City": "", "CityCode": "", "Lat": "0", "Lon": "0", "Confirmed": 129283, "Deaths": 6470, "Recovered": 4111, "Active": 118702, "Date": "2020-10-01T00:00:00Z"}, {"Country": "Netherlands", "CountryCode": "", "Province": "", "City": "", "CityCode": "", "Lat": "0", "Lon": "0", "Confirmed": 133166, "Deaths": 6482, "Recovered": 4207, "Active": 122477, "Date": "2020-10-02T00:00:00Z"}, {"Country": "Netherlands", "CountryCode": "", "Province": "", "City": "", "CityCode": "", "Lat": "0", "Lon": "0", "Confirmed": 137194, "Deaths": 6503, "Recovered": 4305, "Active": 126386, "Date": "2020-10-03T00:00:00Z"}, {"Country": "Netherlands", "CountryCode": "", "Province": "", "City": "", "CityCode": "", "Lat": "0", "Lon": "0", "Confirmed": 141226, "Deaths": 6508, "Recovered": 4381, "Active": 130337, "Date": "2020-10-04T00:00:00Z"}, {"Country": "Netherlands", "CountryCode": "", "Province": "", "City": "", "CityCode": "", "Lat": "0", "Lon": "0", "Confirmed": 145837, "Deaths": 6509, "Recovered": 4492, "Active": 134836, "Date": "2020-10-05T00:00:00Z"}, {"Country": "Netherlands", "CountryCode": "", "Province": "", "City": "", "CityCode": "", "Lat": "0", "Lon": "0", "Confirmed": 150413, "Deaths": 6538, "Recovered": 4564, "Active": 139311, "Date": "2020-10-06T00:00:00Z"}, {"Country": "Netherlands", "CountryCode": "", "Province": "", "City": "", "CityCode": "", "Lat": "0", "Lon": "0", "Confirmed": 155465, "Deaths": 6574, "Recovered": 4607, "Active": 144284, "Date": "2020-10-07T00:00:00Z"}, {"Country": "Netherlands", "CountryCode": "", "Province": "", "City": "", "CityCode": "", "Lat": "0", "Lon": "0", "Confirmed": 161332, "Deaths": 6587, "Recovered": 4686, "Active": 150059, "Date": "2020-10-08T00:00:00Z"}, {"Country": "Netherlands", "CountryCode": "", "Province": "", "City": "", "CityCode": "", "Lat": "0", "Lon": "0", "Confirmed": 167348, "Deaths": 6601, "Recovered": 4709, "Active": 156038, "Date": "2020-10-09T00:00:00Z"}, {"Country": "Netherlands", "CountryCode": "", "Province": "", "City": "", "CityCode": "", "Lat": "0", "Lon": "0", "Confirmed": 173894, "Deaths": 6624, "Recovered": 4761, "Active": 162509, "Date": "2020-10-10T00:00:00Z"}, {"Country": "Netherlands", "CountryCode": "", "Province": "", "City": "", "CityCode": "", "Lat": "0", "Lon": "0", "Confirmed": 180288, "Deaths": 6642, "Recovered": 4783, "Active": 168863, "Date": "2020-10-11T00:00:00Z"}, {"Country": "Netherlands", "CountryCode": "", "Province": "", "City": "", "CityCode": "", "Lat": "0", "Lon": "0", "Confirmed": 187138, "Deaths": 6654, "Recovered": 4832, "Active": 175652, "Date": "2020-10-12T00:00:00Z"}, {"Country": "Netherlands", "CountryCode": "", "Province": "", "City": "", "CityCode": "", "Lat": "0", "Lon": "0", "Confirmed": 194591, "Deaths": 6689, "Recovered": 4915, "Active": 182987, "Date": "2020-10-13T00:00:00Z"}, {"Country": "Netherlands", "CountryCode": "", "Province": "", "City": "", "CityCode": "", "Lat": "0", "Lon": "0", "Confirmed": 201942, "Deaths": 6720, "Recovered": 5010, "Active": 190212, "Date": "2020-10-14T00:00:00Z"}, {"Country": "Netherlands", "CountryCode": "", "Province": "", "City": "", "CityCode": "", "Lat": "0", "Lon": "0", "Confirmed": 209799, "Deaths": 6749, "Recovered": 5049, "Active": 198001, "Date": "2020-10-15T00:00:00Z"}, {"Country": "Netherlands", "CountryCode": "", "Province": "", "City": "", "CityCode": "", "Lat": "0", "Lon": "0", "Confirmed": 217821, "Deaths": 6765, "Recovered": 5108, "Active": 205948, "Date": "2020-10-16T00:00:00Z"}, {"Country": "Netherlands", "CountryCode": "", "Province": "", "City": "", "CityCode": "", "Lat": "0", "Lon": "0", "Confirmed": 225970, "Deaths": 6797, "Recovered": 5184, "Active": 213989, "Date": "2020-10-17T00:00:00Z"}, {"Country": "Netherlands", "CountryCode": "", "Province": "", "City": "", "CityCode": "", "Lat": "0", "Lon": "0", "Confirmed": 234203, "Deaths": 6811, "Recovered": 5206, "Active": 222186, "Date": "2020-10-18T00:00:00Z"}, {"Country": "Netherlands", "CountryCode": "", "Province": "", "City": "", "CityCode": "", "Lat": "0", "Lon": "0", "Confirmed": 242217, "Deaths": 6828, "Recovered": 5294, "Active": 230095, "Date": "2020-10-19T00:00:00Z"}, {"Country": "Netherlands", "CountryCode": "", "Province": "", "City": "", "CityCode": "", "Lat": "0", "Lon": "0", "Confirmed": 250411, "Deaths": 6874, "Recovered": 5327, "Active": 238210, "Date": "2020-10-20T00:00:00Z"}, {"Country": "Netherlands", "CountryCode": "", "Province": "", "City": "", "CityCode": "", "Lat": "0", "Lon": "0", "Confirmed": 259207, "Deaths": 6934, "Recovered": 5365, "Active": 246908, "Date": "2020-10-21T00:00:00Z"}, {"Country": "Netherlands", "CountryCode": "", "Province": "", "City": "", "CityCode": "", "Lat": "0", "Lon": "0", "Confirmed": 268517, "Deaths": 6981, "Recovered": 5431, "Active": 256105, "Date": "2020-10-22T00:00:00Z"}, {"Country": "Netherlands", "CountryCode": "", "Province": "", "City": "", "CityCode": "", "Lat": "0", "Lon": "0", "Confirmed": 278546, "Deaths": 7026, "Recovered": 5517, "Active": 266003, "Date": "2020-10-23T00:00:00Z"}, {"Country": "Netherlands", "CountryCode": "", "Province": "", "City": "", "CityCode": "", "Lat": "0", "Lon": "0", "Confirmed": 287229, "Deaths": 7081, "Recovered": 5567, "Active": 274581, "Date": "2020-10-24T00:00:00Z"}, {"Country": "Netherlands", "CountryCode": "", "Province": "", "City": "", "CityCode": "", "Lat": "0", "Lon": "0", "Confirmed": 297466, "Deaths": 7108, "Recovered": 5619, "Active": 284739, "Date": "2020-10-25T00:00:00Z"}, {"Country": "Netherlands", "CountryCode": "", "Province": "", "City": "", "CityCode": "", "Lat": "0", "Lon": "0", "Confirmed": 307831, "Deaths": 7134, "Recovered": 5648, "Active": 295049, "Date": "2020-10-26T00:00:00Z"}, {"Country": "Netherlands", "CountryCode": "", "Province": "", "City": "", "CityCode": "", "Lat": "0", "Lon": "0", "Confirmed": 318152, "Deaths": 7204, "Recovered": 5699, "Active": 305249, "Date": "2020-10-27T00:00:00Z"}, {"Country": "Netherlands", "CountryCode": "", "Province": "", "City": "", "CityCode": "", "Lat": "0", "Lon": "0", "Confirmed": 326308, "Deaths": 7265, "Recovered": 5738, "Active": 313305, "Date": "2020-10-28T00:00:00Z"}, {"Country": "Netherlands", "CountryCode": "", "Province": "", "City": "", "CityCode": "", "Lat": "0", "Lon": "0", "Confirmed": 336629, "Deaths": 7321, "Recovered": 5804, "Active": 323504, "Date": "2020-10-29T00:00:00Z"}, {"Country": "Netherlands", "CountryCode": "", "Province": "", "City": "", "CityCode": "", "Lat": "0", "Lon": "0", "Confirmed": 347801, "Deaths": 7408, "Recovered": 5844, "Active": 334549, "Date": "2020-10-30T00:00:00Z"}, {"Country": "Netherlands", "CountryCode": "", "Province": "", "City": "", "CityCode": "", "Lat": "0", "Lon": "0", "Confirmed": 357640, "Deaths": 7459, "Recovered": 5882, "Active": 344299, "Date": "2020-10-31T00:00:00Z"}, {"Country": "Netherlands", "CountryCode": "", "Province": "", "City": "", "CityCode": "", "Lat": "0", "Lon": "0", "Confirmed": 366351, "Deaths": 7498, "Recovered": 5908, "Active": 352945, "Date": "2020-11-01T00:00:00Z"}, {"Country": "Netherlands", "CountryCode": "", "Province": "", "City": "", "CityCode": "", "Lat": "0", "Lon": "0", "Confirmed": 374663, "Deaths": 7527, "Recovered": 5934, "Active": 361202, "Date": "2020-11-02T00:00:00Z"}, {"Country": "Netherlands", "CountryCode": "", "Province": "", "City": "", "CityCode": "", "Lat": "0", "Lon": "0", "Confirmed": 382440, "Deaths": 7640, "Recovered": 5975, "Active": 368825, "Date": "2020-11-03T00:00:00Z"}, {"Country": "Netherlands", "CountryCode": "", "Province": "", "City": "", "CityCode": "", "Lat": "0", "Lon": "0", "Confirmed": 390120, "Deaths": 7748, "Recovered": 6007, "Active": 376365, "Date": "2020-11-04T00:00:00Z"}, {"Country": "Netherlands", "CountryCode": "", "Province": "", "City": "", "CityCode": "", "Lat": "0", "Lon": "0", "Confirmed": 397112, "Deaths": 7836, "Recovered": 6045, "Active": 383231, "Date": "2020-11-05T00:00:00Z"}, {"Country": "Netherlands", "CountryCode": "", "Province": "", "City": "", "CityCode": "", "Lat": "0", "Lon": "0", "Confirmed": 404392, "Deaths": 7954, "Recovered": 6075, "Active": 390363, "Date": "2020-11-06T00:00:00Z"}, {"Country": "Netherlands", "CountryCode": "", "Province": "", "City": "", "CityCode": "", "Lat": "0", "Lon": "0", "Confirmed": 411107, "Deaths": 8028, "Recovered": 6123, "Active": 396956, "Date": "2020-11-07T00:00:00Z"}, {"Country": "Netherlands", "CountryCode": "", "Province": "", "City": "", "CityCode": "", "Lat": "0", "Lon": "0", "Confirmed": 416806, "Deaths": 8072, "Recovered": 6137, "Active": 402597, "Date": "2020-11-08T00:00:00Z"}, {"Country": "Netherlands", "CountryCode": "", "Province": "", "City": "", "CityCode": "", "Lat": "0", "Lon": "0", "Confirmed": 421503, "Deaths": 8112, "Recovered": 6157, "Active": 407234, "Date": "2020-11-09T00:00:00Z"}, {"Country": "Netherlands", "CountryCode": "", "Province": "", "City": "", "CityCode": "", "Lat": "0", "Lon": "0", "Confirmed": 426227, "Deaths": 8211, "Recovered": 6185, "Active": 411831, "Date": "2020-11-10T00:00:00Z"}, {"Country": "Netherlands", "CountryCode": "", "Province": "", "City": "", "CityCode": "", "Lat": "0", "Lon": "0", "Confirmed": 431696, "Deaths": 8286, "Recovered": 6246, "Active": 417164, "Date": "2020-11-11T00:00:00Z"}, {"Country": "Netherlands", "CountryCode": "", "Province": "", "City": "", "CityCode": "", "Lat": "0", "Lon": "0", "Confirmed": 437376, "Deaths": 8375, "Recovered": 6372, "Active": 422629, "Date": "2020-11-12T00:00:00Z"}, {"Country": "Netherlands", "CountryCode": "", "Province": "", "City": "", "CityCode": "", "Lat": "0", "Lon": "0", "Confirmed": 443533, "Deaths": 8430, "Recovered": 6410, "Active": 428693, "Date": "2020-11-13T00:00:00Z"}, {"Country": "Netherlands", "CountryCode": "", "Province": "", "City": "", "CityCode": "", "Lat": "0", "Lon": "0", "Confirmed": 449501, "Deaths": 8516, "Recovered": 6430, "Active": 434555, "Date": "2020-11-14T00:00:00Z"}, {"Country": "Netherlands", "CountryCode": "", "Province": "", "City": "", "CityCode": "", "Lat": "0", "Lon": "0", "Confirmed": 454961, "Deaths": 8559, "Recovered": 6448, "Active": 439954, "Date": "2020-11-15T00:00:00Z"}, {"Country": "Netherlands", "CountryCode": "", "Province": "", "City": "", "CityCode": "", "Lat": "0", "Lon": "0", "Confirmed": 459837, "Deaths": 8603, "Recovered": 6488, "Active": 444746, "Date": "2020-11-16T00:00:00Z"}, {"Country": "Netherlands", "CountryCode": "", "Province": "", "City": "", "CityCode": "", "Lat": "0", "Lon": "0", "Confirmed": 464205, "Deaths": 8689, "Recovered": 6511, "Active": 449005, "Date": "2020-11-17T00:00:00Z"}, {"Country": "Netherlands", "CountryCode": "", "Province": "", "City": "", "CityCode": "", "Lat": "0", "Lon": "0", "Confirmed": 468900, "Deaths": 8772, "Recovered": 6536, "Active": 453592, "Date": "2020-11-18T00:00:00Z"}, {"Country": "Netherlands", "CountryCode": "", "Province": "", "City": "", "CityCode": "", "Lat": "0", "Lon": "0", "Confirmed": 474641, "Deaths": 8846, "Recovered": 6566, "Active": 459229, "Date": "2020-11-19T00:00:00Z"}, {"Country": "Netherlands", "CountryCode": "", "Province": "", "City": "", "CityCode": "", "Lat": "0", "Lon": "0", "Confirmed": 480649, "Deaths": 8898, "Recovered": 6592, "Active": 465159, "Date": "2020-11-20T00:00:00Z"}, {"Country": "Netherlands", "CountryCode": "", "Province": "", "City": "", "CityCode": "", "Lat": "0", "Lon": "0", "Confirmed": 486820, "Deaths": 8946, "Recovered": 6618, "Active": 471256, "Date": "2020-11-21T00:00:00Z"}, {"Country": "Netherlands", "CountryCode": "", "Province": "", "City": "", "CityCode": "", "Lat": "0", "Lon": "0", "Confirmed": 492293, "Deaths": 8967, "Recovered": 6642, "Active": 476684, "Date": "2020-11-22T00:00:00Z"}, {"Country": "Netherlands", "CountryCode": "", "Province": "", "City": "", "CityCode": "", "Lat": "0", "Lon": "0", "Confirmed": 497501, "Deaths": 9021, "Recovered": 6693, "Active": 481787, "Date": "2020-11-23T00:00:00Z"}, {"Country": "Netherlands", "CountryCode": "", "Province": "", "City": "", "CityCode": "", "Lat": "0", "Lon": "0", "Confirmed": 501503, "Deaths": 9111, "Recovered": 6722, "Active": 485670, "Date": "2020-11-24T00:00:00Z"}, {"Country": "Netherlands", "CountryCode": "", "Province": "", "City": "", "CityCode": "", "Lat": "0", "Lon": "0", "Confirmed": 506557, "Deaths": 9185, "Recovered": 6763, "Active": 490609, "Date": "2020-11-25T00:00:00Z"}, {"Country": "Netherlands", "CountryCode": "", "Province": "", "City": "", "CityCode": "", "Lat": "0", "Lon": "0", "Confirmed": 511162, "Deaths": 9260, "Recovered": 6801, "Active": 495101, "Date": "2020-11-26T00:00:00Z"}, {"Country": "Netherlands", "CountryCode": "", "Province": "", "City": "", "CityCode": "", "Lat": "0", "Lon": "0", "Confirmed": 517045, "Deaths": 9343, "Recovered": 6853, "Active": 500849, "Date": "2020-11-27T00:00:00Z"}, {"Country": "Netherlands", "CountryCode": "", "Province": "", "City": "", "CityCode": "", "Lat": "0", "Lon": "0", "Confirmed": 521639, "Deaths": 9403, "Recovered": 6889, "Active": 505347, "Date": "2020-11-28T00:00:00Z"}, {"Country": "Netherlands", "CountryCode": "", "Province": "", "City": "", "CityCode": "", "Lat": "0", "Lon": "0", "Confirmed": 527336, "Deaths": 9426, "Recovered": 6921, "Active": 510989, "Date": "2020-11-29T00:00:00Z"}, {"Country": "Netherlands", "CountryCode": "", "Province": "", "City": "", "CityCode": "", "Lat": "0", "Lon": "0", "Confirmed": 531930, "Deaths": 9453, "Recovered": 6947, "Active": 515530, "Date": "2020-11-30T00:00:00Z"}, {"Country": "Netherlands", "CountryCode": "", "Province": "", "City": "", "CityCode": "", "Lat": "0", "Lon": "0", "Confirmed": 536129, "Deaths": 9518, "Recovered": 7017, "Active": 519594, "Date": "2020-12-01T00:00:00Z"}, {"Country": "Netherlands", "CountryCode": "", "Province": "", "City": "", "CityCode": "", "Lat": "0", "Lon": "0", "Confirmed": 541238, "Deaths": 9584, "Recovered": 7066, "Active": 524588, "Date": "2020-12-02T00:00:00Z"}, {"Country": "Netherlands", "CountryCode": "", "Province": "", "City": "", "CityCode": "", "Lat": "0", "Lon": "0", "Confirmed": 546982, "Deaths": 9645, "Recovered": 7129, "Active": 530208, "Date": "2020-12-03T00:00:00Z"}, {"Country": "Netherlands", "CountryCode": "", "Province": "", "City": "", "CityCode": "", "Lat": "0", "Lon": "0", "Confirmed": 553040, "Deaths": 9704, "Recovered": 7203, "Active": 536133, "Date": "2020-12-04T00:00:00Z"}, {"Country": "Netherlands", "CountryCode": "", "Province": "", "City": "", "CityCode": "", "Lat": "0", "Lon": "0", "Confirmed": 559716, "Deaths": 9743, "Recovered": 7266, "Active": 542707, "Date": "2020-12-05T00:00:00Z"}, {"Country": "Netherlands", "CountryCode": "", "Province": "", "City": "", "CityCode": "", "Lat": "0", "Lon": "0", "Confirmed": 566628, "Deaths": 9768, "Recovered": 7300, "Active": 549560, "Date": "2020-12-06T00:00:00Z"}, {"Country": "Netherlands", "CountryCode": "", "Province": "", "City": "", "CityCode": "", "Lat": "0", "Lon": "0", "Confirmed": 573750, "Deaths": 9786, "Recovered": 7341, "Active": 556623, "Date": "2020-12-07T00:00:00Z"}, {"Country": "Netherlands", "CountryCode": "", "Province": "", "City": "", "CityCode": "", "Lat": "0", "Lon": "0", "Confirmed": 579997, "Deaths": 9857, "Recovered": 7413, "Active": 562727, "Date": "2020-12-08T00:00:00Z"}, {"Country": "Netherlands", "CountryCode": "", "Province": "", "City": "", "CityCode": "", "Lat": "0", "Lon": "0", "Confirmed": 586643, "Deaths": 9923, "Recovered": 7551, "Active": 569169, "Date": "2020-12-09T00:00:00Z"}, {"Country": "Netherlands", "CountryCode": "", "Province": "", "City": "", "CityCode": "", "Lat": "0", "Lon": "0", "Confirmed": 595473, "Deaths": 9985, "Recovered": 7651, "Active": 577837, "Date": "2020-12-10T00:00:00Z"}, {"Country": "Netherlands", "CountryCode": "", "Province": "", "City": "", "CityCode": "", "Lat": "0", "Lon": "0", "Confirmed": 604452, "Deaths": 10051, "Recovered": 7747, "Active": 586654, "Date": "2020-12-11T00:00:00Z"}, {"Country": "Netherlands", "CountryCode": "", "Province": "", "City": "", "CityCode": "", "Lat": "0", "Lon": "0", "Confirmed": 613630, "Deaths": 10104, "Recovered": 7838, "Active": 595688, "Date": "2020-12-12T00:00:00Z"}, {"Country": "Netherlands", "CountryCode": "", "Province": "", "City": "", "CityCode": "", "Lat": "0", "Lon": "0", "Confirmed": 623567, "Deaths": 10134, "Recovered": 7872, "Active": 605561, "Date": "2020-12-13T00:00:00Z"}, {"Country": "Netherlands", "CountryCode": "", "Province": "", "City": "", "CityCode": "", "Lat": "0", "Lon": "0", "Confirmed": 632085, "Deaths": 10168, "Recovered": 7944, "Active": 613973, "Date": "2020-12-14T00:00:00Z"}, {"Country": "Netherlands", "CountryCode": "", "Province": "", "City": "", "CityCode": "", "Lat": "0", "Lon": "0", "Confirmed": 638801, "Deaths": 10254, "Recovered": 8077, "Active": 620470, "Date": "2020-12-15T00:00:00Z"}, {"Country": "Netherlands", "CountryCode": "", "Province": "", "City": "", "CityCode": "", "Lat": "0", "Lon": "0", "Confirmed": 650072, "Deaths": 10333, "Recovered": 8152, "Active": 631587, "Date": "2020-12-16T00:00:00Z"}, {"Country": "Netherlands", "CountryCode": "", "Province": "", "City": "", "CityCode": "", "Lat": "0", "Lon": "0", "Confirmed": 662943, "Deaths": 10408, "Recovered": 8324, "Active": 644211, "Date": "2020-12-17T00:00:00Z"}, {"Country": "Netherlands", "CountryCode": "", "Province": "", "City": "", "CityCode": "", "Lat": "0", "Lon": "0", "Confirmed": 674967, "Deaths": 10492, "Recovered": 8461, "Active": 656014, "Date": "2020-12-18T00:00:00Z"}, {"Country": "Netherlands", "CountryCode": "", "Province": "", "City": "", "CityCode": "", "Lat": "0", "Lon": "0", "Confirmed": 687250, "Deaths": 10546, "Recovered": 8517, "Active": 668187, "Date": "2020-12-19T00:00:00Z"}, {"Country": "Netherlands", "CountryCode": "", "Province": "", "City": "", "CityCode": "", "Lat": "0", "Lon": "0", "Confirmed": 700322, "Deaths": 10578, "Recovered": 8589, "Active": 681155, "Date": "2020-12-20T00:00:00Z"}, {"Country": "Netherlands", "CountryCode": "", "Province": "", "City": "", "CityCode": "", "Lat": "0", "Lon": "0", "Confirmed": 711540, "Deaths": 10606, "Recovered": 8627, "Active": 692307, "Date": "2020-12-21T00:00:00Z"}, {"Country": "Netherlands", "CountryCode": "", "Province": "", "City": "", "CityCode": "", "Lat": "0", "Lon": "0", "Confirmed": 721429, "Deaths": 10720, "Recovered": 8743, "Active": 701966, "Date": "2020-12-22T00:00:00Z"}, {"Country": "Netherlands", "CountryCode": "", "Province": "", "City": "", "CityCode": "", "Lat": "0", "Lon": "0", "Confirmed": 731902, "Deaths": 10825, "Recovered": 8802, "Active": 712275, "Date": "2020-12-23T00:00:00Z"}, {"Country": "Netherlands", "CountryCode": "", "Province": "", "City": "", "CityCode": "", "Lat": "0", "Lon": "0", "Confirmed": 743493, "Deaths": 10914, "Recovered": 8873, "Active": 723706, "Date": "2020-12-24T00:00:00Z"}, {"Country": "Netherlands", "CountryCode": "", "Province": "", "City": "", "CityCode": "", "Lat": "0", "Lon": "0", "Confirmed": 755038, "Deaths": 11015, "Recovered": 8933, "Active": 735090, "Date": "2020-12-25T00:00:00Z"}, {"Country": "Netherlands", "CountryCode": "", "Province": "", "City": "", "CityCode": "", "Lat": "0", "Lon": "0", "Confirmed": 764907, "Deaths": 11062, "Recovered": 8974, "Active": 744871, "Date": "2020-12-26T00:00:00Z"}, {"Country": "Netherlands", "CountryCode": "", "Province": "", "City": "", "CityCode": "", "Lat": "0", "Lon": "0", "Confirmed": 774009, "Deaths": 11090, "Recovered": 9033, "Active": 753886, "Date": "2020-12-27T00:00:00Z"}, {"Country": "Netherlands", "CountryCode": "", "Province": "", "City": "", "CityCode": "", "Lat": "0", "Lon": "0", "Confirmed": 781467, "Deaths": 11135, "Recovered": 9150, "Active": 761182, "Date": "2020-12-28T00:00:00Z"}, {"Country": "Netherlands", "CountryCode": "", "Province": "", "City": "", "CityCode": "", "Lat": "0", "Lon": "0", "Confirmed": 789059, "Deaths": 11305, "Recovered": 9257, "Active": 768497, "Date": "2020-12-29T00:00:00Z"}, {"Country": "Netherlands", "CountryCode": "", "Province": "", "City": "", "CityCode": "", "Lat": "0", "Lon": "0", "Confirmed": 798592, "Deaths": 11417, "Recovered": 9389, "Active": 777786, "Date": "2020-12-30T00:00:00Z"}, {"Country": "Netherlands", "CountryCode": "", "Province": "", "City": "", "CityCode": "", "Lat": "0", "Lon": "0", "Confirmed": 808382, "Deaths": 11525, "Recovered": 9585, "Active": 787272, "Date": "2020-12-31T00:00:00Z"}, {"Country": "Netherlands", "CountryCode": "", "Province": "", "City": "", "CityCode": "", "Lat": "0", "Lon": "0", "Confirmed": 816616, "Deaths": 11624, "Recovered": 9651, "Active": 795341, "Date": "2021-01-01T00:00:00Z"}, {"Country": "Netherlands", "CountryCode": "", "Province": "", "City": "", "CityCode": "", "Lat": "0", "Lon": "0", "Confirmed": 825249, "Deaths": 11660, "Recovered": 9694, "Active": 803895, "Date": "2021-01-02T00:00:00Z"}, {"Country": "Netherlands", "CountryCode": "", "Province": "", "City": "", "CityCode": "", "Lat": "0", "Lon": "0", "Confirmed": 832702, "Deaths": 11707, "Recovered": 9919, "Active": 811076, "Date": "2021-01-03T00:00:00Z"}, {"Country": "Netherlands", "CountryCode": "", "Province": "", "City": "", "CityCode": "", "Lat": "0", "Lon": "0", "Confirmed": 839316, "Deaths": 11770, "Recovered": 10048, "Active": 817498, "Date": "2021-01-04T00:00:00Z"}, {"Country": "Netherlands", "CountryCode": "", "Province": "", "City": "", "CityCode": "", "Lat": "0", "Lon": "0", "Confirmed": 845822, "Deaths": 11922, "Recovered": 10122, "Active": 823778, "Date": "2021-01-05T00:00:00Z"}, {"Country": "Netherlands", "CountryCode": "", "Province": "", "City": "", "CityCode": "", "Lat": "0", "Lon": "0", "Confirmed": 853060, "Deaths": 12096, "Recovered": 10303, "Active": 830661, "Date": "2021-01-06T00:00:00Z"}, {"Country": "Netherlands", "CountryCode": "", "Province": "", "City": "", "CityCode": "", "Lat": "0", "Lon": "0", "Confirmed": 862805, "Deaths": 12182, "Recovered": 10376, "Active": 840247, "Date": "2021-01-07T00:00:00Z"}, {"Country": "Netherlands", "CountryCode": "", "Province": "", "City": "", "CityCode": "", "Lat": "0", "Lon": "0", "Confirmed": 871063, "Deaths": 12269, "Recovered": 10514, "Active": 848280, "Date": "2021-01-08T00:00:00Z"}, {"Country": "Netherlands", "CountryCode": "", "Province": "", "City": "", "CityCode": "", "Lat": "0", "Lon": "0", "Confirmed": 878443, "Deaths": 12406, "Recovered": 10716, "Active": 855321, "Date": "2021-01-09T00:00:00Z"}, {"Country": "Netherlands", "CountryCode": "", "Province": "", "City": "", "CityCode": "", "Lat": "0", "Lon": "0", "Confirmed": 885098, "Deaths": 12461, "Recovered": 10952, "Active": 861685, "Date": "2021-01-10T00:00:00Z"}, {"Country": "Netherlands", "CountryCode": "", "Province": "", "City": "", "CityCode": "", "Lat": "0", "Lon": "0", "Confirmed": 890566, "Deaths": 12512, "Recovered": 11089, "Active": 866965, "Date": "2021-01-11T00:00:00Z"}, {"Country": "Netherlands", "CountryCode": "", "Province": "", "City": "", "CityCode": "", "Lat": "0", "Lon": "0", "Confirmed": 895543, "Deaths": 12664, "Recovered": 11174, "Active": 871705, "Date": "2021-01-12T00:00:00Z"}, {"Country": "Netherlands", "CountryCode": "", "Province": "", "City": "", "CityCode": "", "Lat": "0", "Lon": "0", "Confirmed": 901740, "Deaths": 12786, "Recovered": 11297, "Active": 877657, "Date": "2021-01-13T00:00:00Z"}, {"Country": "Netherlands", "CountryCode": "", "Province": "", "City": "", "CityCode": "", "Lat": "0", "Lon": "0", "Confirmed": 908306, "Deaths": 12875, "Recovered": 11528, "Active": 883903, "Date": "2021-01-14T00:00:00Z"}, {"Country": "Netherlands", "CountryCode": "", "Province": "", "City": "", "CityCode": "", "Lat": "0", "Lon": "0", "Confirmed": 914388, "Deaths": 12969, "Recovered": 11681, "Active": 889738, "Date": "2021-01-15T00:00:00Z"}, {"Country": "Netherlands", "CountryCode": "", "Province": "", "City": "", "CityCode": "", "Lat": "0", "Lon": "0", "Confirmed": 919712, "Deaths": 13066, "Recovered": 11786, "Active": 894860, "Date": "2021-01-16T00:00:00Z"}, {"Country": "Netherlands", "CountryCode": "", "Province": "", "City": "", "CityCode": "", "Lat": "0", "Lon": "0", "Confirmed": 925355, "Deaths": 13107, "Recovered": 11890, "Active": 900358, "Date": "2021-01-17T00:00:00Z"}, {"Country": "Netherlands", "CountryCode": "", "Province": "", "City": "", "CityCode": "", "Lat": "0", "Lon": "0", "Confirmed": 930147, "Deaths": 13157, "Recovered": 11983, "Active": 905007, "Date": "2021-01-18T00:00:00Z"}, {"Country": "Netherlands", "CountryCode": "", "Province": "", "City": "", "CityCode": "", "Lat": "0", "Lon": "0", "Confirmed": 934503, "Deaths": 13264, "Recovered": 12038, "Active": 909201, "Date": "2021-01-19T00:00:00Z"}, {"Country": "Netherlands", "CountryCode": "", "Province": "", "City": "", "CityCode": "", "Lat": "0", "Lon": "0", "Confirmed": 940106, "Deaths": 13350, "Recovered": 12102, "Active": 914654, "Date": "2021-01-20T00:00:00Z"}, {"Country": "Netherlands", "CountryCode": "", "Province": "", "City": "", "CityCode": "", "Lat": "0", "Lon": "0", "Confirmed": 945948, "Deaths": 13439, "Recovered": 12155, "Active": 920354, "Date": "2021-01-21T00:00:00Z"}, {"Country": "Netherlands", "CountryCode": "", "Province": "", "City": "", "CityCode": "", "Lat": "0", "Lon": "0", "Confirmed": 951747, "Deaths": 13528, "Recovered": 12258, "Active": 925961, "Date": "2021-01-22T00:00:00Z"}, {"Country": "Netherlands", "CountryCode": "", "Province": "", "City": "", "CityCode": "", "Lat": "0", "Lon": "0", "Confirmed": 957213, "Deaths": 13616, "Recovered": 12335, "Active": 931262, "Date": "2021-01-23T00:00:00Z"}, {"Country": "Netherlands", "CountryCode": "", "Province": "", "City": "", "CityCode": "", "Lat": "0", "Lon": "0", "Confirmed": 962153, "Deaths": 13646, "Recovered": 12428, "Active": 936079, "Date": "2021-01-24T00:00:00Z"}, {"Country": "Netherlands", "CountryCode": "", "Province": "", "City": "", "CityCode": "", "Lat": "0", "Lon": "0", "Confirmed": 966194, "Deaths": 13686, "Recovered": 12510, "Active": 939998, "Date": "2021-01-25T00:00:00Z"}, {"Country": "Netherlands", "CountryCode": "", "Province": "", "City": "", "CityCode": "", "Lat": "0", "Lon": "0", "Confirmed": 970156, "Deaths": 13772, "Recovered": 12582, "Active": 943802, "Date": "2021-01-26T00:00:00Z"}, {"Country": "Netherlands", "CountryCode": "", "Province": "", "City": "", "CityCode": "", "Lat": "0", "Lon": "0", "Confirmed": 974972, "Deaths": 13841, "Recovered": 12649, "Active": 948482, "Date": "2021-01-27T00:00:00Z"}, {"Country": "Netherlands", "CountryCode": "", "Province": "", "City": "", "CityCode": "", "Lat": "0", "Lon": "0", "Confirmed": 979702, "Deaths": 13925, "Recovered": 12697, "Active": 953080, "Date": "2021-01-28T00:00:00Z"}, {"Country": "Netherlands", "CountryCode": "", "Province": "", "City": "", "CityCode": "", "Lat": "0", "Lon": "0", "Confirmed": 984120, "Deaths": 13981, "Recovered": 12789, "Active": 957350, "Date": "2021-01-29T00:00:00Z"}, {"Country": "Netherlands", "CountryCode": "", "Province": "", "City": "", "CityCode": "", "Lat": "0", "Lon": "0", "Confirmed": 988350, "Deaths": 14069, "Recovered": 12839, "Active": 961442, "Date": "2021-01-30T00:00:00Z"}, {"Country": "Netherlands", "CountryCode": "", "Province": "", "City": "", "CityCode": "", "Lat": "0", "Lon": "0", "Confirmed": 992075, "Deaths": 14108, "Recovered": 12910, "Active": 965057, "Date": "2021-01-31T00:00:00Z"}, {"Country": "Netherlands", "CountryCode": "", "Province": "", "City": "", "CityCode": "", "Lat": "0", "Lon": "0", "Confirmed": 995300, "Deaths": 14135, "Recovered": 12974, "Active": 968191, "Date": "2021-02-01T00:00:00Z"}, {"Country": "Netherlands", "CountryCode": "", "Province": "", "City": "", "CityCode": "", "Lat": "0", "Lon": "0", "Confirmed": 998924, "Deaths": 14218, "Recovered": 13046, "Active": 971660, "Date": "2021-02-02T00:00:00Z"}, {"Country": "Netherlands", "CountryCode": "", "Province": "", "City": "", "CityCode": "", "Lat": "0", "Lon": "0", "Confirmed": 1003010, "Deaths": 14281, "Recovered": 13103, "Active": 975626, "Date": "2021-02-03T00:00:00Z"}, {"Country": "Netherlands", "CountryCode": "", "Province": "", "City": "", "CityCode": "", "Lat": "0", "Lon": "0", "Confirmed": 1007268, "Deaths": 14346, "Recovered": 13156, "Active": 979766, "Date": "2021-02-04T00:00:00Z"}, {"Country": "Netherlands", "CountryCode": "", "Province": "", "City": "", "CityCode": "", "Lat": "0", "Lon": "0", "Confirmed": 1011636, "Deaths": 14407, "Recovered": 13218, "Active": 984011, "Date": "2021-02-05T00:00:00Z"}, {"Country": "Netherlands", "CountryCode": "", "Province": "", "City": "", "CityCode": "", "Lat": "0", "Lon": "0", "Confirmed": 1015757, "Deaths": 14468, "Recovered": 13286, "Active": 988003, "Date": "2021-02-06T00:00:00Z"}, {"Country": "Netherlands", "CountryCode": "", "Province": "", "City": "", "CityCode": "", "Lat": "0", "Lon": "0", "Confirmed": 1019720, "Deaths": 14516, "Recovered": 13329, "Active": 991875, "Date": "2021-02-07T00:00:00Z"}, {"Country": "Netherlands", "CountryCode": "", "Province": "", "City": "", "CityCode": "", "Lat": "0", "Lon": "0", "Confirmed": 1021966, "Deaths": 14543, "Recovered": 13394, "Active": 994029, "Date": "2021-02-08T00:00:00Z"}, {"Country": "Netherlands", "CountryCode": "", "Province": "", "City": "", "CityCode": "", "Lat": "0", "Lon": "0", "Confirmed": 1023779, "Deaths": 14629, "Recovered": 13444, "Active": 995706, "Date": "2021-02-09T00:00:00Z"}, {"Country": "Netherlands", "CountryCode": "", "Province": "", "City": "", "CityCode": "", "Lat": "0", "Lon": "0", "Confirmed": 1027023, "Deaths": 14710, "Recovered": 13477, "Active": 998836, "Date": "2021-02-10T00:00:00Z"}, {"Country": "Netherlands", "CountryCode": "", "Province": "", "City": "", "CityCode": "", "Lat": "0", "Lon": "0", "Confirmed": 1031454, "Deaths": 14782, "Recovered": 13568, "Active": 1003104, "Date": "2021-02-11T00:00:00Z"}, {"Country": "Netherlands", "CountryCode": "", "Province": "", "City": "", "CityCode": "", "Lat": "0", "Lon": "0", "Confirmed": 1035841, "Deaths": 14847, "Recovered": 13626, "Active": 1007368, "Date": "2021-02-12T00:00:00Z"}, {"Country": "Netherlands", "CountryCode": "", "Province": "", "City": "", "CityCode": "", "Lat": "0", "Lon": "0", "Confirmed": 1040070, "Deaths": 14913, "Recovered": 13695, "Active": 1011462, "Date": "2021-02-13T00:00:00Z"}, {"Country": "Netherlands", "CountryCode": "", "Province": "", "City": "", "CityCode": "", "Lat": "0", "Lon": "0", "Confirmed": 1043541, "Deaths": 14936, "Recovered": 13728, "Active": 1014877, "Date": "2021-02-14T00:00:00Z"}, {"Country": "Netherlands", "CountryCode": "", "Province": "", "City": "", "CityCode": "", "Lat": "0", "Lon": "0", "Confirmed": 1046381, "Deaths": 14963, "Recovered": 13765, "Active": 1017653, "Date": "2021-02-15T00:00:00Z"}, {"Country": "Netherlands", "CountryCode": "", "Province": "", "City": "", "CityCode": "", "Lat": "0", "Lon": "0", "Confirmed": 1049120, "Deaths": 15050, "Recovered": 13809, "Active": 1020261, "Date": "2021-02-16T00:00:00Z"}, {"Country": "Netherlands", "CountryCode": "", "Province": "", "City": "", "CityCode": "", "Lat": "0", "Lon": "0", "Confirmed": 1052544, "Deaths": 15138, "Recovered": 13848, "Active": 1023558, "Date": "2021-02-17T00:00:00Z"}, {"Country": "Netherlands", "CountryCode": "", "Province": "", "City": "", "CityCode": "", "Lat": "0", "Lon": "0", "Confirmed": 1057116, "Deaths": 15211, "Recovered": 13913, "Active": 1027992, "Date": "2021-02-18T00:00:00Z"}, {"Country": "Netherlands", "CountryCode": "", "Province": "", "City": "", "CityCode": "", "Lat": "0", "Lon": "0", "Confirmed": 1061903, "Deaths": 15261, "Recovered": 13974, "Active": 1032668, "Date": "2021-02-19T00:00:00Z"}, {"Country": "Netherlands", "CountryCode": "", "Province": "", "City": "", "CityCode": "", "Lat": "0", "Lon": "0", "Confirmed": 1066522, "Deaths": 15323, "Recovered": 14029, "Active": 1037170, "Date": "2021-02-20T00:00:00Z"}, {"Country": "Netherlands", "CountryCode": "", "Province": "", "City": "", "CityCode": "", "Lat": "0", "Lon": "0", "Confirmed": 1071223, "Deaths": 15340, "Recovered": 14061, "Active": 1041822, "Date": "2021-02-21T00:00:00Z"}, {"Country": "Netherlands", "CountryCode": "", "Province": "", "City": "", "CityCode": "", "Lat": "0", "Lon": "0", "Confirmed": 1075425, "Deaths": 15372, "Recovered": 14117, "Active": 1045936, "Date": "2021-02-22T00:00:00Z"}, {"Country": "Netherlands", "CountryCode": "", "Province": "", "City": "", "CityCode": "", "Lat": "0", "Lon": "0", "Confirmed": 1079272, "Deaths": 15466, "Recovered": 14148, "Active": 1049658, "Date": "2021-02-23T00:00:00Z"}, {"Country": "Netherlands", "CountryCode": "", "Province": "", "City": "", "CityCode": "", "Lat": "0", "Lon": "0", "Confirmed": 1083686, "Deaths": 15529, "Recovered": 14219, "Active": 1053938, "Date": "2021-02-24T00:00:00Z"}, {"Country": "Netherlands", "CountryCode": "", "Province": "", "City": "", "CityCode": "", "Lat": "0", "Lon": "0", "Confirmed": 1088730, "Deaths": 15561, "Recovered": 14286, "Active": 1058883, "Date": "2021-02-25T00:00:00Z"}, {"Country": "Netherlands", "CountryCode": "", "Province": "", "City": "", "CityCode": "", "Lat": "0", "Lon": "0", "Confirmed": 1093899, "Deaths": 15626, "Recovered": 14330, "Active": 1063943, "Date": "2021-02-26T00:00:00Z"}, {"Country": "Netherlands", "CountryCode": "", "Province": "", "City": "", "CityCode": "", "Lat": "0", "Lon": "0", "Confirmed": 1098875, "Deaths": 15668, "Recovered": 14378, "Active": 1068829, "Date": "2021-02-27T00:00:00Z"}, {"Country": "Netherlands", "CountryCode": "", "Province": "", "City": "", "CityCode": "", "Lat": "0", "Lon": "0", "Confirmed": 1103564, "Deaths": 15688, "Recovered": 14416, "Active": 1073460, "Date": "2021-02-28T00:00:00Z"}, {"Country": "Netherlands", "CountryCode": "", "Province": "", "City": "", "CityCode": "", "Lat": "0", "Lon": "0", "Confirmed": 1107347, "Deaths": 15710, "Recovered": 14484, "Active": 1077153, "Date": "2021-03-01T00:00:00Z"}, {"Country": "Netherlands", "CountryCode": "", "Province": "", "City": "", "CityCode": "", "Lat": "0", "Lon": "0", "Confirmed": 1111364, "Deaths": 15775, "Recovered": 14533, "Active": 1081056, "Date": "2021-03-02T00:00:00Z"}, {"Country": "Netherlands", "CountryCode": "", "Province": "", "City": "", "CityCode": "", "Lat": "0", "Lon": "0", "Confirmed": 1116404, "Deaths": 15824, "Recovered": 14580, "Active": 1086000, "Date": "2021-03-03T00:00:00Z"}, {"Country": "Netherlands", "CountryCode": "", "Province": "", "City": "", "CityCode": "", "Lat": "0", "Lon": "0", "Confirmed": 1120566, "Deaths": 15857, "Recovered": 14586, "Active": 1090123, "Date": "2021-03-04T00:00:00Z"}, {"Country": "Netherlands", "CountryCode": "", "Province": "", "City": "", "CityCode": "", "Lat": "0", "Lon": "0", "Confirmed": 1125299, "Deaths": 15890, "Recovered": 14664, "Active": 1094745, "Date": "2021-03-05T00:00:00Z"}, {"Country": "Netherlands", "CountryCode": "", "Province": "", "City": "", "CityCode": "", "Lat": "0", "Lon": "0", "Confirmed": 1130694, "Deaths": 15931, "Recovered": 14687, "Active": 1100076, "Date": "2021-03-06T00:00:00Z"}, {"Country": "Netherlands", "CountryCode": "", "Province": "", "City": "", "CityCode": "", "Lat": "0", "Lon": "0", "Confirmed": 1135258, "Deaths": 15962, "Recovered": 14706, "Active": 1119296, "Date": "2021-03-07T00:00:00Z"}, {"Country": "Netherlands", "CountryCode": "", "Province": "", "City": "", "CityCode": "", "Lat": "0", "Lon": "0", "Confirmed": 1139102, "Deaths": 15990, "Recovered": 14713, "Active": 1108399, "Date": "2021-03-08T00:00:00Z"}, {"Country": "Netherlands", "CountryCode": "", "Province": "", "City": "", "CityCode": "", "Lat": "0", "Lon": "0", "Confirmed": 1143481, "Deaths": 16046, "Recovered": 14786, "Active": 1112649, "Date": "2021-03-09T00:00:00Z"}, {"Country": "Netherlands", "CountryCode": "", "Province": "", "City": "", "CityCode": "", "Lat": "0", "Lon": "0", "Confirmed": 1148836, "Deaths": 16077, "Recovered": 14829, "Active": 1117930, "Date": "2021-03-10T00:00:00Z"}, {"Country": "Netherlands", "CountryCode": "", "Province": "", "City": "", "CityCode": "", "Lat": "0", "Lon": "0", "Confirmed": 1154257, "Deaths": 16127, "Recovered": 14877, "Active": 1123253, "Date": "2021-03-11T00:00:00Z"}, {"Country": "Netherlands", "CountryCode": "", "Province": "", "City": "", "CityCode": "", "Lat": "0", "Lon": "0", "Confirmed": 1160380, "Deaths": 16153, "Recovered": 14928, "Active": 1129299, "Date": "2021-03-12T00:00:00Z"}, {"Country": "Netherlands", "CountryCode": "", "Province": "", "City": "", "CityCode": "", "Lat": "0", "Lon": "0", "Confirmed": 1166923, "Deaths": 16176, "Recovered": 14954, "Active": 1135793, "Date": "2021-03-13T00:00:00Z"}]