[{"Country": "Poland", "CountryCode": "", "Province": "", "City": "", "CityCode": "", "Lat": "0", "Lon": "0", "Confirmed": 1, "Deaths": 0, "Recovered": 0, "Active": 1, "Date": "2020-03-04T00:00:00Z"}, {"Country": "Poland", "CountryCode": "", "Province": "", "City": "", "CityCode": "", "Lat": "0", "Lon": "0", "Confirmed": 1, "Deaths": 0, "Recovered": 0, "Active": 1, "Date": "2020-03-05T00:00:00Z"}, {"Country": "Poland", "CountryCode": "", "Province": "", "City": "", "CityCode": "", "Lat": "0", "Lon": "0", "Confirmed": 5, "Deaths": 0, "Recovered": 0, "Active": 5, "Date": "2020-03-06T00:00:00Z"}, {"Country": "Poland", "CountryCode": "", "Province": "", "City": "", "CityCode": "", "Lat": "0", "Lon": "0", "Confirmed": 5, "Deaths": 0, "Recovered": 0, "Active": 5, "Date": "2020-03-07T00:00:00Z"}, {"Country": "Poland", "CountryCode": "", "Province": "", "City": "", "CityCode": "", "Lat": "0", "Lon": "0", "Confirmed": 11, "Deaths": 0, "Recovered": 0, "Active": 11, "Date": "2020-03-08T00:00:00Z"}, {"Country": "Poland", "CountryCode": "", "Province": "", "City": "", "CityCode": "", "Lat": "0", "Lon": "0", "Confirmed": 16, "Deaths": 0, "Recovered": 0, "Active": 16, "Date": "2020-03-09T00:00:00Z"}, {"Country": "Poland", "CountryCode": "", "Province": "", "City": "", "CityCode": "", "Lat": "0", "Lon": "0", "Confirmed": 22, "Deaths": 0, "Recovered": 0, "Active": 22, "Date": "2020-03-10T00:00:00Z"}, {"Country": "Poland", "CountryCode": "", "Province": "", "City": "", "CityCode": "", "Lat": "0", "Lon": "0", "Confirmed": 31, "Deaths": 0, "Recovered": 0, "Active": 31, "Date": "2020-03-11T00:00:00Z"}, {"Country": "Poland", "CountryCode": "", "Province": "", "City": "", "CityCode": "", "Lat": "0", "Lon": "0", "Confirmed": 49, "Deaths": 1, "Recovered": 0, "Active": 48, "Date": "2020-03-12T00:00:00Z"}, {"Country": "Poland", "CountryCode": "", "Province": "", "City": "", "CityCode": "", "Lat": "0", "Lon": "0", "Confirmed": 68, "Deaths": 2, "Recovered": 0, "Active": 66, "Date": "2020-03-13T00:00:00Z"}, {"Country": "Poland", "CountryCode": "", "Province": "", "City": "", "CityCode": "", "Lat": "0", "Lon": "0", "Confirmed": 103, "Deaths": 3, "Recovered": 0, "Active": 100, "Date": "2020-03-14T00:00:00Z"}, {"Country": "Poland", "CountryCode": "", "Province": "", "City": "", "CityCode": "", "Lat": "0", "Lon": "0", "Confirmed": 119, "Deaths": 3, "Recovered": 0, "Active": 116, "Date": "2020-03-15T00:00:00Z"}, {"Country": "Poland", "CountryCode": "", "Province": "", "City": "", "CityCode": "", "Lat": "0", "Lon": "0", "Confirmed": 177, "Deaths": 4, "Recovered": 13, "Active": 160, "Date": "2020-03-16T00:00:00Z"}, {"Country": "Poland", "CountryCode": "", "Province": "", "City": "", "CityCode": "", "Lat": "0", "Lon": "0", "Confirmed": 238, "Deaths": 5, "Recovered": 13, "Active": 220, "Date": "2020-03-17T00:00:00Z"}, {"Country": "Poland", "CountryCode": "", "Province": "", "City": "", "CityCode": "", "Lat": "0", "Lon": "0", "Confirmed": 251, "Deaths": 5, "Recovered": 13, "Active": 233, "Date": "2020-03-18T00:00:00Z"}, {"Country": "Poland", "CountryCode": "", "Province": "", "City": "", "CityCode": "", "Lat": "0", "Lon": "0", "Confirmed": 355, "Deaths": 5, "Recovered": 1, "Active": 349, "Date": "2020-03-19T00:00:00Z"}, {"Country": "Poland", "CountryCode": "", "Province": "", "City": "", "CityCode": "", "Lat": "0", "Lon": "0", "Confirmed": 425, "Deaths": 5, "Recovered": 1, "Active": 419, "Date": "2020-03-20T00:00:00Z"}, {"Country": "Poland", "CountryCode": "", "Province": "", "City": "", "CityCode": "", "Lat": "0", "Lon": "0", "Confirmed": 536, "Deaths": 5, "Recovered": 1, "Active": 530, "Date": "2020-03-21T00:00:00Z"}, {"Country": "Poland", "CountryCode": "", "Province": "", "City": "", "CityCode": "", "Lat": "0", "Lon": "0", "Confirmed": 634, "Deaths": 7, "Recovered": 1, "Active": 626, "Date": "2020-03-22T00:00:00Z"}, {"Country": "Poland", "CountryCode": "", "Province": "", "City": "", "CityCode": "", "Lat": "0", "Lon": "0", "Confirmed": 749, "Deaths": 8, "Recovered": 1, "Active": 740, "Date": "2020-03-23T00:00:00Z"}, {"Country": "Poland", "CountryCode": "", "Province": "", "City": "", "CityCode": "", "Lat": "0", "Lon": "0", "Confirmed": 901, "Deaths": 10, "Recovered": 1, "Active": 890, "Date": "2020-03-24T00:00:00Z"}, {"Country": "Poland", "CountryCode": "", "Province": "", "City": "", "CityCode": "", "Lat": "0", "Lon": "0", "Confirmed": 1051, "Deaths": 14, "Recovered": 7, "Active": 1030, "Date": "2020-03-25T00:00:00Z"}, {"Country": "Poland", "CountryCode": "", "Province": "", "City": "", "CityCode": "", "Lat": "0", "Lon": "0", "Confirmed": 1221, "Deaths": 16, "Recovered": 7, "Active": 1198, "Date": "2020-03-26T00:00:00Z"}, {"Country": "Poland", "CountryCode": "", "Province": "", "City": "", "CityCode": "", "Lat": "0", "Lon": "0", "Confirmed": 1389, "Deaths": 16, "Recovered": 7, "Active": 1366, "Date": "2020-03-27T00:00:00Z"}, {"Country": "Poland", "CountryCode": "", "Province": "", "City": "", "CityCode": "", "Lat": "0", "Lon": "0", "Confirmed": 1638, "Deaths": 18, "Recovered": 7, "Active": 1613, "Date": "2020-03-28T00:00:00Z"}, {"Country": "Poland", "CountryCode": "", "Province": "", "City": "", "CityCode": "", "Lat": "0", "Lon": "0", "Confirmed": 1862, "Deaths": 22, "Recovered": 7, "Active": 1833, "Date": "2020-03-29T00:00:00Z"}, {"Country": "Poland", "CountryCode": "", "Province": "", "City": "", "CityCode": "", "Lat": "0", "Lon": "0", "Confirmed": 2055, "Deaths": 31, "Recovered": 7, "Active": 2017, "Date": "2020-03-30T00:00:00Z"}, {"Country": "Poland", "CountryCode": "", "Province": "", "City": "", "CityCode": "", "Lat": "0", "Lon": "0", "Confirmed": 2311, "Deaths": 33, "Recovered": 7, "Active": 2271, "Date": "2020-03-31T00:00:00Z"}, {"Country": "Poland", "CountryCode": "", "Province": "", "City": "", "CityCode": "", "Lat": "0", "Lon": "0", "Confirmed": 2554, "Deaths": 43, "Recovered": 47, "Active": 2464, "Date": "2020-04-01T00:00:00Z"}, {"Country": "Poland", "CountryCode": "", "Province": "", "City": "", "CityCode": "", "Lat": "0", "Lon": "0", "Confirmed": 2946, "Deaths": 57, "Recovered": 56, "Active": 2833, "Date": "2020-04-02T00:00:00Z"}, {"Country": "Poland", "CountryCode": "", "Province": "", "City": "", "CityCode": "", "Lat": "0", "Lon": "0", "Confirmed": 3383, "Deaths": 71, "Recovered": 56, "Active": 3256, "Date": "2020-04-03T00:00:00Z"}, {"Country": "Poland", "CountryCode": "", "Province": "", "City": "", "CityCode": "", "Lat": "0", "Lon": "0", "Confirmed": 3627, "Deaths": 79, "Recovered": 116, "Active": 3432, "Date": "2020-04-04T00:00:00Z"}, {"Country": "Poland", "CountryCode": "", "Province": "", "City": "", "CityCode": "", "Lat": "0", "Lon": "0", "Confirmed": 4102, "Deaths": 94, "Recovered": 134, "Active": 3874, "Date": "2020-04-05T00:00:00Z"}, {"Country": "Poland", "CountryCode": "", "Province": "", "City": "", "CityCode": "", "Lat": "0", "Lon": "0", "Confirmed": 4413, "Deaths": 107, "Recovered": 162, "Active": 4144, "Date": "2020-04-06T00:00:00Z"}, {"Country": "Poland", "CountryCode": "", "Province": "", "City": "", "CityCode": "", "Lat": "0", "Lon": "0", "Confirmed": 4848, "Deaths": 129, "Recovered": 191, "Active": 4528, "Date": "2020-04-07T00:00:00Z"}, {"Country": "Poland", "CountryCode": "", "Province": "", "City": "", "CityCode": "", "Lat": "0", "Lon": "0", "Confirmed": 5205, "Deaths": 159, "Recovered": 222, "Active": 4824, "Date": "2020-04-08T00:00:00Z"}, {"Country": "Poland", "CountryCode": "", "Province": "", "City": "", "CityCode": "", "Lat": "0", "Lon": "0", "Confirmed": 5575, "Deaths": 174, "Recovered": 284, "Active": 5117, "Date": "2020-04-09T00:00:00Z"}, {"Country": "Poland", "CountryCode": "", "Province": "", "City": "", "CityCode": "", "Lat": "0", "Lon": "0", "Confirmed": 5955, "Deaths": 181, "Recovered": 318, "Active": 5456, "Date": "2020-04-10T00:00:00Z"}, {"Country": "Poland", "CountryCode": "", "Province": "", "City": "", "CityCode": "", "Lat": "0", "Lon": "0", "Confirmed": 6356, "Deaths": 208, "Recovered": 375, "Active": 5773, "Date": "2020-04-11T00:00:00Z"}, {"Country": "Poland", "CountryCode": "", "Province": "", "City": "", "CityCode": "", "Lat": "0", "Lon": "0", "Confirmed": 6674, "Deaths": 232, "Recovered": 439, "Active": 6003, "Date": "2020-04-12T00:00:00Z"}, {"Country": "Poland", "CountryCode": "", "Province": "", "City": "", "CityCode": "", "Lat": "0", "Lon": "0", "Confirmed": 6934, "Deaths": 245, "Recovered": 487, "Active": 6202, "Date": "2020-04-13T00:00:00Z"}, {"Country": "Poland", "CountryCode": "", "Province": "", "City": "", "CityCode": "", "Lat": "0", "Lon": "0", "Confirmed": 7202, "Deaths": 263, "Recovered": 618, "Active": 6321, "Date": "2020-04-14T00:00:00Z"}, {"Country": "Poland", "CountryCode": "", "Province": "", "City": "", "CityCode": "", "Lat": "0", "Lon": "0", "Confirmed": 7582, "Deaths": 286, "Recovered": 668, "Active": 6628, "Date": "2020-04-15T00:00:00Z"}, {"Country": "Poland", "CountryCode": "", "Province": "", "City": "", "CityCode": "", "Lat": "0", "Lon": "0", "Confirmed": 7918, "Deaths": 314, "Recovered": 774, "Active": 6830, "Date": "2020-04-16T00:00:00Z"}, {"Country": "Poland", "CountryCode": "", "Province": "", "City": "", "CityCode": "", "Lat": "0", "Lon": "0", "Confirmed": 8379, "Deaths": 332, "Recovered": 866, "Active": 7181, "Date": "2020-04-17T00:00:00Z"}, {"Country": "Poland", "CountryCode": "", "Province": "", "City": "", "CityCode": "", "Lat": "0", "Lon": "0", "Confirmed": 8742, "Deaths": 347, "Recovered": 981, "Active": 7414, "Date": "2020-04-18T00:00:00Z"}, {"Country": "Poland", "CountryCode": "", "Province": "", "City": "", "CityCode": "", "Lat": "0", "Lon": "0", "Confirmed": 9287, "Deaths": 360, "Recovered": 1040, "Active": 7887, "Date": "2020-04-19T00:00:00Z"}, {"Country": "Poland", "CountryCode": "", "Province": "", "City": "", "CityCode": "", "Lat": "0", "Lon": "0", "Confirmed": 9593, "Deaths": 380, "Recovered": 1133, "Active": 8080, "Date": "2020-04-20T00:00:00Z"}, {"Country": "Poland", "CountryCode": "", "Province": "", "City": "", "CityCode": "", "Lat": "0", "Lon": "0", "Confirmed": 9856, "Deaths": 401, "Recovered": 1297, "Active": 8158, "Date": "2020-04-21T00:00:00Z"}, {"Country": "Poland", "CountryCode": "", "Province": "", "City": "", "CityCode": "", "Lat": "0", "Lon": "0", "Confirmed": 10169, "Deaths": 426, "Recovered": 1513, "Active": 8230, "Date": "2020-04-22T00:00:00Z"}, {"Country": "Poland", "CountryCode": "", "Province": "", "City": "", "CityCode": "", "Lat": "0", "Lon": "0", "Confirmed": 10511, "Deaths": 454, "Recovered": 1740, "Active": 8317, "Date": "2020-04-23T00:00:00Z"}, {"Country": "Poland", "CountryCode": "", "Province": "", "City": "", "CityCode": "", "Lat": "0", "Lon": "0", "Confirmed": 10892, "Deaths": 494, "Recovered": 1944, "Active": 8454, "Date": "2020-04-24T00:00:00Z"}, {"Country": "Poland", "CountryCode": "", "Province": "", "City": "", "CityCode": "", "Lat": "0", "Lon": "0", "Confirmed": 11273, "Deaths": 524, "Recovered": 2126, "Active": 8623, "Date": "2020-04-25T00:00:00Z"}, {"Country": "Poland", "CountryCode": "", "Province": "", "City": "", "CityCode": "", "Lat": "0", "Lon": "0", "Confirmed": 11617, "Deaths": 535, "Recovered": 2265, "Active": 8817, "Date": "2020-04-26T00:00:00Z"}, {"Country": "Poland", "CountryCode": "", "Province": "", "City": "", "CityCode": "", "Lat": "0", "Lon": "0", "Confirmed": 11902, "Deaths": 562, "Recovered": 2466, "Active": 8874, "Date": "2020-04-27T00:00:00Z"}, {"Country": "Poland", "CountryCode": "", "Province": "", "City": "", "CityCode": "", "Lat": "0", "Lon": "0", "Confirmed": 12218, "Deaths": 596, "Recovered": 2655, "Active": 8967, "Date": "2020-04-28T00:00:00Z"}, {"Country": "Poland", "CountryCode": "", "Province": "", "City": "", "CityCode": "", "Lat": "0", "Lon": "0", "Confirmed": 12640, "Deaths": 624, "Recovered": 3025, "Active": 8991, "Date": "2020-04-29T00:00:00Z"}, {"Country": "Poland", "CountryCode": "", "Province": "", "City": "", "CityCode": "", "Lat": "0", "Lon": "0", "Confirmed": 12877, "Deaths": 644, "Recovered": 3236, "Active": 8997, "Date": "2020-04-30T00:00:00Z"}, {"Country": "Poland", "CountryCode": "", "Province": "", "City": "", "CityCode": "", "Lat": "0", "Lon": "0", "Confirmed": 13105, "Deaths": 651, "Recovered": 3491, "Active": 8963, "Date": "2020-05-01T00:00:00Z"}, {"Country": "Poland", "CountryCode": "", "Province": "", "City": "", "CityCode": "", "Lat": "0", "Lon": "0", "Confirmed": 13375, "Deaths": 664, "Recovered": 3762, "Active": 8949, "Date": "2020-05-02T00:00:00Z"}, {"Country": "Poland", "CountryCode": "", "Province": "", "City": "", "CityCode": "", "Lat": "0", "Lon": "0", "Confirmed": 13693, "Deaths": 678, "Recovered": 3945, "Active": 9070, "Date": "2020-05-03T00:00:00Z"}, {"Country": "Poland", "CountryCode": "", "Province": "", "City": "", "CityCode": "", "Lat": "0", "Lon": "0", "Confirmed": 14006, "Deaths": 698, "Recovered": 4095, "Active": 9213, "Date": "2020-05-04T00:00:00Z"}, {"Country": "Poland", "CountryCode": "", "Province": "", "City": "", "CityCode": "", "Lat": "0", "Lon": "0", "Confirmed": 14431, "Deaths": 716, "Recovered": 4280, "Active": 9435, "Date": "2020-05-05T00:00:00Z"}, {"Country": "Poland", "CountryCode": "", "Province": "", "City": "", "CityCode": "", "Lat": "0", "Lon": "0", "Confirmed": 14740, "Deaths": 733, "Recovered": 4655, "Active": 9352, "Date": "2020-05-06T00:00:00Z"}, {"Country": "Poland", "CountryCode": "", "Province": "", "City": "", "CityCode": "", "Lat": "0", "Lon": "0", "Confirmed": 15047, "Deaths": 755, "Recovered": 4862, "Active": 9430, "Date": "2020-05-07T00:00:00Z"}, {"Country": "Poland", "CountryCode": "", "Province": "", "City": "", "CityCode": "", "Lat": "0", "Lon": "0", "Confirmed": 15366, "Deaths": 776, "Recovered": 5184, "Active": 9406, "Date": "2020-05-08T00:00:00Z"}, {"Country": "Poland", "CountryCode": "", "Province": "", "City": "", "CityCode": "", "Lat": "0", "Lon": "0", "Confirmed": 15651, "Deaths": 785, "Recovered": 5437, "Active": 9429, "Date": "2020-05-09T00:00:00Z"}, {"Country": "Poland", "CountryCode": "", "Province": "", "City": "", "CityCode": "", "Lat": "0", "Lon": "0", "Confirmed": 15996, "Deaths": 800, "Recovered": 5698, "Active": 9498, "Date": "2020-05-10T00:00:00Z"}, {"Country": "Poland", "CountryCode": "", "Province": "", "City": "", "CityCode": "", "Lat": "0", "Lon": "0", "Confirmed": 16326, "Deaths": 811, "Recovered": 5816, "Active": 9699, "Date": "2020-05-11T00:00:00Z"}, {"Country": "Poland", "CountryCode": "", "Province": "", "City": "", "CityCode": "", "Lat": "0", "Lon": "0", "Confirmed": 16921, "Deaths": 839, "Recovered": 6131, "Active": 9951, "Date": "2020-05-12T00:00:00Z"}, {"Country": "Poland", "CountryCode": "", "Province": "", "City": "", "CityCode": "", "Lat": "0", "Lon": "0", "Confirmed": 17204, "Deaths": 861, "Recovered": 6410, "Active": 9933, "Date": "2020-05-13T00:00:00Z"}, {"Country": "Poland", "CountryCode": "", "Province": "", "City": "", "CityCode": "", "Lat": "0", "Lon": "0", "Confirmed": 17615, "Deaths": 883, "Recovered": 6696, "Active": 10036, "Date": "2020-05-14T00:00:00Z"}, {"Country": "Poland", "CountryCode": "", "Province": "", "City": "", "CityCode": "", "Lat": "0", "Lon": "0", "Confirmed": 18016, "Deaths": 907, "Recovered": 6918, "Active": 10191, "Date": "2020-05-15T00:00:00Z"}, {"Country": "Poland", "CountryCode": "", "Province": "", "City": "", "CityCode": "", "Lat": "0", "Lon": "0", "Confirmed": 18257, "Deaths": 915, "Recovered": 7175, "Active": 10167, "Date": "2020-05-16T00:00:00Z"}, {"Country": "Poland", "CountryCode": "", "Province": "", "City": "", "CityCode": "", "Lat": "0", "Lon": "0", "Confirmed": 18529, "Deaths": 925, "Recovered": 7451, "Active": 10153, "Date": "2020-05-17T00:00:00Z"}, {"Country": "Poland", "CountryCode": "", "Province": "", "City": "", "CityCode": "", "Lat": "0", "Lon": "0", "Confirmed": 18885, "Deaths": 936, "Recovered": 7628, "Active": 10321, "Date": "2020-05-18T00:00:00Z"}, {"Country": "Poland", "CountryCode": "", "Province": "", "City": "", "CityCode": "", "Lat": "0", "Lon": "0", "Confirmed": 19268, "Deaths": 948, "Recovered": 7903, "Active": 10417, "Date": "2020-05-19T00:00:00Z"}, {"Country": "Poland", "CountryCode": "", "Province": "", "City": "", "CityCode": "", "Lat": "0", "Lon": "0", "Confirmed": 19739, "Deaths": 962, "Recovered": 8183, "Active": 10594, "Date": "2020-05-20T00:00:00Z"}, {"Country": "Poland", "CountryCode": "", "Province": "", "City": "", "CityCode": "", "Lat": "0", "Lon": "0", "Confirmed": 20143, "Deaths": 972, "Recovered": 8452, "Active": 10719, "Date": "2020-05-21T00:00:00Z"}, {"Country": "Poland", "CountryCode": "", "Province": "", "City": "", "CityCode": "", "Lat": "0", "Lon": "0", "Confirmed": 20619, "Deaths": 982, "Recovered": 8731, "Active": 10906, "Date": "2020-05-22T00:00:00Z"}, {"Country": "Poland", "CountryCode": "", "Province": "", "City": "", "CityCode": "", "Lat": "0", "Lon": "0", "Confirmed": 20931, "Deaths": 993, "Recovered": 8977, "Active": 10961, "Date": "2020-05-23T00:00:00Z"}, {"Country": "Poland", "CountryCode": "", "Province": "", "City": "", "CityCode": "", "Lat": "0", "Lon": "0", "Confirmed": 21326, "Deaths": 996, "Recovered": 9194, "Active": 11136, "Date": "2020-05-24T00:00:00Z"}, {"Country": "Poland", "CountryCode": "", "Province": "", "City": "", "CityCode": "", "Lat": "0", "Lon": "0", "Confirmed": 21631, "Deaths": 1007, "Recovered": 9276, "Active": 11348, "Date": "2020-05-25T00:00:00Z"}, {"Country": "Poland", "CountryCode": "", "Province": "", "City": "", "CityCode": "", "Lat": "0", "Lon": "0", "Confirmed": 22074, "Deaths": 1024, "Recovered": 10020, "Active": 11030, "Date": "2020-05-26T00:00:00Z"}, {"Country": "Poland", "CountryCode": "", "Province": "", "City": "", "CityCode": "", "Lat": "0", "Lon": "0", "Confirmed": 22473, "Deaths": 1028, "Recovered": 10330, "Active": 11115, "Date": "2020-05-27T00:00:00Z"}, {"Country": "Poland", "CountryCode": "", "Province": "", "City": "", "CityCode": "", "Lat": "0", "Lon": "0", "Confirmed": 22825, "Deaths": 1038, "Recovered": 10560, "Active": 11227, "Date": "2020-05-28T00:00:00Z"}, {"Country": "Poland", "CountryCode": "", "Province": "", "City": "", "CityCode": "", "Lat": "0", "Lon": "0", "Confirmed": 23155, "Deaths": 1051, "Recovered": 10692, "Active": 11412, "Date": "2020-05-29T00:00:00Z"}, {"Country": "Poland", "CountryCode": "", "Province": "", "City": "", "CityCode": "", "Lat": "0", "Lon": "0", "Confirmed": 23571, "Deaths": 1061, "Recovered": 11016, "Active": 11494, "Date": "2020-05-30T00:00:00Z"}, {"Country": "Poland", "CountryCode": "", "Province": "", "City": "", "CityCode": "", "Lat": "0", "Lon": "0", "Confirmed": 23786, "Deaths": 1064, "Recovered": 11271, "Active": 11451, "Date": "2020-05-31T00:00:00Z"}, {"Country": "Poland", "CountryCode": "", "Province": "", "City": "", "CityCode": "", "Lat": "0", "Lon": "0", "Confirmed": 24165, "Deaths": 1074, "Recovered": 11449, "Active": 11642, "Date": "2020-06-01T00:00:00Z"}, {"Country": "Poland", "CountryCode": "", "Province": "", "City": "", "CityCode": "", "Lat": "0", "Lon": "0", "Confirmed": 24395, "Deaths": 1092, "Recovered": 11726, "Active": 11577, "Date": "2020-06-02T00:00:00Z"}, {"Country": "Poland", "CountryCode": "", "Province": "", "City": "", "CityCode": "", "Lat": "0", "Lon": "0", "Confirmed": 24687, "Deaths": 1115, "Recovered": 12014, "Active": 11558, "Date": "2020-06-03T00:00:00Z"}, {"Country": "Poland", "CountryCode": "", "Province": "", "City": "", "CityCode": "", "Lat": "0", "Lon": "0", "Confirmed": 25048, "Deaths": 1117, "Recovered": 12227, "Active": 11704, "Date": "2020-06-04T00:00:00Z"}, {"Country": "Poland", "CountryCode": "", "Province": "", "City": "", "CityCode": "", "Lat": "0", "Lon": "0", "Confirmed": 25410, "Deaths": 1137, "Recovered": 12410, "Active": 11863, "Date": "2020-06-05T00:00:00Z"}, {"Country": "Poland", "CountryCode": "", "Province": "", "City": "", "CityCode": "", "Lat": "0", "Lon": "0", "Confirmed": 25986, "Deaths": 1153, "Recovered": 12641, "Active": 12192, "Date": "2020-06-06T00:00:00Z"}, {"Country": "Poland", "CountryCode": "", "Province": "", "City": "", "CityCode": "", "Lat": "0", "Lon": "0", "Confirmed": 26561, "Deaths": 1157, "Recovered": 12855, "Active": 12549, "Date": "2020-06-07T00:00:00Z"}, {"Country": "Poland", "CountryCode": "", "Province": "", "City": "", "CityCode": "", "Lat": "0", "Lon": "0", "Confirmed": 27160, "Deaths": 1166, "Recovered": 12998, "Active": 12996, "Date": "2020-06-08T00:00:00Z"}, {"Country": "Poland", "CountryCode": "", "Province": "", "City": "", "CityCode": "", "Lat": "0", "Lon": "0", "Confirmed": 27560, "Deaths": 1183, "Recovered": 13196, "Active": 13181, "Date": "2020-06-09T00:00:00Z"}, {"Country": "Poland", "CountryCode": "", "Province": "", "City": "", "CityCode": "", "Lat": "0", "Lon": "0", "Confirmed": 27842, "Deaths": 1206, "Recovered": 13411, "Active": 13225, "Date": "2020-06-10T00:00:00Z"}, {"Country": "Poland", "CountryCode": "", "Province": "", "City": "", "CityCode": "", "Lat": "0", "Lon": "0", "Confirmed": 28201, "Deaths": 1215, "Recovered": 13696, "Active": 13290, "Date": "2020-06-11T00:00:00Z"}, {"Country": "Poland", "CountryCode": "", "Province": "", "City": "", "CityCode": "", "Lat": "0", "Lon": "0", "Confirmed": 28577, "Deaths": 1222, "Recovered": 13805, "Active": 13550, "Date": "2020-06-12T00:00:00Z"}, {"Country": "Poland", "CountryCode": "", "Province": "", "City": "", "CityCode": "", "Lat": "0", "Lon": "0", "Confirmed": 29017, "Deaths": 1237, "Recovered": 14104, "Active": 13676, "Date": "2020-06-13T00:00:00Z"}, {"Country": "Poland", "CountryCode": "", "Province": "", "City": "", "CityCode": "", "Lat": "0", "Lon": "0", "Confirmed": 29392, "Deaths": 1247, "Recovered": 14226, "Active": 13919, "Date": "2020-06-14T00:00:00Z"}, {"Country": "Poland", "CountryCode": "", "Province": "", "City": "", "CityCode": "", "Lat": "0", "Lon": "0", "Confirmed": 29788, "Deaths": 1256, "Recovered": 14383, "Active": 14149, "Date": "2020-06-15T00:00:00Z"}, {"Country": "Poland", "CountryCode": "", "Province": "", "City": "", "CityCode": "", "Lat": "0", "Lon": "0", "Confirmed": 30195, "Deaths": 1272, "Recovered": 14654, "Active": 14269, "Date": "2020-06-16T00:00:00Z"}, {"Country": "Poland", "CountryCode": "", "Province": "", "City": "", "CityCode": "", "Lat": "0", "Lon": "0", "Confirmed": 30701, "Deaths": 1286, "Recovered": 14921, "Active": 14494, "Date": "2020-06-17T00:00:00Z"}, {"Country": "Poland", "CountryCode": "", "Province": "", "City": "", "CityCode": "", "Lat": "0", "Lon": "0", "Confirmed": 31015, "Deaths": 1316, "Recovered": 15317, "Active": 14382, "Date": "2020-06-18T00:00:00Z"}, {"Country": "Poland", "CountryCode": "", "Province": "", "City": "", "CityCode": "", "Lat": "0", "Lon": "0", "Confirmed": 31316, "Deaths": 1334, "Recovered": 15698, "Active": 14284, "Date": "2020-06-19T00:00:00Z"}, {"Country": "Poland", "CountryCode": "", "Province": "", "City": "", "CityCode": "", "Lat": "0", "Lon": "0", "Confirmed": 31620, "Deaths": 1346, "Recovered": 16181, "Active": 14093, "Date": "2020-06-20T00:00:00Z"}, {"Country": "Poland", "CountryCode": "", "Province": "", "City": "", "CityCode": "", "Lat": "0", "Lon": "0", "Confirmed": 31931, "Deaths": 1356, "Recovered": 16683, "Active": 13892, "Date": "2020-06-21T00:00:00Z"}, {"Country": "Poland", "CountryCode": "", "Province": "", "City": "", "CityCode": "", "Lat": "0", "Lon": "0", "Confirmed": 32227, "Deaths": 1359, "Recovered": 17076, "Active": 13792, "Date": "2020-06-22T00:00:00Z"}, {"Country": "Poland", "CountryCode": "", "Province": "", "City": "", "CityCode": "", "Lat": "0", "Lon": "0", "Confirmed": 32527, "Deaths": 1375, "Recovered": 17573, "Active": 13579, "Date": "2020-06-23T00:00:00Z"}, {"Country": "Poland", "CountryCode": "", "Province": "", "City": "", "CityCode": "", "Lat": "0", "Lon": "0", "Confirmed": 32821, "Deaths": 1396, "Recovered": 18134, "Active": 13291, "Date": "2020-06-24T00:00:00Z"}, {"Country": "Poland", "CountryCode": "", "Province": "", "City": "", "CityCode": "", "Lat": "0", "Lon": "0", "Confirmed": 33119, "Deaths": 1412, "Recovered": 18654, "Active": 13053, "Date": "2020-06-25T00:00:00Z"}, {"Country": "Poland", "CountryCode": "", "Province": "", "City": "", "CityCode": "", "Lat": "0", "Lon": "0", "Confirmed": 33395, "Deaths": 1429, "Recovered": 19218, "Active": 12748, "Date": "2020-06-26T00:00:00Z"}, {"Country": "Poland", "CountryCode": "", "Province": "", "City": "", "CityCode": "", "Lat": "0", "Lon": "0", "Confirmed": 33714, "Deaths": 1435, "Recovered": 19972, "Active": 12307, "Date": "2020-06-27T00:00:00Z"}, {"Country": "Poland", "CountryCode": "", "Province": "", "City": "", "CityCode": "", "Lat": "0", "Lon": "0", "Confirmed": 33907, "Deaths": 1438, "Recovered": 20548, "Active": 11921, "Date": "2020-06-28T00:00:00Z"}, {"Country": "Poland", "CountryCode": "", "Province": "", "City": "", "CityCode": "", "Lat": "0", "Lon": "0", "Confirmed": 34154, "Deaths": 1444, "Recovered": 20897, "Active": 11813, "Date": "2020-06-29T00:00:00Z"}, {"Country": "Poland", "CountryCode": "", "Province": "", "City": "", "CityCode": "", "Lat": "0", "Lon": "0", "Confirmed": 34393, "Deaths": 1463, "Recovered": 21281, "Active": 11649, "Date": "2020-06-30T00:00:00Z"}, {"Country": "Poland", "CountryCode": "", "Province": "", "City": "", "CityCode": "", "Lat": "0", "Lon": "0", "Confirmed": 34775, "Deaths": 1477, "Recovered": 21791, "Active": 11507, "Date": "2020-07-01T00:00:00Z"}, {"Country": "Poland", "CountryCode": "", "Province": "", "City": "", "CityCode": "", "Lat": "0", "Lon": "0", "Confirmed": 35146, "Deaths": 1492, "Recovered": 22209, "Active": 11445, "Date": "2020-07-02T00:00:00Z"}, {"Country": "Poland", "CountryCode": "", "Province": "", "City": "", "CityCode": "", "Lat": "0", "Lon": "0", "Confirmed": 35405, "Deaths": 1507, "Recovered": 22651, "Active": 11247, "Date": "2020-07-03T00:00:00Z"}, {"Country": "Poland", "CountryCode": "", "Province": "", "City": "", "CityCode": "", "Lat": "0", "Lon": "0", "Confirmed": 35719, "Deaths": 1512, "Recovered": 23127, "Active": 11080, "Date": "2020-07-04T00:00:00Z"}, {"Country": "Poland", "CountryCode": "", "Province": "", "City": "", "CityCode": "", "Lat": "0", "Lon": "0", "Confirmed": 35950, "Deaths": 1517, "Recovered": 23746, "Active": 10687, "Date": "2020-07-05T00:00:00Z"}, {"Country": "Poland", "CountryCode": "", "Province": "", "City": "", "CityCode": "", "Lat": "0", "Lon": "0", "Confirmed": 36155, "Deaths": 1521, "Recovered": 23966, "Active": 10668, "Date": "2020-07-06T00:00:00Z"}, {"Country": "Poland", "CountryCode": "", "Province": "", "City": "", "CityCode": "", "Lat": "0", "Lon": "0", "Confirmed": 36412, "Deaths": 1528, "Recovered": 24238, "Active": 10646, "Date": "2020-07-07T00:00:00Z"}, {"Country": "Poland", "CountryCode": "", "Province": "", "City": "", "CityCode": "", "Lat": "0", "Lon": "0", "Confirmed": 36689, "Deaths": 1542, "Recovered": 24878, "Active": 10269, "Date": "2020-07-08T00:00:00Z"}, {"Country": "Poland", "CountryCode": "", "Province": "", "City": "", "CityCode": "", "Lat": "0", "Lon": "0", "Confirmed": 36951, "Deaths": 1551, "Recovered": 25477, "Active": 9923, "Date": "2020-07-09T00:00:00Z"}, {"Country": "Poland", "CountryCode": "", "Province": "", "City": "", "CityCode": "", "Lat": "0", "Lon": "0", "Confirmed": 37216, "Deaths": 1562, "Recovered": 26048, "Active": 9606, "Date": "2020-07-10T00:00:00Z"}, {"Country": "Poland", "CountryCode": "", "Province": "", "City": "", "CityCode": "", "Lat": "0", "Lon": "0", "Confirmed": 37521, "Deaths": 1568, "Recovered": 26635, "Active": 9318, "Date": "2020-07-11T00:00:00Z"}, {"Country": "Poland", "CountryCode": "", "Province": "", "City": "", "CityCode": "", "Lat": "0", "Lon": "0", "Confirmed": 37891, "Deaths": 1571, "Recovered": 27148, "Active": 9172, "Date": "2020-07-12T00:00:00Z"}, {"Country": "Poland", "CountryCode": "", "Province": "", "City": "", "CityCode": "", "Lat": "0", "Lon": "0", "Confirmed": 38190, "Deaths": 1576, "Recovered": 27515, "Active": 9099, "Date": "2020-07-13T00:00:00Z"}, {"Country": "Poland", "CountryCode": "", "Province": "", "City": "", "CityCode": "", "Lat": "0", "Lon": "0", "Confirmed": 38457, "Deaths": 1588, "Recovered": 27756, "Active": 9113, "Date": "2020-07-14T00:00:00Z"}, {"Country": "Poland", "CountryCode": "", "Province": "", "City": "", "CityCode": "", "Lat": "0", "Lon": "0", "Confirmed": 38721, "Deaths": 1594, "Recovered": 28492, "Active": 8635, "Date": "2020-07-15T00:00:00Z"}, {"Country": "Poland", "CountryCode": "", "Province": "", "City": "", "CityCode": "", "Lat": "0", "Lon": "0", "Confirmed": 39054, "Deaths": 1605, "Recovered": 28928, "Active": 8521, "Date": "2020-07-16T00:00:00Z"}, {"Country": "Poland", "CountryCode": "", "Province": "", "City": "", "CityCode": "", "Lat": "0", "Lon": "0", "Confirmed": 39407, "Deaths": 1612, "Recovered": 29505, "Active": 8290, "Date": "2020-07-17T00:00:00Z"}, {"Country": "Poland", "CountryCode": "", "Province": "", "City": "", "CityCode": "", "Lat": "0", "Lon": "0", "Confirmed": 39746, "Deaths": 1618, "Recovered": 29924, "Active": 8204, "Date": "2020-07-18T00:00:00Z"}, {"Country": "Poland", "CountryCode": "", "Province": "", "City": "", "CityCode": "", "Lat": "0", "Lon": "0", "Confirmed": 40104, "Deaths": 1624, "Recovered": 30292, "Active": 8188, "Date": "2020-07-19T00:00:00Z"}, {"Country": "Poland", "CountryCode": "", "Province": "", "City": "", "CityCode": "", "Lat": "0", "Lon": "0", "Confirmed": 40383, "Deaths": 1627, "Recovered": 30539, "Active": 8217, "Date": "2020-07-20T00:00:00Z"}, {"Country": "Poland", "CountryCode": "", "Province": "", "City": "", "CityCode": "", "Lat": "0", "Lon": "0", "Confirmed": 40782, "Deaths": 1636, "Recovered": 30771, "Active": 8375, "Date": "2020-07-21T00:00:00Z"}, {"Country": "Poland", "CountryCode": "", "Province": "", "City": "", "CityCode": "", "Lat": "0", "Lon": "0", "Confirmed": 41162, "Deaths": 1642, "Recovered": 31139, "Active": 8381, "Date": "2020-07-22T00:00:00Z"}, {"Country": "Poland", "CountryCode": "", "Province": "", "City": "", "CityCode": "", "Lat": "0", "Lon": "0", "Confirmed": 41580, "Deaths": 1651, "Recovered": 31541, "Active": 8388, "Date": "2020-07-23T00:00:00Z"}, {"Country": "Poland", "CountryCode": "", "Province": "", "City": "", "CityCode": "", "Lat": "0", "Lon": "0", "Confirmed": 42038, "Deaths": 1655, "Recovered": 31997, "Active": 8386, "Date": "2020-07-24T00:00:00Z"}, {"Country": "Poland", "CountryCode": "", "Province": "", "City": "", "CityCode": "", "Lat": "0", "Lon": "0", "Confirmed": 42622, "Deaths": 1664, "Recovered": 32419, "Active": 8539, "Date": "2020-07-25T00:00:00Z"}, {"Country": "Poland", "CountryCode": "", "Province": "", "City": "", "CityCode": "", "Lat": "0", "Lon": "0", "Confirmed": 43065, "Deaths": 1671, "Recovered": 32753, "Active": 8641, "Date": "2020-07-26T00:00:00Z"}, {"Country": "Poland", "CountryCode": "", "Province": "", "City": "", "CityCode": "", "Lat": "0", "Lon": "0", "Confirmed": 43402, "Deaths": 1676, "Recovered": 32856, "Active": 8870, "Date": "2020-07-27T00:00:00Z"}, {"Country": "Poland", "CountryCode": "", "Province": "", "City": "", "CityCode": "", "Lat": "0", "Lon": "0", "Confirmed": 43904, "Deaths": 1682, "Recovered": 33043, "Active": 9179, "Date": "2020-07-28T00:00:00Z"}, {"Country": "Poland", "CountryCode": "", "Province": "", "City": "", "CityCode": "", "Lat": "0", "Lon": "0", "Confirmed": 44416, "Deaths": 1694, "Recovered": 33190, "Active": 9532, "Date": "2020-07-29T00:00:00Z"}, {"Country": "Poland", "CountryCode": "", "Province": "", "City": "", "CityCode": "", "Lat": "0", "Lon": "0", "Confirmed": 45031, "Deaths": 1709, "Recovered": 33643, "Active": 9679, "Date": "2020-07-30T00:00:00Z"}, {"Country": "Poland", "CountryCode": "", "Province": "", "City": "", "CityCode": "", "Lat": "0", "Lon": "0", "Confirmed": 45688, "Deaths": 1716, "Recovered": 33987, "Active": 9985, "Date": "2020-07-31T00:00:00Z"}, {"Country": "Poland", "CountryCode": "", "Province": "", "City": "", "CityCode": "", "Lat": "0", "Lon": "0", "Confirmed": 46346, "Deaths": 1721, "Recovered": 34374, "Active": 10251, "Date": "2020-08-01T00:00:00Z"}, {"Country": "Poland", "CountryCode": "", "Province": "", "City": "", "CityCode": "", "Lat": "0", "Lon": "0", "Confirmed": 46894, "Deaths": 1731, "Recovered": 34709, "Active": 10454, "Date": "2020-08-02T00:00:00Z"}, {"Country": "Poland", "CountryCode": "", "Province": "", "City": "", "CityCode": "", "Lat": "0", "Lon": "0", "Confirmed": 47469, "Deaths": 1732, "Recovered": 34881, "Active": 10856, "Date": "2020-08-03T00:00:00Z"}, {"Country": "Poland", "CountryCode": "", "Province": "", "City": "", "CityCode": "", "Lat": "0", "Lon": "0", "Confirmed": 48149, "Deaths": 1738, "Recovered": 35056, "Active": 11355, "Date": "2020-08-04T00:00:00Z"}, {"Country": "Poland", "CountryCode": "", "Province": "", "City": "", "CityCode": "", "Lat": "0", "Lon": "0", "Confirmed": 48789, "Deaths": 1756, "Recovered": 35321, "Active": 11712, "Date": "2020-08-05T00:00:00Z"}, {"Country": "Poland", "CountryCode": "", "Province": "", "City": "", "CityCode": "", "Lat": "0", "Lon": "0", "Confirmed": 49515, "Deaths": 1774, "Recovered": 35642, "Active": 12099, "Date": "2020-08-06T00:00:00Z"}, {"Country": "Poland", "CountryCode": "", "Province": "", "City": "", "CityCode": "", "Lat": "0", "Lon": "0", "Confirmed": 50324, "Deaths": 1787, "Recovered": 36041, "Active": 12496, "Date": "2020-08-07T00:00:00Z"}, {"Country": "Poland", "CountryCode": "", "Province": "", "City": "", "CityCode": "", "Lat": "0", "Lon": "0", "Confirmed": 51167, "Deaths": 1800, "Recovered": 36403, "Active": 12964, "Date": "2020-08-08T00:00:00Z"}, {"Country": "Poland", "CountryCode": "", "Province": "", "City": "", "CityCode": "", "Lat": "0", "Lon": "0", "Confirmed": 51791, "Deaths": 1807, "Recovered": 36691, "Active": 13293, "Date": "2020-08-09T00:00:00Z"}, {"Country": "Poland", "CountryCode": "", "Province": "", "City": "", "CityCode": "", "Lat": "0", "Lon": "0", "Confirmed": 52410, "Deaths": 1809, "Recovered": 36877, "Active": 13724, "Date": "2020-08-10T00:00:00Z"}, {"Country": "Poland", "CountryCode": "", "Province": "", "City": "", "CityCode": "", "Lat": "0", "Lon": "0", "Confirmed": 52961, "Deaths": 1821, "Recovered": 37150, "Active": 13990, "Date": "2020-08-11T00:00:00Z"}, {"Country": "Poland", "CountryCode": "", "Province": "", "City": "", "CityCode": "", "Lat": "0", "Lon": "0", "Confirmed": 53676, "Deaths": 1830, "Recovered": 37611, "Active": 14235, "Date": "2020-08-12T00:00:00Z"}, {"Country": "Poland", "CountryCode": "", "Province": "", "City": "", "CityCode": "", "Lat": "0", "Lon": "0", "Confirmed": 54487, "Deaths": 1844, "Recovered": 37961, "Active": 14682, "Date": "2020-08-13T00:00:00Z"}, {"Country": "Poland", "CountryCode": "", "Province": "", "City": "", "CityCode": "", "Lat": "0", "Lon": "0", "Confirmed": 55319, "Deaths": 1858, "Recovered": 38362, "Active": 15099, "Date": "2020-08-14T00:00:00Z"}, {"Country": "Poland", "CountryCode": "", "Province": "", "City": "", "CityCode": "", "Lat": "0", "Lon": "0", "Confirmed": 56090, "Deaths": 1869, "Recovered": 38853, "Active": 15368, "Date": "2020-08-15T00:00:00Z"}, {"Country": "Poland", "CountryCode": "", "Province": "", "City": "", "CityCode": "", "Lat": "0", "Lon": "0", "Confirmed": 56684, "Deaths": 1877, "Recovered": 39130, "Active": 15677, "Date": "2020-08-16T00:00:00Z"}, {"Country": "Poland", "CountryCode": "", "Province": "", "City": "", "CityCode": "", "Lat": "0", "Lon": "0", "Confirmed": 57279, "Deaths": 1885, "Recovered": 39359, "Active": 16035, "Date": "2020-08-17T00:00:00Z"}, {"Country": "Poland", "CountryCode": "", "Province": "", "City": "", "CityCode": "", "Lat": "0", "Lon": "0", "Confirmed": 57876, "Deaths": 1896, "Recovered": 39643, "Active": 16337, "Date": "2020-08-18T00:00:00Z"}, {"Country": "Poland", "CountryCode": "", "Province": "", "City": "", "CityCode": "", "Lat": "0", "Lon": "0", "Confirmed": 58611, "Deaths": 1913, "Recovered": 40099, "Active": 16599, "Date": "2020-08-19T00:00:00Z"}, {"Country": "Poland", "CountryCode": "", "Province": "", "City": "", "CityCode": "", "Lat": "0", "Lon": "0", "Confirmed": 59378, "Deaths": 1925, "Recovered": 40481, "Active": 16972, "Date": "2020-08-20T00:00:00Z"}, {"Country": "Poland", "CountryCode": "", "Province": "", "City": "", "CityCode": "", "Lat": "0", "Lon": "0", "Confirmed": 60281, "Deaths": 1938, "Recovered": 41029, "Active": 17314, "Date": "2020-08-21T00:00:00Z"}, {"Country": "Poland", "CountryCode": "", "Province": "", "City": "", "CityCode": "", "Lat": "0", "Lon": "0", "Confirmed": 61181, "Deaths": 1951, "Recovered": 41661, "Active": 17569, "Date": "2020-08-22T00:00:00Z"}, {"Country": "Poland", "CountryCode": "", "Province": "", "City": "", "CityCode": "", "Lat": "0", "Lon": "0", "Confirmed": 61762, "Deaths": 1955, "Recovered": 42183, "Active": 17624, "Date": "2020-08-23T00:00:00Z"}, {"Country": "Poland", "CountryCode": "", "Province": "", "City": "", "CityCode": "", "Lat": "0", "Lon": "0", "Confirmed": 62310, "Deaths": 1960, "Recovered": 42448, "Active": 17902, "Date": "2020-08-24T00:00:00Z"}, {"Country": "Poland", "CountryCode": "", "Province": "", "City": "", "CityCode": "", "Lat": "0", "Lon": "0", "Confirmed": 63073, "Deaths": 1977, "Recovered": 42784, "Active": 18312, "Date": "2020-08-25T00:00:00Z"}, {"Country": "Poland", "CountryCode": "", "Province": "", "City": "", "CityCode": "", "Lat": "0", "Lon": "0", "Confirmed": 63802, "Deaths": 1994, "Recovered": 43399, "Active": 18409, "Date": "2020-08-26T00:00:00Z"}, {"Country": "Poland", "CountryCode": "", "Province": "", "City": "", "CityCode": "", "Lat": "0", "Lon": "0", "Confirmed": 64689, "Deaths": 2010, "Recovered": 44097, "Active": 18582, "Date": "2020-08-27T00:00:00Z"}, {"Country": "Poland", "CountryCode": "", "Province": "", "City": "", "CityCode": "", "Lat": "0", "Lon": "0", "Confirmed": 65480, "Deaths": 2018, "Recovered": 44785, "Active": 18677, "Date": "2020-08-28T00:00:00Z"}, {"Country": "Poland", "CountryCode": "", "Province": "", "City": "", "CityCode": "", "Lat": "0", "Lon": "0", "Confirmed": 66239, "Deaths": 2032, "Recovered": 45536, "Active": 18671, "Date": "2020-08-29T00:00:00Z"}, {"Country": "Poland", "CountryCode": "", "Province": "", "City": "", "CityCode": "", "Lat": "0", "Lon": "0", "Confirmed": 66870, "Deaths": 2033, "Recovered": 46192, "Active": 18645, "Date": "2020-08-30T00:00:00Z"}, {"Country": "Poland", "CountryCode": "", "Province": "", "City": "", "CityCode": "", "Lat": "0", "Lon": "0", "Confirmed": 67372, "Deaths": 2039, "Recovered": 46638, "Active": 18695, "Date": "2020-08-31T00:00:00Z"}, {"Country": "Poland", "CountryCode": "", "Province": "", "City": "", "CityCode": "", "Lat": "0", "Lon": "0", "Confirmed": 67922, "Deaths": 2058, "Recovered": 47030, "Active": 18834, "Date": "2020-09-01T00:00:00Z"}, {"Country": "Poland", "CountryCode": "", "Province": "", "City": "", "CityCode": "", "Lat": "0", "Lon": "0", "Confirmed": 68517, "Deaths": 2078, "Recovered": 47865, "Active": 18574, "Date": "2020-09-02T00:00:00Z"}, {"Country": "Poland", "CountryCode": "", "Province": "", "City": "", "CityCode": "", "Lat": "0", "Lon": "0", "Confirmed": 69129, "Deaths": 2092, "Recovered": 48593, "Active": 18444, "Date": "2020-09-03T00:00:00Z"}, {"Country": "Poland", "CountryCode": "", "Province": "", "City": "", "CityCode": "", "Lat": "0", "Lon": "0", "Confirmed": 69820, "Deaths": 2100, "Recovered": 49820, "Active": 17900, "Date": "2020-09-04T00:00:00Z"}, {"Country": "Poland", "CountryCode": "", "Province": "", "City": "", "CityCode": "", "Lat": "0", "Lon": "0", "Confirmed": 70387, "Deaths": 2113, "Recovered": 52346, "Active": 15928, "Date": "2020-09-05T00:00:00Z"}, {"Country": "Poland", "CountryCode": "", "Province": "", "City": "", "CityCode": "", "Lat": "0", "Lon": "0", "Confirmed": 70824, "Deaths": 2120, "Recovered": 54256, "Active": 14448, "Date": "2020-09-06T00:00:00Z"}, {"Country": "Poland", "CountryCode": "", "Province": "", "City": "", "CityCode": "", "Lat": "0", "Lon": "0", "Confirmed": 71126, "Deaths": 2124, "Recovered": 55113, "Active": 13889, "Date": "2020-09-07T00:00:00Z"}, {"Country": "Poland", "CountryCode": "", "Province": "", "City": "", "CityCode": "", "Lat": "0", "Lon": "0", "Confirmed": 71526, "Deaths": 2136, "Recovered": 55910, "Active": 13480, "Date": "2020-09-08T00:00:00Z"}, {"Country": "Poland", "CountryCode": "", "Province": "", "City": "", "CityCode": "", "Lat": "0", "Lon": "0", "Confirmed": 71947, "Deaths": 2147, "Recovered": 57135, "Active": 12665, "Date": "2020-09-09T00:00:00Z"}, {"Country": "Poland", "CountryCode": "", "Province": "", "City": "", "CityCode": "", "Lat": "0", "Lon": "0", "Confirmed": 72453, "Deaths": 2159, "Recovered": 58069, "Active": 12225, "Date": "2020-09-10T00:00:00Z"}, {"Country": "Poland", "CountryCode": "", "Province": "", "City": "", "CityCode": "", "Lat": "0", "Lon": "0", "Confirmed": 73047, "Deaths": 2169, "Recovered": 58848, "Active": 12030, "Date": "2020-09-11T00:00:00Z"}, {"Country": "Poland", "CountryCode": "", "Province": "", "City": "", "CityCode": "", "Lat": "0", "Lon": "0", "Confirmed": 73650, "Deaths": 2182, "Recovered": 59725, "Active": 11743, "Date": "2020-09-12T00:00:00Z"}, {"Country": "Poland", "CountryCode": "", "Province": "", "City": "", "CityCode": "", "Lat": "0", "Lon": "0", "Confirmed": 74152, "Deaths": 2188, "Recovered": 60659, "Active": 11305, "Date": "2020-09-13T00:00:00Z"}, {"Country": "Poland", "CountryCode": "", "Province": "", "City": "", "CityCode": "", "Lat": "0", "Lon": "0", "Confirmed": 74529, "Deaths": 2203, "Recovered": 61097, "Active": 11229, "Date": "2020-09-14T00:00:00Z"}, {"Country": "Poland", "CountryCode": "", "Province": "", "City": "", "CityCode": "", "Lat": "0", "Lon": "0", "Confirmed": 75134, "Deaths": 2227, "Recovered": 61548, "Active": 11359, "Date": "2020-09-15T00:00:00Z"}, {"Country": "Poland", "CountryCode": "", "Province": "", "City": "", "CityCode": "", "Lat": "0", "Lon": "0", "Confirmed": 75734, "Deaths": 2237, "Recovered": 62110, "Active": 11387, "Date": "2020-09-16T00:00:00Z"}, {"Country": "Poland", "CountryCode": "", "Province": "", "City": "", "CityCode": "", "Lat": "0", "Lon": "0", "Confirmed": 76571, "Deaths": 2253, "Recovered": 62725, "Active": 11593, "Date": "2020-09-17T00:00:00Z"}, {"Country": "Poland", "CountryCode": "", "Province": "", "City": "", "CityCode": "", "Lat": "0", "Lon": "0", "Confirmed": 77328, "Deaths": 2270, "Recovered": 63312, "Active": 11746, "Date": "2020-09-18T00:00:00Z"}, {"Country": "Poland", "CountryCode": "", "Province": "", "City": "", "CityCode": "", "Lat": "0", "Lon": "0", "Confirmed": 78330, "Deaths": 2282, "Recovered": 63861, "Active": 12187, "Date": "2020-09-19T00:00:00Z"}, {"Country": "Poland", "CountryCode": "", "Province": "", "City": "", "CityCode": "", "Lat": "0", "Lon": "0", "Confirmed": 79240, "Deaths": 2293, "Recovered": 64302, "Active": 12645, "Date": "2020-09-20T00:00:00Z"}, {"Country": "Poland", "CountryCode": "", "Province": "", "City": "", "CityCode": "", "Lat": "0", "Lon": "0", "Confirmed": 79988, "Deaths": 2298, "Recovered": 64604, "Active": 13086, "Date": "2020-09-21T00:00:00Z"}, {"Country": "Poland", "CountryCode": "", "Province": "", "City": "", "CityCode": "", "Lat": "0", "Lon": "0", "Confirmed": 80699, "Deaths": 2316, "Recovered": 64972, "Active": 13411, "Date": "2020-09-22T00:00:00Z"}, {"Country": "Poland", "CountryCode": "", "Province": "", "City": "", "CityCode": "", "Lat": "0", "Lon": "0", "Confirmed": 81673, "Deaths": 2344, "Recovered": 65561, "Active": 13768, "Date": "2020-09-23T00:00:00Z"}, {"Country": "Poland", "CountryCode": "", "Province": "", "City": "", "CityCode": "", "Lat": "0", "Lon": "0", "Confirmed": 82809, "Deaths": 2369, "Recovered": 66158, "Active": 14282, "Date": "2020-09-24T00:00:00Z"}, {"Country": "Poland", "CountryCode": "", "Province": "", "City": "", "CityCode": "", "Lat": "0", "Lon": "0", "Confirmed": 84396, "Deaths": 2392, "Recovered": 66740, "Active": 15264, "Date": "2020-09-25T00:00:00Z"}, {"Country": "Poland", "CountryCode": "", "Province": "", "City": "", "CityCode": "", "Lat": "0", "Lon": "0", "Confirmed": 85980, "Deaths": 2424, "Recovered": 67326, "Active": 16230, "Date": "2020-09-26T00:00:00Z"}, {"Country": "Poland", "CountryCode": "", "Province": "", "City": "", "CityCode": "", "Lat": "0", "Lon": "0", "Confirmed": 87330, "Deaths": 2432, "Recovered": 67904, "Active": 16994, "Date": "2020-09-27T00:00:00Z"}, {"Country": "Poland", "CountryCode": "", "Province": "", "City": "", "CityCode": "", "Lat": "0", "Lon": "0", "Confirmed": 88636, "Deaths": 2447, "Recovered": 68420, "Active": 17769, "Date": "2020-09-28T00:00:00Z"}, {"Country": "Poland", "CountryCode": "", "Province": "", "City": "", "CityCode": "", "Lat": "0", "Lon": "0", "Confirmed": 89962, "Deaths": 2483, "Recovered": 68955, "Active": 18524, "Date": "2020-09-29T00:00:00Z"}, {"Country": "Poland", "CountryCode": "", "Province": "", "City": "", "CityCode": "", "Lat": "0", "Lon": "0", "Confirmed": 91514, "Deaths": 2513, "Recovered": 69695, "Active": 19306, "Date": "2020-09-30T00:00:00Z"}, {"Country": "Poland", "CountryCode": "", "Province": "", "City": "", "CityCode": "", "Lat": "0", "Lon": "0", "Confirmed": 93481, "Deaths": 2543, "Recovered": 70401, "Active": 20537, "Date": "2020-10-01T00:00:00Z"}, {"Country": "Poland", "CountryCode": "", "Province": "", "City": "", "CityCode": "", "Lat": "0", "Lon": "0", "Confirmed": 95773, "Deaths": 2570, "Recovered": 71353, "Active": 21850, "Date": "2020-10-02T00:00:00Z"}, {"Country": "Poland", "CountryCode": "", "Province": "", "City": "", "CityCode": "", "Lat": "0", "Lon": "0", "Confirmed": 98140, "Deaths": 2604, "Recovered": 72209, "Active": 23327, "Date": "2020-10-03T00:00:00Z"}, {"Country": "Poland", "CountryCode": "", "Province": "", "City": "", "CityCode": "", "Lat": "0", "Lon": "0", "Confirmed": 100074, "Deaths": 2630, "Recovered": 73003, "Active": 24441, "Date": "2020-10-04T00:00:00Z"}, {"Country": "Poland", "CountryCode": "", "Province": "", "City": "", "CityCode": "", "Lat": "0", "Lon": "0", "Confirmed": 102080, "Deaths": 2659, "Recovered": 73552, "Active": 25869, "Date": "2020-10-05T00:00:00Z"}, {"Country": "Poland", "CountryCode": "", "Province": "", "City": "", "CityCode": "", "Lat": "0", "Lon": "0", "Confirmed": 104316, "Deaths": 2717, "Recovered": 74158, "Active": 27441, "Date": "2020-10-06T00:00:00Z"}, {"Country": "Poland", "CountryCode": "", "Province": "", "City": "", "CityCode": "", "Lat": "0", "Lon": "0", "Confirmed": 107319, "Deaths": 2792, "Recovered": 75346, "Active": 29181, "Date": "2020-10-07T00:00:00Z"}, {"Country": "Poland", "CountryCode": "", "Province": "", "City": "", "CityCode": "", "Lat": "0", "Lon": "0", "Confirmed": 111599, "Deaths": 2867, "Recovered": 76490, "Active": 32242, "Date": "2020-10-08T00:00:00Z"}, {"Country": "Poland", "CountryCode": "", "Province": "", "City": "", "CityCode": "", "Lat": "0", "Lon": "0", "Confirmed": 116338, "Deaths": 2919, "Recovered": 77875, "Active": 35544, "Date": "2020-10-09T00:00:00Z"}, {"Country": "Poland", "CountryCode": "", "Province": "", "City": "", "CityCode": "", "Lat": "0", "Lon": "0", "Confirmed": 121638, "Deaths": 2972, "Recovered": 78982, "Active": 39684, "Date": "2020-10-10T00:00:00Z"}, {"Country": "Poland", "CountryCode": "", "Province": "", "City": "", "CityCode": "", "Lat": "0", "Lon": "0", "Confirmed": 125816, "Deaths": 3004, "Recovered": 80302, "Active": 42510, "Date": "2020-10-11T00:00:00Z"}, {"Country": "Poland", "CountryCode": "", "Province": "", "City": "", "CityCode": "", "Lat": "0", "Lon": "0", "Confirmed": 130210, "Deaths": 3039, "Recovered": 81201, "Active": 45970, "Date": "2020-10-12T00:00:00Z"}, {"Country": "Poland", "CountryCode": "", "Province": "", "City": "", "CityCode": "", "Lat": "0", "Lon": "0", "Confirmed": 135278, "Deaths": 3101, "Recovered": 82004, "Active": 50173, "Date": "2020-10-13T00:00:00Z"}, {"Country": "Poland", "CountryCode": "", "Province": "", "City": "", "CityCode": "", "Lat": "0", "Lon": "0", "Confirmed": 141804, "Deaths": 3217, "Recovered": 83847, "Active": 54740, "Date": "2020-10-14T00:00:00Z"}, {"Country": "Poland", "CountryCode": "", "Province": "", "City": "", "CityCode": "", "Lat": "0", "Lon": "0", "Confirmed": 149903, "Deaths": 3308, "Recovered": 85588, "Active": 61007, "Date": "2020-10-15T00:00:00Z"}, {"Country": "Poland", "CountryCode": "", "Province": "", "City": "", "CityCode": "", "Lat": "0", "Lon": "0", "Confirmed": 157608, "Deaths": 3440, "Recovered": 87773, "Active": 66395, "Date": "2020-10-16T00:00:00Z"}, {"Country": "Poland", "CountryCode": "", "Province": "", "City": "", "CityCode": "", "Lat": "0", "Lon": "0", "Confirmed": 167230, "Deaths": 3524, "Recovered": 90162, "Active": 73544, "Date": "2020-10-17T00:00:00Z"}, {"Country": "Poland", "CountryCode": "", "Province": "", "City": "", "CityCode": "", "Lat": "0", "Lon": "0", "Confirmed": 175766, "Deaths": 3573, "Recovered": 92651, "Active": 79542, "Date": "2020-10-18T00:00:00Z"}, {"Country": "Poland", "CountryCode": "", "Province": "", "City": "", "CityCode": "", "Lat": "0", "Lon": "0", "Confirmed": 183248, "Deaths": 3614, "Recovered": 94014, "Active": 85620, "Date": "2020-10-19T00:00:00Z"}, {"Country": "Poland", "CountryCode": "", "Province": "", "City": "", "CityCode": "", "Lat": "0", "Lon": "0", "Confirmed": 192539, "Deaths": 3721, "Recovered": 95956, "Active": 92862, "Date": "2020-10-20T00:00:00Z"}, {"Country": "Poland", "CountryCode": "", "Province": "", "City": "", "CityCode": "", "Lat": "0", "Lon": "0", "Confirmed": 202579, "Deaths": 3851, "Recovered": 98884, "Active": 99844, "Date": "2020-10-21T00:00:00Z"}, {"Country": "Poland", "CountryCode": "", "Province": "", "City": "", "CityCode": "", "Lat": "0", "Lon": "0", "Confirmed": 214686, "Deaths": 4019, "Recovered": 102204, "Active": 108463, "Date": "2020-10-22T00:00:00Z"}, {"Country": "Poland", "CountryCode": "", "Province": "", "City": "", "CityCode": "", "Lat": "0", "Lon": "0", "Confirmed": 228318, "Deaths": 4172, "Recovered": 105092, "Active": 119054, "Date": "2020-10-23T00:00:00Z"}, {"Country": "Poland", "CountryCode": "", "Province": "", "City": "", "CityCode": "", "Lat": "0", "Lon": "0", "Confirmed": 241946, "Deaths": 4351, "Recovered": 109344, "Active": 128251, "Date": "2020-10-24T00:00:00Z"}, {"Country": "Poland", "CountryCode": "", "Province": "", "City": "", "CityCode": "", "Lat": "0", "Lon": "0", "Confirmed": 253688, "Deaths": 4438, "Recovered": 112619, "Active": 136631, "Date": "2020-10-25T00:00:00Z"}, {"Country": "Poland", "CountryCode": "", "Province": "", "City": "", "CityCode": "", "Lat": "0", "Lon": "0", "Confirmed": 263929, "Deaths": 4483, "Recovered": 115302, "Active": 144144, "Date": "2020-10-26T00:00:00Z"}, {"Country": "Poland", "CountryCode": "", "Province": "", "City": "", "CityCode": "", "Lat": "0", "Lon": "0", "Confirmed": 280229, "Deaths": 4615, "Recovered": 119237, "Active": 156377, "Date": "2020-10-27T00:00:00Z"}, {"Country": "Poland", "CountryCode": "", "Province": "", "City": "", "CityCode": "", "Lat": "0", "Lon": "0", "Confirmed": 299049, "Deaths": 4849, "Recovered": 123504, "Active": 170696, "Date": "2020-10-28T00:00:00Z"}, {"Country": "Poland", "CountryCode": "", "Province": "", "City": "", "CityCode": "", "Lat": "0", "Lon": "0", "Confirmed": 319205, "Deaths": 5149, "Recovered": 129267, "Active": 184789, "Date": "2020-10-29T00:00:00Z"}, {"Country": "Poland", "CountryCode": "", "Province": "", "City": "", "CityCode": "", "Lat": "0", "Lon": "0", "Confirmed": 340834, "Deaths": 5351, "Recovered": 134724, "Active": 200759, "Date": "2020-10-30T00:00:00Z"}, {"Country": "Poland", "CountryCode": "", "Province": "", "City": "", "CityCode": "", "Lat": "0", "Lon": "0", "Confirmed": 362731, "Deaths": 5631, "Recovered": 140280, "Active": 216820, "Date": "2020-10-31T00:00:00Z"}, {"Country": "Poland", "CountryCode": "", "Province": "", "City": "", "CityCode": "", "Lat": "0", "Lon": "0", "Confirmed": 379902, "Deaths": 5783, "Recovered": 146595, "Active": 227524, "Date": "2020-11-01T00:00:00Z"}, {"Country": "Poland", "CountryCode": "", "Province": "", "City": "", "CityCode": "", "Lat": "0", "Lon": "0", "Confirmed": 395480, "Deaths": 5875, "Recovered": 154413, "Active": 235192, "Date": "2020-11-02T00:00:00Z"}, {"Country": "Poland", "CountryCode": "", "Province": "", "City": "", "CityCode": "", "Lat": "0", "Lon": "0", "Confirmed": 414844, "Deaths": 6102, "Recovered": 159986, "Active": 248756, "Date": "2020-11-03T00:00:00Z"}, {"Country": "Poland", "CountryCode": "", "Province": "", "City": "", "CityCode": "", "Lat": "0", "Lon": "0", "Confirmed": 439536, "Deaths": 6475, "Recovered": 168960, "Active": 264101, "Date": "2020-11-04T00:00:00Z"}, {"Country": "Poland", "CountryCode": "", "Province": "", "City": "", "CityCode": "", "Lat": "0", "Lon": "0", "Confirmed": 466679, "Deaths": 6842, "Recovered": 177681, "Active": 282156, "Date": "2020-11-05T00:00:00Z"}, {"Country": "Poland", "CountryCode": "", "Province": "", "City": "", "CityCode": "", "Lat": "0", "Lon": "0", "Confirmed": 493765, "Deaths": 7287, "Recovered": 188675, "Active": 297803, "Date": "2020-11-06T00:00:00Z"}, {"Country": "Poland", "CountryCode": "", "Province": "", "City": "", "CityCode": "", "Lat": "0", "Lon": "0", "Confirmed": 521640, "Deaths": 7636, "Recovered": 200510, "Active": 313494, "Date": "2020-11-07T00:00:00Z"}, {"Country": "Poland", "CountryCode": "", "Province": "", "City": "", "CityCode": "", "Lat": "0", "Lon": "0", "Confirmed": 546425, "Deaths": 7872, "Recovered": 209363, "Active": 329190, "Date": "2020-11-08T00:00:00Z"}, {"Country": "Poland", "CountryCode": "", "Province": "", "City": "", "CityCode": "", "Lat": "0", "Lon": "0", "Confirmed": 568138, "Deaths": 8045, "Recovered": 219371, "Active": 340722, "Date": "2020-11-09T00:00:00Z"}, {"Country": "Poland", "CountryCode": "", "Province": "", "City": "", "CityCode": "", "Lat": "0", "Lon": "0", "Confirmed": 593592, "Deaths": 8375, "Recovered": 230661, "Active": 354556, "Date": "2020-11-10T00:00:00Z"}, {"Country": "Poland", "CountryCode": "", "Province": "", "City": "", "CityCode": "", "Lat": "0", "Lon": "0", "Confirmed": 618813, "Deaths": 8805, "Recovered": 242875, "Active": 367133, "Date": "2020-11-11T00:00:00Z"}, {"Country": "Poland", "CountryCode": "", "Province": "", "City": "", "CityCode": "", "Lat": "0", "Lon": "0", "Confirmed": 641496, "Deaths": 9080, "Recovered": 254349, "Active": 378067, "Date": "2020-11-12T00:00:00Z"}, {"Country": "Poland", "CountryCode": "", "Province": "", "City": "", "CityCode": "", "Lat": "0", "Lon": "0", "Confirmed": 665547, "Deaths": 9499, "Recovered": 267580, "Active": 388468, "Date": "2020-11-13T00:00:00Z"}, {"Country": "Poland", "CountryCode": "", "Province": "", "City": "", "CityCode": "", "Lat": "0", "Lon": "0", "Confirmed": 691118, "Deaths": 10045, "Recovered": 282215, "Active": 398858, "Date": "2020-11-14T00:00:00Z"}, {"Country": "Poland", "CountryCode": "", "Province": "", "City": "", "CityCode": "", "Lat": "0", "Lon": "0", "Confirmed": 712972, "Deaths": 10348, "Recovered": 294783, "Active": 407841, "Date": "2020-11-15T00:00:00Z"}, {"Country": "Poland", "CountryCode": "", "Province": "", "City": "", "CityCode": "", "Lat": "0", "Lon": "0", "Confirmed": 733788, "Deaths": 10491, "Recovered": 306022, "Active": 417275, "Date": "2020-11-16T00:00:00Z"}, {"Country": "Poland", "CountryCode": "", "Province": "", "City": "", "CityCode": "", "Lat": "0", "Lon": "0", "Confirmed": 752940, "Deaths": 10848, "Recovered": 324282, "Active": 417810, "Date": "2020-11-17T00:00:00Z"}, {"Country": "Poland", "CountryCode": "", "Province": "", "City": "", "CityCode": "", "Lat": "0", "Lon": "0", "Confirmed": 772823, "Deaths": 11451, "Recovered": 342883, "Active": 418489, "Date": "2020-11-18T00:00:00Z"}, {"Country": "Poland", "CountryCode": "", "Province": "", "City": "", "CityCode": "", "Lat": "0", "Lon": "0", "Confirmed": 796798, "Deaths": 12088, "Recovered": 361886, "Active": 422824, "Date": "2020-11-19T00:00:00Z"}, {"Country": "Poland", "CountryCode": "", "Province": "", "City": "", "CityCode": "", "Lat": "0", "Lon": "0", "Confirmed": 819262, "Deaths": 12714, "Recovered": 381800, "Active": 424748, "Date": "2020-11-20T00:00:00Z"}, {"Country": "Poland", "CountryCode": "", "Province": "", "City": "", "CityCode": "", "Lat": "0", "Lon": "0", "Confirmed": 843475, "Deaths": 13288, "Recovered": 407075, "Active": 423112, "Date": "2020-11-21T00:00:00Z"}, {"Country": "Poland", "CountryCode": "", "Province": "", "City": "", "CityCode": "", "Lat": "0", "Lon": "0", "Confirmed": 861331, "Deaths": 13618, "Recovered": 423971, "Active": 423742, "Date": "2020-11-22T00:00:00Z"}, {"Country": "Poland", "CountryCode": "", "Province": "", "City": "", "CityCode": "", "Lat": "0", "Lon": "0", "Confirmed": 876333, "Deaths": 13774, "Recovered": 438868, "Active": 423691, "Date": "2020-11-23T00:00:00Z"}, {"Country": "Poland", "CountryCode": "", "Province": "", "City": "", "CityCode": "", "Lat": "0", "Lon": "0", "Confirmed": 909066, "Deaths": 14314, "Recovered": 454717, "Active": 440035, "Date": "2020-11-24T00:00:00Z"}, {"Country": "Poland", "CountryCode": "", "Province": "", "City": "", "CityCode": "", "Lat": "0", "Lon": "0", "Confirmed": 924422, "Deaths": 14988, "Recovered": 469527, "Active": 439907, "Date": "2020-11-25T00:00:00Z"}, {"Country": "Poland", "CountryCode": "", "Province": "", "City": "", "CityCode": "", "Lat": "0", "Lon": "0", "Confirmed": 941112, "Deaths": 15568, "Recovered": 494869, "Active": 430675, "Date": "2020-11-26T00:00:00Z"}, {"Country": "Poland", "CountryCode": "", "Province": "", "City": "", "CityCode": "", "Lat": "0", "Lon": "0", "Confirmed": 958416, "Deaths": 16147, "Recovered": 516636, "Active": 425633, "Date": "2020-11-27T00:00:00Z"}, {"Country": "Poland", "CountryCode": "", "Province": "", "City": "", "CityCode": "", "Lat": "0", "Lon": "0", "Confirmed": 973593, "Deaths": 16746, "Recovered": 538273, "Active": 418574, "Date": "2020-11-28T00:00:00Z"}, {"Country": "Poland", "CountryCode": "", "Province": "", "City": "", "CityCode": "", "Lat": "0", "Lon": "0", "Confirmed": 985075, "Deaths": 17029, "Recovered": 559429, "Active": 408617, "Date": "2020-11-29T00:00:00Z"}, {"Country": "Poland", "CountryCode": "", "Province": "", "City": "", "CityCode": "", "Lat": "0", "Lon": "0", "Confirmed": 990811, "Deaths": 17150, "Recovered": 577514, "Active": 396147, "Date": "2020-11-30T00:00:00Z"}, {"Country": "Poland", "CountryCode": "", "Province": "", "City": "", "CityCode": "", "Lat": "0", "Lon": "0", "Confirmed": 999924, "Deaths": 17599, "Recovered": 597589, "Active": 384736, "Date": "2020-12-01T00:00:00Z"}, {"Country": "Poland", "CountryCode": "", "Province": "", "City": "", "CityCode": "", "Lat": "0", "Lon": "0", "Confirmed": 1013747, "Deaths": 18208, "Recovered": 622980, "Active": 372559, "Date": "2020-12-02T00:00:00Z"}, {"Country": "Poland", "CountryCode": "", "Province": "", "City": "", "CityCode": "", "Lat": "0", "Lon": "0", "Confirmed": 1028610, "Deaths": 18828, "Recovered": 646560, "Active": 363222, "Date": "2020-12-03T00:00:00Z"}, {"Country": "Poland", "CountryCode": "", "Province": "", "City": "", "CityCode": "", "Lat": "0", "Lon": "0", "Confirmed": 1041846, "Deaths": 19359, "Recovered": 666413, "Active": 356074, "Date": "2020-12-04T00:00:00Z"}, {"Country": "Poland", "CountryCode": "", "Province": "", "City": "", "CityCode": "", "Lat": "0", "Lon": "0", "Confirmed": 1054273, "Deaths": 19861, "Recovered": 687910, "Active": 346502, "Date": "2020-12-05T00:00:00Z"}, {"Country": "Poland", "CountryCode": "", "Province": "", "City": "", "CityCode": "", "Lat": "0", "Lon": "0", "Confirmed": 1063449, "Deaths": 20089, "Recovered": 706720, "Active": 336640, "Date": "2020-12-06T00:00:00Z"}, {"Country": "Poland", "CountryCode": "", "Province": "", "City": "", "CityCode": "", "Lat": "0", "Lon": "0", "Confirmed": 1067870, "Deaths": 20181, "Recovered": 722446, "Active": 325243, "Date": "2020-12-07T00:00:00Z"}, {"Country": "Poland", "CountryCode": "", "Province": "", "City": "", "CityCode": "", "Lat": "0", "Lon": "0", "Confirmed": 1076180, "Deaths": 20592, "Recovered": 738845, "Active": 316743, "Date": "2020-12-08T00:00:00Z"}, {"Country": "Poland", "CountryCode": "", "Province": "", "City": "", "CityCode": "", "Lat": "0", "Lon": "0", "Confirmed": 1088346, "Deaths": 21160, "Recovered": 768241, "Active": 298945, "Date": "2020-12-09T00:00:00Z"}, {"Country": "Poland", "CountryCode": "", "Province": "", "City": "", "CityCode": "", "Lat": "0", "Lon": "0", "Confirmed": 1102096, "Deaths": 21630, "Recovered": 792119, "Active": 288347, "Date": "2020-12-10T00:00:00Z"}, {"Country": "Poland", "CountryCode": "", "Province": "", "City": "", "CityCode": "", "Lat": "0", "Lon": "0", "Confirmed": 1115201, "Deaths": 22174, "Recovered": 815356, "Active": 277671, "Date": "2020-12-11T00:00:00Z"}, {"Country": "Poland", "CountryCode": "", "Province": "", "City": "", "CityCode": "", "Lat": "0", "Lon": "0", "Confirmed": 1126700, "Deaths": 22676, "Recovered": 840541, "Active": 263483, "Date": "2020-12-12T00:00:00Z"}, {"Country": "Poland", "CountryCode": "", "Province": "", "City": "", "CityCode": "", "Lat": "0", "Lon": "0", "Confirmed": 1135676, "Deaths": 22864, "Recovered": 858895, "Active": 253917, "Date": "2020-12-13T00:00:00Z"}, {"Country": "Poland", "CountryCode": "", "Province": "", "City": "", "CityCode": "", "Lat": "0", "Lon": "0", "Confirmed": 1140572, "Deaths": 22960, "Recovered": 869155, "Active": 248457, "Date": "2020-12-14T00:00:00Z"}, {"Country": "Poland", "CountryCode": "", "Province": "", "City": "", "CityCode": "", "Lat": "0", "Lon": "0", "Confirmed": 1147446, "Deaths": 23309, "Recovered": 879748, "Active": 244389, "Date": "2020-12-15T00:00:00Z"}, {"Country": "Poland", "CountryCode": "", "Province": "", "City": "", "CityCode": "", "Lat": "0", "Lon": "0", "Confirmed": 1159901, "Deaths": 23914, "Recovered": 892650, "Active": 243337, "Date": "2020-12-16T00:00:00Z"}, {"Country": "Poland", "CountryCode": "", "Province": "", "City": "", "CityCode": "", "Lat": "0", "Lon": "0", "Confirmed": 1171854, "Deaths": 24345, "Recovered": 903349, "Active": 244160, "Date": "2020-12-17T00:00:00Z"}, {"Country": "Poland", "CountryCode": "", "Province": "", "City": "", "CityCode": "", "Lat": "0", "Lon": "0", "Confirmed": 1182864, "Deaths": 24771, "Recovered": 915576, "Active": 242517, "Date": "2020-12-18T00:00:00Z"}, {"Country": "Poland", "CountryCode": "", "Province": "", "City": "", "CityCode": "", "Lat": "0", "Lon": "0", "Confirmed": 1194110, "Deaths": 25254, "Recovered": 927723, "Active": 241133, "Date": "2020-12-19T00:00:00Z"}, {"Country": "Poland", "CountryCode": "", "Province": "", "City": "", "CityCode": "", "Lat": "0", "Lon": "0", "Confirmed": 1202700, "Deaths": 25397, "Recovered": 938269, "Active": 239034, "Date": "2020-12-20T00:00:00Z"}, {"Country": "Poland", "CountryCode": "", "Province": "", "City": "", "CityCode": "", "Lat": "0", "Lon": "0", "Confirmed": 1207333, "Deaths": 25474, "Recovered": 946017, "Active": 235842, "Date": "2020-12-21T00:00:00Z"}, {"Country": "Poland", "CountryCode": "", "Province": "", "City": "", "CityCode": "", "Lat": "0", "Lon": "0", "Confirmed": 1214525, "Deaths": 25783, "Recovered": 954272, "Active": 234470, "Date": "2020-12-22T00:00:00Z"}, {"Country": "Poland", "CountryCode": "", "Province": "", "City": "", "CityCode": "", "Lat": "0", "Lon": "0", "Confirmed": 1226883, "Deaths": 26255, "Recovered": 965178, "Active": 235450, "Date": "2020-12-23T00:00:00Z"}, {"Country": "Poland", "CountryCode": "", "Province": "", "City": "", "CityCode": "", "Lat": "0", "Lon": "0", "Confirmed": 1239998, "Deaths": 26752, "Recovered": 975876, "Active": 237370, "Date": "2020-12-24T00:00:00Z"}, {"Country": "Poland", "CountryCode": "", "Province": "", "City": "", "CityCode": "", "Lat": "0", "Lon": "0", "Confirmed": 1249079, "Deaths": 26992, "Recovered": 984683, "Active": 237404, "Date": "2020-12-25T00:00:00Z"}, {"Country": "Poland", "CountryCode": "", "Province": "", "City": "", "CityCode": "", "Lat": "0", "Lon": "0", "Confirmed": 1253957, "Deaths": 27061, "Recovered": 992381, "Active": 234515, "Date": "2020-12-26T00:00:00Z"}, {"Country": "Poland", "CountryCode": "", "Province": "", "City": "", "CityCode": "", "Lat": "0", "Lon": "0", "Confirmed": 1257799, "Deaths": 27118, "Recovered": 999610, "Active": 231071, "Date": "2020-12-27T00:00:00Z"}, {"Country": "Poland", "CountryCode": "", "Province": "", "City": "", "CityCode": "", "Lat": "0", "Lon": "0", "Confirmed": 1261010, "Deaths": 27147, "Recovered": 1005376, "Active": 228487, "Date": "2020-12-28T00:00:00Z"}, {"Country": "Poland", "CountryCode": "", "Province": "", "City": "", "CityCode": "", "Lat": "0", "Lon": "0", "Confirmed": 1268634, "Deaths": 27454, "Recovered": 1014005, "Active": 227175, "Date": "2020-12-29T00:00:00Z"}, {"Country": "Poland", "CountryCode": "", "Province": "", "City": "", "CityCode": "", "Lat": "0", "Lon": "0", "Confirmed": 1281414, "Deaths": 28019, "Recovered": 1025889, "Active": 227506, "Date": "2020-12-30T00:00:00Z"}, {"Country": "Poland", "CountryCode": "", "Province": "", "City": "", "CityCode": "", "Lat": "0", "Lon": "0", "Confirmed": 1294878, "Deaths": 28554, "Recovered": 1036138, "Active": 230186, "Date": "2020-12-31T00:00:00Z"}, {"Country": "Poland", "CountryCode": "", "Province": "", "City": "", "CityCode": "", "Lat": "0", "Lon": "0", "Confirmed": 1305774, "Deaths": 28956, "Recovered": 1046281, "Active": 230537, "Date": "2021-01-01T00:00:00Z"}, {"Country": "Poland", "CountryCode": "", "Province": "", "City": "", "CityCode": "", "Lat": "0", "Lon": "0", "Confirmed": 1312780, "Deaths": 29058, "Recovered": 1055436, "Active": 228286, "Date": "2021-01-02T00:00:00Z"}, {"Country": "Poland", "CountryCode": "", "Province": "", "City": "", "CityCode": "", "Lat": "0", "Lon": "0", "Confirmed": 1318562, "Deaths": 29119, "Recovered": 1063093, "Active": 226350, "Date": "2021-01-03T00:00:00Z"}, {"Country": "Poland", "CountryCode": "", "Province": "", "City": "", "CityCode": "", "Lat": "0", "Lon": "0", "Confirmed": 1322947, "Deaths": 29161, "Recovered": 1069554, "Active": 224232, "Date": "2021-01-04T00:00:00Z"}, {"Country": "Poland", "CountryCode": "", "Province": "", "City": "", "CityCode": "", "Lat": "0", "Lon": "0", "Confirmed": 1330543, "Deaths": 29502, "Recovered": 1078892, "Active": 222149, "Date": "2021-01-05T00:00:00Z"}, {"Country": "Poland", "CountryCode": "", "Province": "", "City": "", "CityCode": "", "Lat": "0", "Lon": "0", "Confirmed": 1344763, "Deaths": 30055, "Recovered": 1087744, "Active": 226964, "Date": "2021-01-06T00:00:00Z"}, {"Country": "Poland", "CountryCode": "", "Province": "", "City": "", "CityCode": "", "Lat": "0", "Lon": "0", "Confirmed": 1356882, "Deaths": 30241, "Recovered": 1095616, "Active": 231025, "Date": "2021-01-07T00:00:00Z"}, {"Country": "Poland", "CountryCode": "", "Province": "", "City": "", "CityCode": "", "Lat": "0", "Lon": "0", "Confirmed": 1365645, "Deaths": 30574, "Recovered": 1104599, "Active": 230472, "Date": "2021-01-08T00:00:00Z"}, {"Country": "Poland", "CountryCode": "", "Province": "", "City": "", "CityCode": "", "Lat": "0", "Lon": "0", "Confirmed": 1376389, "Deaths": 31011, "Recovered": 1113738, "Active": 231640, "Date": "2021-01-09T00:00:00Z"}, {"Country": "Poland", "CountryCode": "", "Province": "", "City": "", "CityCode": "", "Lat": "0", "Lon": "0", "Confirmed": 1385522, "Deaths": 31189, "Recovered": 1123318, "Active": 231015, "Date": "2021-01-10T00:00:00Z"}, {"Country": "Poland", "CountryCode": "", "Province": "", "City": "", "CityCode": "", "Lat": "0", "Lon": "0", "Confirmed": 1390385, "Deaths": 31264, "Recovered": 1130460, "Active": 228661, "Date": "2021-01-11T00:00:00Z"}, {"Country": "Poland", "CountryCode": "", "Province": "", "City": "", "CityCode": "", "Lat": "0", "Lon": "0", "Confirmed": 1395779, "Deaths": 31593, "Recovered": 1138126, "Active": 226060, "Date": "2021-01-12T00:00:00Z"}, {"Country": "Poland", "CountryCode": "", "Province": "", "City": "", "CityCode": "", "Lat": "0", "Lon": "0", "Confirmed": 1404905, "Deaths": 32074, "Recovered": 1147123, "Active": 225708, "Date": "2021-01-13T00:00:00Z"}, {"Country": "Poland", "CountryCode": "", "Province": "", "City": "", "CityCode": "", "Lat": "0", "Lon": "0", "Confirmed": 1414362, "Deaths": 32456, "Recovered": 1155823, "Active": 226083, "Date": "2021-01-14T00:00:00Z"}, {"Country": "Poland", "CountryCode": "", "Province": "", "City": "", "CityCode": "", "Lat": "0", "Lon": "0", "Confirmed": 1422320, "Deaths": 32844, "Recovered": 1164650, "Active": 224826, "Date": "2021-01-15T00:00:00Z"}, {"Country": "Poland", "CountryCode": "", "Province": "", "City": "", "CityCode": "", "Lat": "0", "Lon": "0", "Confirmed": 1429612, "Deaths": 33213, "Recovered": 1173087, "Active": 223312, "Date": "2021-01-16T00:00:00Z"}, {"Country": "Poland", "CountryCode": "", "Province": "", "City": "", "CityCode": "", "Lat": "0", "Lon": "0", "Confirmed": 1435582, "Deaths": 33355, "Recovered": 1181326, "Active": 220901, "Date": "2021-01-17T00:00:00Z"}, {"Country": "Poland", "CountryCode": "", "Province": "", "City": "", "CityCode": "", "Lat": "0", "Lon": "0", "Confirmed": 1438914, "Deaths": 33407, "Recovered": 1187719, "Active": 217788, "Date": "2021-01-18T00:00:00Z"}, {"Country": "Poland", "CountryCode": "", "Province": "", "City": "", "CityCode": "", "Lat": "0", "Lon": "0", "Confirmed": 1443804, "Deaths": 33698, "Recovered": 1197034, "Active": 213072, "Date": "2021-01-19T00:00:00Z"}, {"Country": "Poland", "CountryCode": "", "Province": "", "City": "", "CityCode": "", "Lat": "0", "Lon": "0", "Confirmed": 1450747, "Deaths": 34141, "Recovered": 1207359, "Active": 209247, "Date": "2021-01-20T00:00:00Z"}, {"Country": "Poland", "CountryCode": "", "Province": "", "City": "", "CityCode": "", "Lat": "0", "Lon": "0", "Confirmed": 1457755, "Deaths": 34561, "Recovered": 1215732, "Active": 207462, "Date": "2021-01-21T00:00:00Z"}, {"Country": "Poland", "CountryCode": "", "Province": "", "City": "", "CityCode": "", "Lat": "0", "Lon": "0", "Confirmed": 1464448, "Deaths": 34908, "Recovered": 1215732, "Active": 213808, "Date": "2021-01-22T00:00:00Z"}, {"Country": "Poland", "CountryCode": "", "Province": "", "City": "", "CityCode": "", "Lat": "0", "Lon": "0", "Confirmed": 1470879, "Deaths": 35253, "Recovered": 1222782, "Active": 212844, "Date": "2021-01-23T00:00:00Z"}, {"Country": "Poland", "CountryCode": "", "Province": "", "City": "", "CityCode": "", "Lat": "0", "Lon": "0", "Confirmed": 1475445, "Deaths": 35363, "Recovered": 1230446, "Active": 209636, "Date": "2021-01-24T00:00:00Z"}, {"Country": "Poland", "CountryCode": "", "Province": "", "City": "", "CityCode": "", "Lat": "0", "Lon": "0", "Confirmed": 1478119, "Deaths": 35401, "Recovered": 1237736, "Active": 204982, "Date": "2021-01-25T00:00:00Z"}, {"Country": "Poland", "CountryCode": "", "Province": "", "City": "", "CityCode": "", "Lat": "0", "Lon": "0", "Confirmed": 1482722, "Deaths": 35665, "Recovered": 1243575, "Active": 203482, "Date": "2021-01-26T00:00:00Z"}, {"Country": "Poland", "CountryCode": "", "Province": "", "City": "", "CityCode": "", "Lat": "0", "Lon": "0", "Confirmed": 1489512, "Deaths": 36054, "Recovered": 1246267, "Active": 207191, "Date": "2021-01-27T00:00:00Z"}, {"Country": "Poland", "CountryCode": "", "Province": "", "City": "", "CityCode": "", "Lat": "0", "Lon": "0", "Confirmed": 1496665, "Deaths": 36443, "Recovered": 1250892, "Active": 209330, "Date": "2021-01-28T00:00:00Z"}, {"Country": "Poland", "CountryCode": "", "Province": "", "City": "", "CityCode": "", "Lat": "0", "Lon": "0", "Confirmed": 1502810, "Deaths": 36780, "Recovered": 1257352, "Active": 208678, "Date": "2021-01-29T00:00:00Z"}, {"Country": "Poland", "CountryCode": "", "Province": "", "City": "", "CityCode": "", "Lat": "0", "Lon": "0", "Confirmed": 1508674, "Deaths": 37082, "Recovered": 1264574, "Active": 207018, "Date": "2021-01-30T00:00:00Z"}, {"Country": "Poland", "CountryCode": "", "Province": "", "City": "", "CityCode": "", "Lat": "0", "Lon": "0", "Confirmed": 1513385, "Deaths": 37180, "Recovered": 1270467, "Active": 205738, "Date": "2021-01-31T00:00:00Z"}, {"Country": "Poland", "CountryCode": "", "Province": "", "City": "", "CityCode": "", "Lat": "0", "Lon": "0", "Confirmed": 1515889, "Deaths": 37222, "Recovered": 1276636, "Active": 202031, "Date": "2021-02-01T00:00:00Z"}, {"Country": "Poland", "CountryCode": "", "Province": "", "City": "", "CityCode": "", "Lat": "0", "Lon": "0", "Confirmed": 1520215, "Deaths": 37476, "Recovered": 1281396, "Active": 201343, "Date": "2021-02-02T00:00:00Z"}, {"Country": "Poland", "CountryCode": "", "Province": "", "City": "", "CityCode": "", "Lat": "0", "Lon": "0", "Confirmed": 1527016, "Deaths": 37897, "Recovered": 1283698, "Active": 205421, "Date": "2021-02-03T00:00:00Z"}, {"Country": "Poland", "CountryCode": "", "Province": "", "City": "", "CityCode": "", "Lat": "0", "Lon": "0", "Confirmed": 1533511, "Deaths": 38344, "Recovered": 1288163, "Active": 207004, "Date": "2021-02-04T00:00:00Z"}, {"Country": "Poland", "CountryCode": "", "Province": "", "City": "", "CityCode": "", "Lat": "0", "Lon": "0", "Confirmed": 1539564, "Deaths": 38712, "Recovered": 1294687, "Active": 206165, "Date": "2021-02-05T00:00:00Z"}, {"Country": "Poland", "CountryCode": "", "Province": "", "City": "", "CityCode": "", "Lat": "0", "Lon": "0", "Confirmed": 1545530, "Deaths": 38994, "Recovered": 1301571, "Active": 204965, "Date": "2021-02-06T00:00:00Z"}, {"Country": "Poland", "CountryCode": "", "Province": "", "City": "", "CityCode": "", "Lat": "0", "Lon": "0", "Confirmed": 1550255, "Deaths": 39087, "Recovered": 1307161, "Active": 204007, "Date": "2021-02-07T00:00:00Z"}, {"Country": "Poland", "CountryCode": "", "Province": "", "City": "", "CityCode": "", "Lat": "0", "Lon": "0", "Confirmed": 1552686, "Deaths": 39132, "Recovered": 1312856, "Active": 200698, "Date": "2021-02-08T00:00:00Z"}, {"Country": "Poland", "CountryCode": "", "Province": "", "City": "", "CityCode": "", "Lat": "0", "Lon": "0", "Confirmed": 1556685, "Deaths": 39360, "Recovered": 1317474, "Active": 199851, "Date": "2021-02-09T00:00:00Z"}, {"Country": "Poland", "CountryCode": "", "Province": "", "City": "", "CityCode": "", "Lat": "0", "Lon": "0", "Confirmed": 1563645, "Deaths": 39721, "Recovered": 1319635, "Active": 204289, "Date": "2021-02-10T00:00:00Z"}, {"Country": "Poland", "CountryCode": "", "Province": "", "City": "", "CityCode": "", "Lat": "0", "Lon": "0", "Confirmed": 1570658, "Deaths": 40177, "Recovered": 1324101, "Active": 206380, "Date": "2021-02-11T00:00:00Z"}, {"Country": "Poland", "CountryCode": "", "Province": "", "City": "", "CityCode": "", "Lat": "0", "Lon": "0", "Confirmed": 1577036, "Deaths": 40424, "Recovered": 1330127, "Active": 206485, "Date": "2021-02-12T00:00:00Z"}, {"Country": "Poland", "CountryCode": "", "Province": "", "City": "", "CityCode": "", "Lat": "0", "Lon": "0", "Confirmed": 1583621, "Deaths": 40709, "Recovered": 1336467, "Active": 206445, "Date": "2021-02-13T00:00:00Z"}, {"Country": "Poland", "CountryCode": "", "Province": "", "City": "", "CityCode": "", "Lat": "0", "Lon": "0", "Confirmed": 1588955, "Deaths": 40807, "Recovered": 1342031, "Active": 206117, "Date": "2021-02-14T00:00:00Z"}, {"Country": "Poland", "CountryCode": "", "Province": "", "City": "", "CityCode": "", "Lat": "0", "Lon": "0", "Confirmed": 1591497, "Deaths": 40832, "Recovered": 1347670, "Active": 202995, "Date": "2021-02-15T00:00:00Z"}, {"Country": "Poland", "CountryCode": "", "Province": "", "City": "", "CityCode": "", "Lat": "0", "Lon": "0", "Confirmed": 1596673, "Deaths": 41028, "Recovered": 1352443, "Active": 203202, "Date": "2021-02-16T00:00:00Z"}, {"Country": "Poland", "CountryCode": "", "Province": "", "City": "", "CityCode": "", "Lat": "0", "Lon": "0", "Confirmed": 1605372, "Deaths": 41308, "Recovered": 1354598, "Active": 209466, "Date": "2021-02-17T00:00:00Z"}, {"Country": "Poland", "CountryCode": "", "Province": "", "City": "", "CityCode": "", "Lat": "0", "Lon": "0", "Confirmed": 1614446, "Deaths": 41582, "Recovered": 1358666, "Active": 214198, "Date": "2021-02-18T00:00:00Z"}, {"Country": "Poland", "CountryCode": "", "Province": "", "City": "", "CityCode": "", "Lat": "0", "Lon": "0", "Confirmed": 1623218, "Deaths": 41823, "Recovered": 1365216, "Active": 216179, "Date": "2021-02-19T00:00:00Z"}, {"Country": "Poland", "CountryCode": "", "Province": "", "City": "", "CityCode": "", "Lat": "0", "Lon": "0", "Confirmed": 1631727, "Deaths": 42077, "Recovered": 1372326, "Active": 217324, "Date": "2021-02-20T00:00:00Z"}, {"Country": "Poland", "CountryCode": "", "Province": "", "City": "", "CityCode": "", "Lat": "0", "Lon": "0", "Confirmed": 1638767, "Deaths": 42171, "Recovered": 1378414, "Active": 218182, "Date": "2021-02-21T00:00:00Z"}, {"Country": "Poland", "CountryCode": "", "Province": "", "City": "", "CityCode": "", "Lat": "0", "Lon": "0", "Confirmed": 1642658, "Deaths": 42188, "Recovered": 1384373, "Active": 216097, "Date": "2021-02-22T00:00:00Z"}, {"Country": "Poland", "CountryCode": "", "Province": "", "City": "", "CityCode": "", "Lat": "0", "Lon": "0", "Confirmed": 1648962, "Deaths": 42436, "Recovered": 1389516, "Active": 217010, "Date": "2021-02-23T00:00:00Z"}, {"Country": "Poland", "CountryCode": "", "Province": "", "City": "", "CityCode": "", "Lat": "0", "Lon": "0", "Confirmed": 1661109, "Deaths": 42808, "Recovered": 1391981, "Active": 226320, "Date": "2021-02-24T00:00:00Z"}, {"Country": "Poland", "CountryCode": "", "Province": "", "City": "", "CityCode": "", "Lat": "0", "Lon": "0", "Confirmed": 1673252, "Deaths": 43094, "Recovered": 1397342, "Active": 232816, "Date": "2021-02-25T00:00:00Z"}, {"Country": "Poland", "CountryCode": "", "Province": "", "City": "", "CityCode": "", "Lat": "0", "Lon": "0", "Confirmed": 1684788, "Deaths": 43353, "Recovered": 1405552, "Active": 235883, "Date": "2021-02-26T00:00:00Z"}, {"Country": "Poland", "CountryCode": "", "Province": "", "City": "", "CityCode": "", "Lat": "0", "Lon": "0", "Confirmed": 1696885, "Deaths": 43656, "Recovered": 1414461, "Active": 238768, "Date": "2021-02-27T00:00:00Z"}, {"Country": "Poland", "CountryCode": "", "Province": "", "City": "", "CityCode": "", "Lat": "0", "Lon": "0", "Confirmed": 1706986, "Deaths": 43769, "Recovered": 1422829, "Active": 240388, "Date": "2021-02-28T00:00:00Z"}, {"Country": "Poland", "CountryCode": "", "Province": "", "City": "", "CityCode": "", "Lat": "0", "Lon": "0", "Confirmed": 1711772, "Deaths": 43793, "Recovered": 1430861, "Active": 237118, "Date": "2021-03-01T00:00:00Z"}, {"Country": "Poland", "CountryCode": "", "Province": "", "City": "", "CityCode": "", "Lat": "0", "Lon": "0", "Confirmed": 1719708, "Deaths": 44008, "Recovered": 1438032, "Active": 237668, "Date": "2021-03-02T00:00:00Z"}, {"Country": "Poland", "CountryCode": "", "Province": "", "City": "", "CityCode": "", "Lat": "0", "Lon": "0", "Confirmed": 1735406, "Deaths": 44360, "Recovered": 1441479, "Active": 249567, "Date": "2021-03-03T00:00:00Z"}, {"Country": "Poland", "CountryCode": "", "Province": "", "City": "", "CityCode": "", "Lat": "0", "Lon": "0", "Confirmed": 1750659, "Deaths": 44649, "Recovered": 1448619, "Active": 257391, "Date": "2021-03-04T00:00:00Z"}, {"Country": "Poland", "CountryCode": "", "Province": "", "City": "", "CityCode": "", "Lat": "0", "Lon": "0", "Confirmed": 1766490, "Deaths": 44912, "Recovered": 1459564, "Active": 262014, "Date": "2021-03-05T00:00:00Z"}, {"Country": "Poland", "CountryCode": "", "Province": "", "City": "", "CityCode": "", "Lat": "0", "Lon": "0", "Confirmed": 1781345, "Deaths": 45159, "Recovered": 1471608, "Active": 264578, "Date": "2021-03-06T00:00:00Z"}, {"Country": "Poland", "CountryCode": "", "Province": "", "City": "", "CityCode": "", "Lat": "0", "Lon": "0", "Confirmed": 1794914, "Deaths": 45285, "Recovered": 1482568, "Active": 1749629, "Date": "2021-03-07T00:00:00Z"}, {"Country": "Poland", "CountryCode": "", "Province": "", "City": "", "CityCode": "", "Lat": "0", "Lon": "0", "Confirmed": 1801083, "Deaths": 45317, "Recovered": 1494083, "Active": 261683, "Date": "2021-03-08T00:00:00Z"}, {"Country": "Poland", "CountryCode": "", "Province": "", "City": "", "CityCode": "", "Lat": "0", "Lon": "0", "Confirmed": 1811036, "Deaths": 45599, "Recovered": 1503353, "Active": 262084, "Date": "2021-03-09T00:00:00Z"}, {"Country": "Poland", "CountryCode": "", "Province": "", "City": "", "CityCode": "", "Lat": "0", "Lon": "0", "Confirmed": 1828313, "Deaths": 45997, "Recovered": 1507905, "Active": 274411, "Date": "2021-03-10T00:00:00Z"}, {"Country": "Poland", "CountryCode": "", "Province": "", "City": "", "CityCode": "", "Lat": "0", "Lon": "0", "Confirmed": 1849424, "Deaths": 46373, "Recovered": 1516540, "Active": 286511, "Date": "2021-03-11T00:00:00Z"}, {"Country": "Poland", "CountryCode": "", "Province": "", "City": "", "CityCode": "", "Lat": "0", "Lon": "0", "Confirmed": 1868297, "Deaths": 46724, "Recovered": 1530484, "Active": 291089, "Date": "2021-03-12T00:00:00Z"}, {"Country": "Poland", "CountryCode": "", "Province": "", "City": "", "CityCode": "", "Lat": "0", "Lon": "0", "Confirmed": 1889360, "Deaths": 47068, "Recovered": 1546151, "Active": 296141, "Date": "2021-03-13T00:00:00Z"}]