[{"Country": "Portugal", "CountryCode": "", "Province": "", "City": "", "CityCode": "", "Lat": "0", "Lon": "0", "Confirmed": 2, "Deaths": 0, "Recovered": 0, "Active": 2, "Date": "2020-03-02T00:00:00Z"}, {"Country": "Portugal", "CountryCode": "", "Province": "", "City": "", "CityCode": "", "Lat": "0", "Lon": "0", "Confirmed": 2, "Deaths": 0, "Recovered": 0, "Active": 2, "Date": "2020-03-03T00:00:00Z"}, {"Country": "Portugal", "CountryCode": "", "Province": "", "City": "", "CityCode": "", "Lat": "0", "Lon": "0", "Confirmed": 5, "Deaths": 0, "Recovered": 0, "Active": 5, "Date": "2020-03-04T00:00:00Z"}, {"Country": "Portugal", "CountryCode": "", "Province": "", "City": "", "CityCode": "", "Lat": "0", "Lon": "0", "Confirmed": 8, "Deaths": 0, "Recovered": 0, "Active": 8, "Date": "2020-03-05T00:00:00Z"}, {"Country": "Portugal", "CountryCode": "", "Province": "", "City": "", "CityCode": "", "Lat": "0", "Lon": "0", "Confirmed": 13, "Deaths": 0, "Recovered": 0, "Active": 13, "Date": "2020-03-06T00:00:00Z"}, {"Country": "Portugal", "CountryCode": "", "Province": "", "City": "", "CityCode": "", "Lat": "0", "Lon": "0", "Confirmed": 20, "Deaths": 0, "Recovered": 0, "Active": 20, "Date": "2020-03-07T00:00:00Z"}, {"Country": "Portugal", "CountryCode": "", "Province": "", "City": "", "CityCode": "", "Lat": "0", "Lon": "0", "Confirmed": 30, "Deaths": 0, "Recovered": 0, "Active": 30, "Date": "2020-03-08T00:00:00Z"}, {"Country": "Portugal", "CountryCode": "", "Province": "", "City": "", "CityCode": "", "Lat": "0", "Lon": "0", "Confirmed": 30, "Deaths": 0, "Recovered": 0, "Active": 30, "Date": "2020-03-09T00:00:00Z"}, {"Country": "Portugal", "CountryCode": "", "Province": "", "City": "", "CityCode": "", "Lat": "0", "Lon": "0", "Confirmed": 41, "Deaths": 0, "Recovered": 0, "Active": 41, "Date": "2020-03-10T00:00:00Z"}, {"Country": "Portugal", "CountryCode": "", "Province": "", "City": "", "CityCode": "", "Lat": "0", "Lon": "0", "Confirmed": 59, "Deaths": 0, "Recovered": 0, "Active": 59, "Date": "2020-03-11T00:00:00Z"}, {"Country": "Portugal", "CountryCode": "", "Province": "", "City": "", "CityCode": "", "Lat": "0", "Lon": "0", "Confirmed": 59, "Deaths": 0, "Recovered": 0, "Active": 59, "Date": "2020-03-12T00:00:00Z"}, {"Country": "Portugal", "CountryCode": "", "Province": "", "City": "", "CityCode": "", "Lat": "0", "Lon": "0", "Confirmed": 112, "Deaths": 0, "Recovered": 1, "Active": 111, "Date": "2020-03-13T00:00:00Z"}, {"Country": "Portugal", "CountryCode": "", "Province": "", "City": "", "CityCode": "", "Lat": "0", "Lon": "0", "Confirmed": 169, "Deaths": 0, "Recovered": 2, "Active": 167, "Date": "2020-03-14T00:00:00Z"}, {"Country": "Portugal", "CountryCode": "", "Province": "", "City": "", "CityCode": "", "Lat": "0", "Lon": "0", "Confirmed": 245, "Deaths": 0, "Recovered": 2, "Active": 243, "Date": "2020-03-15T00:00:00Z"}, {"Country": "Portugal", "CountryCode": "", "Province": "", "City": "", "CityCode": "", "Lat": "0", "Lon": "0", "Confirmed": 331, "Deaths": 0, "Recovered": 3, "Active": 328, "Date": "2020-03-16T00:00:00Z"}, {"Country": "Portugal", "CountryCode": "", "Province": "", "City": "", "CityCode": "", "Lat": "0", "Lon": "0", "Confirmed": 448, "Deaths": 1, "Recovered": 3, "Active": 444, "Date": "2020-03-17T00:00:00Z"}, {"Country": "Portugal", "CountryCode": "", "Province": "", "City": "", "CityCode": "", "Lat": "0", "Lon": "0", "Confirmed": 448, "Deaths": 2, "Recovered": 3, "Active": 443, "Date": "2020-03-18T00:00:00Z"}, {"Country": "Portugal", "CountryCode": "", "Province": "", "City": "", "CityCode": "", "Lat": "0", "Lon": "0", "Confirmed": 785, "Deaths": 3, "Recovered": 3, "Active": 779, "Date": "2020-03-19T00:00:00Z"}, {"Country": "Portugal", "CountryCode": "", "Province": "", "City": "", "CityCode": "", "Lat": "0", "Lon": "0", "Confirmed": 1020, "Deaths": 6, "Recovered": 5, "Active": 1009, "Date": "2020-03-20T00:00:00Z"}, {"Country": "Portugal", "CountryCode": "", "Province": "", "City": "", "CityCode": "", "Lat": "0", "Lon": "0", "Confirmed": 1280, "Deaths": 12, "Recovered": 5, "Active": 1263, "Date": "2020-03-21T00:00:00Z"}, {"Country": "Portugal", "CountryCode": "", "Province": "", "City": "", "CityCode": "", "Lat": "0", "Lon": "0", "Confirmed": 1600, "Deaths": 14, "Recovered": 5, "Active": 1581, "Date": "2020-03-22T00:00:00Z"}, {"Country": "Portugal", "CountryCode": "", "Province": "", "City": "", "CityCode": "", "Lat": "0", "Lon": "0", "Confirmed": 2060, "Deaths": 23, "Recovered": 5, "Active": 2032, "Date": "2020-03-23T00:00:00Z"}, {"Country": "Portugal", "CountryCode": "", "Province": "", "City": "", "CityCode": "", "Lat": "0", "Lon": "0", "Confirmed": 2362, "Deaths": 33, "Recovered": 22, "Active": 2307, "Date": "2020-03-24T00:00:00Z"}, {"Country": "Portugal", "CountryCode": "", "Province": "", "City": "", "CityCode": "", "Lat": "0", "Lon": "0", "Confirmed": 2995, "Deaths": 43, "Recovered": 22, "Active": 2930, "Date": "2020-03-25T00:00:00Z"}, {"Country": "Portugal", "CountryCode": "", "Province": "", "City": "", "CityCode": "", "Lat": "0", "Lon": "0", "Confirmed": 3544, "Deaths": 60, "Recovered": 43, "Active": 3441, "Date": "2020-03-26T00:00:00Z"}, {"Country": "Portugal", "CountryCode": "", "Province": "", "City": "", "CityCode": "", "Lat": "0", "Lon": "0", "Confirmed": 4268, "Deaths": 76, "Recovered": 43, "Active": 4149, "Date": "2020-03-27T00:00:00Z"}, {"Country": "Portugal", "CountryCode": "", "Province": "", "City": "", "CityCode": "", "Lat": "0", "Lon": "0", "Confirmed": 5170, "Deaths": 100, "Recovered": 43, "Active": 5027, "Date": "2020-03-28T00:00:00Z"}, {"Country": "Portugal", "CountryCode": "", "Province": "", "City": "", "CityCode": "", "Lat": "0", "Lon": "0", "Confirmed": 5962, "Deaths": 119, "Recovered": 43, "Active": 5800, "Date": "2020-03-29T00:00:00Z"}, {"Country": "Portugal", "CountryCode": "", "Province": "", "City": "", "CityCode": "", "Lat": "0", "Lon": "0", "Confirmed": 6408, "Deaths": 140, "Recovered": 43, "Active": 6225, "Date": "2020-03-30T00:00:00Z"}, {"Country": "Portugal", "CountryCode": "", "Province": "", "City": "", "CityCode": "", "Lat": "0", "Lon": "0", "Confirmed": 7443, "Deaths": 160, "Recovered": 43, "Active": 7240, "Date": "2020-03-31T00:00:00Z"}, {"Country": "Portugal", "CountryCode": "", "Province": "", "City": "", "CityCode": "", "Lat": "0", "Lon": "0", "Confirmed": 8251, "Deaths": 187, "Recovered": 43, "Active": 8021, "Date": "2020-04-01T00:00:00Z"}, {"Country": "Portugal", "CountryCode": "", "Province": "", "City": "", "CityCode": "", "Lat": "0", "Lon": "0", "Confirmed": 9034, "Deaths": 209, "Recovered": 68, "Active": 8757, "Date": "2020-04-02T00:00:00Z"}, {"Country": "Portugal", "CountryCode": "", "Province": "", "City": "", "CityCode": "", "Lat": "0", "Lon": "0", "Confirmed": 9886, "Deaths": 246, "Recovered": 68, "Active": 9572, "Date": "2020-04-03T00:00:00Z"}, {"Country": "Portugal", "CountryCode": "", "Province": "", "City": "", "CityCode": "", "Lat": "0", "Lon": "0", "Confirmed": 10524, "Deaths": 266, "Recovered": 75, "Active": 10183, "Date": "2020-04-04T00:00:00Z"}, {"Country": "Portugal", "CountryCode": "", "Province": "", "City": "", "CityCode": "", "Lat": "0", "Lon": "0", "Confirmed": 11278, "Deaths": 295, "Recovered": 75, "Active": 10908, "Date": "2020-04-05T00:00:00Z"}, {"Country": "Portugal", "CountryCode": "", "Province": "", "City": "", "CityCode": "", "Lat": "0", "Lon": "0", "Confirmed": 11730, "Deaths": 311, "Recovered": 140, "Active": 11279, "Date": "2020-04-06T00:00:00Z"}, {"Country": "Portugal", "CountryCode": "", "Province": "", "City": "", "CityCode": "", "Lat": "0", "Lon": "0", "Confirmed": 12442, "Deaths": 345, "Recovered": 184, "Active": 11913, "Date": "2020-04-07T00:00:00Z"}, {"Country": "Portugal", "CountryCode": "", "Province": "", "City": "", "CityCode": "", "Lat": "0", "Lon": "0", "Confirmed": 13141, "Deaths": 380, "Recovered": 196, "Active": 12565, "Date": "2020-04-08T00:00:00Z"}, {"Country": "Portugal", "CountryCode": "", "Province": "", "City": "", "CityCode": "", "Lat": "0", "Lon": "0", "Confirmed": 13956, "Deaths": 409, "Recovered": 205, "Active": 13342, "Date": "2020-04-09T00:00:00Z"}, {"Country": "Portugal", "CountryCode": "", "Province": "", "City": "", "CityCode": "", "Lat": "0", "Lon": "0", "Confirmed": 15472, "Deaths": 435, "Recovered": 233, "Active": 14804, "Date": "2020-04-10T00:00:00Z"}, {"Country": "Portugal", "CountryCode": "", "Province": "", "City": "", "CityCode": "", "Lat": "0", "Lon": "0", "Confirmed": 15987, "Deaths": 470, "Recovered": 266, "Active": 15251, "Date": "2020-04-11T00:00:00Z"}, {"Country": "Portugal", "CountryCode": "", "Province": "", "City": "", "CityCode": "", "Lat": "0", "Lon": "0", "Confirmed": 16585, "Deaths": 504, "Recovered": 277, "Active": 15804, "Date": "2020-04-12T00:00:00Z"}, {"Country": "Portugal", "CountryCode": "", "Province": "", "City": "", "CityCode": "", "Lat": "0", "Lon": "0", "Confirmed": 16934, "Deaths": 535, "Recovered": 277, "Active": 16122, "Date": "2020-04-13T00:00:00Z"}, {"Country": "Portugal", "CountryCode": "", "Province": "", "City": "", "CityCode": "", "Lat": "0", "Lon": "0", "Confirmed": 17448, "Deaths": 567, "Recovered": 347, "Active": 16534, "Date": "2020-04-14T00:00:00Z"}, {"Country": "Portugal", "CountryCode": "", "Province": "", "City": "", "CityCode": "", "Lat": "0", "Lon": "0", "Confirmed": 18091, "Deaths": 599, "Recovered": 383, "Active": 17109, "Date": "2020-04-15T00:00:00Z"}, {"Country": "Portugal", "CountryCode": "", "Province": "", "City": "", "CityCode": "", "Lat": "0", "Lon": "0", "Confirmed": 18841, "Deaths": 629, "Recovered": 493, "Active": 17719, "Date": "2020-04-16T00:00:00Z"}, {"Country": "Portugal", "CountryCode": "", "Province": "", "City": "", "CityCode": "", "Lat": "0", "Lon": "0", "Confirmed": 19022, "Deaths": 657, "Recovered": 519, "Active": 17846, "Date": "2020-04-17T00:00:00Z"}, {"Country": "Portugal", "CountryCode": "", "Province": "", "City": "", "CityCode": "", "Lat": "0", "Lon": "0", "Confirmed": 19685, "Deaths": 687, "Recovered": 610, "Active": 18388, "Date": "2020-04-18T00:00:00Z"}, {"Country": "Portugal", "CountryCode": "", "Province": "", "City": "", "CityCode": "", "Lat": "0", "Lon": "0", "Confirmed": 20206, "Deaths": 714, "Recovered": 610, "Active": 18882, "Date": "2020-04-19T00:00:00Z"}, {"Country": "Portugal", "CountryCode": "", "Province": "", "City": "", "CityCode": "", "Lat": "0", "Lon": "0", "Confirmed": 20863, "Deaths": 735, "Recovered": 610, "Active": 19518, "Date": "2020-04-20T00:00:00Z"}, {"Country": "Portugal", "CountryCode": "", "Province": "", "City": "", "CityCode": "", "Lat": "0", "Lon": "0", "Confirmed": 21379, "Deaths": 762, "Recovered": 917, "Active": 19700, "Date": "2020-04-21T00:00:00Z"}, {"Country": "Portugal", "CountryCode": "", "Province": "", "City": "", "CityCode": "", "Lat": "0", "Lon": "0", "Confirmed": 21982, "Deaths": 785, "Recovered": 1143, "Active": 20054, "Date": "2020-04-22T00:00:00Z"}, {"Country": "Portugal", "CountryCode": "", "Province": "", "City": "", "CityCode": "", "Lat": "0", "Lon": "0", "Confirmed": 22353, "Deaths": 820, "Recovered": 1201, "Active": 20332, "Date": "2020-04-23T00:00:00Z"}, {"Country": "Portugal", "CountryCode": "", "Province": "", "City": "", "CityCode": "", "Lat": "0", "Lon": "0", "Confirmed": 22797, "Deaths": 854, "Recovered": 1228, "Active": 20715, "Date": "2020-04-24T00:00:00Z"}, {"Country": "Portugal", "CountryCode": "", "Province": "", "City": "", "CityCode": "", "Lat": "0", "Lon": "0", "Confirmed": 23392, "Deaths": 880, "Recovered": 1277, "Active": 21235, "Date": "2020-04-25T00:00:00Z"}, {"Country": "Portugal", "CountryCode": "", "Province": "", "City": "", "CityCode": "", "Lat": "0", "Lon": "0", "Confirmed": 23864, "Deaths": 903, "Recovered": 1329, "Active": 21632, "Date": "2020-04-26T00:00:00Z"}, {"Country": "Portugal", "CountryCode": "", "Province": "", "City": "", "CityCode": "", "Lat": "0", "Lon": "0", "Confirmed": 24027, "Deaths": 928, "Recovered": 1357, "Active": 21742, "Date": "2020-04-27T00:00:00Z"}, {"Country": "Portugal", "CountryCode": "", "Province": "", "City": "", "CityCode": "", "Lat": "0", "Lon": "0", "Confirmed": 24322, "Deaths": 948, "Recovered": 1389, "Active": 21985, "Date": "2020-04-28T00:00:00Z"}, {"Country": "Portugal", "CountryCode": "", "Province": "", "City": "", "CityCode": "", "Lat": "0", "Lon": "0", "Confirmed": 24505, "Deaths": 973, "Recovered": 1470, "Active": 22062, "Date": "2020-04-29T00:00:00Z"}, {"Country": "Portugal", "CountryCode": "", "Province": "", "City": "", "CityCode": "", "Lat": "0", "Lon": "0", "Confirmed": 25045, "Deaths": 989, "Recovered": 1519, "Active": 22537, "Date": "2020-04-30T00:00:00Z"}, {"Country": "Portugal", "CountryCode": "", "Province": "", "City": "", "CityCode": "", "Lat": "0", "Lon": "0", "Confirmed": 25351, "Deaths": 1007, "Recovered": 1647, "Active": 22697, "Date": "2020-05-01T00:00:00Z"}, {"Country": "Portugal", "CountryCode": "", "Province": "", "City": "", "CityCode": "", "Lat": "0", "Lon": "0", "Confirmed": 25190, "Deaths": 1023, "Recovered": 1671, "Active": 22496, "Date": "2020-05-02T00:00:00Z"}, {"Country": "Portugal", "CountryCode": "", "Province": "", "City": "", "CityCode": "", "Lat": "0", "Lon": "0", "Confirmed": 25282, "Deaths": 1043, "Recovered": 1689, "Active": 22550, "Date": "2020-05-03T00:00:00Z"}, {"Country": "Portugal", "CountryCode": "", "Province": "", "City": "", "CityCode": "", "Lat": "0", "Lon": "0", "Confirmed": 25524, "Deaths": 1063, "Recovered": 1712, "Active": 22749, "Date": "2020-05-04T00:00:00Z"}, {"Country": "Portugal", "CountryCode": "", "Province": "", "City": "", "CityCode": "", "Lat": "0", "Lon": "0", "Confirmed": 25702, "Deaths": 1074, "Recovered": 1743, "Active": 22885, "Date": "2020-05-05T00:00:00Z"}, {"Country": "Portugal", "CountryCode": "", "Province": "", "City": "", "CityCode": "", "Lat": "0", "Lon": "0", "Confirmed": 26182, "Deaths": 1089, "Recovered": 2076, "Active": 23017, "Date": "2020-05-06T00:00:00Z"}, {"Country": "Portugal", "CountryCode": "", "Province": "", "City": "", "CityCode": "", "Lat": "0", "Lon": "0", "Confirmed": 26715, "Deaths": 1105, "Recovered": 2258, "Active": 23352, "Date": "2020-05-07T00:00:00Z"}, {"Country": "Portugal", "CountryCode": "", "Province": "", "City": "", "CityCode": "", "Lat": "0", "Lon": "0", "Confirmed": 27268, "Deaths": 1114, "Recovered": 2422, "Active": 23732, "Date": "2020-05-08T00:00:00Z"}, {"Country": "Portugal", "CountryCode": "", "Province": "", "City": "", "CityCode": "", "Lat": "0", "Lon": "0", "Confirmed": 27406, "Deaths": 1126, "Recovered": 2499, "Active": 23781, "Date": "2020-05-09T00:00:00Z"}, {"Country": "Portugal", "CountryCode": "", "Province": "", "City": "", "CityCode": "", "Lat": "0", "Lon": "0", "Confirmed": 27581, "Deaths": 1135, "Recovered": 2549, "Active": 23897, "Date": "2020-05-10T00:00:00Z"}, {"Country": "Portugal", "CountryCode": "", "Province": "", "City": "", "CityCode": "", "Lat": "0", "Lon": "0", "Confirmed": 27679, "Deaths": 1144, "Recovered": 2549, "Active": 23986, "Date": "2020-05-11T00:00:00Z"}, {"Country": "Portugal", "CountryCode": "", "Province": "", "City": "", "CityCode": "", "Lat": "0", "Lon": "0", "Confirmed": 27913, "Deaths": 1163, "Recovered": 3013, "Active": 23737, "Date": "2020-05-12T00:00:00Z"}, {"Country": "Portugal", "CountryCode": "", "Province": "", "City": "", "CityCode": "", "Lat": "0", "Lon": "0", "Confirmed": 28132, "Deaths": 1175, "Recovered": 3182, "Active": 23775, "Date": "2020-05-13T00:00:00Z"}, {"Country": "Portugal", "CountryCode": "", "Province": "", "City": "", "CityCode": "", "Lat": "0", "Lon": "0", "Confirmed": 28319, "Deaths": 1184, "Recovered": 3198, "Active": 23937, "Date": "2020-05-14T00:00:00Z"}, {"Country": "Portugal", "CountryCode": "", "Province": "", "City": "", "CityCode": "", "Lat": "0", "Lon": "0", "Confirmed": 28583, "Deaths": 1190, "Recovered": 3328, "Active": 24065, "Date": "2020-05-15T00:00:00Z"}, {"Country": "Portugal", "CountryCode": "", "Province": "", "City": "", "CityCode": "", "Lat": "0", "Lon": "0", "Confirmed": 28810, "Deaths": 1203, "Recovered": 3822, "Active": 23785, "Date": "2020-05-16T00:00:00Z"}, {"Country": "Portugal", "CountryCode": "", "Province": "", "City": "", "CityCode": "", "Lat": "0", "Lon": "0", "Confirmed": 29036, "Deaths": 1218, "Recovered": 4636, "Active": 23182, "Date": "2020-05-17T00:00:00Z"}, {"Country": "Portugal", "CountryCode": "", "Province": "", "City": "", "CityCode": "", "Lat": "0", "Lon": "0", "Confirmed": 29209, "Deaths": 1231, "Recovered": 6430, "Active": 21548, "Date": "2020-05-18T00:00:00Z"}, {"Country": "Portugal", "CountryCode": "", "Province": "", "City": "", "CityCode": "", "Lat": "0", "Lon": "0", "Confirmed": 29432, "Deaths": 1247, "Recovered": 6431, "Active": 21754, "Date": "2020-05-19T00:00:00Z"}, {"Country": "Portugal", "CountryCode": "", "Province": "", "City": "", "CityCode": "", "Lat": "0", "Lon": "0", "Confirmed": 29660, "Deaths": 1263, "Recovered": 6452, "Active": 21945, "Date": "2020-05-20T00:00:00Z"}, {"Country": "Portugal", "CountryCode": "", "Province": "", "City": "", "CityCode": "", "Lat": "0", "Lon": "0", "Confirmed": 29912, "Deaths": 1277, "Recovered": 6452, "Active": 22183, "Date": "2020-05-21T00:00:00Z"}, {"Country": "Portugal", "CountryCode": "", "Province": "", "City": "", "CityCode": "", "Lat": "0", "Lon": "0", "Confirmed": 30200, "Deaths": 1289, "Recovered": 7590, "Active": 21321, "Date": "2020-05-22T00:00:00Z"}, {"Country": "Portugal", "CountryCode": "", "Province": "", "City": "", "CityCode": "", "Lat": "0", "Lon": "0", "Confirmed": 30471, "Deaths": 1302, "Recovered": 7705, "Active": 21464, "Date": "2020-05-23T00:00:00Z"}, {"Country": "Portugal", "CountryCode": "", "Province": "", "City": "", "CityCode": "", "Lat": "0", "Lon": "0", "Confirmed": 30623, "Deaths": 1316, "Recovered": 17549, "Active": 11758, "Date": "2020-05-24T00:00:00Z"}, {"Country": "Portugal", "CountryCode": "", "Province": "", "City": "", "CityCode": "", "Lat": "0", "Lon": "0", "Confirmed": 30788, "Deaths": 1330, "Recovered": 17822, "Active": 11636, "Date": "2020-05-25T00:00:00Z"}, {"Country": "Portugal", "CountryCode": "", "Province": "", "City": "", "CityCode": "", "Lat": "0", "Lon": "0", "Confirmed": 31007, "Deaths": 1342, "Recovered": 18096, "Active": 11569, "Date": "2020-05-26T00:00:00Z"}, {"Country": "Portugal", "CountryCode": "", "Province": "", "City": "", "CityCode": "", "Lat": "0", "Lon": "0", "Confirmed": 31292, "Deaths": 1356, "Recovered": 18349, "Active": 11587, "Date": "2020-05-27T00:00:00Z"}, {"Country": "Portugal", "CountryCode": "", "Province": "", "City": "", "CityCode": "", "Lat": "0", "Lon": "0", "Confirmed": 31596, "Deaths": 1369, "Recovered": 18637, "Active": 11590, "Date": "2020-05-28T00:00:00Z"}, {"Country": "Portugal", "CountryCode": "", "Province": "", "City": "", "CityCode": "", "Lat": "0", "Lon": "0", "Confirmed": 31946, "Deaths": 1383, "Recovered": 18911, "Active": 11652, "Date": "2020-05-29T00:00:00Z"}, {"Country": "Portugal", "CountryCode": "", "Province": "", "City": "", "CityCode": "", "Lat": "0", "Lon": "0", "Confirmed": 32203, "Deaths": 1396, "Recovered": 19186, "Active": 11621, "Date": "2020-05-30T00:00:00Z"}, {"Country": "Portugal", "CountryCode": "", "Province": "", "City": "", "CityCode": "", "Lat": "0", "Lon": "0", "Confirmed": 32500, "Deaths": 1410, "Recovered": 19409, "Active": 11681, "Date": "2020-05-31T00:00:00Z"}, {"Country": "Portugal", "CountryCode": "", "Province": "", "City": "", "CityCode": "", "Lat": "0", "Lon": "0", "Confirmed": 32700, "Deaths": 1424, "Recovered": 19552, "Active": 11724, "Date": "2020-06-01T00:00:00Z"}, {"Country": "Portugal", "CountryCode": "", "Province": "", "City": "", "CityCode": "", "Lat": "0", "Lon": "0", "Confirmed": 32895, "Deaths": 1436, "Recovered": 19869, "Active": 11590, "Date": "2020-06-02T00:00:00Z"}, {"Country": "Portugal", "CountryCode": "", "Province": "", "City": "", "CityCode": "", "Lat": "0", "Lon": "0", "Confirmed": 33261, "Deaths": 1447, "Recovered": 20079, "Active": 11735, "Date": "2020-06-03T00:00:00Z"}, {"Country": "Portugal", "CountryCode": "", "Province": "", "City": "", "CityCode": "", "Lat": "0", "Lon": "0", "Confirmed": 33592, "Deaths": 1455, "Recovered": 20323, "Active": 11814, "Date": "2020-06-04T00:00:00Z"}, {"Country": "Portugal", "CountryCode": "", "Province": "", "City": "", "CityCode": "", "Lat": "0", "Lon": "0", "Confirmed": 33969, "Deaths": 1465, "Recovered": 20526, "Active": 11978, "Date": "2020-06-05T00:00:00Z"}, {"Country": "Portugal", "CountryCode": "", "Province": "", "City": "", "CityCode": "", "Lat": "0", "Lon": "0", "Confirmed": 34351, "Deaths": 1474, "Recovered": 20807, "Active": 12070, "Date": "2020-06-06T00:00:00Z"}, {"Country": "Portugal", "CountryCode": "", "Province": "", "City": "", "CityCode": "", "Lat": "0", "Lon": "0", "Confirmed": 34693, "Deaths": 1479, "Recovered": 20995, "Active": 12219, "Date": "2020-06-07T00:00:00Z"}, {"Country": "Portugal", "CountryCode": "", "Province": "", "City": "", "CityCode": "", "Lat": "0", "Lon": "0", "Confirmed": 34885, "Deaths": 1485, "Recovered": 21156, "Active": 12244, "Date": "2020-06-08T00:00:00Z"}, {"Country": "Portugal", "CountryCode": "", "Province": "", "City": "", "CityCode": "", "Lat": "0", "Lon": "0", "Confirmed": 35306, "Deaths": 1492, "Recovered": 21339, "Active": 12475, "Date": "2020-06-09T00:00:00Z"}, {"Country": "Portugal", "CountryCode": "", "Province": "", "City": "", "CityCode": "", "Lat": "0", "Lon": "0", "Confirmed": 35600, "Deaths": 1497, "Recovered": 21742, "Active": 12361, "Date": "2020-06-10T00:00:00Z"}, {"Country": "Portugal", "CountryCode": "", "Province": "", "City": "", "CityCode": "", "Lat": "0", "Lon": "0", "Confirmed": 35910, "Deaths": 1504, "Recovered": 22002, "Active": 12404, "Date": "2020-06-11T00:00:00Z"}, {"Country": "Portugal", "CountryCode": "", "Province": "", "City": "", "CityCode": "", "Lat": "0", "Lon": "0", "Confirmed": 36180, "Deaths": 1505, "Recovered": 22200, "Active": 12475, "Date": "2020-06-12T00:00:00Z"}, {"Country": "Portugal", "CountryCode": "", "Province": "", "City": "", "CityCode": "", "Lat": "0", "Lon": "0", "Confirmed": 36463, "Deaths": 1512, "Recovered": 22438, "Active": 12513, "Date": "2020-06-13T00:00:00Z"}, {"Country": "Portugal", "CountryCode": "", "Province": "", "City": "", "CityCode": "", "Lat": "0", "Lon": "0", "Confirmed": 36690, "Deaths": 1517, "Recovered": 22669, "Active": 12504, "Date": "2020-06-14T00:00:00Z"}, {"Country": "Portugal", "CountryCode": "", "Province": "", "City": "", "CityCode": "", "Lat": "0", "Lon": "0", "Confirmed": 37036, "Deaths": 1520, "Recovered": 22852, "Active": 12664, "Date": "2020-06-15T00:00:00Z"}, {"Country": "Portugal", "CountryCode": "", "Province": "", "City": "", "CityCode": "", "Lat": "0", "Lon": "0", "Confirmed": 37336, "Deaths": 1522, "Recovered": 23212, "Active": 12602, "Date": "2020-06-16T00:00:00Z"}, {"Country": "Portugal", "CountryCode": "", "Province": "", "City": "", "CityCode": "", "Lat": "0", "Lon": "0", "Confirmed": 37672, "Deaths": 1523, "Recovered": 23580, "Active": 12569, "Date": "2020-06-17T00:00:00Z"}, {"Country": "Portugal", "CountryCode": "", "Province": "", "City": "", "CityCode": "", "Lat": "0", "Lon": "0", "Confirmed": 38089, "Deaths": 1524, "Recovered": 24010, "Active": 12555, "Date": "2020-06-18T00:00:00Z"}, {"Country": "Portugal", "CountryCode": "", "Province": "", "City": "", "CityCode": "", "Lat": "0", "Lon": "0", "Confirmed": 38464, "Deaths": 1527, "Recovered": 24477, "Active": 12460, "Date": "2020-06-19T00:00:00Z"}, {"Country": "Portugal", "CountryCode": "", "Province": "", "City": "", "CityCode": "", "Lat": "0", "Lon": "0", "Confirmed": 38841, "Deaths": 1528, "Recovered": 24906, "Active": 12407, "Date": "2020-06-20T00:00:00Z"}, {"Country": "Portugal", "CountryCode": "", "Province": "", "City": "", "CityCode": "", "Lat": "0", "Lon": "0", "Confirmed": 39133, "Deaths": 1530, "Recovered": 25376, "Active": 12227, "Date": "2020-06-21T00:00:00Z"}, {"Country": "Portugal", "CountryCode": "", "Province": "", "City": "", "CityCode": "", "Lat": "0", "Lon": "0", "Confirmed": 39392, "Deaths": 1534, "Recovered": 25548, "Active": 12310, "Date": "2020-06-22T00:00:00Z"}, {"Country": "Portugal", "CountryCode": "", "Province": "", "City": "", "CityCode": "", "Lat": "0", "Lon": "0", "Confirmed": 39737, "Deaths": 1540, "Recovered": 25829, "Active": 12368, "Date": "2020-06-23T00:00:00Z"}, {"Country": "Portugal", "CountryCode": "", "Province": "", "City": "", "CityCode": "", "Lat": "0", "Lon": "0", "Confirmed": 40104, "Deaths": 1543, "Recovered": 26083, "Active": 12478, "Date": "2020-06-24T00:00:00Z"}, {"Country": "Portugal", "CountryCode": "", "Province": "", "City": "", "CityCode": "", "Lat": "0", "Lon": "0", "Confirmed": 40415, "Deaths": 1549, "Recovered": 26382, "Active": 12484, "Date": "2020-06-25T00:00:00Z"}, {"Country": "Portugal", "CountryCode": "", "Province": "", "City": "", "CityCode": "", "Lat": "0", "Lon": "0", "Confirmed": 40866, "Deaths": 1555, "Recovered": 26633, "Active": 12678, "Date": "2020-06-26T00:00:00Z"}, {"Country": "Portugal", "CountryCode": "", "Province": "", "City": "", "CityCode": "", "Lat": "0", "Lon": "0", "Confirmed": 41189, "Deaths": 1561, "Recovered": 26864, "Active": 12764, "Date": "2020-06-27T00:00:00Z"}, {"Country": "Portugal", "CountryCode": "", "Province": "", "City": "", "CityCode": "", "Lat": "0", "Lon": "0", "Confirmed": 41646, "Deaths": 1564, "Recovered": 27066, "Active": 13016, "Date": "2020-06-28T00:00:00Z"}, {"Country": "Portugal", "CountryCode": "", "Province": "", "City": "", "CityCode": "", "Lat": "0", "Lon": "0", "Confirmed": 41912, "Deaths": 1568, "Recovered": 27205, "Active": 13139, "Date": "2020-06-29T00:00:00Z"}, {"Country": "Portugal", "CountryCode": "", "Province": "", "City": "", "CityCode": "", "Lat": "0", "Lon": "0", "Confirmed": 42141, "Deaths": 1576, "Recovered": 27505, "Active": 13060, "Date": "2020-06-30T00:00:00Z"}, {"Country": "Portugal", "CountryCode": "", "Province": "", "City": "", "CityCode": "", "Lat": "0", "Lon": "0", "Confirmed": 42454, "Deaths": 1579, "Recovered": 27798, "Active": 13077, "Date": "2020-07-01T00:00:00Z"}, {"Country": "Portugal", "CountryCode": "", "Province": "", "City": "", "CityCode": "", "Lat": "0", "Lon": "0", "Confirmed": 42782, "Deaths": 1587, "Recovered": 28097, "Active": 13098, "Date": "2020-07-02T00:00:00Z"}, {"Country": "Portugal", "CountryCode": "", "Province": "", "City": "", "CityCode": "", "Lat": "0", "Lon": "0", "Confirmed": 43156, "Deaths": 1598, "Recovered": 28424, "Active": 13134, "Date": "2020-07-03T00:00:00Z"}, {"Country": "Portugal", "CountryCode": "", "Province": "", "City": "", "CityCode": "", "Lat": "0", "Lon": "0", "Confirmed": 43569, "Deaths": 1605, "Recovered": 28772, "Active": 13192, "Date": "2020-07-04T00:00:00Z"}, {"Country": "Portugal", "CountryCode": "", "Province": "", "City": "", "CityCode": "", "Lat": "0", "Lon": "0", "Confirmed": 43897, "Deaths": 1614, "Recovered": 29017, "Active": 13266, "Date": "2020-07-05T00:00:00Z"}, {"Country": "Portugal", "CountryCode": "", "Province": "", "City": "", "CityCode": "", "Lat": "0", "Lon": "0", "Confirmed": 44129, "Deaths": 1620, "Recovered": 29166, "Active": 13343, "Date": "2020-07-06T00:00:00Z"}, {"Country": "Portugal", "CountryCode": "", "Province": "", "City": "", "CityCode": "", "Lat": "0", "Lon": "0", "Confirmed": 44416, "Deaths": 1629, "Recovered": 29445, "Active": 13342, "Date": "2020-07-07T00:00:00Z"}, {"Country": "Portugal", "CountryCode": "", "Province": "", "City": "", "CityCode": "", "Lat": "0", "Lon": "0", "Confirmed": 44859, "Deaths": 1631, "Recovered": 29714, "Active": 13514, "Date": "2020-07-08T00:00:00Z"}, {"Country": "Portugal", "CountryCode": "", "Province": "", "City": "", "CityCode": "", "Lat": "0", "Lon": "0", "Confirmed": 45277, "Deaths": 1644, "Recovered": 30049, "Active": 13584, "Date": "2020-07-09T00:00:00Z"}, {"Country": "Portugal", "CountryCode": "", "Province": "", "City": "", "CityCode": "", "Lat": "0", "Lon": "0", "Confirmed": 45679, "Deaths": 1646, "Recovered": 30350, "Active": 13683, "Date": "2020-07-10T00:00:00Z"}, {"Country": "Portugal", "CountryCode": "", "Province": "", "City": "", "CityCode": "", "Lat": "0", "Lon": "0", "Confirmed": 46221, "Deaths": 1654, "Recovered": 30655, "Active": 13912, "Date": "2020-07-11T00:00:00Z"}, {"Country": "Portugal", "CountryCode": "", "Province": "", "City": "", "CityCode": "", "Lat": "0", "Lon": "0", "Confirmed": 46512, "Deaths": 1660, "Recovered": 30907, "Active": 13945, "Date": "2020-07-12T00:00:00Z"}, {"Country": "Portugal", "CountryCode": "", "Province": "", "City": "", "CityCode": "", "Lat": "0", "Lon": "0", "Confirmed": 46818, "Deaths": 1662, "Recovered": 31065, "Active": 14091, "Date": "2020-07-13T00:00:00Z"}, {"Country": "Portugal", "CountryCode": "", "Province": "", "City": "", "CityCode": "", "Lat": "0", "Lon": "0", "Confirmed": 47051, "Deaths": 1668, "Recovered": 31550, "Active": 13833, "Date": "2020-07-14T00:00:00Z"}, {"Country": "Portugal", "CountryCode": "", "Province": "", "City": "", "CityCode": "", "Lat": "0", "Lon": "0", "Confirmed": 47426, "Deaths": 1676, "Recovered": 32110, "Active": 13640, "Date": "2020-07-15T00:00:00Z"}, {"Country": "Portugal", "CountryCode": "", "Province": "", "City": "", "CityCode": "", "Lat": "0", "Lon": "0", "Confirmed": 47765, "Deaths": 1679, "Recovered": 32476, "Active": 13610, "Date": "2020-07-16T00:00:00Z"}, {"Country": "Portugal", "CountryCode": "", "Province": "", "City": "", "CityCode": "", "Lat": "0", "Lon": "0", "Confirmed": 48077, "Deaths": 1682, "Recovered": 32790, "Active": 13605, "Date": "2020-07-17T00:00:00Z"}, {"Country": "Portugal", "CountryCode": "", "Province": "", "City": "", "CityCode": "", "Lat": "0", "Lon": "0", "Confirmed": 48390, "Deaths": 1684, "Recovered": 33153, "Active": 13553, "Date": "2020-07-18T00:00:00Z"}, {"Country": "Portugal", "CountryCode": "", "Province": "", "City": "", "CityCode": "", "Lat": "0", "Lon": "0", "Confirmed": 48636, "Deaths": 1689, "Recovered": 33369, "Active": 13578, "Date": "2020-07-19T00:00:00Z"}, {"Country": "Portugal", "CountryCode": "", "Province": "", "City": "", "CityCode": "", "Lat": "0", "Lon": "0", "Confirmed": 48771, "Deaths": 1691, "Recovered": 33547, "Active": 13533, "Date": "2020-07-20T00:00:00Z"}, {"Country": "Portugal", "CountryCode": "", "Province": "", "City": "", "CityCode": "", "Lat": "0", "Lon": "0", "Confirmed": 48898, "Deaths": 1697, "Recovered": 33769, "Active": 13432, "Date": "2020-07-21T00:00:00Z"}, {"Country": "Portugal", "CountryCode": "", "Province": "", "City": "", "CityCode": "", "Lat": "0", "Lon": "0", "Confirmed": 49150, "Deaths": 1702, "Recovered": 33999, "Active": 13449, "Date": "2020-07-22T00:00:00Z"}, {"Country": "Portugal", "CountryCode": "", "Province": "", "City": "", "CityCode": "", "Lat": "0", "Lon": "0", "Confirmed": 49379, "Deaths": 1705, "Recovered": 34369, "Active": 13305, "Date": "2020-07-23T00:00:00Z"}, {"Country": "Portugal", "CountryCode": "", "Province": "", "City": "", "CityCode": "", "Lat": "0", "Lon": "0", "Confirmed": 49692, "Deaths": 1712, "Recovered": 34687, "Active": 13293, "Date": "2020-07-24T00:00:00Z"}, {"Country": "Portugal", "CountryCode": "", "Province": "", "City": "", "CityCode": "", "Lat": "0", "Lon": "0", "Confirmed": 49955, "Deaths": 1716, "Recovered": 35010, "Active": 13229, "Date": "2020-07-25T00:00:00Z"}, {"Country": "Portugal", "CountryCode": "", "Province": "", "City": "", "CityCode": "", "Lat": "0", "Lon": "0", "Confirmed": 50164, "Deaths": 1717, "Recovered": 35217, "Active": 13230, "Date": "2020-07-26T00:00:00Z"}, {"Country": "Portugal", "CountryCode": "", "Province": "", "City": "", "CityCode": "", "Lat": "0", "Lon": "0", "Confirmed": 50299, "Deaths": 1719, "Recovered": 35375, "Active": 13205, "Date": "2020-07-27T00:00:00Z"}, {"Country": "Portugal", "CountryCode": "", "Province": "", "City": "", "CityCode": "", "Lat": "0", "Lon": "0", "Confirmed": 50410, "Deaths": 1722, "Recovered": 35626, "Active": 13062, "Date": "2020-07-28T00:00:00Z"}, {"Country": "Portugal", "CountryCode": "", "Province": "", "City": "", "CityCode": "", "Lat": "0", "Lon": "0", "Confirmed": 50613, "Deaths": 1725, "Recovered": 35875, "Active": 13013, "Date": "2020-07-29T00:00:00Z"}, {"Country": "Portugal", "CountryCode": "", "Province": "", "City": "", "CityCode": "", "Lat": "0", "Lon": "0", "Confirmed": 50868, "Deaths": 1727, "Recovered": 36140, "Active": 13001, "Date": "2020-07-30T00:00:00Z"}, {"Country": "Portugal", "CountryCode": "", "Province": "", "City": "", "CityCode": "", "Lat": "0", "Lon": "0", "Confirmed": 51072, "Deaths": 1735, "Recovered": 36483, "Active": 12854, "Date": "2020-07-31T00:00:00Z"}, {"Country": "Portugal", "CountryCode": "", "Province": "", "City": "", "CityCode": "", "Lat": "0", "Lon": "0", "Confirmed": 51310, "Deaths": 1737, "Recovered": 36783, "Active": 12790, "Date": "2020-08-01T00:00:00Z"}, {"Country": "Portugal", "CountryCode": "", "Province": "", "City": "", "CityCode": "", "Lat": "0", "Lon": "0", "Confirmed": 51463, "Deaths": 1738, "Recovered": 36984, "Active": 12741, "Date": "2020-08-02T00:00:00Z"}, {"Country": "Portugal", "CountryCode": "", "Province": "", "City": "", "CityCode": "", "Lat": "0", "Lon": "0", "Confirmed": 51569, "Deaths": 1738, "Recovered": 37111, "Active": 12720, "Date": "2020-08-03T00:00:00Z"}, {"Country": "Portugal", "CountryCode": "", "Province": "", "City": "", "CityCode": "", "Lat": "0", "Lon": "0", "Confirmed": 51681, "Deaths": 1739, "Recovered": 37318, "Active": 12624, "Date": "2020-08-04T00:00:00Z"}, {"Country": "Portugal", "CountryCode": "", "Province": "", "City": "", "CityCode": "", "Lat": "0", "Lon": "0", "Confirmed": 51848, "Deaths": 1740, "Recovered": 37565, "Active": 12543, "Date": "2020-08-05T00:00:00Z"}, {"Country": "Portugal", "CountryCode": "", "Province": "", "City": "", "CityCode": "", "Lat": "0", "Lon": "0", "Confirmed": 52061, "Deaths": 1743, "Recovered": 37840, "Active": 12478, "Date": "2020-08-06T00:00:00Z"}, {"Country": "Portugal", "CountryCode": "", "Province": "", "City": "", "CityCode": "", "Lat": "0", "Lon": "0", "Confirmed": 52351, "Deaths": 1746, "Recovered": 38087, "Active": 12518, "Date": "2020-08-07T00:00:00Z"}, {"Country": "Portugal", "CountryCode": "", "Province": "", "City": "", "CityCode": "", "Lat": "0", "Lon": "0", "Confirmed": 52537, "Deaths": 1750, "Recovered": 38364, "Active": 12423, "Date": "2020-08-08T00:00:00Z"}, {"Country": "Portugal", "CountryCode": "", "Province": "", "City": "", "CityCode": "", "Lat": "0", "Lon": "0", "Confirmed": 52668, "Deaths": 1756, "Recovered": 38511, "Active": 12401, "Date": "2020-08-09T00:00:00Z"}, {"Country": "Portugal", "CountryCode": "", "Province": "", "City": "", "CityCode": "", "Lat": "0", "Lon": "0", "Confirmed": 52825, "Deaths": 1759, "Recovered": 38600, "Active": 12466, "Date": "2020-08-10T00:00:00Z"}, {"Country": "Portugal", "CountryCode": "", "Province": "", "City": "", "CityCode": "", "Lat": "0", "Lon": "0", "Confirmed": 52945, "Deaths": 1761, "Recovered": 38760, "Active": 12424, "Date": "2020-08-11T00:00:00Z"}, {"Country": "Portugal", "CountryCode": "", "Province": "", "City": "", "CityCode": "", "Lat": "0", "Lon": "0", "Confirmed": 53223, "Deaths": 1764, "Recovered": 38940, "Active": 12519, "Date": "2020-08-12T00:00:00Z"}, {"Country": "Portugal", "CountryCode": "", "Province": "", "City": "", "CityCode": "", "Lat": "0", "Lon": "0", "Confirmed": 53548, "Deaths": 1770, "Recovered": 39177, "Active": 12601, "Date": "2020-08-13T00:00:00Z"}, {"Country": "Portugal", "CountryCode": "", "Province": "", "City": "", "CityCode": "", "Lat": "0", "Lon": "0", "Confirmed": 53783, "Deaths": 1772, "Recovered": 39374, "Active": 12637, "Date": "2020-08-14T00:00:00Z"}, {"Country": "Portugal", "CountryCode": "", "Province": "", "City": "", "CityCode": "", "Lat": "0", "Lon": "0", "Confirmed": 53981, "Deaths": 1775, "Recovered": 39585, "Active": 12621, "Date": "2020-08-15T00:00:00Z"}, {"Country": "Portugal", "CountryCode": "", "Province": "", "City": "", "CityCode": "", "Lat": "0", "Lon": "0", "Confirmed": 54102, "Deaths": 1778, "Recovered": 39697, "Active": 12627, "Date": "2020-08-16T00:00:00Z"}, {"Country": "Portugal", "CountryCode": "", "Province": "", "City": "", "CityCode": "", "Lat": "0", "Lon": "0", "Confirmed": 54234, "Deaths": 1779, "Recovered": 39800, "Active": 12655, "Date": "2020-08-17T00:00:00Z"}, {"Country": "Portugal", "CountryCode": "", "Province": "", "City": "", "CityCode": "", "Lat": "0", "Lon": "0", "Confirmed": 54448, "Deaths": 1784, "Recovered": 39936, "Active": 12728, "Date": "2020-08-18T00:00:00Z"}, {"Country": "Portugal", "CountryCode": "", "Province": "", "City": "", "CityCode": "", "Lat": "0", "Lon": "0", "Confirmed": 54701, "Deaths": 1786, "Recovered": 40129, "Active": 12786, "Date": "2020-08-19T00:00:00Z"}, {"Country": "Portugal", "CountryCode": "", "Province": "", "City": "", "CityCode": "", "Lat": "0", "Lon": "0", "Confirmed": 54992, "Deaths": 1788, "Recovered": 40264, "Active": 12940, "Date": "2020-08-20T00:00:00Z"}, {"Country": "Portugal", "CountryCode": "", "Province": "", "City": "", "CityCode": "", "Lat": "0", "Lon": "0", "Confirmed": 55211, "Deaths": 1792, "Recovered": 40473, "Active": 12946, "Date": "2020-08-21T00:00:00Z"}, {"Country": "Portugal", "CountryCode": "", "Province": "", "City": "", "CityCode": "", "Lat": "0", "Lon": "0", "Confirmed": 55452, "Deaths": 1794, "Recovered": 40652, "Active": 13006, "Date": "2020-08-22T00:00:00Z"}, {"Country": "Portugal", "CountryCode": "", "Province": "", "City": "", "CityCode": "", "Lat": "0", "Lon": "0", "Confirmed": 55597, "Deaths": 1796, "Recovered": 40774, "Active": 13027, "Date": "2020-08-23T00:00:00Z"}, {"Country": "Portugal", "CountryCode": "", "Province": "", "City": "", "CityCode": "", "Lat": "0", "Lon": "0", "Confirmed": 55720, "Deaths": 1801, "Recovered": 40880, "Active": 13039, "Date": "2020-08-24T00:00:00Z"}, {"Country": "Portugal", "CountryCode": "", "Province": "", "City": "", "CityCode": "", "Lat": "0", "Lon": "0", "Confirmed": 55912, "Deaths": 1805, "Recovered": 41021, "Active": 13086, "Date": "2020-08-25T00:00:00Z"}, {"Country": "Portugal", "CountryCode": "", "Province": "", "City": "", "CityCode": "", "Lat": "0", "Lon": "0", "Confirmed": 56274, "Deaths": 1807, "Recovered": 41184, "Active": 13283, "Date": "2020-08-26T00:00:00Z"}, {"Country": "Portugal", "CountryCode": "", "Province": "", "City": "", "CityCode": "", "Lat": "0", "Lon": "0", "Confirmed": 56673, "Deaths": 1809, "Recovered": 41357, "Active": 13507, "Date": "2020-08-27T00:00:00Z"}, {"Country": "Portugal", "CountryCode": "", "Province": "", "City": "", "CityCode": "", "Lat": "0", "Lon": "0", "Confirmed": 57074, "Deaths": 1815, "Recovered": 41556, "Active": 13703, "Date": "2020-08-28T00:00:00Z"}, {"Country": "Portugal", "CountryCode": "", "Province": "", "City": "", "CityCode": "", "Lat": "0", "Lon": "0", "Confirmed": 57448, "Deaths": 1818, "Recovered": 41766, "Active": 13864, "Date": "2020-08-29T00:00:00Z"}, {"Country": "Portugal", "CountryCode": "", "Province": "", "City": "", "CityCode": "", "Lat": "0", "Lon": "0", "Confirmed": 57768, "Deaths": 1819, "Recovered": 41885, "Active": 14064, "Date": "2020-08-30T00:00:00Z"}, {"Country": "Portugal", "CountryCode": "", "Province": "", "City": "", "CityCode": "", "Lat": "0", "Lon": "0", "Confirmed": 58012, "Deaths": 1822, "Recovered": 41961, "Active": 14229, "Date": "2020-08-31T00:00:00Z"}, {"Country": "Portugal", "CountryCode": "", "Province": "", "City": "", "CityCode": "", "Lat": "0", "Lon": "0", "Confirmed": 58243, "Deaths": 1824, "Recovered": 42104, "Active": 14315, "Date": "2020-09-01T00:00:00Z"}, {"Country": "Portugal", "CountryCode": "", "Province": "", "City": "", "CityCode": "", "Lat": "0", "Lon": "0", "Confirmed": 58633, "Deaths": 1827, "Recovered": 42233, "Active": 14573, "Date": "2020-09-02T00:00:00Z"}, {"Country": "Portugal", "CountryCode": "", "Province": "", "City": "", "CityCode": "", "Lat": "0", "Lon": "0", "Confirmed": 59051, "Deaths": 1829, "Recovered": 42427, "Active": 14795, "Date": "2020-09-03T00:00:00Z"}, {"Country": "Portugal", "CountryCode": "", "Province": "", "City": "", "CityCode": "", "Lat": "0", "Lon": "0", "Confirmed": 59457, "Deaths": 1833, "Recovered": 42576, "Active": 15048, "Date": "2020-09-04T00:00:00Z"}, {"Country": "Portugal", "CountryCode": "", "Province": "", "City": "", "CityCode": "", "Lat": "0", "Lon": "0", "Confirmed": 59943, "Deaths": 1838, "Recovered": 42793, "Active": 15312, "Date": "2020-09-05T00:00:00Z"}, {"Country": "Portugal", "CountryCode": "", "Province": "", "City": "", "CityCode": "", "Lat": "0", "Lon": "0", "Confirmed": 60258, "Deaths": 1840, "Recovered": 42953, "Active": 15465, "Date": "2020-09-06T00:00:00Z"}, {"Country": "Portugal", "CountryCode": "", "Province": "", "City": "", "CityCode": "", "Lat": "0", "Lon": "0", "Confirmed": 60507, "Deaths": 1843, "Recovered": 43016, "Active": 15648, "Date": "2020-09-07T00:00:00Z"}, {"Country": "Portugal", "CountryCode": "", "Province": "", "City": "", "CityCode": "", "Lat": "0", "Lon": "0", "Confirmed": 60895, "Deaths": 1846, "Recovered": 43146, "Active": 15903, "Date": "2020-09-08T00:00:00Z"}, {"Country": "Portugal", "CountryCode": "", "Province": "", "City": "", "CityCode": "", "Lat": "0", "Lon": "0", "Confirmed": 61541, "Deaths": 1849, "Recovered": 43284, "Active": 16408, "Date": "2020-09-09T00:00:00Z"}, {"Country": "Portugal", "CountryCode": "", "Province": "", "City": "", "CityCode": "", "Lat": "0", "Lon": "0", "Confirmed": 62126, "Deaths": 1852, "Recovered": 43441, "Active": 16833, "Date": "2020-09-10T00:00:00Z"}, {"Country": "Portugal", "CountryCode": "", "Province": "", "City": "", "CityCode": "", "Lat": "0", "Lon": "0", "Confirmed": 62813, "Deaths": 1855, "Recovered": 43644, "Active": 17314, "Date": "2020-09-11T00:00:00Z"}, {"Country": "Portugal", "CountryCode": "", "Province": "", "City": "", "CityCode": "", "Lat": "0", "Lon": "0", "Confirmed": 63310, "Deaths": 1860, "Recovered": 43894, "Active": 17556, "Date": "2020-09-12T00:00:00Z"}, {"Country": "Portugal", "CountryCode": "", "Province": "", "City": "", "CityCode": "", "Lat": "0", "Lon": "0", "Confirmed": 63983, "Deaths": 1867, "Recovered": 44069, "Active": 18047, "Date": "2020-09-13T00:00:00Z"}, {"Country": "Portugal", "CountryCode": "", "Province": "", "City": "", "CityCode": "", "Lat": "0", "Lon": "0", "Confirmed": 64596, "Deaths": 1871, "Recovered": 44185, "Active": 18540, "Date": "2020-09-14T00:00:00Z"}, {"Country": "Portugal", "CountryCode": "", "Province": "", "City": "", "CityCode": "", "Lat": "0", "Lon": "0", "Confirmed": 65021, "Deaths": 1875, "Recovered": 44362, "Active": 18784, "Date": "2020-09-15T00:00:00Z"}, {"Country": "Portugal", "CountryCode": "", "Province": "", "City": "", "CityCode": "", "Lat": "0", "Lon": "0", "Confirmed": 65626, "Deaths": 1878, "Recovered": 44528, "Active": 19220, "Date": "2020-09-16T00:00:00Z"}, {"Country": "Portugal", "CountryCode": "", "Province": "", "City": "", "CityCode": "", "Lat": "0", "Lon": "0", "Confirmed": 66396, "Deaths": 1888, "Recovered": 44794, "Active": 19714, "Date": "2020-09-17T00:00:00Z"}, {"Country": "Portugal", "CountryCode": "", "Province": "", "City": "", "CityCode": "", "Lat": "0", "Lon": "0", "Confirmed": 67176, "Deaths": 1894, "Recovered": 45053, "Active": 20229, "Date": "2020-09-18T00:00:00Z"}, {"Country": "Portugal", "CountryCode": "", "Province": "", "City": "", "CityCode": "", "Lat": "0", "Lon": "0", "Confirmed": 68025, "Deaths": 1899, "Recovered": 45404, "Active": 20722, "Date": "2020-09-19T00:00:00Z"}, {"Country": "Portugal", "CountryCode": "", "Province": "", "City": "", "CityCode": "", "Lat": "0", "Lon": "0", "Confirmed": 68577, "Deaths": 1912, "Recovered": 45596, "Active": 21069, "Date": "2020-09-20T00:00:00Z"}, {"Country": "Portugal", "CountryCode": "", "Province": "", "City": "", "CityCode": "", "Lat": "0", "Lon": "0", "Confirmed": 69200, "Deaths": 1920, "Recovered": 45736, "Active": 21544, "Date": "2020-09-21T00:00:00Z"}, {"Country": "Portugal", "CountryCode": "", "Province": "", "City": "", "CityCode": "", "Lat": "0", "Lon": "0", "Confirmed": 69663, "Deaths": 1925, "Recovered": 45974, "Active": 21764, "Date": "2020-09-22T00:00:00Z"}, {"Country": "Portugal", "CountryCode": "", "Province": "", "City": "", "CityCode": "", "Lat": "0", "Lon": "0", "Confirmed": 70465, "Deaths": 1928, "Recovered": 46290, "Active": 22247, "Date": "2020-09-23T00:00:00Z"}, {"Country": "Portugal", "CountryCode": "", "Province": "", "City": "", "CityCode": "", "Lat": "0", "Lon": "0", "Confirmed": 71156, "Deaths": 1931, "Recovered": 46676, "Active": 22549, "Date": "2020-09-24T00:00:00Z"}, {"Country": "Portugal", "CountryCode": "", "Province": "", "City": "", "CityCode": "", "Lat": "0", "Lon": "0", "Confirmed": 72055, "Deaths": 1936, "Recovered": 47003, "Active": 23116, "Date": "2020-09-25T00:00:00Z"}, {"Country": "Portugal", "CountryCode": "", "Province": "", "City": "", "CityCode": "", "Lat": "0", "Lon": "0", "Confirmed": 72939, "Deaths": 1944, "Recovered": 47380, "Active": 23615, "Date": "2020-09-26T00:00:00Z"}, {"Country": "Portugal", "CountryCode": "", "Province": "", "City": "", "CityCode": "", "Lat": "0", "Lon": "0", "Confirmed": 73604, "Deaths": 1953, "Recovered": 47647, "Active": 24004, "Date": "2020-09-27T00:00:00Z"}, {"Country": "Portugal", "CountryCode": "", "Province": "", "City": "", "CityCode": "", "Lat": "0", "Lon": "0", "Confirmed": 74029, "Deaths": 1957, "Recovered": 47884, "Active": 24188, "Date": "2020-09-28T00:00:00Z"}, {"Country": "Portugal", "CountryCode": "", "Province": "", "City": "", "CityCode": "", "Lat": "0", "Lon": "0", "Confirmed": 74717, "Deaths": 1963, "Recovered": 48193, "Active": 24561, "Date": "2020-09-29T00:00:00Z"}, {"Country": "Portugal", "CountryCode": "", "Province": "", "City": "", "CityCode": "", "Lat": "0", "Lon": "0", "Confirmed": 75542, "Deaths": 1971, "Recovered": 48530, "Active": 25041, "Date": "2020-09-30T00:00:00Z"}, {"Country": "Portugal", "CountryCode": "", "Province": "", "City": "", "CityCode": "", "Lat": "0", "Lon": "0", "Confirmed": 76396, "Deaths": 1977, "Recovered": 48937, "Active": 25482, "Date": "2020-10-01T00:00:00Z"}, {"Country": "Portugal", "CountryCode": "", "Province": "", "City": "", "CityCode": "", "Lat": "0", "Lon": "0", "Confirmed": 77284, "Deaths": 1983, "Recovered": 49359, "Active": 25942, "Date": "2020-10-02T00:00:00Z"}, {"Country": "Portugal", "CountryCode": "", "Province": "", "City": "", "CityCode": "", "Lat": "0", "Lon": "0", "Confirmed": 78247, "Deaths": 1995, "Recovered": 49845, "Active": 26407, "Date": "2020-10-03T00:00:00Z"}, {"Country": "Portugal", "CountryCode": "", "Province": "", "City": "", "CityCode": "", "Lat": "0", "Lon": "0", "Confirmed": 79151, "Deaths": 2005, "Recovered": 50207, "Active": 26939, "Date": "2020-10-04T00:00:00Z"}, {"Country": "Portugal", "CountryCode": "", "Province": "", "City": "", "CityCode": "", "Lat": "0", "Lon": "0", "Confirmed": 79885, "Deaths": 2018, "Recovered": 50454, "Active": 27413, "Date": "2020-10-05T00:00:00Z"}, {"Country": "Portugal", "CountryCode": "", "Province": "", "City": "", "CityCode": "", "Lat": "0", "Lon": "0", "Confirmed": 80312, "Deaths": 2032, "Recovered": 50712, "Active": 27568, "Date": "2020-10-06T00:00:00Z"}, {"Country": "Portugal", "CountryCode": "", "Province": "", "City": "", "CityCode": "", "Lat": "0", "Lon": "0", "Confirmed": 81256, "Deaths": 2040, "Recovered": 51037, "Active": 28179, "Date": "2020-10-07T00:00:00Z"}, {"Country": "Portugal", "CountryCode": "", "Province": "", "City": "", "CityCode": "", "Lat": "0", "Lon": "0", "Confirmed": 82534, "Deaths": 2050, "Recovered": 51517, "Active": 28967, "Date": "2020-10-08T00:00:00Z"}, {"Country": "Portugal", "CountryCode": "", "Province": "", "City": "", "CityCode": "", "Lat": "0", "Lon": "0", "Confirmed": 83928, "Deaths": 2062, "Recovered": 52164, "Active": 29702, "Date": "2020-10-09T00:00:00Z"}, {"Country": "Portugal", "CountryCode": "", "Province": "", "City": "", "CityCode": "", "Lat": "0", "Lon": "0", "Confirmed": 85574, "Deaths": 2067, "Recovered": 52803, "Active": 30704, "Date": "2020-10-10T00:00:00Z"}, {"Country": "Portugal", "CountryCode": "", "Province": "", "City": "", "CityCode": "", "Lat": "0", "Lon": "0", "Confirmed": 86664, "Deaths": 2080, "Recovered": 53187, "Active": 31397, "Date": "2020-10-11T00:00:00Z"}, {"Country": "Portugal", "CountryCode": "", "Province": "", "City": "", "CityCode": "", "Lat": "0", "Lon": "0", "Confirmed": 87913, "Deaths": 2094, "Recovered": 53498, "Active": 32321, "Date": "2020-10-12T00:00:00Z"}, {"Country": "Portugal", "CountryCode": "", "Province": "", "City": "", "CityCode": "", "Lat": "0", "Lon": "0", "Confirmed": 89121, "Deaths": 2110, "Recovered": 54047, "Active": 32964, "Date": "2020-10-13T00:00:00Z"}, {"Country": "Portugal", "CountryCode": "", "Province": "", "City": "", "CityCode": "", "Lat": "0", "Lon": "0", "Confirmed": 91193, "Deaths": 2117, "Recovered": 54493, "Active": 34583, "Date": "2020-10-14T00:00:00Z"}, {"Country": "Portugal", "CountryCode": "", "Province": "", "City": "", "CityCode": "", "Lat": "0", "Lon": "0", "Confirmed": 93294, "Deaths": 2128, "Recovered": 55081, "Active": 36085, "Date": "2020-10-15T00:00:00Z"}, {"Country": "Portugal", "CountryCode": "", "Province": "", "City": "", "CityCode": "", "Lat": "0", "Lon": "0", "Confirmed": 95902, "Deaths": 2149, "Recovered": 56066, "Active": 37687, "Date": "2020-10-16T00:00:00Z"}, {"Country": "Portugal", "CountryCode": "", "Province": "", "City": "", "CityCode": "", "Lat": "0", "Lon": "0", "Confirmed": 98055, "Deaths": 2162, "Recovered": 57919, "Active": 37974, "Date": "2020-10-17T00:00:00Z"}, {"Country": "Portugal", "CountryCode": "", "Province": "", "City": "", "CityCode": "", "Lat": "0", "Lon": "0", "Confirmed": 99911, "Deaths": 2181, "Recovered": 59000, "Active": 38730, "Date": "2020-10-18T00:00:00Z"}, {"Country": "Portugal", "CountryCode": "", "Province": "", "City": "", "CityCode": "", "Lat": "0", "Lon": "0", "Confirmed": 101860, "Deaths": 2198, "Recovered": 59966, "Active": 39696, "Date": "2020-10-19T00:00:00Z"}, {"Country": "Portugal", "CountryCode": "", "Province": "", "City": "", "CityCode": "", "Lat": "0", "Lon": "0", "Confirmed": 103736, "Deaths": 2213, "Recovered": 61898, "Active": 39625, "Date": "2020-10-20T00:00:00Z"}, {"Country": "Portugal", "CountryCode": "", "Province": "", "City": "", "CityCode": "", "Lat": "0", "Lon": "0", "Confirmed": 106271, "Deaths": 2229, "Recovered": 63238, "Active": 40804, "Date": "2020-10-21T00:00:00Z"}, {"Country": "Portugal", "CountryCode": "", "Province": "", "City": "", "CityCode": "", "Lat": "0", "Lon": "0", "Confirmed": 109541, "Deaths": 2245, "Recovered": 64531, "Active": 42765, "Date": "2020-10-22T00:00:00Z"}, {"Country": "Portugal", "CountryCode": "", "Province": "", "City": "", "CityCode": "", "Lat": "0", "Lon": "0", "Confirmed": 112440, "Deaths": 2276, "Recovered": 65880, "Active": 44284, "Date": "2020-10-23T00:00:00Z"}, {"Country": "Portugal", "CountryCode": "", "Province": "", "City": "", "CityCode": "", "Lat": "0", "Lon": "0", "Confirmed": 116109, "Deaths": 2297, "Recovered": 67842, "Active": 45970, "Date": "2020-10-24T00:00:00Z"}, {"Country": "Portugal", "CountryCode": "", "Province": "", "City": "", "CityCode": "", "Lat": "0", "Lon": "0", "Confirmed": 118686, "Deaths": 2316, "Recovered": 68877, "Active": 47493, "Date": "2020-10-25T00:00:00Z"}, {"Country": "Portugal", "CountryCode": "", "Province": "", "City": "", "CityCode": "", "Lat": "0", "Lon": "0", "Confirmed": 121133, "Deaths": 2343, "Recovered": 69956, "Active": 48834, "Date": "2020-10-26T00:00:00Z"}, {"Country": "Portugal", "CountryCode": "", "Province": "", "City": "", "CityCode": "", "Lat": "0", "Lon": "0", "Confirmed": 124432, "Deaths": 2371, "Recovered": 72344, "Active": 49717, "Date": "2020-10-27T00:00:00Z"}, {"Country": "Portugal", "CountryCode": "", "Province": "", "City": "", "CityCode": "", "Lat": "0", "Lon": "0", "Confirmed": 128392, "Deaths": 2395, "Recovered": 74001, "Active": 51996, "Date": "2020-10-28T00:00:00Z"}, {"Country": "Portugal", "CountryCode": "", "Province": "", "City": "", "CityCode": "", "Lat": "0", "Lon": "0", "Confirmed": 132616, "Deaths": 2428, "Recovered": 75702, "Active": 54486, "Date": "2020-10-29T00:00:00Z"}, {"Country": "Portugal", "CountryCode": "", "Province": "", "City": "", "CityCode": "", "Lat": "0", "Lon": "0", "Confirmed": 137272, "Deaths": 2468, "Recovered": 77449, "Active": 57355, "Date": "2020-10-30T00:00:00Z"}, {"Country": "Portugal", "CountryCode": "", "Province": "", "City": "", "CityCode": "", "Lat": "0", "Lon": "0", "Confirmed": 141279, "Deaths": 2507, "Recovered": 80280, "Active": 58492, "Date": "2020-10-31T00:00:00Z"}, {"Country": "Portugal", "CountryCode": "", "Province": "", "City": "", "CityCode": "", "Lat": "0", "Lon": "0", "Confirmed": 144341, "Deaths": 2544, "Recovered": 81771, "Active": 60026, "Date": "2020-11-01T00:00:00Z"}, {"Country": "Portugal", "CountryCode": "", "Province": "", "City": "", "CityCode": "", "Lat": "0", "Lon": "0", "Confirmed": 146847, "Deaths": 2590, "Recovered": 83294, "Active": 60963, "Date": "2020-11-02T00:00:00Z"}, {"Country": "Portugal", "CountryCode": "", "Province": "", "City": "", "CityCode": "", "Lat": "0", "Lon": "0", "Confirmed": 149443, "Deaths": 2635, "Recovered": 86589, "Active": 60219, "Date": "2020-11-03T00:00:00Z"}, {"Country": "Portugal", "CountryCode": "", "Province": "", "City": "", "CityCode": "", "Lat": "0", "Lon": "0", "Confirmed": 156940, "Deaths": 2694, "Recovered": 88946, "Active": 65300, "Date": "2020-11-04T00:00:00Z"}, {"Country": "Portugal", "CountryCode": "", "Province": "", "City": "", "CityCode": "", "Lat": "0", "Lon": "0", "Confirmed": 161350, "Deaths": 2740, "Recovered": 91453, "Active": 67157, "Date": "2020-11-05T00:00:00Z"}, {"Country": "Portugal", "CountryCode": "", "Province": "", "City": "", "CityCode": "", "Lat": "0", "Lon": "0", "Confirmed": 166900, "Deaths": 2792, "Recovered": 93754, "Active": 70354, "Date": "2020-11-06T00:00:00Z"}, {"Country": "Portugal", "CountryCode": "", "Province": "", "City": "", "CityCode": "", "Lat": "0", "Lon": "0", "Confirmed": 173540, "Deaths": 2848, "Recovered": 97747, "Active": 72945, "Date": "2020-11-07T00:00:00Z"}, {"Country": "Portugal", "CountryCode": "", "Province": "", "City": "", "CityCode": "", "Lat": "0", "Lon": "0", "Confirmed": 179324, "Deaths": 2896, "Recovered": 99781, "Active": 76647, "Date": "2020-11-08T00:00:00Z"}, {"Country": "Portugal", "CountryCode": "", "Province": "", "City": "", "CityCode": "", "Lat": "0", "Lon": "0", "Confirmed": 183420, "Deaths": 2959, "Recovered": 102083, "Active": 78378, "Date": "2020-11-09T00:00:00Z"}, {"Country": "Portugal", "CountryCode": "", "Province": "", "City": "", "CityCode": "", "Lat": "0", "Lon": "0", "Confirmed": 187237, "Deaths": 3021, "Recovered": 106878, "Active": 77338, "Date": "2020-11-10T00:00:00Z"}, {"Country": "Portugal", "CountryCode": "", "Province": "", "City": "", "CityCode": "", "Lat": "0", "Lon": "0", "Confirmed": 192172, "Deaths": 3103, "Recovered": 110353, "Active": 78716, "Date": "2020-11-11T00:00:00Z"}, {"Country": "Portugal", "CountryCode": "", "Province": "", "City": "", "CityCode": "", "Lat": "0", "Lon": "0", "Confirmed": 198011, "Deaths": 3181, "Recovered": 113689, "Active": 81141, "Date": "2020-11-12T00:00:00Z"}, {"Country": "Portugal", "CountryCode": "", "Province": "", "City": "", "CityCode": "", "Lat": "0", "Lon": "0", "Confirmed": 204664, "Deaths": 3250, "Recovered": 117382, "Active": 84032, "Date": "2020-11-13T00:00:00Z"}, {"Country": "Portugal", "CountryCode": "", "Province": "", "City": "", "CityCode": "", "Lat": "0", "Lon": "0", "Confirmed": 211266, "Deaths": 3305, "Recovered": 122517, "Active": 85444, "Date": "2020-11-14T00:00:00Z"}, {"Country": "Portugal", "CountryCode": "", "Province": "", "City": "", "CityCode": "", "Lat": "0", "Lon": "0", "Confirmed": 217301, "Deaths": 3381, "Recovered": 125066, "Active": 88854, "Date": "2020-11-15T00:00:00Z"}, {"Country": "Portugal", "CountryCode": "", "Province": "", "City": "", "CityCode": "", "Lat": "0", "Lon": "0", "Confirmed": 225672, "Deaths": 3472, "Recovered": 142155, "Active": 80045, "Date": "2020-11-16T00:00:00Z"}, {"Country": "Portugal", "CountryCode": "", "Province": "", "City": "", "CityCode": "", "Lat": "0", "Lon": "0", "Confirmed": 230124, "Deaths": 3553, "Recovered": 149445, "Active": 77126, "Date": "2020-11-17T00:00:00Z"}, {"Country": "Portugal", "CountryCode": "", "Province": "", "City": "", "CityCode": "", "Lat": "0", "Lon": "0", "Confirmed": 236015, "Deaths": 3632, "Recovered": 153702, "Active": 78681, "Date": "2020-11-18T00:00:00Z"}, {"Country": "Portugal", "CountryCode": "", "Province": "", "City": "", "CityCode": "", "Lat": "0", "Lon": "0", "Confirmed": 243009, "Deaths": 3701, "Recovered": 157924, "Active": 81384, "Date": "2020-11-19T00:00:00Z"}, {"Country": "Portugal", "CountryCode": "", "Province": "", "City": "", "CityCode": "", "Lat": "0", "Lon": "0", "Confirmed": 249498, "Deaths": 3762, "Recovered": 163000, "Active": 82736, "Date": "2020-11-20T00:00:00Z"}, {"Country": "Portugal", "CountryCode": "", "Province": "", "City": "", "CityCode": "", "Lat": "0", "Lon": "0", "Confirmed": 255970, "Deaths": 3824, "Recovered": 169379, "Active": 82767, "Date": "2020-11-21T00:00:00Z"}, {"Country": "Portugal", "CountryCode": "", "Province": "", "City": "", "CityCode": "", "Lat": "0", "Lon": "0", "Confirmed": 260758, "Deaths": 3897, "Recovered": 172919, "Active": 83942, "Date": "2020-11-22T00:00:00Z"}, {"Country": "Portugal", "CountryCode": "", "Province": "", "City": "", "CityCode": "", "Lat": "0", "Lon": "0", "Confirmed": 264802, "Deaths": 3971, "Recovered": 176827, "Active": 84004, "Date": "2020-11-23T00:00:00Z"}, {"Country": "Portugal", "CountryCode": "", "Province": "", "City": "", "CityCode": "", "Lat": "0", "Lon": "0", "Confirmed": 268721, "Deaths": 4056, "Recovered": 184233, "Active": 80432, "Date": "2020-11-24T00:00:00Z"}, {"Country": "Portugal", "CountryCode": "", "Province": "", "City": "", "CityCode": "", "Lat": "0", "Lon": "0", "Confirmed": 274011, "Deaths": 4127, "Recovered": 189356, "Active": 80528, "Date": "2020-11-25T00:00:00Z"}, {"Country": "Portugal", "CountryCode": "", "Province": "", "City": "", "CityCode": "", "Lat": "0", "Lon": "0", "Confirmed": 280394, "Deaths": 4209, "Recovered": 193944, "Active": 82241, "Date": "2020-11-26T00:00:00Z"}, {"Country": "Portugal", "CountryCode": "", "Province": "", "City": "", "CityCode": "", "Lat": "0", "Lon": "0", "Confirmed": 285838, "Deaths": 4276, "Recovered": 199446, "Active": 82116, "Date": "2020-11-27T00:00:00Z"}, {"Country": "Portugal", "CountryCode": "", "Province": "", "City": "", "CityCode": "", "Lat": "0", "Lon": "0", "Confirmed": 290706, "Deaths": 4363, "Recovered": 206275, "Active": 80068, "Date": "2020-11-28T00:00:00Z"}, {"Country": "Portugal", "CountryCode": "", "Province": "", "City": "", "CityCode": "", "Lat": "0", "Lon": "0", "Confirmed": 294799, "Deaths": 4427, "Recovered": 209534, "Active": 80838, "Date": "2020-11-29T00:00:00Z"}, {"Country": "Portugal", "CountryCode": "", "Province": "", "City": "", "CityCode": "", "Lat": "0", "Lon": "0", "Confirmed": 298061, "Deaths": 4505, "Recovered": 212942, "Active": 80614, "Date": "2020-11-30T00:00:00Z"}, {"Country": "Portugal", "CountryCode": "", "Province": "", "City": "", "CityCode": "", "Lat": "0", "Lon": "0", "Confirmed": 300462, "Deaths": 4577, "Recovered": 220877, "Active": 75008, "Date": "2020-12-01T00:00:00Z"}, {"Country": "Portugal", "CountryCode": "", "Province": "", "City": "", "CityCode": "", "Lat": "0", "Lon": "0", "Confirmed": 303846, "Deaths": 4645, "Recovered": 223446, "Active": 75755, "Date": "2020-12-02T00:00:00Z"}, {"Country": "Portugal", "CountryCode": "", "Province": "", "City": "", "CityCode": "", "Lat": "0", "Lon": "0", "Confirmed": 307618, "Deaths": 4724, "Recovered": 229018, "Active": 73876, "Date": "2020-12-03T00:00:00Z"}, {"Country": "Portugal", "CountryCode": "", "Province": "", "City": "", "CityCode": "", "Lat": "0", "Lon": "0", "Confirmed": 312553, "Deaths": 4803, "Recovered": 234038, "Active": 73712, "Date": "2020-12-04T00:00:00Z"}, {"Country": "Portugal", "CountryCode": "", "Province": "", "City": "", "CityCode": "", "Lat": "0", "Lon": "0", "Confirmed": 318640, "Deaths": 4876, "Recovered": 240203, "Active": 73561, "Date": "2020-12-05T00:00:00Z"}, {"Country": "Portugal", "CountryCode": "", "Province": "", "City": "", "CityCode": "", "Lat": "0", "Lon": "0", "Confirmed": 322474, "Deaths": 4963, "Recovered": 243055, "Active": 74456, "Date": "2020-12-06T00:00:00Z"}, {"Country": "Portugal", "CountryCode": "", "Province": "", "City": "", "CityCode": "", "Lat": "0", "Lon": "0", "Confirmed": 325071, "Deaths": 5041, "Recovered": 245843, "Active": 74187, "Date": "2020-12-07T00:00:00Z"}, {"Country": "Portugal", "CountryCode": "", "Province": "", "City": "", "CityCode": "", "Lat": "0", "Lon": "0", "Confirmed": 327976, "Deaths": 5122, "Recovered": 252428, "Active": 70426, "Date": "2020-12-08T00:00:00Z"}, {"Country": "Portugal", "CountryCode": "", "Province": "", "City": "", "CityCode": "", "Lat": "0", "Lon": "0", "Confirmed": 332073, "Deaths": 5192, "Recovered": 254700, "Active": 72181, "Date": "2020-12-09T00:00:00Z"}, {"Country": "Portugal", "CountryCode": "", "Province": "", "City": "", "CityCode": "", "Lat": "0", "Lon": "0", "Confirmed": 335207, "Deaths": 5278, "Recovered": 259548, "Active": 70381, "Date": "2020-12-10T00:00:00Z"}, {"Country": "Portugal", "CountryCode": "", "Province": "", "City": "", "CityCode": "", "Lat": "0", "Lon": "0", "Confirmed": 340287, "Deaths": 5373, "Recovered": 263648, "Active": 71266, "Date": "2020-12-11T00:00:00Z"}, {"Country": "Portugal", "CountryCode": "", "Province": "", "City": "", "CityCode": "", "Lat": "0", "Lon": "0", "Confirmed": 344700, "Deaths": 5461, "Recovered": 268453, "Active": 70786, "Date": "2020-12-12T00:00:00Z"}, {"Country": "Portugal", "CountryCode": "", "Province": "", "City": "", "CityCode": "", "Lat": "0", "Lon": "0", "Confirmed": 348744, "Deaths": 5559, "Recovered": 271322, "Active": 71863, "Date": "2020-12-13T00:00:00Z"}, {"Country": "Portugal", "CountryCode": "", "Province": "", "City": "", "CityCode": "", "Lat": "0", "Lon": "0", "Confirmed": 350938, "Deaths": 5649, "Recovered": 274277, "Active": 71012, "Date": "2020-12-14T00:00:00Z"}, {"Country": "Portugal", "CountryCode": "", "Province": "", "City": "", "CityCode": "", "Lat": "0", "Lon": "0", "Confirmed": 353576, "Deaths": 5733, "Recovered": 280038, "Active": 67805, "Date": "2020-12-15T00:00:00Z"}, {"Country": "Portugal", "CountryCode": "", "Province": "", "City": "", "CityCode": "", "Lat": "0", "Lon": "0", "Confirmed": 358296, "Deaths": 5815, "Recovered": 283719, "Active": 68762, "Date": "2020-12-16T00:00:00Z"}, {"Country": "Portugal", "CountryCode": "", "Province": "", "City": "", "CityCode": "", "Lat": "0", "Lon": "0", "Confirmed": 362616, "Deaths": 5902, "Recovered": 287028, "Active": 69686, "Date": "2020-12-17T00:00:00Z"}, {"Country": "Portugal", "CountryCode": "", "Province": "", "City": "", "CityCode": "", "Lat": "0", "Lon": "0", "Confirmed": 366952, "Deaths": 5977, "Recovered": 290690, "Active": 70285, "Date": "2020-12-18T00:00:00Z"}, {"Country": "Portugal", "CountryCode": "", "Province": "", "City": "", "CityCode": "", "Lat": "0", "Lon": "0", "Confirmed": 370787, "Deaths": 6063, "Recovered": 294814, "Active": 69910, "Date": "2020-12-19T00:00:00Z"}, {"Country": "Portugal", "CountryCode": "", "Province": "", "City": "", "CityCode": "", "Lat": "0", "Lon": "0", "Confirmed": 374121, "Deaths": 6134, "Recovered": 297233, "Active": 70754, "Date": "2020-12-20T00:00:00Z"}, {"Country": "Portugal", "CountryCode": "", "Province": "", "City": "", "CityCode": "", "Lat": "0", "Lon": "0", "Confirmed": 376220, "Deaths": 6191, "Recovered": 299603, "Active": 70426, "Date": "2020-12-21T00:00:00Z"}, {"Country": "Portugal", "CountryCode": "", "Province": "", "City": "", "CityCode": "", "Lat": "0", "Lon": "0", "Confirmed": 378656, "Deaths": 6254, "Recovered": 304825, "Active": 67577, "Date": "2020-12-22T00:00:00Z"}, {"Country": "Portugal", "CountryCode": "", "Province": "", "City": "", "CityCode": "", "Lat": "0", "Lon": "0", "Confirmed": 383258, "Deaths": 6343, "Recovered": 308446, "Active": 68469, "Date": "2020-12-23T00:00:00Z"}, {"Country": "Portugal", "CountryCode": "", "Province": "", "City": "", "CityCode": "", "Lat": "0", "Lon": "0", "Confirmed": 387636, "Deaths": 6413, "Recovered": 312533, "Active": 68690, "Date": "2020-12-24T00:00:00Z"}, {"Country": "Portugal", "CountryCode": "", "Province": "", "City": "", "CityCode": "", "Lat": "0", "Lon": "0", "Confirmed": 391782, "Deaths": 6478, "Recovered": 315126, "Active": 70178, "Date": "2020-12-25T00:00:00Z"}, {"Country": "Portugal", "CountryCode": "", "Province": "", "City": "", "CityCode": "", "Lat": "0", "Lon": "0", "Confirmed": 392996, "Deaths": 6556, "Recovered": 316671, "Active": 69769, "Date": "2020-12-26T00:00:00Z"}, {"Country": "Portugal", "CountryCode": "", "Province": "", "City": "", "CityCode": "", "Lat": "0", "Lon": "0", "Confirmed": 394573, "Deaths": 6619, "Recovered": 319746, "Active": 68208, "Date": "2020-12-27T00:00:00Z"}, {"Country": "Portugal", "CountryCode": "", "Province": "", "City": "", "CityCode": "", "Lat": "0", "Lon": "0", "Confirmed": 396666, "Deaths": 6677, "Recovered": 321682, "Active": 68307, "Date": "2020-12-28T00:00:00Z"}, {"Country": "Portugal", "CountryCode": "", "Province": "", "City": "", "CityCode": "", "Lat": "0", "Lon": "0", "Confirmed": 400002, "Deaths": 6751, "Recovered": 327794, "Active": 65457, "Date": "2020-12-29T00:00:00Z"}, {"Country": "Portugal", "CountryCode": "", "Province": "", "City": "", "CityCode": "", "Lat": "0", "Lon": "0", "Confirmed": 406051, "Deaths": 6830, "Recovered": 331016, "Active": 68205, "Date": "2020-12-30T00:00:00Z"}, {"Country": "Portugal", "CountryCode": "", "Province": "", "City": "", "CityCode": "", "Lat": "0", "Lon": "0", "Confirmed": 413678, "Deaths": 6906, "Recovered": 334276, "Active": 72496, "Date": "2020-12-31T00:00:00Z"}, {"Country": "Portugal", "CountryCode": "", "Province": "", "City": "", "CityCode": "", "Lat": "0", "Lon": "0", "Confirmed": 420629, "Deaths": 6972, "Recovered": 338668, "Active": 74989, "Date": "2021-01-01T00:00:00Z"}, {"Country": "Portugal", "CountryCode": "", "Province": "", "City": "", "CityCode": "", "Lat": "0", "Lon": "0", "Confirmed": 423870, "Deaths": 7045, "Recovered": 340150, "Active": 76675, "Date": "2021-01-02T00:00:00Z"}, {"Country": "Portugal", "CountryCode": "", "Province": "", "City": "", "CityCode": "", "Lat": "0", "Lon": "0", "Confirmed": 427254, "Deaths": 7118, "Recovered": 342535, "Active": 77601, "Date": "2021-01-03T00:00:00Z"}, {"Country": "Portugal", "CountryCode": "", "Province": "", "City": "", "CityCode": "", "Lat": "0", "Lon": "0", "Confirmed": 431623, "Deaths": 7196, "Recovered": 344419, "Active": 80008, "Date": "2021-01-04T00:00:00Z"}, {"Country": "Portugal", "CountryCode": "", "Province": "", "City": "", "CityCode": "", "Lat": "0", "Lon": "0", "Confirmed": 436579, "Deaths": 7286, "Recovered": 349110, "Active": 80183, "Date": "2021-01-05T00:00:00Z"}, {"Country": "Portugal", "CountryCode": "", "Province": "", "City": "", "CityCode": "", "Lat": "0", "Lon": "0", "Confirmed": 446606, "Deaths": 7377, "Recovered": 352225, "Active": 87004, "Date": "2021-01-06T00:00:00Z"}, {"Country": "Portugal", "CountryCode": "", "Province": "", "City": "", "CityCode": "", "Lat": "0", "Lon": "0", "Confirmed": 456533, "Deaths": 7472, "Recovered": 355701, "Active": 93360, "Date": "2021-01-07T00:00:00Z"}, {"Country": "Portugal", "CountryCode": "", "Province": "", "City": "", "CityCode": "", "Lat": "0", "Lon": "0", "Confirmed": 466709, "Deaths": 7590, "Recovered": 360181, "Active": 98938, "Date": "2021-01-08T00:00:00Z"}, {"Country": "Portugal", "CountryCode": "", "Province": "", "City": "", "CityCode": "", "Lat": "0", "Lon": "0", "Confirmed": 476187, "Deaths": 7701, "Recovered": 366080, "Active": 102406, "Date": "2021-01-09T00:00:00Z"}, {"Country": "Portugal", "CountryCode": "", "Province": "", "City": "", "CityCode": "", "Lat": "0", "Lon": "0", "Confirmed": 483689, "Deaths": 7803, "Recovered": 369108, "Active": 106778, "Date": "2021-01-10T00:00:00Z"}, {"Country": "Portugal", "CountryCode": "", "Province": "", "City": "", "CityCode": "", "Lat": "0", "Lon": "0", "Confirmed": 489293, "Deaths": 7925, "Recovered": 372056, "Active": 109312, "Date": "2021-01-11T00:00:00Z"}, {"Country": "Portugal", "CountryCode": "", "Province": "", "City": "", "CityCode": "", "Lat": "0", "Lon": "0", "Confirmed": 496552, "Deaths": 8080, "Recovered": 378084, "Active": 110388, "Date": "2021-01-12T00:00:00Z"}, {"Country": "Portugal", "CountryCode": "", "Province": "", "City": "", "CityCode": "", "Lat": "0", "Lon": "0", "Confirmed": 507108, "Deaths": 8236, "Recovered": 382544, "Active": 116328, "Date": "2021-01-13T00:00:00Z"}, {"Country": "Portugal", "CountryCode": "", "Province": "", "City": "", "CityCode": "", "Lat": "0", "Lon": "0", "Confirmed": 517806, "Deaths": 8384, "Recovered": 387607, "Active": 121815, "Date": "2021-01-14T00:00:00Z"}, {"Country": "Portugal", "CountryCode": "", "Province": "", "City": "", "CityCode": "", "Lat": "0", "Lon": "0", "Confirmed": 528469, "Deaths": 8543, "Recovered": 394065, "Active": 125861, "Date": "2021-01-15T00:00:00Z"}, {"Country": "Portugal", "CountryCode": "", "Province": "", "City": "", "CityCode": "", "Lat": "0", "Lon": "0", "Confirmed": 539416, "Deaths": 8709, "Recovered": 402542, "Active": 128165, "Date": "2021-01-16T00:00:00Z"}, {"Country": "Portugal", "CountryCode": "", "Province": "", "City": "", "CityCode": "", "Lat": "0", "Lon": "0", "Confirmed": 549801, "Deaths": 8861, "Recovered": 406929, "Active": 134011, "Date": "2021-01-17T00:00:00Z"}, {"Country": "Portugal", "CountryCode": "", "Province": "", "City": "", "CityCode": "", "Lat": "0", "Lon": "0", "Confirmed": 556503, "Deaths": 9028, "Recovered": 411589, "Active": 135886, "Date": "2021-01-18T00:00:00Z"}, {"Country": "Portugal", "CountryCode": "", "Province": "", "City": "", "CityCode": "", "Lat": "0", "Lon": "0", "Confirmed": 566958, "Deaths": 9246, "Recovered": 421871, "Active": 135841, "Date": "2021-01-19T00:00:00Z"}, {"Country": "Portugal", "CountryCode": "", "Province": "", "City": "", "CityCode": "", "Lat": "0", "Lon": "0", "Confirmed": 581605, "Deaths": 9465, "Recovered": 428364, "Active": 143776, "Date": "2021-01-20T00:00:00Z"}, {"Country": "Portugal", "CountryCode": "", "Province": "", "City": "", "CityCode": "", "Lat": "0", "Lon": "0", "Confirmed": 595149, "Deaths": 9686, "Recovered": 434237, "Active": 151226, "Date": "2021-01-21T00:00:00Z"}, {"Country": "Portugal", "CountryCode": "", "Province": "", "City": "", "CityCode": "", "Lat": "0", "Lon": "0", "Confirmed": 609136, "Deaths": 9920, "Recovered": 441556, "Active": 157660, "Date": "2021-01-22T00:00:00Z"}, {"Country": "Portugal", "CountryCode": "", "Province": "", "City": "", "CityCode": "", "Lat": "0", "Lon": "0", "Confirmed": 624469, "Deaths": 10194, "Recovered": 451324, "Active": 162951, "Date": "2021-01-23T00:00:00Z"}, {"Country": "Portugal", "CountryCode": "", "Province": "", "City": "", "CityCode": "", "Lat": "0", "Lon": "0", "Confirmed": 636190, "Deaths": 10469, "Recovered": 456491, "Active": 169230, "Date": "2021-01-24T00:00:00Z"}, {"Country": "Portugal", "CountryCode": "", "Province": "", "City": "", "CityCode": "", "Lat": "0", "Lon": "0", "Confirmed": 643113, "Deaths": 10721, "Recovered": 461757, "Active": 170635, "Date": "2021-01-25T00:00:00Z"}, {"Country": "Portugal", "CountryCode": "", "Province": "", "City": "", "CityCode": "", "Lat": "0", "Lon": "0", "Confirmed": 653878, "Deaths": 11012, "Recovered": 475485, "Active": 167381, "Date": "2021-01-26T00:00:00Z"}, {"Country": "Portugal", "CountryCode": "", "Province": "", "City": "", "CityCode": "", "Lat": "0", "Lon": "0", "Confirmed": 668951, "Deaths": 11305, "Recovered": 484753, "Active": 172893, "Date": "2021-01-27T00:00:00Z"}, {"Country": "Portugal", "CountryCode": "", "Province": "", "City": "", "CityCode": "", "Lat": "0", "Lon": "0", "Confirmed": 685383, "Deaths": 11608, "Recovered": 493699, "Active": 180076, "Date": "2021-01-28T00:00:00Z"}, {"Country": "Portugal", "CountryCode": "", "Province": "", "City": "", "CityCode": "", "Lat": "0", "Lon": "0", "Confirmed": 698583, "Deaths": 11886, "Recovered": 504886, "Active": 181811, "Date": "2021-01-29T00:00:00Z"}, {"Country": "Portugal", "CountryCode": "", "Province": "", "City": "", "CityCode": "", "Lat": "0", "Lon": "0", "Confirmed": 711018, "Deaths": 12179, "Recovered": 518900, "Active": 179939, "Date": "2021-01-30T00:00:00Z"}, {"Country": "Portugal", "CountryCode": "", "Province": "", "City": "", "CityCode": "", "Lat": "0", "Lon": "0", "Confirmed": 720516, "Deaths": 12482, "Recovered": 526411, "Active": 181623, "Date": "2021-01-31T00:00:00Z"}, {"Country": "Portugal", "CountryCode": "", "Province": "", "City": "", "CityCode": "", "Lat": "0", "Lon": "0", "Confirmed": 726321, "Deaths": 12757, "Recovered": 534384, "Active": 179180, "Date": "2021-02-01T00:00:00Z"}, {"Country": "Portugal", "CountryCode": "", "Province": "", "City": "", "CityCode": "", "Lat": "0", "Lon": "0", "Confirmed": 731861, "Deaths": 13017, "Recovered": 551956, "Active": 166888, "Date": "2021-02-02T00:00:00Z"}, {"Country": "Portugal", "CountryCode": "", "Province": "", "City": "", "CityCode": "", "Lat": "0", "Lon": "0", "Confirmed": 740944, "Deaths": 13257, "Recovered": 563174, "Active": 164513, "Date": "2021-02-03T00:00:00Z"}, {"Country": "Portugal", "CountryCode": "", "Province": "", "City": "", "CityCode": "", "Lat": "0", "Lon": "0", "Confirmed": 748858, "Deaths": 13482, "Recovered": 573934, "Active": 161442, "Date": "2021-02-04T00:00:00Z"}, {"Country": "Portugal", "CountryCode": "", "Province": "", "City": "", "CityCode": "", "Lat": "0", "Lon": "0", "Confirmed": 755774, "Deaths": 13740, "Recovered": 585276, "Active": 156758, "Date": "2021-02-05T00:00:00Z"}, {"Country": "Portugal", "CountryCode": "", "Province": "", "City": "", "CityCode": "", "Lat": "0", "Lon": "0", "Confirmed": 761906, "Deaths": 13954, "Recovered": 599593, "Active": 148359, "Date": "2021-02-06T00:00:00Z"}, {"Country": "Portugal", "CountryCode": "", "Province": "", "City": "", "CityCode": "", "Lat": "0", "Lon": "0", "Confirmed": 765414, "Deaths": 14158, "Recovered": 606166, "Active": 145090, "Date": "2021-02-07T00:00:00Z"}, {"Country": "Portugal", "CountryCode": "", "Province": "", "City": "", "CityCode": "", "Lat": "0", "Lon": "0", "Confirmed": 767919, "Deaths": 14354, "Recovered": 612921, "Active": 140644, "Date": "2021-02-08T00:00:00Z"}, {"Country": "Portugal", "CountryCode": "", "Province": "", "City": "", "CityCode": "", "Lat": "0", "Lon": "0", "Confirmed": 770502, "Deaths": 14557, "Recovered": 628078, "Active": 127867, "Date": "2021-02-09T00:00:00Z"}, {"Country": "Portugal", "CountryCode": "", "Province": "", "City": "", "CityCode": "", "Lat": "0", "Lon": "0", "Confirmed": 774889, "Deaths": 14718, "Recovered": 636859, "Active": 123312, "Date": "2021-02-10T00:00:00Z"}, {"Country": "Portugal", "CountryCode": "", "Province": "", "City": "", "CityCode": "", "Lat": "0", "Lon": "0", "Confirmed": 778369, "Deaths": 14885, "Recovered": 645122, "Active": 118362, "Date": "2021-02-11T00:00:00Z"}, {"Country": "Portugal", "CountryCode": "", "Province": "", "City": "", "CityCode": "", "Lat": "0", "Lon": "0", "Confirmed": 781223, "Deaths": 15034, "Recovered": 652739, "Active": 113450, "Date": "2021-02-12T00:00:00Z"}, {"Country": "Portugal", "CountryCode": "", "Province": "", "City": "", "CityCode": "", "Lat": "0", "Lon": "0", "Confirmed": 784079, "Deaths": 15183, "Recovered": 661525, "Active": 107371, "Date": "2021-02-13T00:00:00Z"}, {"Country": "Portugal", "CountryCode": "", "Province": "", "City": "", "CityCode": "", "Lat": "0", "Lon": "0", "Confirmed": 785756, "Deaths": 15321, "Recovered": 665316, "Active": 105119, "Date": "2021-02-14T00:00:00Z"}, {"Country": "Portugal", "CountryCode": "", "Province": "", "City": "", "CityCode": "", "Lat": "0", "Lon": "0", "Confirmed": 787059, "Deaths": 15411, "Recovered": 668854, "Active": 102794, "Date": "2021-02-15T00:00:00Z"}, {"Country": "Portugal", "CountryCode": "", "Province": "", "City": "", "CityCode": "", "Lat": "0", "Lon": "0", "Confirmed": 788561, "Deaths": 15522, "Recovered": 677719, "Active": 95320, "Date": "2021-02-16T00:00:00Z"}, {"Country": "Portugal", "CountryCode": "", "Province": "", "City": "", "CityCode": "", "Lat": "0", "Lon": "0", "Confirmed": 790885, "Deaths": 15649, "Recovered": 683061, "Active": 92175, "Date": "2021-02-17T00:00:00Z"}, {"Country": "Portugal", "CountryCode": "", "Province": "", "City": "", "CityCode": "", "Lat": "0", "Lon": "0", "Confirmed": 792829, "Deaths": 15754, "Recovered": 687462, "Active": 89613, "Date": "2021-02-18T00:00:00Z"}, {"Country": "Portugal", "CountryCode": "", "Province": "", "City": "", "CityCode": "", "Lat": "0", "Lon": "0", "Confirmed": 794769, "Deaths": 15821, "Recovered": 691866, "Active": 87082, "Date": "2021-02-19T00:00:00Z"}, {"Country": "Portugal", "CountryCode": "", "Province": "", "City": "", "CityCode": "", "Lat": "0", "Lon": "0", "Confirmed": 796339, "Deaths": 15897, "Recovered": 696916, "Active": 83526, "Date": "2021-02-20T00:00:00Z"}, {"Country": "Portugal", "CountryCode": "", "Province": "", "City": "", "CityCode": "", "Lat": "0", "Lon": "0", "Confirmed": 797525, "Deaths": 15962, "Recovered": 699222, "Active": 82341, "Date": "2021-02-21T00:00:00Z"}, {"Country": "Portugal", "CountryCode": "", "Province": "", "City": "", "CityCode": "", "Lat": "0", "Lon": "0", "Confirmed": 798074, "Deaths": 16023, "Recovered": 701409, "Active": 80642, "Date": "2021-02-22T00:00:00Z"}, {"Country": "Portugal", "CountryCode": "", "Province": "", "City": "", "CityCode": "", "Lat": "0", "Lon": "0", "Confirmed": 799106, "Deaths": 16086, "Recovered": 705976, "Active": 77044, "Date": "2021-02-23T00:00:00Z"}, {"Country": "Portugal", "CountryCode": "", "Province": "", "City": "", "CityCode": "", "Lat": "0", "Lon": "0", "Confirmed": 800586, "Deaths": 16136, "Recovered": 709054, "Active": 75396, "Date": "2021-02-24T00:00:00Z"}, {"Country": "Portugal", "CountryCode": "", "Province": "", "City": "", "CityCode": "", "Lat": "0", "Lon": "0", "Confirmed": 801746, "Deaths": 16185, "Recovered": 711713, "Active": 73848, "Date": "2021-02-25T00:00:00Z"}, {"Country": "Portugal", "CountryCode": "", "Province": "", "City": "", "CityCode": "", "Lat": "0", "Lon": "0", "Confirmed": 802773, "Deaths": 16243, "Recovered": 714493, "Active": 72037, "Date": "2021-02-26T00:00:00Z"}, {"Country": "Portugal", "CountryCode": "", "Province": "", "City": "", "CityCode": "", "Lat": "0", "Lon": "0", "Confirmed": 803844, "Deaths": 16276, "Recovered": 717313, "Active": 70255, "Date": "2021-02-27T00:00:00Z"}, {"Country": "Portugal", "CountryCode": "", "Province": "", "City": "", "CityCode": "", "Lat": "0", "Lon": "0", "Confirmed": 804562, "Deaths": 16317, "Recovered": 718977, "Active": 69268, "Date": "2021-02-28T00:00:00Z"}, {"Country": "Portugal", "CountryCode": "", "Province": "", "City": "", "CityCode": "", "Lat": "0", "Lon": "0", "Confirmed": 804956, "Deaths": 16351, "Recovered": 720235, "Active": 68370, "Date": "2021-03-01T00:00:00Z"}, {"Country": "Portugal", "CountryCode": "", "Province": "", "City": "", "CityCode": "", "Lat": "0", "Lon": "0", "Confirmed": 805647, "Deaths": 16389, "Recovered": 723465, "Active": 65793, "Date": "2021-03-02T00:00:00Z"}, {"Country": "Portugal", "CountryCode": "", "Province": "", "City": "", "CityCode": "", "Lat": "0", "Lon": "0", "Confirmed": 806626, "Deaths": 16430, "Recovered": 725399, "Active": 64797, "Date": "2021-03-03T00:00:00Z"}, {"Country": "Portugal", "CountryCode": "", "Province": "", "City": "", "CityCode": "", "Lat": "0", "Lon": "0", "Confirmed": 807456, "Deaths": 16458, "Recovered": 727053, "Active": 63945, "Date": "2021-03-04T00:00:00Z"}, {"Country": "Portugal", "CountryCode": "", "Province": "", "City": "", "CityCode": "", "Lat": "0", "Lon": "0", "Confirmed": 808405, "Deaths": 16486, "Recovered": 728659, "Active": 63260, "Date": "2021-03-05T00:00:00Z"}, {"Country": "Portugal", "CountryCode": "", "Province": "", "City": "", "CityCode": "", "Lat": "0", "Lon": "0", "Confirmed": 809412, "Deaths": 16512, "Recovered": 730601, "Active": 62299, "Date": "2021-03-06T00:00:00Z"}, {"Country": "Portugal", "CountryCode": "", "Province": "", "City": "", "CityCode": "", "Lat": "0", "Lon": "0", "Confirmed": 810094, "Deaths": 16540, "Recovered": 731567, "Active": 793554, "Date": "2021-03-07T00:00:00Z"}, {"Country": "Portugal", "CountryCode": "", "Province": "", "City": "", "CityCode": "", "Lat": "0", "Lon": "0", "Confirmed": 810459, "Deaths": 16565, "Recovered": 732346, "Active": 61548, "Date": "2021-03-08T00:00:00Z"}, {"Country": "Portugal", "CountryCode": "", "Province": "", "City": "", "CityCode": "", "Lat": "0", "Lon": "0", "Confirmed": 811306, "Deaths": 16595, "Recovered": 734218, "Active": 60493, "Date": "2021-03-09T00:00:00Z"}, {"Country": "Portugal", "CountryCode": "", "Province": "", "City": "", "CityCode": "", "Lat": "0", "Lon": "0", "Confirmed": 811948, "Deaths": 16617, "Recovered": 738179, "Active": 57152, "Date": "2021-03-10T00:00:00Z"}, {"Country": "Portugal", "CountryCode": "", "Province": "", "City": "", "CityCode": "", "Lat": "0", "Lon": "0", "Confirmed": 812575, "Deaths": 16635, "Recovered": 744196, "Active": 51744, "Date": "2021-03-11T00:00:00Z"}, {"Country": "Portugal", "CountryCode": "", "Province": "", "City": "", "CityCode": "", "Lat": "0", "Lon": "0", "Confirmed": 813152, "Deaths": 16650, "Recovered": 749770, "Active": 46732, "Date": "2021-03-12T00:00:00Z"}, {"Country": "Portugal", "CountryCode": "", "Province": "", "City": "", "CityCode": "", "Lat": "0", "Lon": "0", "Confirmed": 813716, "Deaths": 16669, "Recovered": 756259, "Active": 40788, "Date": "2021-03-13T00:00:00Z"}]