[{"Country": "Romania", "CountryCode": "", "Province": "", "City": "", "CityCode": "", "Lat": "0", "Lon": "0", "Confirmed": 1, "Deaths": 0, "Recovered": 0, "Active": 1, "Date": "2020-02-26T00:00:00Z"}, {"Country": "Romania", "CountryCode": "", "Province": "", "City": "", "CityCode": "", "Lat": "0", "Lon": "0", "Confirmed": 1, "Deaths": 0, "Recovered": 0, "Active": 1, "Date": "2020-02-27T00:00:00Z"}, {"Country": "Romania", "CountryCode": "", "Province": "", "City": "", "CityCode": "", "Lat": "0", "Lon": "0", "Confirmed": 3, "Deaths": 0, "Recovered": 0, "Active": 3, "Date": "2020-02-28T00:00:00Z"}, {"Country": "Romania", "CountryCode": "", "Province": "", "City": "", "CityCode": "", "Lat": "0", "Lon": "0", "Confirmed": 3, "Deaths": 0, "Recovered": 0, "Active": 3, "Date": "2020-02-29T00:00:00Z"}, {"Country": "Romania", "CountryCode": "", "Province": "", "City": "", "CityCode": "", "Lat": "0", "Lon": "0", "Confirmed": 3, "Deaths": 0, "Recovered": 0, "Active": 3, "Date": "2020-03-01T00:00:00Z"}, {"Country": "Romania", "CountryCode": "", "Province": "", "City": "", "CityCode": "", "Lat": "0", "Lon": "0", "Confirmed": 3, "Deaths": 0, "Recovered": 0, "Active": 3, "Date": "2020-03-02T00:00:00Z"}, {"Country": "Romania", "CountryCode": "", "Province": "", "City": "", "CityCode": "", "Lat": "0", "Lon": "0", "Confirmed": 3, "Deaths": 0, "Recovered": 0, "Active": 3, "Date": "2020-03-03T00:00:00Z"}, {"Country": "Romania", "CountryCode": "", "Province": "", "City": "", "CityCode": "", "Lat": "0", "Lon": "0", "Confirmed": 4, "Deaths": 0, "Recovered": 1, "Active": 3, "Date": "2020-03-04T00:00:00Z"}, {"Country": "Romania", "CountryCode": "", "Province": "", "City": "", "CityCode": "", "Lat": "0", "Lon": "0", "Confirmed": 6, "Deaths": 0, "Recovered": 1, "Active": 5, "Date": "2020-03-05T00:00:00Z"}, {"Country": "Romania", "CountryCode": "", "Province": "", "City": "", "CityCode": "", "Lat": "0", "Lon": "0", "Confirmed": 9, "Deaths": 0, "Recovered": 1, "Active": 8, "Date": "2020-03-06T00:00:00Z"}, {"Country": "Romania", "CountryCode": "", "Province": "", "City": "", "CityCode": "", "Lat": "0", "Lon": "0", "Confirmed": 9, "Deaths": 0, "Recovered": 3, "Active": 6, "Date": "2020-03-07T00:00:00Z"}, {"Country": "Romania", "CountryCode": "", "Province": "", "City": "", "CityCode": "", "Lat": "0", "Lon": "0", "Confirmed": 15, "Deaths": 0, "Recovered": 3, "Active": 12, "Date": "2020-03-08T00:00:00Z"}, {"Country": "Romania", "CountryCode": "", "Province": "", "City": "", "CityCode": "", "Lat": "0", "Lon": "0", "Confirmed": 15, "Deaths": 0, "Recovered": 3, "Active": 12, "Date": "2020-03-09T00:00:00Z"}, {"Country": "Romania", "CountryCode": "", "Province": "", "City": "", "CityCode": "", "Lat": "0", "Lon": "0", "Confirmed": 25, "Deaths": 0, "Recovered": 3, "Active": 22, "Date": "2020-03-10T00:00:00Z"}, {"Country": "Romania", "CountryCode": "", "Province": "", "City": "", "CityCode": "", "Lat": "0", "Lon": "0", "Confirmed": 45, "Deaths": 0, "Recovered": 6, "Active": 39, "Date": "2020-03-11T00:00:00Z"}, {"Country": "Romania", "CountryCode": "", "Province": "", "City": "", "CityCode": "", "Lat": "0", "Lon": "0", "Confirmed": 49, "Deaths": 0, "Recovered": 6, "Active": 43, "Date": "2020-03-12T00:00:00Z"}, {"Country": "Romania", "CountryCode": "", "Province": "", "City": "", "CityCode": "", "Lat": "0", "Lon": "0", "Confirmed": 89, "Deaths": 0, "Recovered": 7, "Active": 82, "Date": "2020-03-13T00:00:00Z"}, {"Country": "Romania", "CountryCode": "", "Province": "", "City": "", "CityCode": "", "Lat": "0", "Lon": "0", "Confirmed": 123, "Deaths": 0, "Recovered": 9, "Active": 114, "Date": "2020-03-14T00:00:00Z"}, {"Country": "Romania", "CountryCode": "", "Province": "", "City": "", "CityCode": "", "Lat": "0", "Lon": "0", "Confirmed": 131, "Deaths": 0, "Recovered": 9, "Active": 122, "Date": "2020-03-15T00:00:00Z"}, {"Country": "Romania", "CountryCode": "", "Province": "", "City": "", "CityCode": "", "Lat": "0", "Lon": "0", "Confirmed": 158, "Deaths": 0, "Recovered": 9, "Active": 149, "Date": "2020-03-16T00:00:00Z"}, {"Country": "Romania", "CountryCode": "", "Province": "", "City": "", "CityCode": "", "Lat": "0", "Lon": "0", "Confirmed": 184, "Deaths": 0, "Recovered": 16, "Active": 168, "Date": "2020-03-17T00:00:00Z"}, {"Country": "Romania", "CountryCode": "", "Province": "", "City": "", "CityCode": "", "Lat": "0", "Lon": "0", "Confirmed": 260, "Deaths": 0, "Recovered": 19, "Active": 241, "Date": "2020-03-18T00:00:00Z"}, {"Country": "Romania", "CountryCode": "", "Province": "", "City": "", "CityCode": "", "Lat": "0", "Lon": "0", "Confirmed": 277, "Deaths": 0, "Recovered": 25, "Active": 252, "Date": "2020-03-19T00:00:00Z"}, {"Country": "Romania", "CountryCode": "", "Province": "", "City": "", "CityCode": "", "Lat": "0", "Lon": "0", "Confirmed": 308, "Deaths": 0, "Recovered": 25, "Active": 283, "Date": "2020-03-20T00:00:00Z"}, {"Country": "Romania", "CountryCode": "", "Province": "", "City": "", "CityCode": "", "Lat": "0", "Lon": "0", "Confirmed": 367, "Deaths": 0, "Recovered": 52, "Active": 315, "Date": "2020-03-21T00:00:00Z"}, {"Country": "Romania", "CountryCode": "", "Province": "", "City": "", "CityCode": "", "Lat": "0", "Lon": "0", "Confirmed": 433, "Deaths": 3, "Recovered": 64, "Active": 366, "Date": "2020-03-22T00:00:00Z"}, {"Country": "Romania", "CountryCode": "", "Province": "", "City": "", "CityCode": "", "Lat": "0", "Lon": "0", "Confirmed": 576, "Deaths": 7, "Recovered": 64, "Active": 505, "Date": "2020-03-23T00:00:00Z"}, {"Country": "Romania", "CountryCode": "", "Province": "", "City": "", "CityCode": "", "Lat": "0", "Lon": "0", "Confirmed": 794, "Deaths": 11, "Recovered": 79, "Active": 704, "Date": "2020-03-24T00:00:00Z"}, {"Country": "Romania", "CountryCode": "", "Province": "", "City": "", "CityCode": "", "Lat": "0", "Lon": "0", "Confirmed": 906, "Deaths": 17, "Recovered": 86, "Active": 803, "Date": "2020-03-25T00:00:00Z"}, {"Country": "Romania", "CountryCode": "", "Province": "", "City": "", "CityCode": "", "Lat": "0", "Lon": "0", "Confirmed": 1029, "Deaths": 23, "Recovered": 94, "Active": 912, "Date": "2020-03-26T00:00:00Z"}, {"Country": "Romania", "CountryCode": "", "Province": "", "City": "", "CityCode": "", "Lat": "0", "Lon": "0", "Confirmed": 1292, "Deaths": 26, "Recovered": 115, "Active": 1151, "Date": "2020-03-27T00:00:00Z"}, {"Country": "Romania", "CountryCode": "", "Province": "", "City": "", "CityCode": "", "Lat": "0", "Lon": "0", "Confirmed": 1452, "Deaths": 37, "Recovered": 139, "Active": 1276, "Date": "2020-03-28T00:00:00Z"}, {"Country": "Romania", "CountryCode": "", "Province": "", "City": "", "CityCode": "", "Lat": "0", "Lon": "0", "Confirmed": 1815, "Deaths": 43, "Recovered": 206, "Active": 1566, "Date": "2020-03-29T00:00:00Z"}, {"Country": "Romania", "CountryCode": "", "Province": "", "City": "", "CityCode": "", "Lat": "0", "Lon": "0", "Confirmed": 2109, "Deaths": 65, "Recovered": 209, "Active": 1835, "Date": "2020-03-30T00:00:00Z"}, {"Country": "Romania", "CountryCode": "", "Province": "", "City": "", "CityCode": "", "Lat": "0", "Lon": "0", "Confirmed": 2245, "Deaths": 82, "Recovered": 220, "Active": 1943, "Date": "2020-03-31T00:00:00Z"}, {"Country": "Romania", "CountryCode": "", "Province": "", "City": "", "CityCode": "", "Lat": "0", "Lon": "0", "Confirmed": 2460, "Deaths": 92, "Recovered": 252, "Active": 2116, "Date": "2020-04-01T00:00:00Z"}, {"Country": "Romania", "CountryCode": "", "Province": "", "City": "", "CityCode": "", "Lat": "0", "Lon": "0", "Confirmed": 2738, "Deaths": 115, "Recovered": 267, "Active": 2356, "Date": "2020-04-02T00:00:00Z"}, {"Country": "Romania", "CountryCode": "", "Province": "", "City": "", "CityCode": "", "Lat": "0", "Lon": "0", "Confirmed": 3183, "Deaths": 133, "Recovered": 283, "Active": 2767, "Date": "2020-04-03T00:00:00Z"}, {"Country": "Romania", "CountryCode": "", "Province": "", "City": "", "CityCode": "", "Lat": "0", "Lon": "0", "Confirmed": 3613, "Deaths": 146, "Recovered": 329, "Active": 3138, "Date": "2020-04-04T00:00:00Z"}, {"Country": "Romania", "CountryCode": "", "Province": "", "City": "", "CityCode": "", "Lat": "0", "Lon": "0", "Confirmed": 3864, "Deaths": 151, "Recovered": 374, "Active": 3339, "Date": "2020-04-05T00:00:00Z"}, {"Country": "Romania", "CountryCode": "", "Province": "", "City": "", "CityCode": "", "Lat": "0", "Lon": "0", "Confirmed": 4057, "Deaths": 176, "Recovered": 406, "Active": 3475, "Date": "2020-04-06T00:00:00Z"}, {"Country": "Romania", "CountryCode": "", "Province": "", "City": "", "CityCode": "", "Lat": "0", "Lon": "0", "Confirmed": 4417, "Deaths": 197, "Recovered": 460, "Active": 3760, "Date": "2020-04-07T00:00:00Z"}, {"Country": "Romania", "CountryCode": "", "Province": "", "City": "", "CityCode": "", "Lat": "0", "Lon": "0", "Confirmed": 4761, "Deaths": 220, "Recovered": 528, "Active": 4013, "Date": "2020-04-08T00:00:00Z"}, {"Country": "Romania", "CountryCode": "", "Province": "", "City": "", "CityCode": "", "Lat": "0", "Lon": "0", "Confirmed": 5202, "Deaths": 248, "Recovered": 647, "Active": 4307, "Date": "2020-04-09T00:00:00Z"}, {"Country": "Romania", "CountryCode": "", "Province": "", "City": "", "CityCode": "", "Lat": "0", "Lon": "0", "Confirmed": 5467, "Deaths": 270, "Recovered": 729, "Active": 4468, "Date": "2020-04-10T00:00:00Z"}, {"Country": "Romania", "CountryCode": "", "Province": "", "City": "", "CityCode": "", "Lat": "0", "Lon": "0", "Confirmed": 5990, "Deaths": 291, "Recovered": 758, "Active": 4941, "Date": "2020-04-11T00:00:00Z"}, {"Country": "Romania", "CountryCode": "", "Province": "", "City": "", "CityCode": "", "Lat": "0", "Lon": "0", "Confirmed": 6300, "Deaths": 316, "Recovered": 852, "Active": 5132, "Date": "2020-04-12T00:00:00Z"}, {"Country": "Romania", "CountryCode": "", "Province": "", "City": "", "CityCode": "", "Lat": "0", "Lon": "0", "Confirmed": 6633, "Deaths": 331, "Recovered": 914, "Active": 5388, "Date": "2020-04-13T00:00:00Z"}, {"Country": "Romania", "CountryCode": "", "Province": "", "City": "", "CityCode": "", "Lat": "0", "Lon": "0", "Confirmed": 6879, "Deaths": 351, "Recovered": 1051, "Active": 5477, "Date": "2020-04-14T00:00:00Z"}, {"Country": "Romania", "CountryCode": "", "Province": "", "City": "", "CityCode": "", "Lat": "0", "Lon": "0", "Confirmed": 7216, "Deaths": 372, "Recovered": 1217, "Active": 5627, "Date": "2020-04-15T00:00:00Z"}, {"Country": "Romania", "CountryCode": "", "Province": "", "City": "", "CityCode": "", "Lat": "0", "Lon": "0", "Confirmed": 7707, "Deaths": 392, "Recovered": 1357, "Active": 5958, "Date": "2020-04-16T00:00:00Z"}, {"Country": "Romania", "CountryCode": "", "Province": "", "City": "", "CityCode": "", "Lat": "0", "Lon": "0", "Confirmed": 8067, "Deaths": 411, "Recovered": 1508, "Active": 6148, "Date": "2020-04-17T00:00:00Z"}, {"Country": "Romania", "CountryCode": "", "Province": "", "City": "", "CityCode": "", "Lat": "0", "Lon": "0", "Confirmed": 8418, "Deaths": 421, "Recovered": 1730, "Active": 6267, "Date": "2020-04-18T00:00:00Z"}, {"Country": "Romania", "CountryCode": "", "Province": "", "City": "", "CityCode": "", "Lat": "0", "Lon": "0", "Confirmed": 8746, "Deaths": 451, "Recovered": 1892, "Active": 6403, "Date": "2020-04-19T00:00:00Z"}, {"Country": "Romania", "CountryCode": "", "Province": "", "City": "", "CityCode": "", "Lat": "0", "Lon": "0", "Confirmed": 8936, "Deaths": 478, "Recovered": 2017, "Active": 6441, "Date": "2020-04-20T00:00:00Z"}, {"Country": "Romania", "CountryCode": "", "Province": "", "City": "", "CityCode": "", "Lat": "0", "Lon": "0", "Confirmed": 9242, "Deaths": 498, "Recovered": 2153, "Active": 6591, "Date": "2020-04-21T00:00:00Z"}, {"Country": "Romania", "CountryCode": "", "Province": "", "City": "", "CityCode": "", "Lat": "0", "Lon": "0", "Confirmed": 9710, "Deaths": 524, "Recovered": 2406, "Active": 6780, "Date": "2020-04-22T00:00:00Z"}, {"Country": "Romania", "CountryCode": "", "Province": "", "City": "", "CityCode": "", "Lat": "0", "Lon": "0", "Confirmed": 10096, "Deaths": 545, "Recovered": 2478, "Active": 7073, "Date": "2020-04-23T00:00:00Z"}, {"Country": "Romania", "CountryCode": "", "Province": "", "City": "", "CityCode": "", "Lat": "0", "Lon": "0", "Confirmed": 10417, "Deaths": 567, "Recovered": 2817, "Active": 7033, "Date": "2020-04-24T00:00:00Z"}, {"Country": "Romania", "CountryCode": "", "Province": "", "City": "", "CityCode": "", "Lat": "0", "Lon": "0", "Confirmed": 10635, "Deaths": 601, "Recovered": 2890, "Active": 7144, "Date": "2020-04-25T00:00:00Z"}, {"Country": "Romania", "CountryCode": "", "Province": "", "City": "", "CityCode": "", "Lat": "0", "Lon": "0", "Confirmed": 11036, "Deaths": 619, "Recovered": 3054, "Active": 7363, "Date": "2020-04-26T00:00:00Z"}, {"Country": "Romania", "CountryCode": "", "Province": "", "City": "", "CityCode": "", "Lat": "0", "Lon": "0", "Confirmed": 11339, "Deaths": 641, "Recovered": 3141, "Active": 7557, "Date": "2020-04-27T00:00:00Z"}, {"Country": "Romania", "CountryCode": "", "Province": "", "City": "", "CityCode": "", "Lat": "0", "Lon": "0", "Confirmed": 11616, "Deaths": 663, "Recovered": 3404, "Active": 7549, "Date": "2020-04-28T00:00:00Z"}, {"Country": "Romania", "CountryCode": "", "Province": "", "City": "", "CityCode": "", "Lat": "0", "Lon": "0", "Confirmed": 11978, "Deaths": 693, "Recovered": 3569, "Active": 7716, "Date": "2020-04-29T00:00:00Z"}, {"Country": "Romania", "CountryCode": "", "Province": "", "City": "", "CityCode": "", "Lat": "0", "Lon": "0", "Confirmed": 12240, "Deaths": 717, "Recovered": 4017, "Active": 7506, "Date": "2020-04-30T00:00:00Z"}, {"Country": "Romania", "CountryCode": "", "Province": "", "City": "", "CityCode": "", "Lat": "0", "Lon": "0", "Confirmed": 12567, "Deaths": 744, "Recovered": 4328, "Active": 7495, "Date": "2020-05-01T00:00:00Z"}, {"Country": "Romania", "CountryCode": "", "Province": "", "City": "", "CityCode": "", "Lat": "0", "Lon": "0", "Confirmed": 12732, "Deaths": 771, "Recovered": 4547, "Active": 7414, "Date": "2020-05-02T00:00:00Z"}, {"Country": "Romania", "CountryCode": "", "Province": "", "City": "", "CityCode": "", "Lat": "0", "Lon": "0", "Confirmed": 13163, "Deaths": 790, "Recovered": 4869, "Active": 7504, "Date": "2020-05-03T00:00:00Z"}, {"Country": "Romania", "CountryCode": "", "Province": "", "City": "", "CityCode": "", "Lat": "0", "Lon": "0", "Confirmed": 13512, "Deaths": 818, "Recovered": 5269, "Active": 7425, "Date": "2020-05-04T00:00:00Z"}, {"Country": "Romania", "CountryCode": "", "Province": "", "City": "", "CityCode": "", "Lat": "0", "Lon": "0", "Confirmed": 13837, "Deaths": 841, "Recovered": 5454, "Active": 7542, "Date": "2020-05-05T00:00:00Z"}, {"Country": "Romania", "CountryCode": "", "Province": "", "City": "", "CityCode": "", "Lat": "0", "Lon": "0", "Confirmed": 14107, "Deaths": 864, "Recovered": 5788, "Active": 7455, "Date": "2020-05-06T00:00:00Z"}, {"Country": "Romania", "CountryCode": "", "Province": "", "City": "", "CityCode": "", "Lat": "0", "Lon": "0", "Confirmed": 14499, "Deaths": 888, "Recovered": 6144, "Active": 7467, "Date": "2020-05-07T00:00:00Z"}, {"Country": "Romania", "CountryCode": "", "Province": "", "City": "", "CityCode": "", "Lat": "0", "Lon": "0", "Confirmed": 14811, "Deaths": 923, "Recovered": 6423, "Active": 7465, "Date": "2020-05-08T00:00:00Z"}, {"Country": "Romania", "CountryCode": "", "Province": "", "City": "", "CityCode": "", "Lat": "0", "Lon": "0", "Confirmed": 15131, "Deaths": 939, "Recovered": 6912, "Active": 7280, "Date": "2020-05-09T00:00:00Z"}, {"Country": "Romania", "CountryCode": "", "Province": "", "City": "", "CityCode": "", "Lat": "0", "Lon": "0", "Confirmed": 15362, "Deaths": 961, "Recovered": 7051, "Active": 7350, "Date": "2020-05-10T00:00:00Z"}, {"Country": "Romania", "CountryCode": "", "Province": "", "City": "", "CityCode": "", "Lat": "0", "Lon": "0", "Confirmed": 15588, "Deaths": 982, "Recovered": 7245, "Active": 7361, "Date": "2020-05-11T00:00:00Z"}, {"Country": "Romania", "CountryCode": "", "Province": "", "City": "", "CityCode": "", "Lat": "0", "Lon": "0", "Confirmed": 15778, "Deaths": 1002, "Recovered": 7685, "Active": 7091, "Date": "2020-05-12T00:00:00Z"}, {"Country": "Romania", "CountryCode": "", "Province": "", "City": "", "CityCode": "", "Lat": "0", "Lon": "0", "Confirmed": 16002, "Deaths": 1036, "Recovered": 7961, "Active": 7005, "Date": "2020-05-13T00:00:00Z"}, {"Country": "Romania", "CountryCode": "", "Province": "", "City": "", "CityCode": "", "Lat": "0", "Lon": "0", "Confirmed": 16247, "Deaths": 1053, "Recovered": 9053, "Active": 6141, "Date": "2020-05-14T00:00:00Z"}, {"Country": "Romania", "CountryCode": "", "Province": "", "City": "", "CityCode": "", "Lat": "0", "Lon": "0", "Confirmed": 16437, "Deaths": 1070, "Recovered": 9370, "Active": 5997, "Date": "2020-05-15T00:00:00Z"}, {"Country": "Romania", "CountryCode": "", "Province": "", "City": "", "CityCode": "", "Lat": "0", "Lon": "0", "Confirmed": 16704, "Deaths": 1094, "Recovered": 9574, "Active": 6036, "Date": "2020-05-16T00:00:00Z"}, {"Country": "Romania", "CountryCode": "", "Province": "", "City": "", "CityCode": "", "Lat": "0", "Lon": "0", "Confirmed": 16871, "Deaths": 1107, "Recovered": 9890, "Active": 5874, "Date": "2020-05-17T00:00:00Z"}, {"Country": "Romania", "CountryCode": "", "Province": "", "City": "", "CityCode": "", "Lat": "0", "Lon": "0", "Confirmed": 17036, "Deaths": 1120, "Recovered": 9930, "Active": 5986, "Date": "2020-05-18T00:00:00Z"}, {"Country": "Romania", "CountryCode": "", "Province": "", "City": "", "CityCode": "", "Lat": "0", "Lon": "0", "Confirmed": 17191, "Deaths": 1137, "Recovered": 10166, "Active": 5888, "Date": "2020-05-19T00:00:00Z"}, {"Country": "Romania", "CountryCode": "", "Province": "", "City": "", "CityCode": "", "Lat": "0", "Lon": "0", "Confirmed": 17387, "Deaths": 1147, "Recovered": 10356, "Active": 5884, "Date": "2020-05-20T00:00:00Z"}, {"Country": "Romania", "CountryCode": "", "Province": "", "City": "", "CityCode": "", "Lat": "0", "Lon": "0", "Confirmed": 17585, "Deaths": 1156, "Recovered": 10581, "Active": 5848, "Date": "2020-05-21T00:00:00Z"}, {"Country": "Romania", "CountryCode": "", "Province": "", "City": "", "CityCode": "", "Lat": "0", "Lon": "0", "Confirmed": 17712, "Deaths": 1166, "Recovered": 10777, "Active": 5769, "Date": "2020-05-22T00:00:00Z"}, {"Country": "Romania", "CountryCode": "", "Province": "", "City": "", "CityCode": "", "Lat": "0", "Lon": "0", "Confirmed": 17857, "Deaths": 1176, "Recovered": 11187, "Active": 5494, "Date": "2020-05-23T00:00:00Z"}, {"Country": "Romania", "CountryCode": "", "Province": "", "City": "", "CityCode": "", "Lat": "0", "Lon": "0", "Confirmed": 18070, "Deaths": 1185, "Recovered": 11399, "Active": 5486, "Date": "2020-05-24T00:00:00Z"}, {"Country": "Romania", "CountryCode": "", "Province": "", "City": "", "CityCode": "", "Lat": "0", "Lon": "0", "Confirmed": 18283, "Deaths": 1205, "Recovered": 11630, "Active": 5448, "Date": "2020-05-25T00:00:00Z"}, {"Country": "Romania", "CountryCode": "", "Province": "", "City": "", "CityCode": "", "Lat": "0", "Lon": "0", "Confirmed": 18429, "Deaths": 1216, "Recovered": 11874, "Active": 5339, "Date": "2020-05-26T00:00:00Z"}, {"Country": "Romania", "CountryCode": "", "Province": "", "City": "", "CityCode": "", "Lat": "0", "Lon": "0", "Confirmed": 18594, "Deaths": 1227, "Recovered": 12162, "Active": 5205, "Date": "2020-05-27T00:00:00Z"}, {"Country": "Romania", "CountryCode": "", "Province": "", "City": "", "CityCode": "", "Lat": "0", "Lon": "0", "Confirmed": 18791, "Deaths": 1235, "Recovered": 12629, "Active": 4927, "Date": "2020-05-28T00:00:00Z"}, {"Country": "Romania", "CountryCode": "", "Province": "", "City": "", "CityCode": "", "Lat": "0", "Lon": "0", "Confirmed": 18982, "Deaths": 1248, "Recovered": 12829, "Active": 4905, "Date": "2020-05-29T00:00:00Z"}, {"Country": "Romania", "CountryCode": "", "Province": "", "City": "", "CityCode": "", "Lat": "0", "Lon": "0", "Confirmed": 19133, "Deaths": 1259, "Recovered": 13046, "Active": 4828, "Date": "2020-05-30T00:00:00Z"}, {"Country": "Romania", "CountryCode": "", "Province": "", "City": "", "CityCode": "", "Lat": "0", "Lon": "0", "Confirmed": 19257, "Deaths": 1266, "Recovered": 13256, "Active": 4735, "Date": "2020-05-31T00:00:00Z"}, {"Country": "Romania", "CountryCode": "", "Province": "", "City": "", "CityCode": "", "Lat": "0", "Lon": "0", "Confirmed": 19398, "Deaths": 1276, "Recovered": 13426, "Active": 4696, "Date": "2020-06-01T00:00:00Z"}, {"Country": "Romania", "CountryCode": "", "Province": "", "City": "", "CityCode": "", "Lat": "0", "Lon": "0", "Confirmed": 19517, "Deaths": 1288, "Recovered": 13526, "Active": 4703, "Date": "2020-06-02T00:00:00Z"}, {"Country": "Romania", "CountryCode": "", "Province": "", "City": "", "CityCode": "", "Lat": "0", "Lon": "0", "Confirmed": 19669, "Deaths": 1296, "Recovered": 13800, "Active": 4573, "Date": "2020-06-03T00:00:00Z"}, {"Country": "Romania", "CountryCode": "", "Province": "", "City": "", "CityCode": "", "Lat": "0", "Lon": "0", "Confirmed": 19907, "Deaths": 1305, "Recovered": 13919, "Active": 4683, "Date": "2020-06-04T00:00:00Z"}, {"Country": "Romania", "CountryCode": "", "Province": "", "City": "", "CityCode": "", "Lat": "0", "Lon": "0", "Confirmed": 20103, "Deaths": 1316, "Recovered": 14145, "Active": 4642, "Date": "2020-06-05T00:00:00Z"}, {"Country": "Romania", "CountryCode": "", "Province": "", "City": "", "CityCode": "", "Lat": "0", "Lon": "0", "Confirmed": 20290, "Deaths": 1322, "Recovered": 14419, "Active": 4549, "Date": "2020-06-06T00:00:00Z"}, {"Country": "Romania", "CountryCode": "", "Province": "", "City": "", "CityCode": "", "Lat": "0", "Lon": "0", "Confirmed": 20479, "Deaths": 1333, "Recovered": 14638, "Active": 4508, "Date": "2020-06-07T00:00:00Z"}, {"Country": "Romania", "CountryCode": "", "Province": "", "City": "", "CityCode": "", "Lat": "0", "Lon": "0", "Confirmed": 20604, "Deaths": 1339, "Recovered": 14826, "Active": 4439, "Date": "2020-06-08T00:00:00Z"}, {"Country": "Romania", "CountryCode": "", "Province": "", "City": "", "CityCode": "", "Lat": "0", "Lon": "0", "Confirmed": 20749, "Deaths": 1354, "Recovered": 14910, "Active": 4485, "Date": "2020-06-09T00:00:00Z"}, {"Country": "Romania", "CountryCode": "", "Province": "", "City": "", "CityCode": "", "Lat": "0", "Lon": "0", "Confirmed": 20945, "Deaths": 1360, "Recovered": 15103, "Active": 4482, "Date": "2020-06-10T00:00:00Z"}, {"Country": "Romania", "CountryCode": "", "Province": "", "City": "", "CityCode": "", "Lat": "0", "Lon": "0", "Confirmed": 21182, "Deaths": 1369, "Recovered": 15283, "Active": 4530, "Date": "2020-06-11T00:00:00Z"}, {"Country": "Romania", "CountryCode": "", "Province": "", "City": "", "CityCode": "", "Lat": "0", "Lon": "0", "Confirmed": 21404, "Deaths": 1380, "Recovered": 15445, "Active": 4579, "Date": "2020-06-12T00:00:00Z"}, {"Country": "Romania", "CountryCode": "", "Province": "", "City": "", "CityCode": "", "Lat": "0", "Lon": "0", "Confirmed": 21679, "Deaths": 1394, "Recovered": 15635, "Active": 4650, "Date": "2020-06-13T00:00:00Z"}, {"Country": "Romania", "CountryCode": "", "Province": "", "City": "", "CityCode": "", "Lat": "0", "Lon": "0", "Confirmed": 21999, "Deaths": 1410, "Recovered": 15719, "Active": 4870, "Date": "2020-06-14T00:00:00Z"}, {"Country": "Romania", "CountryCode": "", "Province": "", "City": "", "CityCode": "", "Lat": "0", "Lon": "0", "Confirmed": 22165, "Deaths": 1427, "Recovered": 15817, "Active": 4921, "Date": "2020-06-15T00:00:00Z"}, {"Country": "Romania", "CountryCode": "", "Province": "", "City": "", "CityCode": "", "Lat": "0", "Lon": "0", "Confirmed": 22415, "Deaths": 1437, "Recovered": 16071, "Active": 4907, "Date": "2020-06-16T00:00:00Z"}, {"Country": "Romania", "CountryCode": "", "Province": "", "City": "", "CityCode": "", "Lat": "0", "Lon": "0", "Confirmed": 22760, "Deaths": 1451, "Recovered": 16117, "Active": 5192, "Date": "2020-06-17T00:00:00Z"}, {"Country": "Romania", "CountryCode": "", "Province": "", "City": "", "CityCode": "", "Lat": "0", "Lon": "0", "Confirmed": 23080, "Deaths": 1473, "Recovered": 16308, "Active": 5299, "Date": "2020-06-18T00:00:00Z"}, {"Country": "Romania", "CountryCode": "", "Province": "", "City": "", "CityCode": "", "Lat": "0", "Lon": "0", "Confirmed": 23400, "Deaths": 1484, "Recovered": 16555, "Active": 5361, "Date": "2020-06-19T00:00:00Z"}, {"Country": "Romania", "CountryCode": "", "Province": "", "City": "", "CityCode": "", "Lat": "0", "Lon": "0", "Confirmed": 23730, "Deaths": 1500, "Recovered": 16735, "Active": 5495, "Date": "2020-06-20T00:00:00Z"}, {"Country": "Romania", "CountryCode": "", "Province": "", "City": "", "CityCode": "", "Lat": "0", "Lon": "0", "Confirmed": 24045, "Deaths": 1512, "Recovered": 16911, "Active": 5622, "Date": "2020-06-21T00:00:00Z"}, {"Country": "Romania", "CountryCode": "", "Province": "", "City": "", "CityCode": "", "Lat": "0", "Lon": "0", "Confirmed": 24291, "Deaths": 1523, "Recovered": 17031, "Active": 5737, "Date": "2020-06-22T00:00:00Z"}, {"Country": "Romania", "CountryCode": "", "Province": "", "City": "", "CityCode": "", "Lat": "0", "Lon": "0", "Confirmed": 24505, "Deaths": 1539, "Recovered": 17187, "Active": 5779, "Date": "2020-06-23T00:00:00Z"}, {"Country": "Romania", "CountryCode": "", "Province": "", "City": "", "CityCode": "", "Lat": "0", "Lon": "0", "Confirmed": 24826, "Deaths": 1555, "Recovered": 17391, "Active": 5880, "Date": "2020-06-24T00:00:00Z"}, {"Country": "Romania", "CountryCode": "", "Province": "", "City": "", "CityCode": "", "Lat": "0", "Lon": "0", "Confirmed": 25286, "Deaths": 1565, "Recovered": 17906, "Active": 5815, "Date": "2020-06-25T00:00:00Z"}, {"Country": "Romania", "CountryCode": "", "Province": "", "City": "", "CityCode": "", "Lat": "0", "Lon": "0", "Confirmed": 25697, "Deaths": 1579, "Recovered": 18181, "Active": 5937, "Date": "2020-06-26T00:00:00Z"}, {"Country": "Romania", "CountryCode": "", "Province": "", "City": "", "CityCode": "", "Lat": "0", "Lon": "0", "Confirmed": 26022, "Deaths": 1589, "Recovered": 18530, "Active": 5903, "Date": "2020-06-27T00:00:00Z"}, {"Country": "Romania", "CountryCode": "", "Province": "", "City": "", "CityCode": "", "Lat": "0", "Lon": "0", "Confirmed": 26313, "Deaths": 1612, "Recovered": 18814, "Active": 5887, "Date": "2020-06-28T00:00:00Z"}, {"Country": "Romania", "CountryCode": "", "Province": "", "City": "", "CityCode": "", "Lat": "0", "Lon": "0", "Confirmed": 26582, "Deaths": 1634, "Recovered": 18912, "Active": 6036, "Date": "2020-06-29T00:00:00Z"}, {"Country": "Romania", "CountryCode": "", "Province": "", "City": "", "CityCode": "", "Lat": "0", "Lon": "0", "Confirmed": 26970, "Deaths": 1651, "Recovered": 19050, "Active": 6269, "Date": "2020-06-30T00:00:00Z"}, {"Country": "Romania", "CountryCode": "", "Province": "", "City": "", "CityCode": "", "Lat": "0", "Lon": "0", "Confirmed": 27296, "Deaths": 1667, "Recovered": 19314, "Active": 6315, "Date": "2020-07-01T00:00:00Z"}, {"Country": "Romania", "CountryCode": "", "Province": "", "City": "", "CityCode": "", "Lat": "0", "Lon": "0", "Confirmed": 27746, "Deaths": 1687, "Recovered": 19363, "Active": 6696, "Date": "2020-07-02T00:00:00Z"}, {"Country": "Romania", "CountryCode": "", "Province": "", "City": "", "CityCode": "", "Lat": "0", "Lon": "0", "Confirmed": 28166, "Deaths": 1708, "Recovered": 19545, "Active": 6913, "Date": "2020-07-03T00:00:00Z"}, {"Country": "Romania", "CountryCode": "", "Province": "", "City": "", "CityCode": "", "Lat": "0", "Lon": "0", "Confirmed": 28582, "Deaths": 1731, "Recovered": 19854, "Active": 6997, "Date": "2020-07-04T00:00:00Z"}, {"Country": "Romania", "CountryCode": "", "Province": "", "City": "", "CityCode": "", "Lat": "0", "Lon": "0", "Confirmed": 28973, "Deaths": 1750, "Recovered": 20026, "Active": 7197, "Date": "2020-07-05T00:00:00Z"}, {"Country": "Romania", "CountryCode": "", "Province": "", "City": "", "CityCode": "", "Lat": "0", "Lon": "0", "Confirmed": 29223, "Deaths": 1768, "Recovered": 20213, "Active": 7242, "Date": "2020-07-06T00:00:00Z"}, {"Country": "Romania", "CountryCode": "", "Province": "", "City": "", "CityCode": "", "Lat": "0", "Lon": "0", "Confirmed": 29620, "Deaths": 1799, "Recovered": 20534, "Active": 7287, "Date": "2020-07-07T00:00:00Z"}, {"Country": "Romania", "CountryCode": "", "Province": "", "City": "", "CityCode": "", "Lat": "0", "Lon": "0", "Confirmed": 30175, "Deaths": 1817, "Recovered": 20799, "Active": 7559, "Date": "2020-07-08T00:00:00Z"}, {"Country": "Romania", "CountryCode": "", "Province": "", "City": "", "CityCode": "", "Lat": "0", "Lon": "0", "Confirmed": 30789, "Deaths": 1834, "Recovered": 20969, "Active": 7986, "Date": "2020-07-09T00:00:00Z"}, {"Country": "Romania", "CountryCode": "", "Province": "", "City": "", "CityCode": "", "Lat": "0", "Lon": "0", "Confirmed": 31381, "Deaths": 1847, "Recovered": 21129, "Active": 8405, "Date": "2020-07-10T00:00:00Z"}, {"Country": "Romania", "CountryCode": "", "Province": "", "City": "", "CityCode": "", "Lat": "0", "Lon": "0", "Confirmed": 32079, "Deaths": 1871, "Recovered": 21414, "Active": 8794, "Date": "2020-07-11T00:00:00Z"}, {"Country": "Romania", "CountryCode": "", "Province": "", "City": "", "CityCode": "", "Lat": "0", "Lon": "0", "Confirmed": 32535, "Deaths": 1884, "Recovered": 21545, "Active": 9106, "Date": "2020-07-12T00:00:00Z"}, {"Country": "Romania", "CountryCode": "", "Province": "", "City": "", "CityCode": "", "Lat": "0", "Lon": "0", "Confirmed": 32948, "Deaths": 1901, "Recovered": 21692, "Active": 9355, "Date": "2020-07-13T00:00:00Z"}, {"Country": "Romania", "CountryCode": "", "Province": "", "City": "", "CityCode": "", "Lat": "0", "Lon": "0", "Confirmed": 33585, "Deaths": 1931, "Recovered": 21803, "Active": 9851, "Date": "2020-07-14T00:00:00Z"}, {"Country": "Romania", "CountryCode": "", "Province": "", "City": "", "CityCode": "", "Lat": "0", "Lon": "0", "Confirmed": 34226, "Deaths": 1952, "Recovered": 22049, "Active": 10225, "Date": "2020-07-15T00:00:00Z"}, {"Country": "Romania", "CountryCode": "", "Province": "", "City": "", "CityCode": "", "Lat": "0", "Lon": "0", "Confirmed": 35003, "Deaths": 1971, "Recovered": 22189, "Active": 10843, "Date": "2020-07-16T00:00:00Z"}, {"Country": "Romania", "CountryCode": "", "Province": "", "City": "", "CityCode": "", "Lat": "0", "Lon": "0", "Confirmed": 35802, "Deaths": 1988, "Recovered": 22312, "Active": 11502, "Date": "2020-07-17T00:00:00Z"}, {"Country": "Romania", "CountryCode": "", "Province": "", "City": "", "CityCode": "", "Lat": "0", "Lon": "0", "Confirmed": 36691, "Deaths": 2009, "Recovered": 22488, "Active": 12194, "Date": "2020-07-18T00:00:00Z"}, {"Country": "Romania", "CountryCode": "", "Province": "", "City": "", "CityCode": "", "Lat": "0", "Lon": "0", "Confirmed": 37458, "Deaths": 2026, "Recovered": 22617, "Active": 12815, "Date": "2020-07-19T00:00:00Z"}, {"Country": "Romania", "CountryCode": "", "Province": "", "City": "", "CityCode": "", "Lat": "0", "Lon": "0", "Confirmed": 38139, "Deaths": 2038, "Recovered": 22747, "Active": 13354, "Date": "2020-07-20T00:00:00Z"}, {"Country": "Romania", "CountryCode": "", "Province": "", "City": "", "CityCode": "", "Lat": "0", "Lon": "0", "Confirmed": 39133, "Deaths": 2074, "Recovered": 24454, "Active": 12605, "Date": "2020-07-21T00:00:00Z"}, {"Country": "Romania", "CountryCode": "", "Province": "", "City": "", "CityCode": "", "Lat": "0", "Lon": "0", "Confirmed": 40163, "Deaths": 2101, "Recovered": 24663, "Active": 13399, "Date": "2020-07-22T00:00:00Z"}, {"Country": "Romania", "CountryCode": "", "Province": "", "City": "", "CityCode": "", "Lat": "0", "Lon": "0", "Confirmed": 41275, "Deaths": 2126, "Recovered": 24862, "Active": 14287, "Date": "2020-07-23T00:00:00Z"}, {"Country": "Romania", "CountryCode": "", "Province": "", "City": "", "CityCode": "", "Lat": "0", "Lon": "0", "Confirmed": 42394, "Deaths": 2150, "Recovered": 25349, "Active": 14895, "Date": "2020-07-24T00:00:00Z"}, {"Country": "Romania", "CountryCode": "", "Province": "", "City": "", "CityCode": "", "Lat": "0", "Lon": "0", "Confirmed": 43678, "Deaths": 2165, "Recovered": 25373, "Active": 16140, "Date": "2020-07-25T00:00:00Z"}, {"Country": "Romania", "CountryCode": "", "Province": "", "City": "", "CityCode": "", "Lat": "0", "Lon": "0", "Confirmed": 44798, "Deaths": 2187, "Recovered": 25643, "Active": 16968, "Date": "2020-07-26T00:00:00Z"}, {"Country": "Romania", "CountryCode": "", "Province": "", "City": "", "CityCode": "", "Lat": "0", "Lon": "0", "Confirmed": 45902, "Deaths": 2206, "Recovered": 25794, "Active": 17902, "Date": "2020-07-27T00:00:00Z"}, {"Country": "Romania", "CountryCode": "", "Province": "", "City": "", "CityCode": "", "Lat": "0", "Lon": "0", "Confirmed": 47053, "Deaths": 2239, "Recovered": 26128, "Active": 18686, "Date": "2020-07-28T00:00:00Z"}, {"Country": "Romania", "CountryCode": "", "Province": "", "City": "", "CityCode": "", "Lat": "0", "Lon": "0", "Confirmed": 48235, "Deaths": 2269, "Recovered": 26446, "Active": 19520, "Date": "2020-07-29T00:00:00Z"}, {"Country": "Romania", "CountryCode": "", "Province": "", "City": "", "CityCode": "", "Lat": "0", "Lon": "0", "Confirmed": 49591, "Deaths": 2304, "Recovered": 26609, "Active": 20678, "Date": "2020-07-30T00:00:00Z"}, {"Country": "Romania", "CountryCode": "", "Province": "", "City": "", "CityCode": "", "Lat": "0", "Lon": "0", "Confirmed": 50886, "Deaths": 2343, "Recovered": 27007, "Active": 21536, "Date": "2020-07-31T00:00:00Z"}, {"Country": "Romania", "CountryCode": "", "Province": "", "City": "", "CityCode": "", "Lat": "0", "Lon": "0", "Confirmed": 52111, "Deaths": 2379, "Recovered": 27346, "Active": 22386, "Date": "2020-08-01T00:00:00Z"}, {"Country": "Romania", "CountryCode": "", "Province": "", "City": "", "CityCode": "", "Lat": "0", "Lon": "0", "Confirmed": 53186, "Deaths": 2413, "Recovered": 27592, "Active": 23181, "Date": "2020-08-02T00:00:00Z"}, {"Country": "Romania", "CountryCode": "", "Province": "", "City": "", "CityCode": "", "Lat": "0", "Lon": "0", "Confirmed": 54009, "Deaths": 2432, "Recovered": 27750, "Active": 23827, "Date": "2020-08-03T00:00:00Z"}, {"Country": "Romania", "CountryCode": "", "Province": "", "City": "", "CityCode": "", "Lat": "0", "Lon": "0", "Confirmed": 55241, "Deaths": 2480, "Recovered": 28006, "Active": 24755, "Date": "2020-08-04T00:00:00Z"}, {"Country": "Romania", "CountryCode": "", "Province": "", "City": "", "CityCode": "", "Lat": "0", "Lon": "0", "Confirmed": 56550, "Deaths": 2521, "Recovered": 28584, "Active": 25445, "Date": "2020-08-05T00:00:00Z"}, {"Country": "Romania", "CountryCode": "", "Province": "", "City": "", "CityCode": "", "Lat": "0", "Lon": "0", "Confirmed": 57895, "Deaths": 2566, "Recovered": 28992, "Active": 26337, "Date": "2020-08-06T00:00:00Z"}, {"Country": "Romania", "CountryCode": "", "Province": "", "City": "", "CityCode": "", "Lat": "0", "Lon": "0", "Confirmed": 59273, "Deaths": 2616, "Recovered": 29289, "Active": 27368, "Date": "2020-08-07T00:00:00Z"}, {"Country": "Romania", "CountryCode": "", "Province": "", "City": "", "CityCode": "", "Lat": "0", "Lon": "0", "Confirmed": 60623, "Deaths": 2659, "Recovered": 29872, "Active": 28092, "Date": "2020-08-08T00:00:00Z"}, {"Country": "Romania", "CountryCode": "", "Province": "", "City": "", "CityCode": "", "Lat": "0", "Lon": "0", "Confirmed": 61768, "Deaths": 2700, "Recovered": 30119, "Active": 28949, "Date": "2020-08-09T00:00:00Z"}, {"Country": "Romania", "CountryCode": "", "Province": "", "City": "", "CityCode": "", "Lat": "0", "Lon": "0", "Confirmed": 62547, "Deaths": 2729, "Recovered": 30311, "Active": 29507, "Date": "2020-08-10T00:00:00Z"}, {"Country": "Romania", "CountryCode": "", "Province": "", "City": "", "CityCode": "", "Lat": "0", "Lon": "0", "Confirmed": 63762, "Deaths": 2764, "Recovered": 30585, "Active": 30413, "Date": "2020-08-11T00:00:00Z"}, {"Country": "Romania", "CountryCode": "", "Province": "", "City": "", "CityCode": "", "Lat": "0", "Lon": "0", "Confirmed": 65177, "Deaths": 2807, "Recovered": 31048, "Active": 31322, "Date": "2020-08-12T00:00:00Z"}, {"Country": "Romania", "CountryCode": "", "Province": "", "City": "", "CityCode": "", "Lat": "0", "Lon": "0", "Confirmed": 66631, "Deaths": 2860, "Recovered": 31547, "Active": 32224, "Date": "2020-08-13T00:00:00Z"}, {"Country": "Romania", "CountryCode": "", "Province": "", "City": "", "CityCode": "", "Lat": "0", "Lon": "0", "Confirmed": 68046, "Deaths": 2904, "Recovered": 31920, "Active": 33222, "Date": "2020-08-14T00:00:00Z"}, {"Country": "Romania", "CountryCode": "", "Province": "", "City": "", "CityCode": "", "Lat": "0", "Lon": "0", "Confirmed": 69374, "Deaths": 2954, "Recovered": 32334, "Active": 34086, "Date": "2020-08-15T00:00:00Z"}, {"Country": "Romania", "CountryCode": "", "Province": "", "City": "", "CityCode": "", "Lat": "0", "Lon": "0", "Confirmed": 70461, "Deaths": 2991, "Recovered": 32587, "Active": 34883, "Date": "2020-08-16T00:00:00Z"}, {"Country": "Romania", "CountryCode": "", "Province": "", "City": "", "CityCode": "", "Lat": "0", "Lon": "0", "Confirmed": 71194, "Deaths": 3029, "Recovered": 32759, "Active": 35406, "Date": "2020-08-17T00:00:00Z"}, {"Country": "Romania", "CountryCode": "", "Province": "", "City": "", "CityCode": "", "Lat": "0", "Lon": "0", "Confirmed": 72208, "Deaths": 3074, "Recovered": 33135, "Active": 35999, "Date": "2020-08-18T00:00:00Z"}, {"Country": "Romania", "CountryCode": "", "Province": "", "City": "", "CityCode": "", "Lat": "0", "Lon": "0", "Confirmed": 73617, "Deaths": 3106, "Recovered": 33566, "Active": 36945, "Date": "2020-08-19T00:00:00Z"}, {"Country": "Romania", "CountryCode": "", "Province": "", "City": "", "CityCode": "", "Lat": "0", "Lon": "0", "Confirmed": 74963, "Deaths": 3154, "Recovered": 34196, "Active": 37613, "Date": "2020-08-20T00:00:00Z"}, {"Country": "Romania", "CountryCode": "", "Province": "", "City": "", "CityCode": "", "Lat": "0", "Lon": "0", "Confirmed": 76355, "Deaths": 3196, "Recovered": 34523, "Active": 38636, "Date": "2020-08-21T00:00:00Z"}, {"Country": "Romania", "CountryCode": "", "Province": "", "City": "", "CityCode": "", "Lat": "0", "Lon": "0", "Confirmed": 77544, "Deaths": 3233, "Recovered": 35079, "Active": 39232, "Date": "2020-08-22T00:00:00Z"}, {"Country": "Romania", "CountryCode": "", "Province": "", "City": "", "CityCode": "", "Lat": "0", "Lon": "0", "Confirmed": 78505, "Deaths": 3272, "Recovered": 35287, "Active": 39946, "Date": "2020-08-23T00:00:00Z"}, {"Country": "Romania", "CountryCode": "", "Province": "", "City": "", "CityCode": "", "Lat": "0", "Lon": "0", "Confirmed": 79330, "Deaths": 3309, "Recovered": 35517, "Active": 40504, "Date": "2020-08-24T00:00:00Z"}, {"Country": "Romania", "CountryCode": "", "Province": "", "City": "", "CityCode": "", "Lat": "0", "Lon": "0", "Confirmed": 80390, "Deaths": 3367, "Recovered": 35816, "Active": 41207, "Date": "2020-08-25T00:00:00Z"}, {"Country": "Romania", "CountryCode": "", "Province": "", "City": "", "CityCode": "", "Lat": "0", "Lon": "0", "Confirmed": 81646, "Deaths": 3421, "Recovered": 36286, "Active": 41939, "Date": "2020-08-26T00:00:00Z"}, {"Country": "Romania", "CountryCode": "", "Province": "", "City": "", "CityCode": "", "Lat": "0", "Lon": "0", "Confirmed": 83150, "Deaths": 3459, "Recovered": 36677, "Active": 43014, "Date": "2020-08-27T00:00:00Z"}, {"Country": "Romania", "CountryCode": "", "Province": "", "City": "", "CityCode": "", "Lat": "0", "Lon": "0", "Confirmed": 84468, "Deaths": 3507, "Recovered": 37056, "Active": 43905, "Date": "2020-08-28T00:00:00Z"}, {"Country": "Romania", "CountryCode": "", "Province": "", "City": "", "CityCode": "", "Lat": "0", "Lon": "0", "Confirmed": 85833, "Deaths": 3539, "Recovered": 37388, "Active": 44906, "Date": "2020-08-29T00:00:00Z"}, {"Country": "Romania", "CountryCode": "", "Province": "", "City": "", "CityCode": "", "Lat": "0", "Lon": "0", "Confirmed": 86785, "Deaths": 3578, "Recovered": 37665, "Active": 45542, "Date": "2020-08-30T00:00:00Z"}, {"Country": "Romania", "CountryCode": "", "Province": "", "City": "", "CityCode": "", "Lat": "0", "Lon": "0", "Confirmed": 87540, "Deaths": 3621, "Recovered": 37869, "Active": 46050, "Date": "2020-08-31T00:00:00Z"}, {"Country": "Romania", "CountryCode": "", "Province": "", "City": "", "CityCode": "", "Lat": "0", "Lon": "0", "Confirmed": 88593, "Deaths": 3681, "Recovered": 38454, "Active": 46458, "Date": "2020-09-01T00:00:00Z"}, {"Country": "Romania", "CountryCode": "", "Province": "", "City": "", "CityCode": "", "Lat": "0", "Lon": "0", "Confirmed": 89891, "Deaths": 3721, "Recovered": 38701, "Active": 47469, "Date": "2020-09-02T00:00:00Z"}, {"Country": "Romania", "CountryCode": "", "Province": "", "City": "", "CityCode": "", "Lat": "0", "Lon": "0", "Confirmed": 91256, "Deaths": 3765, "Recovered": 39275, "Active": 48216, "Date": "2020-09-03T00:00:00Z"}, {"Country": "Romania", "CountryCode": "", "Province": "", "City": "", "CityCode": "", "Lat": "0", "Lon": "0", "Confirmed": 92595, "Deaths": 3812, "Recovered": 39626, "Active": 49157, "Date": "2020-09-04T00:00:00Z"}, {"Country": "Romania", "CountryCode": "", "Province": "", "City": "", "CityCode": "", "Lat": "0", "Lon": "0", "Confirmed": 93864, "Deaths": 3850, "Recovered": 40028, "Active": 49986, "Date": "2020-09-05T00:00:00Z"}, {"Country": "Romania", "CountryCode": "", "Province": "", "City": "", "CityCode": "", "Lat": "0", "Lon": "0", "Confirmed": 95014, "Deaths": 3893, "Recovered": 40307, "Active": 50814, "Date": "2020-09-06T00:00:00Z"}, {"Country": "Romania", "CountryCode": "", "Province": "", "City": "", "CityCode": "", "Lat": "0", "Lon": "0", "Confirmed": 95897, "Deaths": 3926, "Recovered": 40454, "Active": 51517, "Date": "2020-09-07T00:00:00Z"}, {"Country": "Romania", "CountryCode": "", "Province": "", "City": "", "CityCode": "", "Lat": "0", "Lon": "0", "Confirmed": 97033, "Deaths": 3967, "Recovered": 40838, "Active": 52228, "Date": "2020-09-08T00:00:00Z"}, {"Country": "Romania", "CountryCode": "", "Province": "", "City": "", "CityCode": "", "Lat": "0", "Lon": "0", "Confirmed": 98304, "Deaths": 4018, "Recovered": 41002, "Active": 53284, "Date": "2020-09-09T00:00:00Z"}, {"Country": "Romania", "CountryCode": "", "Province": "", "City": "", "CityCode": "", "Lat": "0", "Lon": "0", "Confirmed": 99684, "Deaths": 4065, "Recovered": 41010, "Active": 54609, "Date": "2020-09-10T00:00:00Z"}, {"Country": "Romania", "CountryCode": "", "Province": "", "City": "", "CityCode": "", "Lat": "0", "Lon": "0", "Confirmed": 101075, "Deaths": 4100, "Recovered": 41010, "Active": 55965, "Date": "2020-09-11T00:00:00Z"}, {"Country": "Romania", "CountryCode": "", "Province": "", "City": "", "CityCode": "", "Lat": "0", "Lon": "0", "Confirmed": 102386, "Deaths": 4127, "Recovered": 42811, "Active": 55448, "Date": "2020-09-12T00:00:00Z"}, {"Country": "Romania", "CountryCode": "", "Province": "", "City": "", "CityCode": "", "Lat": "0", "Lon": "0", "Confirmed": 103495, "Deaths": 4163, "Recovered": 43025, "Active": 56307, "Date": "2020-09-13T00:00:00Z"}, {"Country": "Romania", "CountryCode": "", "Province": "", "City": "", "CityCode": "", "Lat": "0", "Lon": "0", "Confirmed": 104187, "Deaths": 4185, "Recovered": 43244, "Active": 56758, "Date": "2020-09-14T00:00:00Z"}, {"Country": "Romania", "CountryCode": "", "Province": "", "City": "", "CityCode": "", "Lat": "0", "Lon": "0", "Confirmed": 105298, "Deaths": 4236, "Recovered": 43244, "Active": 57818, "Date": "2020-09-15T00:00:00Z"}, {"Country": "Romania", "CountryCode": "", "Province": "", "City": "", "CityCode": "", "Lat": "0", "Lon": "0", "Confirmed": 107011, "Deaths": 4285, "Recovered": 43244, "Active": 59482, "Date": "2020-09-16T00:00:00Z"}, {"Country": "Romania", "CountryCode": "", "Province": "", "City": "", "CityCode": "", "Lat": "0", "Lon": "0", "Confirmed": 108690, "Deaths": 4312, "Recovered": 43244, "Active": 61134, "Date": "2020-09-17T00:00:00Z"}, {"Country": "Romania", "CountryCode": "", "Province": "", "City": "", "CityCode": "", "Lat": "0", "Lon": "0", "Confirmed": 110217, "Deaths": 4360, "Recovered": 88235, "Active": 17622, "Date": "2020-09-18T00:00:00Z"}, {"Country": "Romania", "CountryCode": "", "Province": "", "City": "", "CityCode": "", "Lat": "0", "Lon": "0", "Confirmed": 111550, "Deaths": 4402, "Recovered": 89119, "Active": 18029, "Date": "2020-09-19T00:00:00Z"}, {"Country": "Romania", "CountryCode": "", "Province": "", "City": "", "CityCode": "", "Lat": "0", "Lon": "0", "Confirmed": 112781, "Deaths": 4435, "Recovered": 89771, "Active": 18575, "Date": "2020-09-20T00:00:00Z"}, {"Country": "Romania", "CountryCode": "", "Province": "", "City": "", "CityCode": "", "Lat": "0", "Lon": "0", "Confirmed": 113589, "Deaths": 4458, "Recovered": 90649, "Active": 18482, "Date": "2020-09-21T00:00:00Z"}, {"Country": "Romania", "CountryCode": "", "Province": "", "City": "", "CityCode": "", "Lat": "0", "Lon": "0", "Confirmed": 114648, "Deaths": 4503, "Recovered": 92169, "Active": 17976, "Date": "2020-09-22T00:00:00Z"}, {"Country": "Romania", "CountryCode": "", "Province": "", "City": "", "CityCode": "", "Lat": "0", "Lon": "0", "Confirmed": 116415, "Deaths": 4550, "Recovered": 93558, "Active": 18307, "Date": "2020-09-23T00:00:00Z"}, {"Country": "Romania", "CountryCode": "", "Province": "", "City": "", "CityCode": "", "Lat": "0", "Lon": "0", "Confirmed": 118054, "Deaths": 4591, "Recovered": 94877, "Active": 18586, "Date": "2020-09-24T00:00:00Z"}, {"Country": "Romania", "CountryCode": "", "Province": "", "City": "", "CityCode": "", "Lat": "0", "Lon": "0", "Confirmed": 119683, "Deaths": 4633, "Recovered": 96158, "Active": 18892, "Date": "2020-09-25T00:00:00Z"}, {"Country": "Romania", "CountryCode": "", "Province": "", "City": "", "CityCode": "", "Lat": "0", "Lon": "0", "Confirmed": 121235, "Deaths": 4687, "Recovered": 97554, "Active": 18994, "Date": "2020-09-26T00:00:00Z"}, {"Country": "Romania", "CountryCode": "", "Province": "", "City": "", "CityCode": "", "Lat": "0", "Lon": "0", "Confirmed": 122673, "Deaths": 4718, "Recovered": 98607, "Active": 19348, "Date": "2020-09-27T00:00:00Z"}, {"Country": "Romania", "CountryCode": "", "Province": "", "City": "", "CityCode": "", "Lat": "0", "Lon": "0", "Confirmed": 123944, "Deaths": 4748, "Recovered": 99344, "Active": 19852, "Date": "2020-09-28T00:00:00Z"}, {"Country": "Romania", "CountryCode": "", "Province": "", "City": "", "CityCode": "", "Lat": "0", "Lon": "0", "Confirmed": 125414, "Deaths": 4792, "Recovered": 100636, "Active": 19986, "Date": "2020-09-29T00:00:00Z"}, {"Country": "Romania", "CountryCode": "", "Province": "", "City": "", "CityCode": "", "Lat": "0", "Lon": "0", "Confirmed": 127572, "Deaths": 4825, "Recovered": 102476, "Active": 20271, "Date": "2020-09-30T00:00:00Z"}, {"Country": "Romania", "CountryCode": "", "Province": "", "City": "", "CityCode": "", "Lat": "0", "Lon": "0", "Confirmed": 129658, "Deaths": 4862, "Recovered": 103994, "Active": 20802, "Date": "2020-10-01T00:00:00Z"}, {"Country": "Romania", "CountryCode": "", "Province": "", "City": "", "CityCode": "", "Lat": "0", "Lon": "0", "Confirmed": 132001, "Deaths": 4915, "Recovered": 105582, "Active": 21504, "Date": "2020-10-02T00:00:00Z"}, {"Country": "Romania", "CountryCode": "", "Province": "", "City": "", "CityCode": "", "Lat": "0", "Lon": "0", "Confirmed": 134065, "Deaths": 4947, "Recovered": 107058, "Active": 22060, "Date": "2020-10-03T00:00:00Z"}, {"Country": "Romania", "CountryCode": "", "Province": "", "City": "", "CityCode": "", "Lat": "0", "Lon": "0", "Confirmed": 135900, "Deaths": 5003, "Recovered": 108135, "Active": 22762, "Date": "2020-10-04T00:00:00Z"}, {"Country": "Romania", "CountryCode": "", "Province": "", "City": "", "CityCode": "", "Lat": "0", "Lon": "0", "Confirmed": 137491, "Deaths": 5048, "Recovered": 108526, "Active": 23917, "Date": "2020-10-05T00:00:00Z"}, {"Country": "Romania", "CountryCode": "", "Province": "", "City": "", "CityCode": "", "Lat": "0", "Lon": "0", "Confirmed": 139612, "Deaths": 5121, "Recovered": 109898, "Active": 24593, "Date": "2020-10-06T00:00:00Z"}, {"Country": "Romania", "CountryCode": "", "Province": "", "City": "", "CityCode": "", "Lat": "0", "Lon": "0", "Confirmed": 142570, "Deaths": 5203, "Recovered": 111564, "Active": 25803, "Date": "2020-10-07T00:00:00Z"}, {"Country": "Romania", "CountryCode": "", "Province": "", "City": "", "CityCode": "", "Lat": "0", "Lon": "0", "Confirmed": 145700, "Deaths": 5247, "Recovered": 113112, "Active": 27341, "Date": "2020-10-08T00:00:00Z"}, {"Country": "Romania", "CountryCode": "", "Province": "", "City": "", "CityCode": "", "Lat": "0", "Lon": "0", "Confirmed": 148886, "Deaths": 5299, "Recovered": 114792, "Active": 28795, "Date": "2020-10-09T00:00:00Z"}, {"Country": "Romania", "CountryCode": "", "Province": "", "City": "", "CityCode": "", "Lat": "0", "Lon": "0", "Confirmed": 152403, "Deaths": 5358, "Recovered": 116628, "Active": 30417, "Date": "2020-10-10T00:00:00Z"}, {"Country": "Romania", "CountryCode": "", "Province": "", "City": "", "CityCode": "", "Lat": "0", "Lon": "0", "Confirmed": 155283, "Deaths": 5411, "Recovered": 117942, "Active": 31930, "Date": "2020-10-11T00:00:00Z"}, {"Country": "Romania", "CountryCode": "", "Province": "", "City": "", "CityCode": "", "Lat": "0", "Lon": "0", "Confirmed": 157352, "Deaths": 5467, "Recovered": 118912, "Active": 32973, "Date": "2020-10-12T00:00:00Z"}, {"Country": "Romania", "CountryCode": "", "Province": "", "City": "", "CityCode": "", "Lat": "0", "Lon": "0", "Confirmed": 160461, "Deaths": 5535, "Recovered": 120515, "Active": 34411, "Date": "2020-10-13T00:00:00Z"}, {"Country": "Romania", "CountryCode": "", "Province": "", "City": "", "CityCode": "", "Lat": "0", "Lon": "0", "Confirmed": 164477, "Deaths": 5601, "Recovered": 122714, "Active": 36162, "Date": "2020-10-14T00:00:00Z"}, {"Country": "Romania", "CountryCode": "", "Province": "", "City": "", "CityCode": "", "Lat": "0", "Lon": "0", "Confirmed": 168490, "Deaths": 5674, "Recovered": 125009, "Active": 37807, "Date": "2020-10-15T00:00:00Z"}, {"Country": "Romania", "CountryCode": "", "Province": "", "City": "", "CityCode": "", "Lat": "0", "Lon": "0", "Confirmed": 172516, "Deaths": 5749, "Recovered": 127076, "Active": 39691, "Date": "2020-10-16T00:00:00Z"}, {"Country": "Romania", "CountryCode": "", "Province": "", "City": "", "CityCode": "", "Lat": "0", "Lon": "0", "Confirmed": 176468, "Deaths": 5812, "Recovered": 129556, "Active": 41100, "Date": "2020-10-17T00:00:00Z"}, {"Country": "Romania", "CountryCode": "", "Province": "", "City": "", "CityCode": "", "Lat": "0", "Lon": "0", "Confirmed": 180388, "Deaths": 5872, "Recovered": 130894, "Active": 43622, "Date": "2020-10-18T00:00:00Z"}, {"Country": "Romania", "CountryCode": "", "Province": "", "City": "", "CityCode": "", "Lat": "0", "Lon": "0", "Confirmed": 182854, "Deaths": 5931, "Recovered": 132082, "Active": 44841, "Date": "2020-10-19T00:00:00Z"}, {"Country": "Romania", "CountryCode": "", "Province": "", "City": "", "CityCode": "", "Lat": "0", "Lon": "0", "Confirmed": 186254, "Deaths": 5996, "Recovered": 134395, "Active": 45863, "Date": "2020-10-20T00:00:00Z"}, {"Country": "Romania", "CountryCode": "", "Province": "", "City": "", "CityCode": "", "Lat": "0", "Lon": "0", "Confirmed": 191102, "Deaths": 6065, "Recovered": 137835, "Active": 47202, "Date": "2020-10-21T00:00:00Z"}, {"Country": "Romania", "CountryCode": "", "Province": "", "City": "", "CityCode": "", "Lat": "0", "Lon": "0", "Confirmed": 196004, "Deaths": 6163, "Recovered": 141089, "Active": 48752, "Date": "2020-10-22T00:00:00Z"}, {"Country": "Romania", "CountryCode": "", "Province": "", "City": "", "CityCode": "", "Lat": "0", "Lon": "0", "Confirmed": 201032, "Deaths": 6245, "Recovered": 144429, "Active": 50358, "Date": "2020-10-23T00:00:00Z"}, {"Country": "Romania", "CountryCode": "", "Province": "", "City": "", "CityCode": "", "Lat": "0", "Lon": "0", "Confirmed": 205793, "Deaths": 6318, "Recovered": 147932, "Active": 51543, "Date": "2020-10-24T00:00:00Z"}, {"Country": "Romania", "CountryCode": "", "Province": "", "City": "", "CityCode": "", "Lat": "0", "Lon": "0", "Confirmed": 209648, "Deaths": 6391, "Recovered": 149741, "Active": 53516, "Date": "2020-10-25T00:00:00Z"}, {"Country": "Romania", "CountryCode": "", "Province": "", "City": "", "CityCode": "", "Lat": "0", "Lon": "0", "Confirmed": 212492, "Deaths": 6470, "Recovered": 151811, "Active": 54211, "Date": "2020-10-26T00:00:00Z"}, {"Country": "Romania", "CountryCode": "", "Province": "", "City": "", "CityCode": "", "Lat": "0", "Lon": "0", "Confirmed": 217216, "Deaths": 6574, "Recovered": 155630, "Active": 55012, "Date": "2020-10-27T00:00:00Z"}, {"Country": "Romania", "CountryCode": "", "Province": "", "City": "", "CityCode": "", "Lat": "0", "Lon": "0", "Confirmed": 222559, "Deaths": 6681, "Recovered": 159855, "Active": 56023, "Date": "2020-10-28T00:00:00Z"}, {"Country": "Romania", "CountryCode": "", "Province": "", "City": "", "CityCode": "", "Lat": "0", "Lon": "0", "Confirmed": 229040, "Deaths": 6764, "Recovered": 163852, "Active": 58424, "Date": "2020-10-29T00:00:00Z"}, {"Country": "Romania", "CountryCode": "", "Province": "", "City": "", "CityCode": "", "Lat": "0", "Lon": "0", "Confirmed": 235586, "Deaths": 6867, "Recovered": 167897, "Active": 60822, "Date": "2020-10-30T00:00:00Z"}, {"Country": "Romania", "CountryCode": "", "Province": "", "City": "", "CityCode": "", "Lat": "0", "Lon": "0", "Confirmed": 241339, "Deaths": 6968, "Recovered": 172513, "Active": 61858, "Date": "2020-10-31T00:00:00Z"}, {"Country": "Romania", "CountryCode": "", "Province": "", "City": "", "CityCode": "", "Lat": "0", "Lon": "0", "Confirmed": 246663, "Deaths": 7067, "Recovered": 175975, "Active": 63621, "Date": "2020-11-01T00:00:00Z"}, {"Country": "Romania", "CountryCode": "", "Province": "", "City": "", "CityCode": "", "Lat": "0", "Lon": "0", "Confirmed": 250704, "Deaths": 7153, "Recovered": 177361, "Active": 66190, "Date": "2020-11-02T00:00:00Z"}, {"Country": "Romania", "CountryCode": "", "Province": "", "City": "", "CityCode": "", "Lat": "0", "Lon": "0", "Confirmed": 258437, "Deaths": 7273, "Recovered": 181175, "Active": 69989, "Date": "2020-11-03T00:00:00Z"}, {"Country": "Romania", "CountryCode": "", "Province": "", "City": "", "CityCode": "", "Lat": "0", "Lon": "0", "Confirmed": 267088, "Deaths": 7419, "Recovered": 186260, "Active": 73409, "Date": "2020-11-04T00:00:00Z"}, {"Country": "Romania", "CountryCode": "", "Province": "", "City": "", "CityCode": "", "Lat": "0", "Lon": "0", "Confirmed": 276802, "Deaths": 7540, "Recovered": 191085, "Active": 78177, "Date": "2020-11-05T00:00:00Z"}, {"Country": "Romania", "CountryCode": "", "Province": "", "City": "", "CityCode": "", "Lat": "0", "Lon": "0", "Confirmed": 287062, "Deaths": 7663, "Recovered": 195971, "Active": 83428, "Date": "2020-11-06T00:00:00Z"}, {"Country": "Romania", "CountryCode": "", "Province": "", "City": "", "CityCode": "", "Lat": "0", "Lon": "0", "Confirmed": 296999, "Deaths": 7793, "Recovered": 201114, "Active": 88092, "Date": "2020-11-07T00:00:00Z"}, {"Country": "Romania", "CountryCode": "", "Province": "", "City": "", "CityCode": "", "Lat": "0", "Lon": "0", "Confirmed": 303751, "Deaths": 7879, "Recovered": 204679, "Active": 91193, "Date": "2020-11-08T00:00:00Z"}, {"Country": "Romania", "CountryCode": "", "Province": "", "City": "", "CityCode": "", "Lat": "0", "Lon": "0", "Confirmed": 306991, "Deaths": 8009, "Recovered": 206793, "Active": 92189, "Date": "2020-11-09T00:00:00Z"}, {"Country": "Romania", "CountryCode": "", "Province": "", "City": "", "CityCode": "", "Lat": "0", "Lon": "0", "Confirmed": 314295, "Deaths": 8186, "Recovered": 211408, "Active": 94701, "Date": "2020-11-10T00:00:00Z"}, {"Country": "Romania", "CountryCode": "", "Province": "", "City": "", "CityCode": "", "Lat": "0", "Lon": "0", "Confirmed": 324094, "Deaths": 8389, "Recovered": 218086, "Active": 97619, "Date": "2020-11-11T00:00:00Z"}, {"Country": "Romania", "CountryCode": "", "Province": "", "City": "", "CityCode": "", "Lat": "0", "Lon": "0", "Confirmed": 334236, "Deaths": 8510, "Recovered": 224916, "Active": 100810, "Date": "2020-11-12T00:00:00Z"}, {"Country": "Romania", "CountryCode": "", "Province": "", "City": "", "CityCode": "", "Lat": "0", "Lon": "0", "Confirmed": 343725, "Deaths": 8684, "Recovered": 231808, "Active": 103233, "Date": "2020-11-13T00:00:00Z"}, {"Country": "Romania", "CountryCode": "", "Province": "", "City": "", "CityCode": "", "Lat": "0", "Lon": "0", "Confirmed": 353185, "Deaths": 8813, "Recovered": 239051, "Active": 105321, "Date": "2020-11-14T00:00:00Z"}, {"Country": "Romania", "CountryCode": "", "Province": "", "City": "", "CityCode": "", "Lat": "0", "Lon": "0", "Confirmed": 360281, "Deaths": 8926, "Recovered": 243832, "Active": 107523, "Date": "2020-11-15T00:00:00Z"}, {"Country": "Romania", "CountryCode": "", "Province": "", "City": "", "CityCode": "", "Lat": "0", "Lon": "0", "Confirmed": 365212, "Deaths": 9075, "Recovered": 246633, "Active": 109504, "Date": "2020-11-16T00:00:00Z"}, {"Country": "Romania", "CountryCode": "", "Province": "", "City": "", "CityCode": "", "Lat": "0", "Lon": "0", "Confirmed": 373474, "Deaths": 9261, "Recovered": 253244, "Active": 110969, "Date": "2020-11-17T00:00:00Z"}, {"Country": "Romania", "CountryCode": "", "Province": "", "City": "", "CityCode": "", "Lat": "0", "Lon": "0", "Confirmed": 383743, "Deaths": 9429, "Recovered": 261387, "Active": 112927, "Date": "2020-11-18T00:00:00Z"}, {"Country": "Romania", "CountryCode": "", "Province": "", "City": "", "CityCode": "", "Lat": "0", "Lon": "0", "Confirmed": 393851, "Deaths": 9596, "Recovered": 269590, "Active": 114665, "Date": "2020-11-19T00:00:00Z"}, {"Country": "Romania", "CountryCode": "", "Province": "", "City": "", "CityCode": "", "Lat": "0", "Lon": "0", "Confirmed": 403123, "Deaths": 9756, "Recovered": 278676, "Active": 114691, "Date": "2020-11-20T00:00:00Z"}, {"Country": "Romania", "CountryCode": "", "Province": "", "City": "", "CityCode": "", "Lat": "0", "Lon": "0", "Confirmed": 412808, "Deaths": 9916, "Recovered": 287310, "Active": 115582, "Date": "2020-11-21T00:00:00Z"}, {"Country": "Romania", "CountryCode": "", "Province": "", "City": "", "CityCode": "", "Lat": "0", "Lon": "0", "Confirmed": 418645, "Deaths": 10047, "Recovered": 295148, "Active": 113450, "Date": "2020-11-22T00:00:00Z"}, {"Country": "Romania", "CountryCode": "", "Province": "", "City": "", "CityCode": "", "Lat": "0", "Lon": "0", "Confirmed": 422852, "Deaths": 10177, "Recovered": 296844, "Active": 115831, "Date": "2020-11-23T00:00:00Z"}, {"Country": "Romania", "CountryCode": "", "Province": "", "City": "", "CityCode": "", "Lat": "0", "Lon": "0", "Confirmed": 430605, "Deaths": 10373, "Recovered": 304188, "Active": 116044, "Date": "2020-11-24T00:00:00Z"}, {"Country": "Romania", "CountryCode": "", "Province": "", "City": "", "CityCode": "", "Lat": "0", "Lon": "0", "Confirmed": 440344, "Deaths": 10541, "Recovered": 313885, "Active": 115918, "Date": "2020-11-25T00:00:00Z"}, {"Country": "Romania", "CountryCode": "", "Province": "", "City": "", "CityCode": "", "Lat": "0", "Lon": "0", "Confirmed": 449349, "Deaths": 10712, "Recovered": 323514, "Active": 115123, "Date": "2020-11-26T00:00:00Z"}, {"Country": "Romania", "CountryCode": "", "Province": "", "City": "", "CityCode": "", "Lat": "0", "Lon": "0", "Confirmed": 457848, "Deaths": 10884, "Recovered": 326657, "Active": 120307, "Date": "2020-11-27T00:00:00Z"}, {"Country": "Romania", "CountryCode": "", "Province": "", "City": "", "CityCode": "", "Lat": "0", "Lon": "0", "Confirmed": 465982, "Deaths": 11045, "Recovered": 335764, "Active": 119173, "Date": "2020-11-28T00:00:00Z"}, {"Country": "Romania", "CountryCode": "", "Province": "", "City": "", "CityCode": "", "Lat": "0", "Lon": "0", "Confirmed": 471536, "Deaths": 11193, "Recovered": 348852, "Active": 111491, "Date": "2020-11-29T00:00:00Z"}, {"Country": "Romania", "CountryCode": "", "Province": "", "City": "", "CityCode": "", "Lat": "0", "Lon": "0", "Confirmed": 475362, "Deaths": 11331, "Recovered": 353188, "Active": 110843, "Date": "2020-11-30T00:00:00Z"}, {"Country": "Romania", "CountryCode": "", "Province": "", "City": "", "CityCode": "", "Lat": "0", "Lon": "0", "Confirmed": 479634, "Deaths": 11530, "Recovered": 360934, "Active": 107170, "Date": "2020-12-01T00:00:00Z"}, {"Country": "Romania", "CountryCode": "", "Province": "", "City": "", "CityCode": "", "Lat": "0", "Lon": "0", "Confirmed": 484550, "Deaths": 11665, "Recovered": 371231, "Active": 101654, "Date": "2020-12-02T00:00:00Z"}, {"Country": "Romania", "CountryCode": "", "Province": "", "City": "", "CityCode": "", "Lat": "0", "Lon": "0", "Confirmed": 492211, "Deaths": 11876, "Recovered": 381001, "Active": 99334, "Date": "2020-12-03T00:00:00Z"}, {"Country": "Romania", "CountryCode": "", "Province": "", "City": "", "CityCode": "", "Lat": "0", "Lon": "0", "Confirmed": 500273, "Deaths": 12052, "Recovered": 390212, "Active": 98009, "Date": "2020-12-04T00:00:00Z"}, {"Country": "Romania", "CountryCode": "", "Province": "", "City": "", "CityCode": "", "Lat": "0", "Lon": "0", "Confirmed": 508345, "Deaths": 12186, "Recovered": 399207, "Active": 96952, "Date": "2020-12-05T00:00:00Z"}, {"Country": "Romania", "CountryCode": "", "Province": "", "City": "", "CityCode": "", "Lat": "0", "Lon": "0", "Confirmed": 513576, "Deaths": 12320, "Recovered": 405612, "Active": 95644, "Date": "2020-12-06T00:00:00Z"}, {"Country": "Romania", "CountryCode": "", "Province": "", "City": "", "CityCode": "", "Lat": "0", "Lon": "0", "Confirmed": 517236, "Deaths": 12447, "Recovered": 409121, "Active": 95668, "Date": "2020-12-07T00:00:00Z"}, {"Country": "Romania", "CountryCode": "", "Province": "", "City": "", "CityCode": "", "Lat": "0", "Lon": "0", "Confirmed": 524675, "Deaths": 12660, "Recovered": 416797, "Active": 95218, "Date": "2020-12-08T00:00:00Z"}, {"Country": "Romania", "CountryCode": "", "Province": "", "City": "", "CityCode": "", "Lat": "0", "Lon": "0", "Confirmed": 532040, "Deaths": 12821, "Recovered": 425816, "Active": 93403, "Date": "2020-12-09T00:00:00Z"}, {"Country": "Romania", "CountryCode": "", "Province": "", "City": "", "CityCode": "", "Lat": "0", "Lon": "0", "Confirmed": 539107, "Deaths": 12948, "Recovered": 434679, "Active": 91480, "Date": "2020-12-10T00:00:00Z"}, {"Country": "Romania", "CountryCode": "", "Province": "", "City": "", "CityCode": "", "Lat": "0", "Lon": "0", "Confirmed": 545567, "Deaths": 13116, "Recovered": 443168, "Active": 89283, "Date": "2020-12-11T00:00:00Z"}, {"Country": "Romania", "CountryCode": "", "Province": "", "City": "", "CityCode": "", "Lat": "0", "Lon": "0", "Confirmed": 551900, "Deaths": 13264, "Recovered": 451477, "Active": 87159, "Date": "2020-12-12T00:00:00Z"}, {"Country": "Romania", "CountryCode": "", "Province": "", "City": "", "CityCode": "", "Lat": "0", "Lon": "0", "Confirmed": 556335, "Deaths": 13385, "Recovered": 457360, "Active": 85590, "Date": "2020-12-13T00:00:00Z"}, {"Country": "Romania", "CountryCode": "", "Province": "", "City": "", "CityCode": "", "Lat": "0", "Lon": "0", "Confirmed": 559587, "Deaths": 13494, "Recovered": 460780, "Active": 85313, "Date": "2020-12-14T00:00:00Z"}, {"Country": "Romania", "CountryCode": "", "Province": "", "City": "", "CityCode": "", "Lat": "0", "Lon": "0", "Confirmed": 565758, "Deaths": 13698, "Recovered": 465050, "Active": 87010, "Date": "2020-12-15T00:00:00Z"}, {"Country": "Romania", "CountryCode": "", "Province": "", "City": "", "CityCode": "", "Lat": "0", "Lon": "0", "Confirmed": 571749, "Deaths": 13862, "Recovered": 469499, "Active": 88388, "Date": "2020-12-16T00:00:00Z"}, {"Country": "Romania", "CountryCode": "", "Province": "", "City": "", "CityCode": "", "Lat": "0", "Lon": "0", "Confirmed": 577446, "Deaths": 13969, "Recovered": 477139, "Active": 86338, "Date": "2020-12-17T00:00:00Z"}, {"Country": "Romania", "CountryCode": "", "Province": "", "City": "", "CityCode": "", "Lat": "0", "Lon": "0", "Confirmed": 582786, "Deaths": 14157, "Recovered": 484948, "Active": 83681, "Date": "2020-12-18T00:00:00Z"}, {"Country": "Romania", "CountryCode": "", "Province": "", "City": "", "CityCode": "", "Lat": "0", "Lon": "0", "Confirmed": 587944, "Deaths": 14296, "Recovered": 493379, "Active": 80269, "Date": "2020-12-19T00:00:00Z"}, {"Country": "Romania", "CountryCode": "", "Province": "", "City": "", "CityCode": "", "Lat": "0", "Lon": "0", "Confirmed": 591294, "Deaths": 14394, "Recovered": 498777, "Active": 78123, "Date": "2020-12-20T00:00:00Z"}, {"Country": "Romania", "CountryCode": "", "Province": "", "City": "", "CityCode": "", "Lat": "0", "Lon": "0", "Confirmed": 593783, "Deaths": 14481, "Recovered": 501896, "Active": 77406, "Date": "2020-12-21T00:00:00Z"}, {"Country": "Romania", "CountryCode": "", "Province": "", "City": "", "CityCode": "", "Lat": "0", "Lon": "0", "Confirmed": 598792, "Deaths": 14636, "Recovered": 508979, "Active": 75177, "Date": "2020-12-22T00:00:00Z"}, {"Country": "Romania", "CountryCode": "", "Province": "", "City": "", "CityCode": "", "Lat": "0", "Lon": "0", "Confirmed": 604251, "Deaths": 14766, "Recovered": 516423, "Active": 73062, "Date": "2020-12-23T00:00:00Z"}, {"Country": "Romania", "CountryCode": "", "Province": "", "City": "", "CityCode": "", "Lat": "0", "Lon": "0", "Confirmed": 608561, "Deaths": 14912, "Recovered": 523829, "Active": 69820, "Date": "2020-12-24T00:00:00Z"}, {"Country": "Romania", "CountryCode": "", "Province": "", "City": "", "CityCode": "", "Lat": "0", "Lon": "0", "Confirmed": 612373, "Deaths": 15023, "Recovered": 530308, "Active": 67042, "Date": "2020-12-25T00:00:00Z"}, {"Country": "Romania", "CountryCode": "", "Province": "", "City": "", "CityCode": "", "Lat": "0", "Lon": "0", "Confirmed": 613760, "Deaths": 15108, "Recovered": 536332, "Active": 62320, "Date": "2020-12-26T00:00:00Z"}, {"Country": "Romania", "CountryCode": "", "Province": "", "City": "", "CityCode": "", "Lat": "0", "Lon": "0", "Confirmed": 615809, "Deaths": 15230, "Recovered": 540437, "Active": 60142, "Date": "2020-12-27T00:00:00Z"}, {"Country": "Romania", "CountryCode": "", "Province": "", "City": "", "CityCode": "", "Lat": "0", "Lon": "0", "Confirmed": 618429, "Deaths": 15334, "Recovered": 543341, "Active": 59754, "Date": "2020-12-28T00:00:00Z"}, {"Country": "Romania", "CountryCode": "", "Province": "", "City": "", "CityCode": "", "Lat": "0", "Lon": "0", "Confirmed": 623066, "Deaths": 15469, "Recovered": 549262, "Active": 58335, "Date": "2020-12-29T00:00:00Z"}, {"Country": "Romania", "CountryCode": "", "Province": "", "City": "", "CityCode": "", "Lat": "0", "Lon": "0", "Confirmed": 627941, "Deaths": 15596, "Recovered": 554056, "Active": 58289, "Date": "2020-12-30T00:00:00Z"}, {"Country": "Romania", "CountryCode": "", "Province": "", "City": "", "CityCode": "", "Lat": "0", "Lon": "0", "Confirmed": 632263, "Deaths": 15767, "Recovered": 560793, "Active": 55703, "Date": "2020-12-31T00:00:00Z"}, {"Country": "Romania", "CountryCode": "", "Province": "", "City": "", "CityCode": "", "Lat": "0", "Lon": "0", "Confirmed": 636201, "Deaths": 15841, "Recovered": 566365, "Active": 53995, "Date": "2021-01-01T00:00:00Z"}, {"Country": "Romania", "CountryCode": "", "Province": "", "City": "", "CityCode": "", "Lat": "0", "Lon": "0", "Confirmed": 637395, "Deaths": 15919, "Recovered": 571333, "Active": 50143, "Date": "2021-01-02T00:00:00Z"}, {"Country": "Romania", "CountryCode": "", "Province": "", "City": "", "CityCode": "", "Lat": "0", "Lon": "0", "Confirmed": 640429, "Deaths": 15979, "Recovered": 574897, "Active": 49553, "Date": "2021-01-03T00:00:00Z"}, {"Country": "Romania", "CountryCode": "", "Province": "", "City": "", "CityCode": "", "Lat": "0", "Lon": "0", "Confirmed": 643559, "Deaths": 16057, "Recovered": 577198, "Active": 50304, "Date": "2021-01-04T00:00:00Z"}, {"Country": "Romania", "CountryCode": "", "Province": "", "City": "", "CityCode": "", "Lat": "0", "Lon": "0", "Confirmed": 648288, "Deaths": 16178, "Recovered": 581856, "Active": 50254, "Date": "2021-01-05T00:00:00Z"}, {"Country": "Romania", "CountryCode": "", "Province": "", "City": "", "CityCode": "", "Lat": "0", "Lon": "0", "Confirmed": 654007, "Deaths": 16299, "Recovered": 586764, "Active": 50944, "Date": "2021-01-06T00:00:00Z"}, {"Country": "Romania", "CountryCode": "", "Province": "", "City": "", "CityCode": "", "Lat": "0", "Lon": "0", "Confirmed": 658958, "Deaths": 16410, "Recovered": 591596, "Active": 50952, "Date": "2021-01-07T00:00:00Z"}, {"Country": "Romania", "CountryCode": "", "Province": "", "City": "", "CityCode": "", "Lat": "0", "Lon": "0", "Confirmed": 663799, "Deaths": 16506, "Recovered": 595007, "Active": 52286, "Date": "2021-01-08T00:00:00Z"}, {"Country": "Romania", "CountryCode": "", "Province": "", "City": "", "CityCode": "", "Lat": "0", "Lon": "0", "Confirmed": 668202, "Deaths": 16592, "Recovered": 596515, "Active": 55095, "Date": "2021-01-09T00:00:00Z"}, {"Country": "Romania", "CountryCode": "", "Province": "", "City": "", "CityCode": "", "Lat": "0", "Lon": "0", "Confirmed": 671284, "Deaths": 16654, "Recovered": 598610, "Active": 56020, "Date": "2021-01-10T00:00:00Z"}, {"Country": "Romania", "CountryCode": "", "Province": "", "City": "", "CityCode": "", "Lat": "0", "Lon": "0", "Confirmed": 673271, "Deaths": 16725, "Recovered": 600710, "Active": 55836, "Date": "2021-01-11T00:00:00Z"}, {"Country": "Romania", "CountryCode": "", "Province": "", "City": "", "CityCode": "", "Lat": "0", "Lon": "0", "Confirmed": 676968, "Deaths": 16881, "Recovered": 605045, "Active": 55042, "Date": "2021-01-12T00:00:00Z"}, {"Country": "Romania", "CountryCode": "", "Province": "", "City": "", "CityCode": "", "Lat": "0", "Lon": "0", "Confirmed": 681392, "Deaths": 16969, "Recovered": 610122, "Active": 54301, "Date": "2021-01-13T00:00:00Z"}, {"Country": "Romania", "CountryCode": "", "Province": "", "City": "", "CityCode": "", "Lat": "0", "Lon": "0", "Confirmed": 684917, "Deaths": 17035, "Recovered": 614545, "Active": 53337, "Date": "2021-01-14T00:00:00Z"}, {"Country": "Romania", "CountryCode": "", "Province": "", "City": "", "CityCode": "", "Lat": "0", "Lon": "0", "Confirmed": 688270, "Deaths": 17098, "Recovered": 618673, "Active": 52499, "Date": "2021-01-15T00:00:00Z"}, {"Country": "Romania", "CountryCode": "", "Province": "", "City": "", "CityCode": "", "Lat": "0", "Lon": "0", "Confirmed": 691488, "Deaths": 17164, "Recovered": 620058, "Active": 54266, "Date": "2021-01-16T00:00:00Z"}, {"Country": "Romania", "CountryCode": "", "Province": "", "City": "", "CityCode": "", "Lat": "0", "Lon": "0", "Confirmed": 693644, "Deaths": 17221, "Recovered": 622414, "Active": 54009, "Date": "2021-01-17T00:00:00Z"}, {"Country": "Romania", "CountryCode": "", "Province": "", "City": "", "CityCode": "", "Lat": "0", "Lon": "0", "Confirmed": 695153, "Deaths": 17271, "Recovered": 625449, "Active": 52433, "Date": "2021-01-18T00:00:00Z"}, {"Country": "Romania", "CountryCode": "", "Province": "", "City": "", "CityCode": "", "Lat": "0", "Lon": "0", "Confirmed": 697898, "Deaths": 17369, "Recovered": 630236, "Active": 50293, "Date": "2021-01-19T00:00:00Z"}, {"Country": "Romania", "CountryCode": "", "Province": "", "City": "", "CityCode": "", "Lat": "0", "Lon": "0", "Confirmed": 700898, "Deaths": 17485, "Recovered": 635871, "Active": 47542, "Date": "2021-01-20T00:00:00Z"}, {"Country": "Romania", "CountryCode": "", "Province": "", "City": "", "CityCode": "", "Lat": "0", "Lon": "0", "Confirmed": 703776, "Deaths": 17554, "Recovered": 641288, "Active": 44934, "Date": "2021-01-21T00:00:00Z"}, {"Country": "Romania", "CountryCode": "", "Province": "", "City": "", "CityCode": "", "Lat": "0", "Lon": "0", "Confirmed": 706475, "Deaths": 17628, "Recovered": 645923, "Active": 42924, "Date": "2021-01-22T00:00:00Z"}, {"Country": "Romania", "CountryCode": "", "Province": "", "City": "", "CityCode": "", "Lat": "0", "Lon": "0", "Confirmed": 709194, "Deaths": 17722, "Recovered": 650189, "Active": 41283, "Date": "2021-01-23T00:00:00Z"}, {"Country": "Romania", "CountryCode": "", "Province": "", "City": "", "CityCode": "", "Lat": "0", "Lon": "0", "Confirmed": 711010, "Deaths": 17776, "Recovered": 653125, "Active": 40109, "Date": "2021-01-24T00:00:00Z"}, {"Country": "Romania", "CountryCode": "", "Province": "", "City": "", "CityCode": "", "Lat": "0", "Lon": "0", "Confirmed": 712561, "Deaths": 17841, "Recovered": 654875, "Active": 39845, "Date": "2021-01-25T00:00:00Z"}, {"Country": "Romania", "CountryCode": "", "Province": "", "City": "", "CityCode": "", "Lat": "0", "Lon": "0", "Confirmed": 715438, "Deaths": 17938, "Recovered": 658595, "Active": 38905, "Date": "2021-01-26T00:00:00Z"}, {"Country": "Romania", "CountryCode": "", "Province": "", "City": "", "CityCode": "", "Lat": "0", "Lon": "0", "Confirmed": 718612, "Deaths": 18015, "Recovered": 662400, "Active": 38197, "Date": "2021-01-27T00:00:00Z"}, {"Country": "Romania", "CountryCode": "", "Province": "", "City": "", "CityCode": "", "Lat": "0", "Lon": "0", "Confirmed": 721513, "Deaths": 18105, "Recovered": 666001, "Active": 37407, "Date": "2021-01-28T00:00:00Z"}, {"Country": "Romania", "CountryCode": "", "Province": "", "City": "", "CityCode": "", "Lat": "0", "Lon": "0", "Confirmed": 724250, "Deaths": 18196, "Recovered": 669175, "Active": 36879, "Date": "2021-01-29T00:00:00Z"}, {"Country": "Romania", "CountryCode": "", "Province": "", "City": "", "CityCode": "", "Lat": "0", "Lon": "0", "Confirmed": 726918, "Deaths": 18264, "Recovered": 672532, "Active": 36122, "Date": "2021-01-30T00:00:00Z"}, {"Country": "Romania", "CountryCode": "", "Province": "", "City": "", "CityCode": "", "Lat": "0", "Lon": "0", "Confirmed": 728743, "Deaths": 18335, "Recovered": 674594, "Active": 35814, "Date": "2021-01-31T00:00:00Z"}, {"Country": "Romania", "CountryCode": "", "Province": "", "City": "", "CityCode": "", "Lat": "0", "Lon": "0", "Confirmed": 730056, "Deaths": 18402, "Recovered": 675767, "Active": 35887, "Date": "2021-02-01T00:00:00Z"}, {"Country": "Romania", "CountryCode": "", "Province": "", "City": "", "CityCode": "", "Lat": "0", "Lon": "0", "Confirmed": 732732, "Deaths": 18513, "Recovered": 678473, "Active": 35746, "Date": "2021-02-02T00:00:00Z"}, {"Country": "Romania", "CountryCode": "", "Province": "", "City": "", "CityCode": "", "Lat": "0", "Lon": "0", "Confirmed": 735484, "Deaths": 18600, "Recovered": 681271, "Active": 35613, "Date": "2021-02-03T00:00:00Z"}, {"Country": "Romania", "CountryCode": "", "Province": "", "City": "", "CityCode": "", "Lat": "0", "Lon": "0", "Confirmed": 738152, "Deaths": 18675, "Recovered": 684095, "Active": 35382, "Date": "2021-02-04T00:00:00Z"}, {"Country": "Romania", "CountryCode": "", "Province": "", "City": "", "CityCode": "", "Lat": "0", "Lon": "0", "Confirmed": 740732, "Deaths": 18748, "Recovered": 686692, "Active": 35292, "Date": "2021-02-05T00:00:00Z"}, {"Country": "Romania", "CountryCode": "", "Province": "", "City": "", "CityCode": "", "Lat": "0", "Lon": "0", "Confirmed": 743343, "Deaths": 18809, "Recovered": 689474, "Active": 35060, "Date": "2021-02-06T00:00:00Z"}, {"Country": "Romania", "CountryCode": "", "Province": "", "City": "", "CityCode": "", "Lat": "0", "Lon": "0", "Confirmed": 745318, "Deaths": 18881, "Recovered": 691377, "Active": 35060, "Date": "2021-02-07T00:00:00Z"}, {"Country": "Romania", "CountryCode": "", "Province": "", "City": "", "CityCode": "", "Lat": "0", "Lon": "0", "Confirmed": 746637, "Deaths": 18961, "Recovered": 692681, "Active": 34995, "Date": "2021-02-08T00:00:00Z"}, {"Country": "Romania", "CountryCode": "", "Province": "", "City": "", "CityCode": "", "Lat": "0", "Lon": "0", "Confirmed": 749434, "Deaths": 19056, "Recovered": 695398, "Active": 34980, "Date": "2021-02-09T00:00:00Z"}, {"Country": "Romania", "CountryCode": "", "Province": "", "City": "", "CityCode": "", "Lat": "0", "Lon": "0", "Confirmed": 752482, "Deaths": 19135, "Recovered": 698534, "Active": 34813, "Date": "2021-02-10T00:00:00Z"}, {"Country": "Romania", "CountryCode": "", "Province": "", "City": "", "CityCode": "", "Lat": "0", "Lon": "0", "Confirmed": 755126, "Deaths": 19200, "Recovered": 701283, "Active": 34643, "Date": "2021-02-11T00:00:00Z"}, {"Country": "Romania", "CountryCode": "", "Province": "", "City": "", "CityCode": "", "Lat": "0", "Lon": "0", "Confirmed": 757676, "Deaths": 19277, "Recovered": 703966, "Active": 34433, "Date": "2021-02-12T00:00:00Z"}, {"Country": "Romania", "CountryCode": "", "Province": "", "City": "", "CityCode": "", "Lat": "0", "Lon": "0", "Confirmed": 760091, "Deaths": 19325, "Recovered": 706394, "Active": 34372, "Date": "2021-02-13T00:00:00Z"}, {"Country": "Romania", "CountryCode": "", "Province": "", "City": "", "CityCode": "", "Lat": "0", "Lon": "0", "Confirmed": 761963, "Deaths": 19366, "Recovered": 708151, "Active": 34446, "Date": "2021-02-14T00:00:00Z"}, {"Country": "Romania", "CountryCode": "", "Province": "", "City": "", "CityCode": "", "Lat": "0", "Lon": "0", "Confirmed": 763294, "Deaths": 19445, "Recovered": 709520, "Active": 34329, "Date": "2021-02-15T00:00:00Z"}, {"Country": "Romania", "CountryCode": "", "Province": "", "City": "", "CityCode": "", "Lat": "0", "Lon": "0", "Confirmed": 765970, "Deaths": 19526, "Recovered": 711977, "Active": 34467, "Date": "2021-02-16T00:00:00Z"}, {"Country": "Romania", "CountryCode": "", "Province": "", "City": "", "CityCode": "", "Lat": "0", "Lon": "0", "Confirmed": 768785, "Deaths": 19588, "Recovered": 714709, "Active": 34488, "Date": "2021-02-17T00:00:00Z"}, {"Country": "Romania", "CountryCode": "", "Province": "", "City": "", "CityCode": "", "Lat": "0", "Lon": "0", "Confirmed": 771843, "Deaths": 19659, "Recovered": 717179, "Active": 35005, "Date": "2021-02-18T00:00:00Z"}, {"Country": "Romania", "CountryCode": "", "Province": "", "City": "", "CityCode": "", "Lat": "0", "Lon": "0", "Confirmed": 774555, "Deaths": 19738, "Recovered": 719693, "Active": 35124, "Date": "2021-02-19T00:00:00Z"}, {"Country": "Romania", "CountryCode": "", "Province": "", "City": "", "CityCode": "", "Lat": "0", "Lon": "0", "Confirmed": 777276, "Deaths": 19795, "Recovered": 722484, "Active": 34997, "Date": "2021-02-20T00:00:00Z"}, {"Country": "Romania", "CountryCode": "", "Province": "", "City": "", "CityCode": "", "Lat": "0", "Lon": "0", "Confirmed": 779695, "Deaths": 19847, "Recovered": 724333, "Active": 35515, "Date": "2021-02-21T00:00:00Z"}, {"Country": "Romania", "CountryCode": "", "Province": "", "City": "", "CityCode": "", "Lat": "0", "Lon": "0", "Confirmed": 781329, "Deaths": 19894, "Recovered": 725526, "Active": 35909, "Date": "2021-02-22T00:00:00Z"}, {"Country": "Romania", "CountryCode": "", "Province": "", "City": "", "CityCode": "", "Lat": "0", "Lon": "0", "Confirmed": 784711, "Deaths": 20013, "Recovered": 728252, "Active": 36446, "Date": "2021-02-23T00:00:00Z"}, {"Country": "Romania", "CountryCode": "", "Province": "", "City": "", "CityCode": "", "Lat": "0", "Lon": "0", "Confirmed": 788048, "Deaths": 20086, "Recovered": 731049, "Active": 36913, "Date": "2021-02-24T00:00:00Z"}, {"Country": "Romania", "CountryCode": "", "Province": "", "City": "", "CityCode": "", "Lat": "0", "Lon": "0", "Confirmed": 791971, "Deaths": 20167, "Recovered": 733616, "Active": 38188, "Date": "2021-02-25T00:00:00Z"}, {"Country": "Romania", "CountryCode": "", "Province": "", "City": "", "CityCode": "", "Lat": "0", "Lon": "0", "Confirmed": 795732, "Deaths": 20233, "Recovered": 736020, "Active": 39479, "Date": "2021-02-26T00:00:00Z"}, {"Country": "Romania", "CountryCode": "", "Province": "", "City": "", "CityCode": "", "Lat": "0", "Lon": "0", "Confirmed": 799164, "Deaths": 20287, "Recovered": 738569, "Active": 40308, "Date": "2021-02-27T00:00:00Z"}, {"Country": "Romania", "CountryCode": "", "Province": "", "City": "", "CityCode": "", "Lat": "0", "Lon": "0", "Confirmed": 801994, "Deaths": 20350, "Recovered": 740352, "Active": 41292, "Date": "2021-02-28T00:00:00Z"}, {"Country": "Romania", "CountryCode": "", "Province": "", "City": "", "CityCode": "", "Lat": "0", "Lon": "0", "Confirmed": 804090, "Deaths": 20403, "Recovered": 741471, "Active": 42216, "Date": "2021-03-01T00:00:00Z"}, {"Country": "Romania", "CountryCode": "", "Province": "", "City": "", "CityCode": "", "Lat": "0", "Lon": "0", "Confirmed": 808040, "Deaths": 20509, "Recovered": 744040, "Active": 43491, "Date": "2021-03-02T00:00:00Z"}, {"Country": "Romania", "CountryCode": "", "Province": "", "City": "", "CityCode": "", "Lat": "0", "Lon": "0", "Confirmed": 812318, "Deaths": 20586, "Recovered": 746779, "Active": 44953, "Date": "2021-03-03T00:00:00Z"}, {"Country": "Romania", "CountryCode": "", "Province": "", "City": "", "CityCode": "", "Lat": "0", "Lon": "0", "Confirmed": 816589, "Deaths": 20684, "Recovered": 749673, "Active": 46232, "Date": "2021-03-04T00:00:00Z"}, {"Country": "Romania", "CountryCode": "", "Province": "", "City": "", "CityCode": "", "Lat": "0", "Lon": "0", "Confirmed": 820931, "Deaths": 20785, "Recovered": 752234, "Active": 47912, "Date": "2021-03-05T00:00:00Z"}, {"Country": "Romania", "CountryCode": "", "Province": "", "City": "", "CityCode": "", "Lat": "0", "Lon": "0", "Confirmed": 824995, "Deaths": 20854, "Recovered": 754335, "Active": 49806, "Date": "2021-03-06T00:00:00Z"}, {"Country": "Romania", "CountryCode": "", "Province": "", "City": "", "CityCode": "", "Lat": "0", "Lon": "0", "Confirmed": 828283, "Deaths": 20900, "Recovered": 754335, "Active": 807383, "Date": "2021-03-07T00:00:00Z"}, {"Country": "Romania", "CountryCode": "", "Province": "", "City": "", "CityCode": "", "Lat": "0", "Lon": "0", "Confirmed": 830563, "Deaths": 20963, "Recovered": 761631, "Active": 47969, "Date": "2021-03-08T00:00:00Z"}, {"Country": "Romania", "CountryCode": "", "Province": "", "City": "", "CityCode": "", "Lat": "0", "Lon": "0", "Confirmed": 835552, "Deaths": 21056, "Recovered": 767219, "Active": 47277, "Date": "2021-03-09T00:00:00Z"}, {"Country": "Romania", "CountryCode": "", "Province": "", "City": "", "CityCode": "", "Lat": "0", "Lon": "0", "Confirmed": 840116, "Deaths": 21156, "Recovered": 770854, "Active": 48106, "Date": "2021-03-10T00:00:00Z"}, {"Country": "Romania", "CountryCode": "", "Province": "", "City": "", "CityCode": "", "Lat": "0", "Lon": "0", "Confirmed": 845352, "Deaths": 21252, "Recovered": 774277, "Active": 49823, "Date": "2021-03-11T00:00:00Z"}, {"Country": "Romania", "CountryCode": "", "Province": "", "City": "", "CityCode": "", "Lat": "0", "Lon": "0", "Confirmed": 850362, "Deaths": 21360, "Recovered": 777715, "Active": 51287, "Date": "2021-03-12T00:00:00Z"}, {"Country": "Romania", "CountryCode": "", "Province": "", "City": "", "CityCode": "", "Lat": "0", "Lon": "0", "Confirmed": 855326, "Deaths": 21439, "Recovered": 781154, "Active": 52733, "Date": "2021-03-13T00:00:00Z"}]