[{"Country": "Slovenia", "CountryCode": "", "Province": "", "City": "", "CityCode": "", "Lat": "0", "Lon": "0", "Confirmed": 2, "Deaths": 0, "Recovered": 0, "Active": 2, "Date": "2020-03-05T00:00:00Z"}, {"Country": "Slovenia", "CountryCode": "", "Province": "", "City": "", "CityCode": "", "Lat": "0", "Lon": "0", "Confirmed": 7, "Deaths": 0, "Recovered": 0, "Active": 7, "Date": "2020-03-06T00:00:00Z"}, {"Country": "Slovenia", "CountryCode": "", "Province": "", "City": "", "CityCode": "", "Lat": "0", "Lon": "0", "Confirmed": 7, "Deaths": 0, "Recovered": 0, "Active": 7, "Date": "2020-03-07T00:00:00Z"}, {"Country": "Slovenia", "CountryCode": "", "Province": "", "City": "", "CityCode": "", "Lat": "0", "Lon": "0", "Confirmed": 16, "Deaths": 0, "Recovered": 0, "Active": 16, "Date": "2020-03-08T00:00:00Z"}, {"Country": "Slovenia", "CountryCode": "", "Province": "", "City": "", "CityCode": "", "Lat": "0", "Lon": "0", "Confirmed": 16, "Deaths": 0, "Recovered": 0, "Active": 16, "Date": "2020-03-09T00:00:00Z"}, {"Country": "Slovenia", "CountryCode": "", "Province": "", "City": "", "CityCode": "", "Lat": "0", "Lon": "0", "Confirmed": 31, "Deaths": 0, "Recovered": 0, "Active": 31, "Date": "2020-03-10T00:00:00Z"}, {"Country": "Slovenia", "CountryCode": "", "Province": "", "City": "", "CityCode": "", "Lat": "0", "Lon": "0", "Confirmed": 57, "Deaths": 0, "Recovered": 0, "Active": 57, "Date": "2020-03-11T00:00:00Z"}, {"Country": "Slovenia", "CountryCode": "", "Province": "", "City": "", "CityCode": "", "Lat": "0", "Lon": "0", "Confirmed": 89, "Deaths": 0, "Recovered": 0, "Active": 89, "Date": "2020-03-12T00:00:00Z"}, {"Country": "Slovenia", "CountryCode": "", "Province": "", "City": "", "CityCode": "", "Lat": "0", "Lon": "0", "Confirmed": 141, "Deaths": 0, "Recovered": 0, "Active": 141, "Date": "2020-03-13T00:00:00Z"}, {"Country": "Slovenia", "CountryCode": "", "Province": "", "City": "", "CityCode": "", "Lat": "0", "Lon": "0", "Confirmed": 181, "Deaths": 1, "Recovered": 0, "Active": 180, "Date": "2020-03-14T00:00:00Z"}, {"Country": "Slovenia", "CountryCode": "", "Province": "", "City": "", "CityCode": "", "Lat": "0", "Lon": "0", "Confirmed": 219, "Deaths": 1, "Recovered": 0, "Active": 218, "Date": "2020-03-15T00:00:00Z"}, {"Country": "Slovenia", "CountryCode": "", "Province": "", "City": "", "CityCode": "", "Lat": "0", "Lon": "0", "Confirmed": 253, "Deaths": 1, "Recovered": 0, "Active": 252, "Date": "2020-03-16T00:00:00Z"}, {"Country": "Slovenia", "CountryCode": "", "Province": "", "City": "", "CityCode": "", "Lat": "0", "Lon": "0", "Confirmed": 275, "Deaths": 1, "Recovered": 0, "Active": 274, "Date": "2020-03-17T00:00:00Z"}, {"Country": "Slovenia", "CountryCode": "", "Province": "", "City": "", "CityCode": "", "Lat": "0", "Lon": "0", "Confirmed": 275, "Deaths": 1, "Recovered": 0, "Active": 274, "Date": "2020-03-18T00:00:00Z"}, {"Country": "Slovenia", "CountryCode": "", "Province": "", "City": "", "CityCode": "", "Lat": "0", "Lon": "0", "Confirmed": 286, "Deaths": 1, "Recovered": 0, "Active": 285, "Date": "2020-03-19T00:00:00Z"}, {"Country": "Slovenia", "CountryCode": "", "Province": "", "City": "", "CityCode": "", "Lat": "0", "Lon": "0", "Confirmed": 341, "Deaths": 1, "Recovered": 0, "Active": 340, "Date": "2020-03-20T00:00:00Z"}, {"Country": "Slovenia", "CountryCode": "", "Province": "", "City": "", "CityCode": "", "Lat": "0", "Lon": "0", "Confirmed": 383, "Deaths": 1, "Recovered": 0, "Active": 382, "Date": "2020-03-21T00:00:00Z"}, {"Country": "Slovenia", "CountryCode": "", "Province": "", "City": "", "CityCode": "", "Lat": "0", "Lon": "0", "Confirmed": 414, "Deaths": 2, "Recovered": 0, "Active": 412, "Date": "2020-03-22T00:00:00Z"}, {"Country": "Slovenia", "CountryCode": "", "Province": "", "City": "", "CityCode": "", "Lat": "0", "Lon": "0", "Confirmed": 442, "Deaths": 3, "Recovered": 0, "Active": 439, "Date": "2020-03-23T00:00:00Z"}, {"Country": "Slovenia", "CountryCode": "", "Province": "", "City": "", "CityCode": "", "Lat": "0", "Lon": "0", "Confirmed": 480, "Deaths": 4, "Recovered": 0, "Active": 476, "Date": "2020-03-24T00:00:00Z"}, {"Country": "Slovenia", "CountryCode": "", "Province": "", "City": "", "CityCode": "", "Lat": "0", "Lon": "0", "Confirmed": 528, "Deaths": 5, "Recovered": 10, "Active": 513, "Date": "2020-03-25T00:00:00Z"}, {"Country": "Slovenia", "CountryCode": "", "Province": "", "City": "", "CityCode": "", "Lat": "0", "Lon": "0", "Confirmed": 562, "Deaths": 6, "Recovered": 10, "Active": 546, "Date": "2020-03-26T00:00:00Z"}, {"Country": "Slovenia", "CountryCode": "", "Province": "", "City": "", "CityCode": "", "Lat": "0", "Lon": "0", "Confirmed": 632, "Deaths": 9, "Recovered": 10, "Active": 613, "Date": "2020-03-27T00:00:00Z"}, {"Country": "Slovenia", "CountryCode": "", "Province": "", "City": "", "CityCode": "", "Lat": "0", "Lon": "0", "Confirmed": 684, "Deaths": 9, "Recovered": 10, "Active": 665, "Date": "2020-03-28T00:00:00Z"}, {"Country": "Slovenia", "CountryCode": "", "Province": "", "City": "", "CityCode": "", "Lat": "0", "Lon": "0", "Confirmed": 730, "Deaths": 11, "Recovered": 10, "Active": 709, "Date": "2020-03-29T00:00:00Z"}, {"Country": "Slovenia", "CountryCode": "", "Province": "", "City": "", "CityCode": "", "Lat": "0", "Lon": "0", "Confirmed": 756, "Deaths": 11, "Recovered": 10, "Active": 735, "Date": "2020-03-30T00:00:00Z"}, {"Country": "Slovenia", "CountryCode": "", "Province": "", "City": "", "CityCode": "", "Lat": "0", "Lon": "0", "Confirmed": 802, "Deaths": 15, "Recovered": 10, "Active": 777, "Date": "2020-03-31T00:00:00Z"}, {"Country": "Slovenia", "CountryCode": "", "Province": "", "City": "", "CityCode": "", "Lat": "0", "Lon": "0", "Confirmed": 841, "Deaths": 15, "Recovered": 10, "Active": 816, "Date": "2020-04-01T00:00:00Z"}, {"Country": "Slovenia", "CountryCode": "", "Province": "", "City": "", "CityCode": "", "Lat": "0", "Lon": "0", "Confirmed": 897, "Deaths": 17, "Recovered": 70, "Active": 810, "Date": "2020-04-02T00:00:00Z"}, {"Country": "Slovenia", "CountryCode": "", "Province": "", "City": "", "CityCode": "", "Lat": "0", "Lon": "0", "Confirmed": 934, "Deaths": 20, "Recovered": 70, "Active": 844, "Date": "2020-04-03T00:00:00Z"}, {"Country": "Slovenia", "CountryCode": "", "Province": "", "City": "", "CityCode": "", "Lat": "0", "Lon": "0", "Confirmed": 977, "Deaths": 22, "Recovered": 79, "Active": 876, "Date": "2020-04-04T00:00:00Z"}, {"Country": "Slovenia", "CountryCode": "", "Province": "", "City": "", "CityCode": "", "Lat": "0", "Lon": "0", "Confirmed": 997, "Deaths": 28, "Recovered": 79, "Active": 890, "Date": "2020-04-05T00:00:00Z"}, {"Country": "Slovenia", "CountryCode": "", "Province": "", "City": "", "CityCode": "", "Lat": "0", "Lon": "0", "Confirmed": 1021, "Deaths": 30, "Recovered": 102, "Active": 889, "Date": "2020-04-06T00:00:00Z"}, {"Country": "Slovenia", "CountryCode": "", "Province": "", "City": "", "CityCode": "", "Lat": "0", "Lon": "0", "Confirmed": 1059, "Deaths": 36, "Recovered": 102, "Active": 921, "Date": "2020-04-07T00:00:00Z"}, {"Country": "Slovenia", "CountryCode": "", "Province": "", "City": "", "CityCode": "", "Lat": "0", "Lon": "0", "Confirmed": 1091, "Deaths": 40, "Recovered": 120, "Active": 931, "Date": "2020-04-08T00:00:00Z"}, {"Country": "Slovenia", "CountryCode": "", "Province": "", "City": "", "CityCode": "", "Lat": "0", "Lon": "0", "Confirmed": 1124, "Deaths": 43, "Recovered": 128, "Active": 953, "Date": "2020-04-09T00:00:00Z"}, {"Country": "Slovenia", "CountryCode": "", "Province": "", "City": "", "CityCode": "", "Lat": "0", "Lon": "0", "Confirmed": 1160, "Deaths": 45, "Recovered": 137, "Active": 978, "Date": "2020-04-10T00:00:00Z"}, {"Country": "Slovenia", "CountryCode": "", "Province": "", "City": "", "CityCode": "", "Lat": "0", "Lon": "0", "Confirmed": 1188, "Deaths": 50, "Recovered": 148, "Active": 990, "Date": "2020-04-11T00:00:00Z"}, {"Country": "Slovenia", "CountryCode": "", "Province": "", "City": "", "CityCode": "", "Lat": "0", "Lon": "0", "Confirmed": 1205, "Deaths": 53, "Recovered": 150, "Active": 1002, "Date": "2020-04-12T00:00:00Z"}, {"Country": "Slovenia", "CountryCode": "", "Province": "", "City": "", "CityCode": "", "Lat": "0", "Lon": "0", "Confirmed": 1212, "Deaths": 55, "Recovered": 152, "Active": 1005, "Date": "2020-04-13T00:00:00Z"}, {"Country": "Slovenia", "CountryCode": "", "Province": "", "City": "", "CityCode": "", "Lat": "0", "Lon": "0", "Confirmed": 1220, "Deaths": 56, "Recovered": 152, "Active": 1012, "Date": "2020-04-14T00:00:00Z"}, {"Country": "Slovenia", "CountryCode": "", "Province": "", "City": "", "CityCode": "", "Lat": "0", "Lon": "0", "Confirmed": 1248, "Deaths": 61, "Recovered": 165, "Active": 1022, "Date": "2020-04-15T00:00:00Z"}, {"Country": "Slovenia", "CountryCode": "", "Province": "", "City": "", "CityCode": "", "Lat": "0", "Lon": "0", "Confirmed": 1268, "Deaths": 61, "Recovered": 174, "Active": 1033, "Date": "2020-04-16T00:00:00Z"}, {"Country": "Slovenia", "CountryCode": "", "Province": "", "City": "", "CityCode": "", "Lat": "0", "Lon": "0", "Confirmed": 1304, "Deaths": 66, "Recovered": 174, "Active": 1064, "Date": "2020-04-17T00:00:00Z"}, {"Country": "Slovenia", "CountryCode": "", "Province": "", "City": "", "CityCode": "", "Lat": "0", "Lon": "0", "Confirmed": 1317, "Deaths": 70, "Recovered": 190, "Active": 1057, "Date": "2020-04-18T00:00:00Z"}, {"Country": "Slovenia", "CountryCode": "", "Province": "", "City": "", "CityCode": "", "Lat": "0", "Lon": "0", "Confirmed": 1330, "Deaths": 74, "Recovered": 192, "Active": 1064, "Date": "2020-04-19T00:00:00Z"}, {"Country": "Slovenia", "CountryCode": "", "Province": "", "City": "", "CityCode": "", "Lat": "0", "Lon": "0", "Confirmed": 1335, "Deaths": 77, "Recovered": 193, "Active": 1065, "Date": "2020-04-20T00:00:00Z"}, {"Country": "Slovenia", "CountryCode": "", "Province": "", "City": "", "CityCode": "", "Lat": "0", "Lon": "0", "Confirmed": 1344, "Deaths": 77, "Recovered": 197, "Active": 1070, "Date": "2020-04-21T00:00:00Z"}, {"Country": "Slovenia", "CountryCode": "", "Province": "", "City": "", "CityCode": "", "Lat": "0", "Lon": "0", "Confirmed": 1353, "Deaths": 79, "Recovered": 205, "Active": 1069, "Date": "2020-04-22T00:00:00Z"}, {"Country": "Slovenia", "CountryCode": "", "Province": "", "City": "", "CityCode": "", "Lat": "0", "Lon": "0", "Confirmed": 1366, "Deaths": 79, "Recovered": 211, "Active": 1076, "Date": "2020-04-23T00:00:00Z"}, {"Country": "Slovenia", "CountryCode": "", "Province": "", "City": "", "CityCode": "", "Lat": "0", "Lon": "0", "Confirmed": 1373, "Deaths": 80, "Recovered": 211, "Active": 1082, "Date": "2020-04-24T00:00:00Z"}, {"Country": "Slovenia", "CountryCode": "", "Province": "", "City": "", "CityCode": "", "Lat": "0", "Lon": "0", "Confirmed": 1388, "Deaths": 81, "Recovered": 219, "Active": 1088, "Date": "2020-04-25T00:00:00Z"}, {"Country": "Slovenia", "CountryCode": "", "Province": "", "City": "", "CityCode": "", "Lat": "0", "Lon": "0", "Confirmed": 1396, "Deaths": 82, "Recovered": 221, "Active": 1093, "Date": "2020-04-26T00:00:00Z"}, {"Country": "Slovenia", "CountryCode": "", "Province": "", "City": "", "CityCode": "", "Lat": "0", "Lon": "0", "Confirmed": 1402, "Deaths": 83, "Recovered": 221, "Active": 1098, "Date": "2020-04-27T00:00:00Z"}, {"Country": "Slovenia", "CountryCode": "", "Province": "", "City": "", "CityCode": "", "Lat": "0", "Lon": "0", "Confirmed": 1408, "Deaths": 86, "Recovered": 223, "Active": 1099, "Date": "2020-04-28T00:00:00Z"}, {"Country": "Slovenia", "CountryCode": "", "Province": "", "City": "", "CityCode": "", "Lat": "0", "Lon": "0", "Confirmed": 1418, "Deaths": 89, "Recovered": 230, "Active": 1099, "Date": "2020-04-29T00:00:00Z"}, {"Country": "Slovenia", "CountryCode": "", "Province": "", "City": "", "CityCode": "", "Lat": "0", "Lon": "0", "Confirmed": 1429, "Deaths": 91, "Recovered": 233, "Active": 1105, "Date": "2020-04-30T00:00:00Z"}, {"Country": "Slovenia", "CountryCode": "", "Province": "", "City": "", "CityCode": "", "Lat": "0", "Lon": "0", "Confirmed": 1434, "Deaths": 92, "Recovered": 233, "Active": 1109, "Date": "2020-05-01T00:00:00Z"}, {"Country": "Slovenia", "CountryCode": "", "Province": "", "City": "", "CityCode": "", "Lat": "0", "Lon": "0", "Confirmed": 1439, "Deaths": 94, "Recovered": 239, "Active": 1106, "Date": "2020-05-02T00:00:00Z"}, {"Country": "Slovenia", "CountryCode": "", "Province": "", "City": "", "CityCode": "", "Lat": "0", "Lon": "0", "Confirmed": 1439, "Deaths": 96, "Recovered": 241, "Active": 1102, "Date": "2020-05-03T00:00:00Z"}, {"Country": "Slovenia", "CountryCode": "", "Province": "", "City": "", "CityCode": "", "Lat": "0", "Lon": "0", "Confirmed": 1439, "Deaths": 97, "Recovered": 241, "Active": 1101, "Date": "2020-05-04T00:00:00Z"}, {"Country": "Slovenia", "CountryCode": "", "Province": "", "City": "", "CityCode": "", "Lat": "0", "Lon": "0", "Confirmed": 1445, "Deaths": 98, "Recovered": 244, "Active": 1103, "Date": "2020-05-05T00:00:00Z"}, {"Country": "Slovenia", "CountryCode": "", "Province": "", "City": "", "CityCode": "", "Lat": "0", "Lon": "0", "Confirmed": 1448, "Deaths": 99, "Recovered": 246, "Active": 1103, "Date": "2020-05-06T00:00:00Z"}, {"Country": "Slovenia", "CountryCode": "", "Province": "", "City": "", "CityCode": "", "Lat": "0", "Lon": "0", "Confirmed": 1449, "Deaths": 99, "Recovered": 247, "Active": 1103, "Date": "2020-05-07T00:00:00Z"}, {"Country": "Slovenia", "CountryCode": "", "Province": "", "City": "", "CityCode": "", "Lat": "0", "Lon": "0", "Confirmed": 1450, "Deaths": 100, "Recovered": 252, "Active": 1098, "Date": "2020-05-08T00:00:00Z"}, {"Country": "Slovenia", "CountryCode": "", "Province": "", "City": "", "CityCode": "", "Lat": "0", "Lon": "0", "Confirmed": 1454, "Deaths": 101, "Recovered": 255, "Active": 1098, "Date": "2020-05-09T00:00:00Z"}, {"Country": "Slovenia", "CountryCode": "", "Province": "", "City": "", "CityCode": "", "Lat": "0", "Lon": "0", "Confirmed": 1457, "Deaths": 102, "Recovered": 256, "Active": 1099, "Date": "2020-05-10T00:00:00Z"}, {"Country": "Slovenia", "CountryCode": "", "Province": "", "City": "", "CityCode": "", "Lat": "0", "Lon": "0", "Confirmed": 1460, "Deaths": 102, "Recovered": 256, "Active": 1102, "Date": "2020-05-11T00:00:00Z"}, {"Country": "Slovenia", "CountryCode": "", "Province": "", "City": "", "CityCode": "", "Lat": "0", "Lon": "0", "Confirmed": 1461, "Deaths": 102, "Recovered": 259, "Active": 1100, "Date": "2020-05-12T00:00:00Z"}, {"Country": "Slovenia", "CountryCode": "", "Province": "", "City": "", "CityCode": "", "Lat": "0", "Lon": "0", "Confirmed": 1463, "Deaths": 103, "Recovered": 260, "Active": 1100, "Date": "2020-05-13T00:00:00Z"}, {"Country": "Slovenia", "CountryCode": "", "Province": "", "City": "", "CityCode": "", "Lat": "0", "Lon": "0", "Confirmed": 1464, "Deaths": 103, "Recovered": 267, "Active": 1094, "Date": "2020-05-14T00:00:00Z"}, {"Country": "Slovenia", "CountryCode": "", "Province": "", "City": "", "CityCode": "", "Lat": "0", "Lon": "0", "Confirmed": 1465, "Deaths": 103, "Recovered": 270, "Active": 1092, "Date": "2020-05-15T00:00:00Z"}, {"Country": "Slovenia", "CountryCode": "", "Province": "", "City": "", "CityCode": "", "Lat": "0", "Lon": "0", "Confirmed": 1465, "Deaths": 103, "Recovered": 272, "Active": 1090, "Date": "2020-05-16T00:00:00Z"}, {"Country": "Slovenia", "CountryCode": "", "Province": "", "City": "", "CityCode": "", "Lat": "0", "Lon": "0", "Confirmed": 1466, "Deaths": 104, "Recovered": 273, "Active": 1089, "Date": "2020-05-17T00:00:00Z"}, {"Country": "Slovenia", "CountryCode": "", "Province": "", "City": "", "CityCode": "", "Lat": "0", "Lon": "0", "Confirmed": 1466, "Deaths": 104, "Recovered": 1335, "Active": 27, "Date": "2020-05-18T00:00:00Z"}, {"Country": "Slovenia", "CountryCode": "", "Province": "", "City": "", "CityCode": "", "Lat": "0", "Lon": "0", "Confirmed": 1467, "Deaths": 104, "Recovered": 1338, "Active": 25, "Date": "2020-05-19T00:00:00Z"}, {"Country": "Slovenia", "CountryCode": "", "Province": "", "City": "", "CityCode": "", "Lat": "0", "Lon": "0", "Confirmed": 1468, "Deaths": 105, "Recovered": 1340, "Active": 23, "Date": "2020-05-20T00:00:00Z"}, {"Country": "Slovenia", "CountryCode": "", "Province": "", "City": "", "CityCode": "", "Lat": "0", "Lon": "0", "Confirmed": 1468, "Deaths": 106, "Recovered": 1340, "Active": 22, "Date": "2020-05-21T00:00:00Z"}, {"Country": "Slovenia", "CountryCode": "", "Province": "", "City": "", "CityCode": "", "Lat": "0", "Lon": "0", "Confirmed": 1468, "Deaths": 106, "Recovered": 1340, "Active": 22, "Date": "2020-05-22T00:00:00Z"}, {"Country": "Slovenia", "CountryCode": "", "Province": "", "City": "", "CityCode": "", "Lat": "0", "Lon": "0", "Confirmed": 1468, "Deaths": 106, "Recovered": 1340, "Active": 22, "Date": "2020-05-23T00:00:00Z"}, {"Country": "Slovenia", "CountryCode": "", "Province": "", "City": "", "CityCode": "", "Lat": "0", "Lon": "0", "Confirmed": 1468, "Deaths": 107, "Recovered": 1340, "Active": 21, "Date": "2020-05-24T00:00:00Z"}, {"Country": "Slovenia", "CountryCode": "", "Province": "", "City": "", "CityCode": "", "Lat": "0", "Lon": "0", "Confirmed": 1469, "Deaths": 107, "Recovered": 1346, "Active": 16, "Date": "2020-05-25T00:00:00Z"}, {"Country": "Slovenia", "CountryCode": "", "Province": "", "City": "", "CityCode": "", "Lat": "0", "Lon": "0", "Confirmed": 1469, "Deaths": 108, "Recovered": 1346, "Active": 15, "Date": "2020-05-26T00:00:00Z"}, {"Country": "Slovenia", "CountryCode": "", "Province": "", "City": "", "CityCode": "", "Lat": "0", "Lon": "0", "Confirmed": 1471, "Deaths": 108, "Recovered": 1354, "Active": 9, "Date": "2020-05-27T00:00:00Z"}, {"Country": "Slovenia", "CountryCode": "", "Province": "", "City": "", "CityCode": "", "Lat": "0", "Lon": "0", "Confirmed": 1473, "Deaths": 108, "Recovered": 1356, "Active": 9, "Date": "2020-05-28T00:00:00Z"}, {"Country": "Slovenia", "CountryCode": "", "Province": "", "City": "", "CityCode": "", "Lat": "0", "Lon": "0", "Confirmed": 1473, "Deaths": 108, "Recovered": 1357, "Active": 8, "Date": "2020-05-29T00:00:00Z"}, {"Country": "Slovenia", "CountryCode": "", "Province": "", "City": "", "CityCode": "", "Lat": "0", "Lon": "0", "Confirmed": 1473, "Deaths": 108, "Recovered": 1357, "Active": 8, "Date": "2020-05-30T00:00:00Z"}, {"Country": "Slovenia", "CountryCode": "", "Province": "", "City": "", "CityCode": "", "Lat": "0", "Lon": "0", "Confirmed": 1473, "Deaths": 108, "Recovered": 1358, "Active": 7, "Date": "2020-05-31T00:00:00Z"}, {"Country": "Slovenia", "CountryCode": "", "Province": "", "City": "", "CityCode": "", "Lat": "0", "Lon": "0", "Confirmed": 1473, "Deaths": 109, "Recovered": 1358, "Active": 6, "Date": "2020-06-01T00:00:00Z"}, {"Country": "Slovenia", "CountryCode": "", "Province": "", "City": "", "CityCode": "", "Lat": "0", "Lon": "0", "Confirmed": 1475, "Deaths": 109, "Recovered": 1358, "Active": 8, "Date": "2020-06-02T00:00:00Z"}, {"Country": "Slovenia", "CountryCode": "", "Province": "", "City": "", "CityCode": "", "Lat": "0", "Lon": "0", "Confirmed": 1477, "Deaths": 109, "Recovered": 1358, "Active": 10, "Date": "2020-06-03T00:00:00Z"}, {"Country": "Slovenia", "CountryCode": "", "Province": "", "City": "", "CityCode": "", "Lat": "0", "Lon": "0", "Confirmed": 1477, "Deaths": 109, "Recovered": 1359, "Active": 9, "Date": "2020-06-04T00:00:00Z"}, {"Country": "Slovenia", "CountryCode": "", "Province": "", "City": "", "CityCode": "", "Lat": "0", "Lon": "0", "Confirmed": 1479, "Deaths": 109, "Recovered": 1359, "Active": 11, "Date": "2020-06-05T00:00:00Z"}, {"Country": "Slovenia", "CountryCode": "", "Province": "", "City": "", "CityCode": "", "Lat": "0", "Lon": "0", "Confirmed": 1484, "Deaths": 109, "Recovered": 1359, "Active": 16, "Date": "2020-06-06T00:00:00Z"}, {"Country": "Slovenia", "CountryCode": "", "Province": "", "City": "", "CityCode": "", "Lat": "0", "Lon": "0", "Confirmed": 1485, "Deaths": 109, "Recovered": 1359, "Active": 17, "Date": "2020-06-07T00:00:00Z"}, {"Country": "Slovenia", "CountryCode": "", "Province": "", "City": "", "CityCode": "", "Lat": "0", "Lon": "0", "Confirmed": 1485, "Deaths": 109, "Recovered": 1359, "Active": 17, "Date": "2020-06-08T00:00:00Z"}, {"Country": "Slovenia", "CountryCode": "", "Province": "", "City": "", "CityCode": "", "Lat": "0", "Lon": "0", "Confirmed": 1486, "Deaths": 109, "Recovered": 1359, "Active": 18, "Date": "2020-06-09T00:00:00Z"}, {"Country": "Slovenia", "CountryCode": "", "Province": "", "City": "", "CityCode": "", "Lat": "0", "Lon": "0", "Confirmed": 1488, "Deaths": 109, "Recovered": 1359, "Active": 20, "Date": "2020-06-10T00:00:00Z"}, {"Country": "Slovenia", "CountryCode": "", "Province": "", "City": "", "CityCode": "", "Lat": "0", "Lon": "0", "Confirmed": 1488, "Deaths": 109, "Recovered": 1359, "Active": 20, "Date": "2020-06-11T00:00:00Z"}, {"Country": "Slovenia", "CountryCode": "", "Province": "", "City": "", "CityCode": "", "Lat": "0", "Lon": "0", "Confirmed": 1490, "Deaths": 109, "Recovered": 1359, "Active": 22, "Date": "2020-06-12T00:00:00Z"}, {"Country": "Slovenia", "CountryCode": "", "Province": "", "City": "", "CityCode": "", "Lat": "0", "Lon": "0", "Confirmed": 1492, "Deaths": 109, "Recovered": 1359, "Active": 24, "Date": "2020-06-13T00:00:00Z"}, {"Country": "Slovenia", "CountryCode": "", "Province": "", "City": "", "CityCode": "", "Lat": "0", "Lon": "0", "Confirmed": 1495, "Deaths": 109, "Recovered": 1359, "Active": 27, "Date": "2020-06-14T00:00:00Z"}, {"Country": "Slovenia", "CountryCode": "", "Province": "", "City": "", "CityCode": "", "Lat": "0", "Lon": "0", "Confirmed": 1496, "Deaths": 109, "Recovered": 1359, "Active": 28, "Date": "2020-06-15T00:00:00Z"}, {"Country": "Slovenia", "CountryCode": "", "Province": "", "City": "", "CityCode": "", "Lat": "0", "Lon": "0", "Confirmed": 1499, "Deaths": 109, "Recovered": 1359, "Active": 31, "Date": "2020-06-16T00:00:00Z"}, {"Country": "Slovenia", "CountryCode": "", "Province": "", "City": "", "CityCode": "", "Lat": "0", "Lon": "0", "Confirmed": 1503, "Deaths": 109, "Recovered": 1359, "Active": 35, "Date": "2020-06-17T00:00:00Z"}, {"Country": "Slovenia", "CountryCode": "", "Province": "", "City": "", "CityCode": "", "Lat": "0", "Lon": "0", "Confirmed": 1511, "Deaths": 109, "Recovered": 1359, "Active": 43, "Date": "2020-06-18T00:00:00Z"}, {"Country": "Slovenia", "CountryCode": "", "Province": "", "City": "", "CityCode": "", "Lat": "0", "Lon": "0", "Confirmed": 1513, "Deaths": 109, "Recovered": 1359, "Active": 45, "Date": "2020-06-19T00:00:00Z"}, {"Country": "Slovenia", "CountryCode": "", "Province": "", "City": "", "CityCode": "", "Lat": "0", "Lon": "0", "Confirmed": 1519, "Deaths": 109, "Recovered": 1359, "Active": 51, "Date": "2020-06-20T00:00:00Z"}, {"Country": "Slovenia", "CountryCode": "", "Province": "", "City": "", "CityCode": "", "Lat": "0", "Lon": "0", "Confirmed": 1520, "Deaths": 109, "Recovered": 1376, "Active": 35, "Date": "2020-06-21T00:00:00Z"}, {"Country": "Slovenia", "CountryCode": "", "Province": "", "City": "", "CityCode": "", "Lat": "0", "Lon": "0", "Confirmed": 1521, "Deaths": 109, "Recovered": 1376, "Active": 36, "Date": "2020-06-22T00:00:00Z"}, {"Country": "Slovenia", "CountryCode": "", "Province": "", "City": "", "CityCode": "", "Lat": "0", "Lon": "0", "Confirmed": 1534, "Deaths": 109, "Recovered": 1376, "Active": 49, "Date": "2020-06-23T00:00:00Z"}, {"Country": "Slovenia", "CountryCode": "", "Province": "", "City": "", "CityCode": "", "Lat": "0", "Lon": "0", "Confirmed": 1541, "Deaths": 109, "Recovered": 1376, "Active": 56, "Date": "2020-06-24T00:00:00Z"}, {"Country": "Slovenia", "CountryCode": "", "Province": "", "City": "", "CityCode": "", "Lat": "0", "Lon": "0", "Confirmed": 1547, "Deaths": 109, "Recovered": 1376, "Active": 62, "Date": "2020-06-25T00:00:00Z"}, {"Country": "Slovenia", "CountryCode": "", "Province": "", "City": "", "CityCode": "", "Lat": "0", "Lon": "0", "Confirmed": 1558, "Deaths": 109, "Recovered": 1376, "Active": 73, "Date": "2020-06-26T00:00:00Z"}, {"Country": "Slovenia", "CountryCode": "", "Province": "", "City": "", "CityCode": "", "Lat": "0", "Lon": "0", "Confirmed": 1572, "Deaths": 109, "Recovered": 1376, "Active": 87, "Date": "2020-06-27T00:00:00Z"}, {"Country": "Slovenia", "CountryCode": "", "Province": "", "City": "", "CityCode": "", "Lat": "0", "Lon": "0", "Confirmed": 1581, "Deaths": 111, "Recovered": 1384, "Active": 86, "Date": "2020-06-28T00:00:00Z"}, {"Country": "Slovenia", "CountryCode": "", "Province": "", "City": "", "CityCode": "", "Lat": "0", "Lon": "0", "Confirmed": 1585, "Deaths": 111, "Recovered": 1384, "Active": 90, "Date": "2020-06-29T00:00:00Z"}, {"Country": "Slovenia", "CountryCode": "", "Province": "", "City": "", "CityCode": "", "Lat": "0", "Lon": "0", "Confirmed": 1600, "Deaths": 111, "Recovered": 1384, "Active": 105, "Date": "2020-06-30T00:00:00Z"}, {"Country": "Slovenia", "CountryCode": "", "Province": "", "City": "", "CityCode": "", "Lat": "0", "Lon": "0", "Confirmed": 1613, "Deaths": 111, "Recovered": 1384, "Active": 118, "Date": "2020-07-01T00:00:00Z"}, {"Country": "Slovenia", "CountryCode": "", "Province": "", "City": "", "CityCode": "", "Lat": "0", "Lon": "0", "Confirmed": 1634, "Deaths": 111, "Recovered": 1384, "Active": 139, "Date": "2020-07-02T00:00:00Z"}, {"Country": "Slovenia", "CountryCode": "", "Province": "", "City": "", "CityCode": "", "Lat": "0", "Lon": "0", "Confirmed": 1650, "Deaths": 111, "Recovered": 1384, "Active": 155, "Date": "2020-07-03T00:00:00Z"}, {"Country": "Slovenia", "CountryCode": "", "Province": "", "City": "", "CityCode": "", "Lat": "0", "Lon": "0", "Confirmed": 1679, "Deaths": 111, "Recovered": 1384, "Active": 184, "Date": "2020-07-04T00:00:00Z"}, {"Country": "Slovenia", "CountryCode": "", "Province": "", "City": "", "CityCode": "", "Lat": "0", "Lon": "0", "Confirmed": 1700, "Deaths": 111, "Recovered": 1384, "Active": 205, "Date": "2020-07-05T00:00:00Z"}, {"Country": "Slovenia", "CountryCode": "", "Province": "", "City": "", "CityCode": "", "Lat": "0", "Lon": "0", "Confirmed": 1716, "Deaths": 111, "Recovered": 1384, "Active": 221, "Date": "2020-07-06T00:00:00Z"}, {"Country": "Slovenia", "CountryCode": "", "Province": "", "City": "", "CityCode": "", "Lat": "0", "Lon": "0", "Confirmed": 1739, "Deaths": 111, "Recovered": 1423, "Active": 205, "Date": "2020-07-07T00:00:00Z"}, {"Country": "Slovenia", "CountryCode": "", "Province": "", "City": "", "CityCode": "", "Lat": "0", "Lon": "0", "Confirmed": 1763, "Deaths": 111, "Recovered": 1429, "Active": 223, "Date": "2020-07-08T00:00:00Z"}, {"Country": "Slovenia", "CountryCode": "", "Province": "", "City": "", "CityCode": "", "Lat": "0", "Lon": "0", "Confirmed": 1776, "Deaths": 111, "Recovered": 1429, "Active": 236, "Date": "2020-07-09T00:00:00Z"}, {"Country": "Slovenia", "CountryCode": "", "Province": "", "City": "", "CityCode": "", "Lat": "0", "Lon": "0", "Confirmed": 1793, "Deaths": 111, "Recovered": 1429, "Active": 253, "Date": "2020-07-10T00:00:00Z"}, {"Country": "Slovenia", "CountryCode": "", "Province": "", "City": "", "CityCode": "", "Lat": "0", "Lon": "0", "Confirmed": 1827, "Deaths": 111, "Recovered": 1429, "Active": 287, "Date": "2020-07-11T00:00:00Z"}, {"Country": "Slovenia", "CountryCode": "", "Province": "", "City": "", "CityCode": "", "Lat": "0", "Lon": "0", "Confirmed": 1841, "Deaths": 111, "Recovered": 1469, "Active": 261, "Date": "2020-07-12T00:00:00Z"}, {"Country": "Slovenia", "CountryCode": "", "Province": "", "City": "", "CityCode": "", "Lat": "0", "Lon": "0", "Confirmed": 1849, "Deaths": 111, "Recovered": 1473, "Active": 265, "Date": "2020-07-13T00:00:00Z"}, {"Country": "Slovenia", "CountryCode": "", "Province": "", "City": "", "CityCode": "", "Lat": "0", "Lon": "0", "Confirmed": 1859, "Deaths": 111, "Recovered": 1488, "Active": 260, "Date": "2020-07-14T00:00:00Z"}, {"Country": "Slovenia", "CountryCode": "", "Province": "", "City": "", "CityCode": "", "Lat": "0", "Lon": "0", "Confirmed": 1878, "Deaths": 111, "Recovered": 1501, "Active": 266, "Date": "2020-07-15T00:00:00Z"}, {"Country": "Slovenia", "CountryCode": "", "Province": "", "City": "", "CityCode": "", "Lat": "0", "Lon": "0", "Confirmed": 1897, "Deaths": 111, "Recovered": 1522, "Active": 264, "Date": "2020-07-16T00:00:00Z"}, {"Country": "Slovenia", "CountryCode": "", "Province": "", "City": "", "CityCode": "", "Lat": "0", "Lon": "0", "Confirmed": 1916, "Deaths": 111, "Recovered": 1522, "Active": 283, "Date": "2020-07-17T00:00:00Z"}, {"Country": "Slovenia", "CountryCode": "", "Province": "", "City": "", "CityCode": "", "Lat": "0", "Lon": "0", "Confirmed": 1940, "Deaths": 111, "Recovered": 1568, "Active": 261, "Date": "2020-07-18T00:00:00Z"}, {"Country": "Slovenia", "CountryCode": "", "Province": "", "City": "", "CityCode": "", "Lat": "0", "Lon": "0", "Confirmed": 1946, "Deaths": 112, "Recovered": 1568, "Active": 266, "Date": "2020-07-19T00:00:00Z"}, {"Country": "Slovenia", "CountryCode": "", "Province": "", "City": "", "CityCode": "", "Lat": "0", "Lon": "0", "Confirmed": 1953, "Deaths": 113, "Recovered": 1603, "Active": 237, "Date": "2020-07-20T00:00:00Z"}, {"Country": "Slovenia", "CountryCode": "", "Province": "", "City": "", "CityCode": "", "Lat": "0", "Lon": "0", "Confirmed": 1977, "Deaths": 114, "Recovered": 1625, "Active": 238, "Date": "2020-07-21T00:00:00Z"}, {"Country": "Slovenia", "CountryCode": "", "Province": "", "City": "", "CityCode": "", "Lat": "0", "Lon": "0", "Confirmed": 2006, "Deaths": 115, "Recovered": 1648, "Active": 243, "Date": "2020-07-22T00:00:00Z"}, {"Country": "Slovenia", "CountryCode": "", "Province": "", "City": "", "CityCode": "", "Lat": "0", "Lon": "0", "Confirmed": 2033, "Deaths": 115, "Recovered": 1661, "Active": 257, "Date": "2020-07-23T00:00:00Z"}, {"Country": "Slovenia", "CountryCode": "", "Province": "", "City": "", "CityCode": "", "Lat": "0", "Lon": "0", "Confirmed": 2052, "Deaths": 115, "Recovered": 1678, "Active": 259, "Date": "2020-07-24T00:00:00Z"}, {"Country": "Slovenia", "CountryCode": "", "Province": "", "City": "", "CityCode": "", "Lat": "0", "Lon": "0", "Confirmed": 2066, "Deaths": 116, "Recovered": 1678, "Active": 272, "Date": "2020-07-25T00:00:00Z"}, {"Country": "Slovenia", "CountryCode": "", "Province": "", "City": "", "CityCode": "", "Lat": "0", "Lon": "0", "Confirmed": 2082, "Deaths": 116, "Recovered": 1678, "Active": 288, "Date": "2020-07-26T00:00:00Z"}, {"Country": "Slovenia", "CountryCode": "", "Province": "", "City": "", "CityCode": "", "Lat": "0", "Lon": "0", "Confirmed": 2087, "Deaths": 116, "Recovered": 1733, "Active": 238, "Date": "2020-07-27T00:00:00Z"}, {"Country": "Slovenia", "CountryCode": "", "Province": "", "City": "", "CityCode": "", "Lat": "0", "Lon": "0", "Confirmed": 2101, "Deaths": 117, "Recovered": 1742, "Active": 242, "Date": "2020-07-28T00:00:00Z"}, {"Country": "Slovenia", "CountryCode": "", "Province": "", "City": "", "CityCode": "", "Lat": "0", "Lon": "0", "Confirmed": 2115, "Deaths": 117, "Recovered": 1761, "Active": 237, "Date": "2020-07-29T00:00:00Z"}, {"Country": "Slovenia", "CountryCode": "", "Province": "", "City": "", "CityCode": "", "Lat": "0", "Lon": "0", "Confirmed": 2139, "Deaths": 117, "Recovered": 1780, "Active": 242, "Date": "2020-07-30T00:00:00Z"}, {"Country": "Slovenia", "CountryCode": "", "Province": "", "City": "", "CityCode": "", "Lat": "0", "Lon": "0", "Confirmed": 2156, "Deaths": 119, "Recovered": 1797, "Active": 240, "Date": "2020-07-31T00:00:00Z"}, {"Country": "Slovenia", "CountryCode": "", "Province": "", "City": "", "CityCode": "", "Lat": "0", "Lon": "0", "Confirmed": 2171, "Deaths": 119, "Recovered": 1821, "Active": 231, "Date": "2020-08-01T00:00:00Z"}, {"Country": "Slovenia", "CountryCode": "", "Province": "", "City": "", "CityCode": "", "Lat": "0", "Lon": "0", "Confirmed": 2180, "Deaths": 120, "Recovered": 1826, "Active": 234, "Date": "2020-08-02T00:00:00Z"}, {"Country": "Slovenia", "CountryCode": "", "Province": "", "City": "", "CityCode": "", "Lat": "0", "Lon": "0", "Confirmed": 2181, "Deaths": 122, "Recovered": 1831, "Active": 228, "Date": "2020-08-03T00:00:00Z"}, {"Country": "Slovenia", "CountryCode": "", "Province": "", "City": "", "CityCode": "", "Lat": "0", "Lon": "0", "Confirmed": 2190, "Deaths": 123, "Recovered": 1854, "Active": 213, "Date": "2020-08-04T00:00:00Z"}, {"Country": "Slovenia", "CountryCode": "", "Province": "", "City": "", "CityCode": "", "Lat": "0", "Lon": "0", "Confirmed": 2208, "Deaths": 124, "Recovered": 1884, "Active": 200, "Date": "2020-08-05T00:00:00Z"}, {"Country": "Slovenia", "CountryCode": "", "Province": "", "City": "", "CityCode": "", "Lat": "0", "Lon": "0", "Confirmed": 2223, "Deaths": 125, "Recovered": 1909, "Active": 189, "Date": "2020-08-06T00:00:00Z"}, {"Country": "Slovenia", "CountryCode": "", "Province": "", "City": "", "CityCode": "", "Lat": "0", "Lon": "0", "Confirmed": 2233, "Deaths": 125, "Recovered": 1927, "Active": 181, "Date": "2020-08-07T00:00:00Z"}, {"Country": "Slovenia", "CountryCode": "", "Province": "", "City": "", "CityCode": "", "Lat": "0", "Lon": "0", "Confirmed": 2247, "Deaths": 126, "Recovered": 1927, "Active": 194, "Date": "2020-08-08T00:00:00Z"}, {"Country": "Slovenia", "CountryCode": "", "Province": "", "City": "", "CityCode": "", "Lat": "0", "Lon": "0", "Confirmed": 2249, "Deaths": 127, "Recovered": 1927, "Active": 195, "Date": "2020-08-09T00:00:00Z"}, {"Country": "Slovenia", "CountryCode": "", "Province": "", "City": "", "CityCode": "", "Lat": "0", "Lon": "0", "Confirmed": 2255, "Deaths": 128, "Recovered": 1960, "Active": 167, "Date": "2020-08-10T00:00:00Z"}, {"Country": "Slovenia", "CountryCode": "", "Province": "", "City": "", "CityCode": "", "Lat": "0", "Lon": "0", "Confirmed": 2272, "Deaths": 129, "Recovered": 1960, "Active": 183, "Date": "2020-08-11T00:00:00Z"}, {"Country": "Slovenia", "CountryCode": "", "Province": "", "City": "", "CityCode": "", "Lat": "0", "Lon": "0", "Confirmed": 2303, "Deaths": 129, "Recovered": 1960, "Active": 214, "Date": "2020-08-12T00:00:00Z"}, {"Country": "Slovenia", "CountryCode": "", "Province": "", "City": "", "CityCode": "", "Lat": "0", "Lon": "0", "Confirmed": 2332, "Deaths": 129, "Recovered": 1960, "Active": 243, "Date": "2020-08-13T00:00:00Z"}, {"Country": "Slovenia", "CountryCode": "", "Province": "", "City": "", "CityCode": "", "Lat": "0", "Lon": "0", "Confirmed": 2369, "Deaths": 129, "Recovered": 2027, "Active": 213, "Date": "2020-08-14T00:00:00Z"}, {"Country": "Slovenia", "CountryCode": "", "Province": "", "City": "", "CityCode": "", "Lat": "0", "Lon": "0", "Confirmed": 2401, "Deaths": 129, "Recovered": 2042, "Active": 230, "Date": "2020-08-15T00:00:00Z"}, {"Country": "Slovenia", "CountryCode": "", "Province": "", "City": "", "CityCode": "", "Lat": "0", "Lon": "0", "Confirmed": 2416, "Deaths": 129, "Recovered": 2051, "Active": 236, "Date": "2020-08-16T00:00:00Z"}, {"Country": "Slovenia", "CountryCode": "", "Province": "", "City": "", "CityCode": "", "Lat": "0", "Lon": "0", "Confirmed": 2429, "Deaths": 129, "Recovered": 2052, "Active": 248, "Date": "2020-08-17T00:00:00Z"}, {"Country": "Slovenia", "CountryCode": "", "Province": "", "City": "", "CityCode": "", "Lat": "0", "Lon": "0", "Confirmed": 2456, "Deaths": 129, "Recovered": 2052, "Active": 275, "Date": "2020-08-18T00:00:00Z"}, {"Country": "Slovenia", "CountryCode": "", "Province": "", "City": "", "CityCode": "", "Lat": "0", "Lon": "0", "Confirmed": 2493, "Deaths": 129, "Recovered": 2079, "Active": 285, "Date": "2020-08-19T00:00:00Z"}, {"Country": "Slovenia", "CountryCode": "", "Province": "", "City": "", "CityCode": "", "Lat": "0", "Lon": "0", "Confirmed": 2536, "Deaths": 129, "Recovered": 2079, "Active": 328, "Date": "2020-08-20T00:00:00Z"}, {"Country": "Slovenia", "CountryCode": "", "Province": "", "City": "", "CityCode": "", "Lat": "0", "Lon": "0", "Confirmed": 2574, "Deaths": 130, "Recovered": 2079, "Active": 365, "Date": "2020-08-21T00:00:00Z"}, {"Country": "Slovenia", "CountryCode": "", "Province": "", "City": "", "CityCode": "", "Lat": "0", "Lon": "0", "Confirmed": 2617, "Deaths": 131, "Recovered": 2079, "Active": 407, "Date": "2020-08-22T00:00:00Z"}, {"Country": "Slovenia", "CountryCode": "", "Province": "", "City": "", "CityCode": "", "Lat": "0", "Lon": "0", "Confirmed": 2651, "Deaths": 131, "Recovered": 2079, "Active": 441, "Date": "2020-08-23T00:00:00Z"}, {"Country": "Slovenia", "CountryCode": "", "Province": "", "City": "", "CityCode": "", "Lat": "0", "Lon": "0", "Confirmed": 2665, "Deaths": 133, "Recovered": 2122, "Active": 410, "Date": "2020-08-24T00:00:00Z"}, {"Country": "Slovenia", "CountryCode": "", "Province": "", "City": "", "CityCode": "", "Lat": "0", "Lon": "0", "Confirmed": 2686, "Deaths": 133, "Recovered": 2139, "Active": 414, "Date": "2020-08-25T00:00:00Z"}, {"Country": "Slovenia", "CountryCode": "", "Province": "", "City": "", "CityCode": "", "Lat": "0", "Lon": "0", "Confirmed": 2722, "Deaths": 133, "Recovered": 2170, "Active": 419, "Date": "2020-08-26T00:00:00Z"}, {"Country": "Slovenia", "CountryCode": "", "Province": "", "City": "", "CityCode": "", "Lat": "0", "Lon": "0", "Confirmed": 2755, "Deaths": 133, "Recovered": 2199, "Active": 423, "Date": "2020-08-27T00:00:00Z"}, {"Country": "Slovenia", "CountryCode": "", "Province": "", "City": "", "CityCode": "", "Lat": "0", "Lon": "0", "Confirmed": 2797, "Deaths": 133, "Recovered": 2236, "Active": 428, "Date": "2020-08-28T00:00:00Z"}, {"Country": "Slovenia", "CountryCode": "", "Province": "", "City": "", "CityCode": "", "Lat": "0", "Lon": "0", "Confirmed": 2834, "Deaths": 133, "Recovered": 2268, "Active": 433, "Date": "2020-08-29T00:00:00Z"}, {"Country": "Slovenia", "CountryCode": "", "Province": "", "City": "", "CityCode": "", "Lat": "0", "Lon": "0", "Confirmed": 2865, "Deaths": 133, "Recovered": 2283, "Active": 449, "Date": "2020-08-30T00:00:00Z"}, {"Country": "Slovenia", "CountryCode": "", "Province": "", "City": "", "CityCode": "", "Lat": "0", "Lon": "0", "Confirmed": 2883, "Deaths": 133, "Recovered": 2296, "Active": 454, "Date": "2020-08-31T00:00:00Z"}, {"Country": "Slovenia", "CountryCode": "", "Province": "", "City": "", "CityCode": "", "Lat": "0", "Lon": "0", "Confirmed": 2924, "Deaths": 133, "Recovered": 2323, "Active": 468, "Date": "2020-09-01T00:00:00Z"}, {"Country": "Slovenia", "CountryCode": "", "Province": "", "City": "", "CityCode": "", "Lat": "0", "Lon": "0", "Confirmed": 2979, "Deaths": 134, "Recovered": 2359, "Active": 486, "Date": "2020-09-02T00:00:00Z"}, {"Country": "Slovenia", "CountryCode": "", "Province": "", "City": "", "CityCode": "", "Lat": "0", "Lon": "0", "Confirmed": 3032, "Deaths": 134, "Recovered": 2402, "Active": 496, "Date": "2020-09-03T00:00:00Z"}, {"Country": "Slovenia", "CountryCode": "", "Province": "", "City": "", "CityCode": "", "Lat": "0", "Lon": "0", "Confirmed": 3079, "Deaths": 134, "Recovered": 2440, "Active": 505, "Date": "2020-09-04T00:00:00Z"}, {"Country": "Slovenia", "CountryCode": "", "Province": "", "City": "", "CityCode": "", "Lat": "0", "Lon": "0", "Confirmed": 3122, "Deaths": 135, "Recovered": 2483, "Active": 504, "Date": "2020-09-05T00:00:00Z"}, {"Country": "Slovenia", "CountryCode": "", "Province": "", "City": "", "CityCode": "", "Lat": "0", "Lon": "0", "Confirmed": 3165, "Deaths": 135, "Recovered": 2483, "Active": 547, "Date": "2020-09-06T00:00:00Z"}, {"Country": "Slovenia", "CountryCode": "", "Province": "", "City": "", "CityCode": "", "Lat": "0", "Lon": "0", "Confirmed": 3190, "Deaths": 135, "Recovered": 2530, "Active": 525, "Date": "2020-09-07T00:00:00Z"}, {"Country": "Slovenia", "CountryCode": "", "Province": "", "City": "", "CityCode": "", "Lat": "0", "Lon": "0", "Confirmed": 3232, "Deaths": 135, "Recovered": 2533, "Active": 564, "Date": "2020-09-08T00:00:00Z"}, {"Country": "Slovenia", "CountryCode": "", "Province": "", "City": "", "CityCode": "", "Lat": "0", "Lon": "0", "Confirmed": 3312, "Deaths": 135, "Recovered": 2587, "Active": 590, "Date": "2020-09-09T00:00:00Z"}, {"Country": "Slovenia", "CountryCode": "", "Province": "", "City": "", "CityCode": "", "Lat": "0", "Lon": "0", "Confirmed": 3389, "Deaths": 135, "Recovered": 2620, "Active": 634, "Date": "2020-09-10T00:00:00Z"}, {"Country": "Slovenia", "CountryCode": "", "Province": "", "City": "", "CityCode": "", "Lat": "0", "Lon": "0", "Confirmed": 3497, "Deaths": 135, "Recovered": 2662, "Active": 700, "Date": "2020-09-11T00:00:00Z"}, {"Country": "Slovenia", "CountryCode": "", "Province": "", "City": "", "CityCode": "", "Lat": "0", "Lon": "0", "Confirmed": 3603, "Deaths": 135, "Recovered": 2699, "Active": 769, "Date": "2020-09-12T00:00:00Z"}, {"Country": "Slovenia", "CountryCode": "", "Province": "", "City": "", "CityCode": "", "Lat": "0", "Lon": "0", "Confirmed": 3702, "Deaths": 135, "Recovered": 2730, "Active": 837, "Date": "2020-09-13T00:00:00Z"}, {"Country": "Slovenia", "CountryCode": "", "Province": "", "City": "", "CityCode": "", "Lat": "0", "Lon": "0", "Confirmed": 3749, "Deaths": 135, "Recovered": 2730, "Active": 884, "Date": "2020-09-14T00:00:00Z"}, {"Country": "Slovenia", "CountryCode": "", "Province": "", "City": "", "CityCode": "", "Lat": "0", "Lon": "0", "Confirmed": 3831, "Deaths": 135, "Recovered": 2789, "Active": 907, "Date": "2020-09-15T00:00:00Z"}, {"Country": "Slovenia", "CountryCode": "", "Province": "", "City": "", "CityCode": "", "Lat": "0", "Lon": "0", "Confirmed": 3954, "Deaths": 135, "Recovered": 2844, "Active": 975, "Date": "2020-09-16T00:00:00Z"}, {"Country": "Slovenia", "CountryCode": "", "Province": "", "City": "", "CityCode": "", "Lat": "0", "Lon": "0", "Confirmed": 4058, "Deaths": 136, "Recovered": 2897, "Active": 1025, "Date": "2020-09-17T00:00:00Z"}, {"Country": "Slovenia", "CountryCode": "", "Province": "", "City": "", "CityCode": "", "Lat": "0", "Lon": "0", "Confirmed": 4195, "Deaths": 140, "Recovered": 2939, "Active": 1116, "Date": "2020-09-18T00:00:00Z"}, {"Country": "Slovenia", "CountryCode": "", "Province": "", "City": "", "CityCode": "", "Lat": "0", "Lon": "0", "Confirmed": 4309, "Deaths": 141, "Recovered": 2981, "Active": 1187, "Date": "2020-09-19T00:00:00Z"}, {"Country": "Slovenia", "CountryCode": "", "Province": "", "City": "", "CityCode": "", "Lat": "0", "Lon": "0", "Confirmed": 4420, "Deaths": 142, "Recovered": 3023, "Active": 1255, "Date": "2020-09-20T00:00:00Z"}, {"Country": "Slovenia", "CountryCode": "", "Province": "", "City": "", "CityCode": "", "Lat": "0", "Lon": "0", "Confirmed": 4470, "Deaths": 142, "Recovered": 3048, "Active": 1280, "Date": "2020-09-21T00:00:00Z"}, {"Country": "Slovenia", "CountryCode": "", "Province": "", "City": "", "CityCode": "", "Lat": "0", "Lon": "0", "Confirmed": 4558, "Deaths": 142, "Recovered": 3048, "Active": 1368, "Date": "2020-09-22T00:00:00Z"}, {"Country": "Slovenia", "CountryCode": "", "Province": "", "City": "", "CityCode": "", "Lat": "0", "Lon": "0", "Confirmed": 4694, "Deaths": 143, "Recovered": 3168, "Active": 1383, "Date": "2020-09-23T00:00:00Z"}, {"Country": "Slovenia", "CountryCode": "", "Province": "", "City": "", "CityCode": "", "Lat": "0", "Lon": "0", "Confirmed": 4816, "Deaths": 145, "Recovered": 3245, "Active": 1426, "Date": "2020-09-24T00:00:00Z"}, {"Country": "Slovenia", "CountryCode": "", "Province": "", "City": "", "CityCode": "", "Lat": "0", "Lon": "0", "Confirmed": 5007, "Deaths": 145, "Recovered": 3353, "Active": 1509, "Date": "2020-09-25T00:00:00Z"}, {"Country": "Slovenia", "CountryCode": "", "Province": "", "City": "", "CityCode": "", "Lat": "0", "Lon": "0", "Confirmed": 5191, "Deaths": 146, "Recovered": 3457, "Active": 1588, "Date": "2020-09-26T00:00:00Z"}, {"Country": "Slovenia", "CountryCode": "", "Province": "", "City": "", "CityCode": "", "Lat": "0", "Lon": "0", "Confirmed": 5350, "Deaths": 147, "Recovered": 3555, "Active": 1648, "Date": "2020-09-27T00:00:00Z"}, {"Country": "Slovenia", "CountryCode": "", "Province": "", "City": "", "CityCode": "", "Lat": "0", "Lon": "0", "Confirmed": 5388, "Deaths": 149, "Recovered": 3600, "Active": 1639, "Date": "2020-09-28T00:00:00Z"}, {"Country": "Slovenia", "CountryCode": "", "Province": "", "City": "", "CityCode": "", "Lat": "0", "Lon": "0", "Confirmed": 5487, "Deaths": 149, "Recovered": 3682, "Active": 1656, "Date": "2020-09-29T00:00:00Z"}, {"Country": "Slovenia", "CountryCode": "", "Province": "", "City": "", "CityCode": "", "Lat": "0", "Lon": "0", "Confirmed": 5690, "Deaths": 150, "Recovered": 3804, "Active": 1736, "Date": "2020-09-30T00:00:00Z"}, {"Country": "Slovenia", "CountryCode": "", "Province": "", "City": "", "CityCode": "", "Lat": "0", "Lon": "0", "Confirmed": 5865, "Deaths": 152, "Recovered": 3906, "Active": 1807, "Date": "2020-10-01T00:00:00Z"}, {"Country": "Slovenia", "CountryCode": "", "Province": "", "City": "", "CityCode": "", "Lat": "0", "Lon": "0", "Confirmed": 6103, "Deaths": 154, "Recovered": 4041, "Active": 1908, "Date": "2020-10-02T00:00:00Z"}, {"Country": "Slovenia", "CountryCode": "", "Province": "", "City": "", "CityCode": "", "Lat": "0", "Lon": "0", "Confirmed": 6330, "Deaths": 155, "Recovered": 4041, "Active": 2134, "Date": "2020-10-03T00:00:00Z"}, {"Country": "Slovenia", "CountryCode": "", "Province": "", "City": "", "CityCode": "", "Lat": "0", "Lon": "0", "Confirmed": 6498, "Deaths": 155, "Recovered": 4265, "Active": 2078, "Date": "2020-10-04T00:00:00Z"}, {"Country": "Slovenia", "CountryCode": "", "Province": "", "City": "", "CityCode": "", "Lat": "0", "Lon": "0", "Confirmed": 6673, "Deaths": 156, "Recovered": 4265, "Active": 2252, "Date": "2020-10-05T00:00:00Z"}, {"Country": "Slovenia", "CountryCode": "", "Province": "", "City": "", "CityCode": "", "Lat": "0", "Lon": "0", "Confirmed": 6764, "Deaths": 159, "Recovered": 4399, "Active": 2206, "Date": "2020-10-06T00:00:00Z"}, {"Country": "Slovenia", "CountryCode": "", "Province": "", "City": "", "CityCode": "", "Lat": "0", "Lon": "0", "Confirmed": 7120, "Deaths": 159, "Recovered": 4535, "Active": 2426, "Date": "2020-10-07T00:00:00Z"}, {"Country": "Slovenia", "CountryCode": "", "Province": "", "City": "", "CityCode": "", "Lat": "0", "Lon": "0", "Confirmed": 7507, "Deaths": 160, "Recovered": 4655, "Active": 2692, "Date": "2020-10-08T00:00:00Z"}, {"Country": "Slovenia", "CountryCode": "", "Province": "", "City": "", "CityCode": "", "Lat": "0", "Lon": "0", "Confirmed": 7872, "Deaths": 165, "Recovered": 4842, "Active": 2865, "Date": "2020-10-09T00:00:00Z"}, {"Country": "Slovenia", "CountryCode": "", "Province": "", "City": "", "CityCode": "", "Lat": "0", "Lon": "0", "Confirmed": 8252, "Deaths": 167, "Recovered": 5024, "Active": 3061, "Date": "2020-10-10T00:00:00Z"}, {"Country": "Slovenia", "CountryCode": "", "Province": "", "City": "", "CityCode": "", "Lat": "0", "Lon": "0", "Confirmed": 8663, "Deaths": 167, "Recovered": 5182, "Active": 3314, "Date": "2020-10-11T00:00:00Z"}, {"Country": "Slovenia", "CountryCode": "", "Province": "", "City": "", "CityCode": "", "Lat": "0", "Lon": "0", "Confirmed": 8832, "Deaths": 169, "Recovered": 5219, "Active": 3444, "Date": "2020-10-12T00:00:00Z"}, {"Country": "Slovenia", "CountryCode": "", "Province": "", "City": "", "CityCode": "", "Lat": "0", "Lon": "0", "Confirmed": 9231, "Deaths": 173, "Recovered": 5314, "Active": 3744, "Date": "2020-10-13T00:00:00Z"}, {"Country": "Slovenia", "CountryCode": "", "Province": "", "City": "", "CityCode": "", "Lat": "0", "Lon": "0", "Confirmed": 9938, "Deaths": 175, "Recovered": 5515, "Active": 4248, "Date": "2020-10-14T00:00:00Z"}, {"Country": "Slovenia", "CountryCode": "", "Province": "", "City": "", "CityCode": "", "Lat": "0", "Lon": "0", "Confirmed": 10683, "Deaths": 176, "Recovered": 5689, "Active": 4818, "Date": "2020-10-15T00:00:00Z"}, {"Country": "Slovenia", "CountryCode": "", "Province": "", "City": "", "CityCode": "", "Lat": "0", "Lon": "0", "Confirmed": 11517, "Deaths": 180, "Recovered": 5924, "Active": 5413, "Date": "2020-10-16T00:00:00Z"}, {"Country": "Slovenia", "CountryCode": "", "Province": "", "City": "", "CityCode": "", "Lat": "0", "Lon": "0", "Confirmed": 12416, "Deaths": 184, "Recovered": 6148, "Active": 6084, "Date": "2020-10-17T00:00:00Z"}, {"Country": "Slovenia", "CountryCode": "", "Province": "", "City": "", "CityCode": "", "Lat": "0", "Lon": "0", "Confirmed": 13142, "Deaths": 188, "Recovered": 6313, "Active": 6641, "Date": "2020-10-18T00:00:00Z"}, {"Country": "Slovenia", "CountryCode": "", "Province": "", "City": "", "CityCode": "", "Lat": "0", "Lon": "0", "Confirmed": 13679, "Deaths": 190, "Recovered": 6385, "Active": 7104, "Date": "2020-10-19T00:00:00Z"}, {"Country": "Slovenia", "CountryCode": "", "Province": "", "City": "", "CityCode": "", "Lat": "0", "Lon": "0", "Confirmed": 14473, "Deaths": 192, "Recovered": 6572, "Active": 7709, "Date": "2020-10-20T00:00:00Z"}, {"Country": "Slovenia", "CountryCode": "", "Province": "", "City": "", "CityCode": "", "Lat": "0", "Lon": "0", "Confirmed": 15982, "Deaths": 200, "Recovered": 6922, "Active": 8860, "Date": "2020-10-21T00:00:00Z"}, {"Country": "Slovenia", "CountryCode": "", "Province": "", "City": "", "CityCode": "", "Lat": "0", "Lon": "0", "Confirmed": 17646, "Deaths": 211, "Recovered": 7299, "Active": 10136, "Date": "2020-10-22T00:00:00Z"}, {"Country": "Slovenia", "CountryCode": "", "Province": "", "City": "", "CityCode": "", "Lat": "0", "Lon": "0", "Confirmed": 19307, "Deaths": 214, "Recovered": 7659, "Active": 11434, "Date": "2020-10-23T00:00:00Z"}, {"Country": "Slovenia", "CountryCode": "", "Province": "", "City": "", "CityCode": "", "Lat": "0", "Lon": "0", "Confirmed": 21274, "Deaths": 235, "Recovered": 8018, "Active": 13021, "Date": "2020-10-24T00:00:00Z"}, {"Country": "Slovenia", "CountryCode": "", "Province": "", "City": "", "CityCode": "", "Lat": "0", "Lon": "0", "Confirmed": 22950, "Deaths": 240, "Recovered": 8424, "Active": 14286, "Date": "2020-10-25T00:00:00Z"}, {"Country": "Slovenia", "CountryCode": "", "Province": "", "City": "", "CityCode": "", "Lat": "0", "Lon": "0", "Confirmed": 24080, "Deaths": 251, "Recovered": 8582, "Active": 15247, "Date": "2020-10-26T00:00:00Z"}, {"Country": "Slovenia", "CountryCode": "", "Province": "", "City": "", "CityCode": "", "Lat": "0", "Lon": "0", "Confirmed": 25603, "Deaths": 264, "Recovered": 8968, "Active": 16371, "Date": "2020-10-27T00:00:00Z"}, {"Country": "Slovenia", "CountryCode": "", "Province": "", "City": "", "CityCode": "", "Lat": "0", "Lon": "0", "Confirmed": 28215, "Deaths": 278, "Recovered": 9667, "Active": 18270, "Date": "2020-10-28T00:00:00Z"}, {"Country": "Slovenia", "CountryCode": "", "Province": "", "City": "", "CityCode": "", "Lat": "0", "Lon": "0", "Confirmed": 30705, "Deaths": 292, "Recovered": 10401, "Active": 20012, "Date": "2020-10-29T00:00:00Z"}, {"Country": "Slovenia", "CountryCode": "", "Province": "", "City": "", "CityCode": "", "Lat": "0", "Lon": "0", "Confirmed": 32503, "Deaths": 315, "Recovered": 11208, "Active": 20980, "Date": "2020-10-30T00:00:00Z"}, {"Country": "Slovenia", "CountryCode": "", "Province": "", "City": "", "CityCode": "", "Lat": "0", "Lon": "0", "Confirmed": 34307, "Deaths": 338, "Recovered": 12091, "Active": 21878, "Date": "2020-10-31T00:00:00Z"}, {"Country": "Slovenia", "CountryCode": "", "Province": "", "City": "", "CityCode": "", "Lat": "0", "Lon": "0", "Confirmed": 35649, "Deaths": 363, "Recovered": 12785, "Active": 22501, "Date": "2020-11-01T00:00:00Z"}, {"Country": "Slovenia", "CountryCode": "", "Province": "", "City": "", "CityCode": "", "Lat": "0", "Lon": "0", "Confirmed": 36206, "Deaths": 388, "Recovered": 13297, "Active": 22521, "Date": "2020-11-02T00:00:00Z"}, {"Country": "Slovenia", "CountryCode": "", "Province": "", "City": "", "CityCode": "", "Lat": "0", "Lon": "0", "Confirmed": 37382, "Deaths": 412, "Recovered": 14074, "Active": 22896, "Date": "2020-11-03T00:00:00Z"}, {"Country": "Slovenia", "CountryCode": "", "Province": "", "City": "", "CityCode": "", "Lat": "0", "Lon": "0", "Confirmed": 39408, "Deaths": 441, "Recovered": 15550, "Active": 23417, "Date": "2020-11-04T00:00:00Z"}, {"Country": "Slovenia", "CountryCode": "", "Province": "", "City": "", "CityCode": "", "Lat": "0", "Lon": "0", "Confirmed": 41094, "Deaths": 471, "Recovered": 17190, "Active": 23433, "Date": "2020-11-05T00:00:00Z"}, {"Country": "Slovenia", "CountryCode": "", "Province": "", "City": "", "CityCode": "", "Lat": "0", "Lon": "0", "Confirmed": 42658, "Deaths": 497, "Recovered": 18825, "Active": 23336, "Date": "2020-11-06T00:00:00Z"}, {"Country": "Slovenia", "CountryCode": "", "Province": "", "City": "", "CityCode": "", "Lat": "0", "Lon": "0", "Confirmed": 44270, "Deaths": 531, "Recovered": 20767, "Active": 22972, "Date": "2020-11-07T00:00:00Z"}, {"Country": "Slovenia", "CountryCode": "", "Province": "", "City": "", "CityCode": "", "Lat": "0", "Lon": "0", "Confirmed": 45161, "Deaths": 554, "Recovered": 22443, "Active": 22164, "Date": "2020-11-08T00:00:00Z"}, {"Country": "Slovenia", "CountryCode": "", "Province": "", "City": "", "CityCode": "", "Lat": "0", "Lon": "0", "Confirmed": 45625, "Deaths": 578, "Recovered": 23533, "Active": 21514, "Date": "2020-11-09T00:00:00Z"}, {"Country": "Slovenia", "CountryCode": "", "Province": "", "City": "", "CityCode": "", "Lat": "0", "Lon": "0", "Confirmed": 46717, "Deaths": 605, "Recovered": 25007, "Active": 21105, "Date": "2020-11-10T00:00:00Z"}, {"Country": "Slovenia", "CountryCode": "", "Province": "", "City": "", "CityCode": "", "Lat": "0", "Lon": "0", "Confirmed": 48939, "Deaths": 645, "Recovered": 27577, "Active": 20717, "Date": "2020-11-11T00:00:00Z"}, {"Country": "Slovenia", "CountryCode": "", "Province": "", "City": "", "CityCode": "", "Lat": "0", "Lon": "0", "Confirmed": 50870, "Deaths": 686, "Recovered": 30027, "Active": 20157, "Date": "2020-11-12T00:00:00Z"}, {"Country": "Slovenia", "CountryCode": "", "Province": "", "City": "", "CityCode": "", "Lat": "0", "Lon": "0", "Confirmed": 52385, "Deaths": 724, "Recovered": 31792, "Active": 19869, "Date": "2020-11-13T00:00:00Z"}, {"Country": "Slovenia", "CountryCode": "", "Province": "", "City": "", "CityCode": "", "Lat": "0", "Lon": "0", "Confirmed": 54122, "Deaths": 765, "Recovered": 33548, "Active": 19809, "Date": "2020-11-14T00:00:00Z"}, {"Country": "Slovenia", "CountryCode": "", "Province": "", "City": "", "CityCode": "", "Lat": "0", "Lon": "0", "Confirmed": 55042, "Deaths": 797, "Recovered": 34864, "Active": 19381, "Date": "2020-11-15T00:00:00Z"}, {"Country": "Slovenia", "CountryCode": "", "Province": "", "City": "", "CityCode": "", "Lat": "0", "Lon": "0", "Confirmed": 55544, "Deaths": 831, "Recovered": 35387, "Active": 19326, "Date": "2020-11-16T00:00:00Z"}, {"Country": "Slovenia", "CountryCode": "", "Province": "", "City": "", "CityCode": "", "Lat": "0", "Lon": "0", "Confirmed": 56937, "Deaths": 876, "Recovered": 36519, "Active": 19542, "Date": "2020-11-17T00:00:00Z"}, {"Country": "Slovenia", "CountryCode": "", "Province": "", "City": "", "CityCode": "", "Lat": "0", "Lon": "0", "Confirmed": 58964, "Deaths": 919, "Recovered": 38507, "Active": 19538, "Date": "2020-11-18T00:00:00Z"}, {"Country": "Slovenia", "CountryCode": "", "Province": "", "City": "", "CityCode": "", "Lat": "0", "Lon": "0", "Confirmed": 61034, "Deaths": 964, "Recovered": 40153, "Active": 19917, "Date": "2020-11-19T00:00:00Z"}, {"Country": "Slovenia", "CountryCode": "", "Province": "", "City": "", "CityCode": "", "Lat": "0", "Lon": "0", "Confirmed": 62580, "Deaths": 995, "Recovered": 41691, "Active": 19894, "Date": "2020-11-20T00:00:00Z"}, {"Country": "Slovenia", "CountryCode": "", "Province": "", "City": "", "CityCode": "", "Lat": "0", "Lon": "0", "Confirmed": 64284, "Deaths": 1026, "Recovered": 43272, "Active": 19986, "Date": "2020-11-21T00:00:00Z"}, {"Country": "Slovenia", "CountryCode": "", "Province": "", "City": "", "CityCode": "", "Lat": "0", "Lon": "0", "Confirmed": 65308, "Deaths": 1052, "Recovered": 44137, "Active": 20119, "Date": "2020-11-22T00:00:00Z"}, {"Country": "Slovenia", "CountryCode": "", "Province": "", "City": "", "CityCode": "", "Lat": "0", "Lon": "0", "Confirmed": 65778, "Deaths": 1097, "Recovered": 44558, "Active": 20123, "Date": "2020-11-23T00:00:00Z"}, {"Country": "Slovenia", "CountryCode": "", "Province": "", "City": "", "CityCode": "", "Lat": "0", "Lon": "0", "Confirmed": 67080, "Deaths": 1156, "Recovered": 45587, "Active": 20337, "Date": "2020-11-24T00:00:00Z"}, {"Country": "Slovenia", "CountryCode": "", "Province": "", "City": "", "CityCode": "", "Lat": "0", "Lon": "0", "Confirmed": 69306, "Deaths": 1199, "Recovered": 47770, "Active": 20337, "Date": "2020-11-25T00:00:00Z"}, {"Country": "Slovenia", "CountryCode": "", "Province": "", "City": "", "CityCode": "", "Lat": "0", "Lon": "0", "Confirmed": 71073, "Deaths": 1245, "Recovered": 49654, "Active": 20174, "Date": "2020-11-26T00:00:00Z"}, {"Country": "Slovenia", "CountryCode": "", "Province": "", "City": "", "CityCode": "", "Lat": "0", "Lon": "0", "Confirmed": 72674, "Deaths": 1293, "Recovered": 51121, "Active": 20260, "Date": "2020-11-27T00:00:00Z"}, {"Country": "Slovenia", "CountryCode": "", "Province": "", "City": "", "CityCode": "", "Lat": "0", "Lon": "0", "Confirmed": 74257, "Deaths": 1336, "Recovered": 52814, "Active": 20107, "Date": "2020-11-28T00:00:00Z"}, {"Country": "Slovenia", "CountryCode": "", "Province": "", "City": "", "CityCode": "", "Lat": "0", "Lon": "0", "Confirmed": 75381, "Deaths": 1384, "Recovered": 53687, "Active": 20310, "Date": "2020-11-29T00:00:00Z"}, {"Country": "Slovenia", "CountryCode": "", "Province": "", "City": "", "CityCode": "", "Lat": "0", "Lon": "0", "Confirmed": 75814, "Deaths": 1435, "Recovered": 54138, "Active": 20241, "Date": "2020-11-30T00:00:00Z"}, {"Country": "Slovenia", "CountryCode": "", "Province": "", "City": "", "CityCode": "", "Lat": "0", "Lon": "0", "Confirmed": 77135, "Deaths": 1490, "Recovered": 55476, "Active": 20169, "Date": "2020-12-01T00:00:00Z"}, {"Country": "Slovenia", "CountryCode": "", "Province": "", "City": "", "CityCode": "", "Lat": "0", "Lon": "0", "Confirmed": 79566, "Deaths": 1547, "Recovered": 57447, "Active": 20572, "Date": "2020-12-02T00:00:00Z"}, {"Country": "Slovenia", "CountryCode": "", "Province": "", "City": "", "CityCode": "", "Lat": "0", "Lon": "0", "Confirmed": 81349, "Deaths": 1592, "Recovered": 59469, "Active": 20288, "Date": "2020-12-03T00:00:00Z"}, {"Country": "Slovenia", "CountryCode": "", "Province": "", "City": "", "CityCode": "", "Lat": "0", "Lon": "0", "Confirmed": 83133, "Deaths": 1653, "Recovered": 60957, "Active": 20523, "Date": "2020-12-04T00:00:00Z"}, {"Country": "Slovenia", "CountryCode": "", "Province": "", "City": "", "CityCode": "", "Lat": "0", "Lon": "0", "Confirmed": 84775, "Deaths": 1700, "Recovered": 62600, "Active": 20475, "Date": "2020-12-05T00:00:00Z"}, {"Country": "Slovenia", "CountryCode": "", "Province": "", "City": "", "CityCode": "", "Lat": "0", "Lon": "0", "Confirmed": 85805, "Deaths": 1744, "Recovered": 63580, "Active": 20481, "Date": "2020-12-06T00:00:00Z"}, {"Country": "Slovenia", "CountryCode": "", "Province": "", "City": "", "CityCode": "", "Lat": "0", "Lon": "0", "Confirmed": 86288, "Deaths": 1796, "Recovered": 63999, "Active": 20493, "Date": "2020-12-07T00:00:00Z"}, {"Country": "Slovenia", "CountryCode": "", "Province": "", "City": "", "CityCode": "", "Lat": "0", "Lon": "0", "Confirmed": 87936, "Deaths": 1862, "Recovered": 65240, "Active": 20834, "Date": "2020-12-08T00:00:00Z"}, {"Country": "Slovenia", "CountryCode": "", "Province": "", "City": "", "CityCode": "", "Lat": "0", "Lon": "0", "Confirmed": 90075, "Deaths": 1900, "Recovered": 67437, "Active": 20738, "Date": "2020-12-09T00:00:00Z"}, {"Country": "Slovenia", "CountryCode": "", "Province": "", "City": "", "CityCode": "", "Lat": "0", "Lon": "0", "Confirmed": 91922, "Deaths": 1949, "Recovered": 69170, "Active": 20803, "Date": "2020-12-10T00:00:00Z"}, {"Country": "Slovenia", "CountryCode": "", "Province": "", "City": "", "CityCode": "", "Lat": "0", "Lon": "0", "Confirmed": 93737, "Deaths": 1998, "Recovered": 70733, "Active": 21006, "Date": "2020-12-11T00:00:00Z"}, {"Country": "Slovenia", "CountryCode": "", "Province": "", "City": "", "CityCode": "", "Lat": "0", "Lon": "0", "Confirmed": 95481, "Deaths": 2041, "Recovered": 72290, "Active": 21150, "Date": "2020-12-12T00:00:00Z"}, {"Country": "Slovenia", "CountryCode": "", "Province": "", "City": "", "CityCode": "", "Lat": "0", "Lon": "0", "Confirmed": 96314, "Deaths": 2063, "Recovered": 73377, "Active": 20874, "Date": "2020-12-13T00:00:00Z"}, {"Country": "Slovenia", "CountryCode": "", "Province": "", "City": "", "CityCode": "", "Lat": "0", "Lon": "0", "Confirmed": 96745, "Deaths": 2107, "Recovered": 73760, "Active": 20878, "Date": "2020-12-14T00:00:00Z"}, {"Country": "Slovenia", "CountryCode": "", "Province": "", "City": "", "CityCode": "", "Lat": "0", "Lon": "0", "Confirmed": 98281, "Deaths": 2149, "Recovered": 75017, "Active": 21115, "Date": "2020-12-15T00:00:00Z"}, {"Country": "Slovenia", "CountryCode": "", "Province": "", "City": "", "CityCode": "", "Lat": "0", "Lon": "0", "Confirmed": 100401, "Deaths": 2190, "Recovered": 77453, "Active": 20758, "Date": "2020-12-16T00:00:00Z"}, {"Country": "Slovenia", "CountryCode": "", "Province": "", "City": "", "CityCode": "", "Lat": "0", "Lon": "0", "Confirmed": 102043, "Deaths": 2233, "Recovered": 79193, "Active": 20617, "Date": "2020-12-17T00:00:00Z"}, {"Country": "Slovenia", "CountryCode": "", "Province": "", "City": "", "CityCode": "", "Lat": "0", "Lon": "0", "Confirmed": 103555, "Deaths": 2274, "Recovered": 80935, "Active": 20346, "Date": "2020-12-18T00:00:00Z"}, {"Country": "Slovenia", "CountryCode": "", "Province": "", "City": "", "CityCode": "", "Lat": "0", "Lon": "0", "Confirmed": 105013, "Deaths": 2314, "Recovered": 82541, "Active": 20158, "Date": "2020-12-19T00:00:00Z"}, {"Country": "Slovenia", "CountryCode": "", "Province": "", "City": "", "CityCode": "", "Lat": "0", "Lon": "0", "Confirmed": 105899, "Deaths": 2353, "Recovered": 83536, "Active": 20010, "Date": "2020-12-20T00:00:00Z"}, {"Country": "Slovenia", "CountryCode": "", "Province": "", "City": "", "CityCode": "", "Lat": "0", "Lon": "0", "Confirmed": 106294, "Deaths": 2379, "Recovered": 83977, "Active": 19938, "Date": "2020-12-21T00:00:00Z"}, {"Country": "Slovenia", "CountryCode": "", "Province": "", "City": "", "CityCode": "", "Lat": "0", "Lon": "0", "Confirmed": 107805, "Deaths": 2418, "Recovered": 87960, "Active": 17427, "Date": "2020-12-22T00:00:00Z"}, {"Country": "Slovenia", "CountryCode": "", "Province": "", "City": "", "CityCode": "", "Lat": "0", "Lon": "0", "Confirmed": 109934, "Deaths": 2454, "Recovered": 90100, "Active": 17380, "Date": "2020-12-23T00:00:00Z"}, {"Country": "Slovenia", "CountryCode": "", "Province": "", "City": "", "CityCode": "", "Lat": "0", "Lon": "0", "Confirmed": 112021, "Deaths": 2479, "Recovered": 91952, "Active": 17590, "Date": "2020-12-24T00:00:00Z"}, {"Country": "Slovenia", "CountryCode": "", "Province": "", "City": "", "CityCode": "", "Lat": "0", "Lon": "0", "Confirmed": 113815, "Deaths": 2507, "Recovered": 91952, "Active": 19356, "Date": "2020-12-25T00:00:00Z"}, {"Country": "Slovenia", "CountryCode": "", "Province": "", "City": "", "CityCode": "", "Lat": "0", "Lon": "0", "Confirmed": 114184, "Deaths": 2532, "Recovered": 92986, "Active": 18666, "Date": "2020-12-26T00:00:00Z"}, {"Country": "Slovenia", "CountryCode": "", "Province": "", "City": "", "CityCode": "", "Lat": "0", "Lon": "0", "Confirmed": 114806, "Deaths": 2565, "Recovered": 93787, "Active": 18454, "Date": "2020-12-27T00:00:00Z"}, {"Country": "Slovenia", "CountryCode": "", "Province": "", "City": "", "CityCode": "", "Lat": "0", "Lon": "0", "Confirmed": 115327, "Deaths": 2595, "Recovered": 94191, "Active": 18541, "Date": "2020-12-28T00:00:00Z"}, {"Country": "Slovenia", "CountryCode": "", "Province": "", "City": "", "CityCode": "", "Lat": "0", "Lon": "0", "Confirmed": 117305, "Deaths": 2631, "Recovered": 95688, "Active": 18986, "Date": "2020-12-29T00:00:00Z"}, {"Country": "Slovenia", "CountryCode": "", "Province": "", "City": "", "CityCode": "", "Lat": "0", "Lon": "0", "Confirmed": 119740, "Deaths": 2665, "Recovered": 97766, "Active": 19309, "Date": "2020-12-30T00:00:00Z"}, {"Country": "Slovenia", "CountryCode": "", "Province": "", "City": "", "CityCode": "", "Lat": "0", "Lon": "0", "Confirmed": 122152, "Deaths": 2697, "Recovered": 99382, "Active": 20073, "Date": "2020-12-31T00:00:00Z"}, {"Country": "Slovenia", "CountryCode": "", "Province": "", "City": "", "CityCode": "", "Lat": "0", "Lon": "0", "Confirmed": 123950, "Deaths": 2728, "Recovered": 100868, "Active": 20354, "Date": "2021-01-01T00:00:00Z"}, {"Country": "Slovenia", "CountryCode": "", "Province": "", "City": "", "CityCode": "", "Lat": "0", "Lon": "0", "Confirmed": 124343, "Deaths": 2774, "Recovered": 102252, "Active": 19317, "Date": "2021-01-02T00:00:00Z"}, {"Country": "Slovenia", "CountryCode": "", "Province": "", "City": "", "CityCode": "", "Lat": "0", "Lon": "0", "Confirmed": 125086, "Deaths": 2803, "Recovered": 103107, "Active": 19176, "Date": "2021-01-03T00:00:00Z"}, {"Country": "Slovenia", "CountryCode": "", "Province": "", "City": "", "CityCode": "", "Lat": "0", "Lon": "0", "Confirmed": 125858, "Deaths": 2838, "Recovered": 103467, "Active": 19553, "Date": "2021-01-04T00:00:00Z"}, {"Country": "Slovenia", "CountryCode": "", "Province": "", "City": "", "CityCode": "", "Lat": "0", "Lon": "0", "Confirmed": 128370, "Deaths": 2868, "Recovered": 104988, "Active": 20514, "Date": "2021-01-05T00:00:00Z"}, {"Country": "Slovenia", "CountryCode": "", "Province": "", "City": "", "CityCode": "", "Lat": "0", "Lon": "0", "Confirmed": 131724, "Deaths": 2899, "Recovered": 107103, "Active": 21722, "Date": "2021-01-06T00:00:00Z"}, {"Country": "Slovenia", "CountryCode": "", "Province": "", "City": "", "CityCode": "", "Lat": "0", "Lon": "0", "Confirmed": 134545, "Deaths": 2922, "Recovered": 109148, "Active": 22475, "Date": "2021-01-07T00:00:00Z"}, {"Country": "Slovenia", "CountryCode": "", "Province": "", "City": "", "CityCode": "", "Lat": "0", "Lon": "0", "Confirmed": 136629, "Deaths": 2947, "Recovered": 110925, "Active": 22757, "Date": "2021-01-08T00:00:00Z"}, {"Country": "Slovenia", "CountryCode": "", "Province": "", "City": "", "CityCode": "", "Lat": "0", "Lon": "0", "Confirmed": 138518, "Deaths": 2973, "Recovered": 111269, "Active": 24276, "Date": "2021-01-09T00:00:00Z"}, {"Country": "Slovenia", "CountryCode": "", "Province": "", "City": "", "CityCode": "", "Lat": "0", "Lon": "0", "Confirmed": 139281, "Deaths": 2998, "Recovered": 111864, "Active": 24419, "Date": "2021-01-10T00:00:00Z"}, {"Country": "Slovenia", "CountryCode": "", "Province": "", "City": "", "CityCode": "", "Lat": "0", "Lon": "0", "Confirmed": 139713, "Deaths": 3022, "Recovered": 112371, "Active": 24320, "Date": "2021-01-11T00:00:00Z"}, {"Country": "Slovenia", "CountryCode": "", "Province": "", "City": "", "CityCode": "", "Lat": "0", "Lon": "0", "Confirmed": 141587, "Deaths": 3053, "Recovered": 114330, "Active": 24204, "Date": "2021-01-12T00:00:00Z"}, {"Country": "Slovenia", "CountryCode": "", "Province": "", "City": "", "CityCode": "", "Lat": "0", "Lon": "0", "Confirmed": 143679, "Deaths": 3070, "Recovered": 116745, "Active": 23864, "Date": "2021-01-13T00:00:00Z"}, {"Country": "Slovenia", "CountryCode": "", "Province": "", "City": "", "CityCode": "", "Lat": "0", "Lon": "0", "Confirmed": 145472, "Deaths": 3093, "Recovered": 119149, "Active": 23230, "Date": "2021-01-14T00:00:00Z"}, {"Country": "Slovenia", "CountryCode": "", "Province": "", "City": "", "CityCode": "", "Lat": "0", "Lon": "0", "Confirmed": 147016, "Deaths": 3121, "Recovered": 120894, "Active": 23001, "Date": "2021-01-15T00:00:00Z"}, {"Country": "Slovenia", "CountryCode": "", "Province": "", "City": "", "CityCode": "", "Lat": "0", "Lon": "0", "Confirmed": 148556, "Deaths": 3140, "Recovered": 121288, "Active": 24128, "Date": "2021-01-16T00:00:00Z"}, {"Country": "Slovenia", "CountryCode": "", "Province": "", "City": "", "CityCode": "", "Lat": "0", "Lon": "0", "Confirmed": 149125, "Deaths": 3180, "Recovered": 122008, "Active": 23937, "Date": "2021-01-17T00:00:00Z"}, {"Country": "Slovenia", "CountryCode": "", "Province": "", "City": "", "CityCode": "", "Lat": "0", "Lon": "0", "Confirmed": 149424, "Deaths": 3206, "Recovered": 122745, "Active": 23473, "Date": "2021-01-18T00:00:00Z"}, {"Country": "Slovenia", "CountryCode": "", "Province": "", "City": "", "CityCode": "", "Lat": "0", "Lon": "0", "Confirmed": 151137, "Deaths": 3231, "Recovered": 125315, "Active": 22591, "Date": "2021-01-19T00:00:00Z"}, {"Country": "Slovenia", "CountryCode": "", "Province": "", "City": "", "CityCode": "", "Lat": "0", "Lon": "0", "Confirmed": 152851, "Deaths": 3257, "Recovered": 128709, "Active": 20885, "Date": "2021-01-20T00:00:00Z"}, {"Country": "Slovenia", "CountryCode": "", "Province": "", "City": "", "CityCode": "", "Lat": "0", "Lon": "0", "Confirmed": 154306, "Deaths": 3284, "Recovered": 131377, "Active": 19645, "Date": "2021-01-21T00:00:00Z"}, {"Country": "Slovenia", "CountryCode": "", "Province": "", "City": "", "CityCode": "", "Lat": "0", "Lon": "0", "Confirmed": 155752, "Deaths": 3309, "Recovered": 133428, "Active": 19015, "Date": "2021-01-22T00:00:00Z"}, {"Country": "Slovenia", "CountryCode": "", "Province": "", "City": "", "CityCode": "", "Lat": "0", "Lon": "0", "Confirmed": 157293, "Deaths": 3329, "Recovered": 135262, "Active": 18702, "Date": "2021-01-23T00:00:00Z"}, {"Country": "Slovenia", "CountryCode": "", "Province": "", "City": "", "CityCode": "", "Lat": "0", "Lon": "0", "Confirmed": 157830, "Deaths": 3360, "Recovered": 135993, "Active": 18477, "Date": "2021-01-24T00:00:00Z"}, {"Country": "Slovenia", "CountryCode": "", "Province": "", "City": "", "CityCode": "", "Lat": "0", "Lon": "0", "Confirmed": 158131, "Deaths": 3379, "Recovered": 136402, "Active": 18350, "Date": "2021-01-25T00:00:00Z"}, {"Country": "Slovenia", "CountryCode": "", "Province": "", "City": "", "CityCode": "", "Lat": "0", "Lon": "0", "Confirmed": 159812, "Deaths": 3406, "Recovered": 138272, "Active": 18134, "Date": "2021-01-26T00:00:00Z"}, {"Country": "Slovenia", "CountryCode": "", "Province": "", "City": "", "CityCode": "", "Lat": "0", "Lon": "0", "Confirmed": 161662, "Deaths": 3425, "Recovered": 140353, "Active": 17884, "Date": "2021-01-27T00:00:00Z"}, {"Country": "Slovenia", "CountryCode": "", "Province": "", "City": "", "CityCode": "", "Lat": "0", "Lon": "0", "Confirmed": 163235, "Deaths": 3448, "Recovered": 142134, "Active": 17653, "Date": "2021-01-28T00:00:00Z"}, {"Country": "Slovenia", "CountryCode": "", "Province": "", "City": "", "CityCode": "", "Lat": "0", "Lon": "0", "Confirmed": 164529, "Deaths": 3468, "Recovered": 143610, "Active": 17451, "Date": "2021-01-29T00:00:00Z"}, {"Country": "Slovenia", "CountryCode": "", "Province": "", "City": "", "CityCode": "", "Lat": "0", "Lon": "0", "Confirmed": 165887, "Deaths": 3490, "Recovered": 145156, "Active": 17241, "Date": "2021-01-30T00:00:00Z"}, {"Country": "Slovenia", "CountryCode": "", "Province": "", "City": "", "CityCode": "", "Lat": "0", "Lon": "0", "Confirmed": 166473, "Deaths": 3503, "Recovered": 145722, "Active": 17248, "Date": "2021-01-31T00:00:00Z"}, {"Country": "Slovenia", "CountryCode": "", "Province": "", "City": "", "CityCode": "", "Lat": "0", "Lon": "0", "Confirmed": 166836, "Deaths": 3522, "Recovered": 146003, "Active": 17311, "Date": "2021-02-01T00:00:00Z"}, {"Country": "Slovenia", "CountryCode": "", "Province": "", "City": "", "CityCode": "", "Lat": "0", "Lon": "0", "Confirmed": 168486, "Deaths": 3541, "Recovered": 147687, "Active": 17258, "Date": "2021-02-02T00:00:00Z"}, {"Country": "Slovenia", "CountryCode": "", "Province": "", "City": "", "CityCode": "", "Lat": "0", "Lon": "0", "Confirmed": 170101, "Deaths": 3564, "Recovered": 149385, "Active": 17152, "Date": "2021-02-03T00:00:00Z"}, {"Country": "Slovenia", "CountryCode": "", "Province": "", "City": "", "CityCode": "", "Lat": "0", "Lon": "0", "Confirmed": 171340, "Deaths": 3580, "Recovered": 150860, "Active": 16900, "Date": "2021-02-04T00:00:00Z"}, {"Country": "Slovenia", "CountryCode": "", "Province": "", "City": "", "CityCode": "", "Lat": "0", "Lon": "0", "Confirmed": 172299, "Deaths": 3595, "Recovered": 152290, "Active": 16414, "Date": "2021-02-05T00:00:00Z"}, {"Country": "Slovenia", "CountryCode": "", "Province": "", "City": "", "CityCode": "", "Lat": "0", "Lon": "0", "Confirmed": 173201, "Deaths": 3612, "Recovered": 153791, "Active": 15798, "Date": "2021-02-06T00:00:00Z"}, {"Country": "Slovenia", "CountryCode": "", "Province": "", "City": "", "CityCode": "", "Lat": "0", "Lon": "0", "Confirmed": 173702, "Deaths": 3623, "Recovered": 154321, "Active": 15758, "Date": "2021-02-07T00:00:00Z"}, {"Country": "Slovenia", "CountryCode": "", "Province": "", "City": "", "CityCode": "", "Lat": "0", "Lon": "0", "Confirmed": 174000, "Deaths": 3635, "Recovered": 154607, "Active": 15758, "Date": "2021-02-08T00:00:00Z"}, {"Country": "Slovenia", "CountryCode": "", "Province": "", "City": "", "CityCode": "", "Lat": "0", "Lon": "0", "Confirmed": 174364, "Deaths": 3654, "Recovered": 156266, "Active": 14444, "Date": "2021-02-09T00:00:00Z"}, {"Country": "Slovenia", "CountryCode": "", "Province": "", "City": "", "CityCode": "", "Lat": "0", "Lon": "0", "Confirmed": 175795, "Deaths": 3667, "Recovered": 158128, "Active": 14000, "Date": "2021-02-10T00:00:00Z"}, {"Country": "Slovenia", "CountryCode": "", "Province": "", "City": "", "CityCode": "", "Lat": "0", "Lon": "0", "Confirmed": 177140, "Deaths": 3677, "Recovered": 159657, "Active": 13806, "Date": "2021-02-11T00:00:00Z"}, {"Country": "Slovenia", "CountryCode": "", "Province": "", "City": "", "CityCode": "", "Lat": "0", "Lon": "0", "Confirmed": 178133, "Deaths": 3692, "Recovered": 160953, "Active": 13488, "Date": "2021-02-12T00:00:00Z"}, {"Country": "Slovenia", "CountryCode": "", "Province": "", "City": "", "CityCode": "", "Lat": "0", "Lon": "0", "Confirmed": 179148, "Deaths": 3705, "Recovered": 162248, "Active": 13195, "Date": "2021-02-13T00:00:00Z"}, {"Country": "Slovenia", "CountryCode": "", "Province": "", "City": "", "CityCode": "", "Lat": "0", "Lon": "0", "Confirmed": 179477, "Deaths": 3717, "Recovered": 162824, "Active": 12936, "Date": "2021-02-14T00:00:00Z"}, {"Country": "Slovenia", "CountryCode": "", "Province": "", "City": "", "CityCode": "", "Lat": "0", "Lon": "0", "Confirmed": 179780, "Deaths": 3728, "Recovered": 163162, "Active": 12890, "Date": "2021-02-15T00:00:00Z"}, {"Country": "Slovenia", "CountryCode": "", "Province": "", "City": "", "CityCode": "", "Lat": "0", "Lon": "0", "Confirmed": 180520, "Deaths": 3733, "Recovered": 164676, "Active": 12111, "Date": "2021-02-16T00:00:00Z"}, {"Country": "Slovenia", "CountryCode": "", "Province": "", "City": "", "CityCode": "", "Lat": "0", "Lon": "0", "Confirmed": 181606, "Deaths": 3745, "Recovered": 166220, "Active": 11641, "Date": "2021-02-17T00:00:00Z"}, {"Country": "Slovenia", "CountryCode": "", "Province": "", "City": "", "CityCode": "", "Lat": "0", "Lon": "0", "Confirmed": 182484, "Deaths": 3755, "Recovered": 167477, "Active": 11252, "Date": "2021-02-18T00:00:00Z"}, {"Country": "Slovenia", "CountryCode": "", "Province": "", "City": "", "CityCode": "", "Lat": "0", "Lon": "0", "Confirmed": 183396, "Deaths": 3762, "Recovered": 168432, "Active": 11202, "Date": "2021-02-19T00:00:00Z"}, {"Country": "Slovenia", "CountryCode": "", "Province": "", "City": "", "CityCode": "", "Lat": "0", "Lon": "0", "Confirmed": 184352, "Deaths": 3769, "Recovered": 169406, "Active": 11177, "Date": "2021-02-20T00:00:00Z"}, {"Country": "Slovenia", "CountryCode": "", "Province": "", "City": "", "CityCode": "", "Lat": "0", "Lon": "0", "Confirmed": 184767, "Deaths": 3776, "Recovered": 169896, "Active": 11095, "Date": "2021-02-21T00:00:00Z"}, {"Country": "Slovenia", "CountryCode": "", "Province": "", "City": "", "CityCode": "", "Lat": "0", "Lon": "0", "Confirmed": 185014, "Deaths": 3784, "Recovered": 170198, "Active": 11032, "Date": "2021-02-22T00:00:00Z"}, {"Country": "Slovenia", "CountryCode": "", "Province": "", "City": "", "CityCode": "", "Lat": "0", "Lon": "0", "Confirmed": 185916, "Deaths": 3792, "Recovered": 170527, "Active": 11597, "Date": "2021-02-23T00:00:00Z"}, {"Country": "Slovenia", "CountryCode": "", "Province": "", "City": "", "CityCode": "", "Lat": "0", "Lon": "0", "Confirmed": 187005, "Deaths": 3802, "Recovered": 171905, "Active": 11298, "Date": "2021-02-24T00:00:00Z"}, {"Country": "Slovenia", "CountryCode": "", "Province": "", "City": "", "CityCode": "", "Lat": "0", "Lon": "0", "Confirmed": 187762, "Deaths": 3809, "Recovered": 171905, "Active": 12048, "Date": "2021-02-25T00:00:00Z"}, {"Country": "Slovenia", "CountryCode": "", "Province": "", "City": "", "CityCode": "", "Lat": "0", "Lon": "0", "Confirmed": 188676, "Deaths": 3823, "Recovered": 171905, "Active": 12948, "Date": "2021-02-26T00:00:00Z"}, {"Country": "Slovenia", "CountryCode": "", "Province": "", "City": "", "CityCode": "", "Lat": "0", "Lon": "0", "Confirmed": 189627, "Deaths": 3836, "Recovered": 175210, "Active": 10581, "Date": "2021-02-27T00:00:00Z"}, {"Country": "Slovenia", "CountryCode": "", "Province": "", "City": "", "CityCode": "", "Lat": "0", "Lon": "0", "Confirmed": 190081, "Deaths": 3836, "Recovered": 175210, "Active": 11035, "Date": "2021-02-28T00:00:00Z"}, {"Country": "Slovenia", "CountryCode": "", "Province": "", "City": "", "CityCode": "", "Lat": "0", "Lon": "0", "Confirmed": 190324, "Deaths": 3854, "Recovered": 175210, "Active": 11260, "Date": "2021-03-01T00:00:00Z"}, {"Country": "Slovenia", "CountryCode": "", "Province": "", "City": "", "CityCode": "", "Lat": "0", "Lon": "0", "Confirmed": 191056, "Deaths": 3863, "Recovered": 175210, "Active": 11983, "Date": "2021-03-02T00:00:00Z"}, {"Country": "Slovenia", "CountryCode": "", "Province": "", "City": "", "CityCode": "", "Lat": "0", "Lon": "0", "Confirmed": 192266, "Deaths": 3874, "Recovered": 177641, "Active": 10751, "Date": "2021-03-03T00:00:00Z"}, {"Country": "Slovenia", "CountryCode": "", "Province": "", "City": "", "CityCode": "", "Lat": "0", "Lon": "0", "Confirmed": 193285, "Deaths": 3878, "Recovered": 178510, "Active": 10897, "Date": "2021-03-04T00:00:00Z"}, {"Country": "Slovenia", "CountryCode": "", "Province": "", "City": "", "CityCode": "", "Lat": "0", "Lon": "0", "Confirmed": 194165, "Deaths": 3882, "Recovered": 179414, "Active": 10869, "Date": "2021-03-05T00:00:00Z"}, {"Country": "Slovenia", "CountryCode": "", "Province": "", "City": "", "CityCode": "", "Lat": "0", "Lon": "0", "Confirmed": 195086, "Deaths": 3888, "Recovered": 180366, "Active": 10832, "Date": "2021-03-06T00:00:00Z"}, {"Country": "Slovenia", "CountryCode": "", "Province": "", "City": "", "CityCode": "", "Lat": "0", "Lon": "0", "Confirmed": 195468, "Deaths": 3891, "Recovered": 180366, "Active": 191577, "Date": "2021-03-07T00:00:00Z"}, {"Country": "Slovenia", "CountryCode": "", "Province": "", "City": "", "CityCode": "", "Lat": "0", "Lon": "0", "Confirmed": 195678, "Deaths": 3897, "Recovered": 181023, "Active": 10758, "Date": "2021-03-08T00:00:00Z"}, {"Country": "Slovenia", "CountryCode": "", "Province": "", "City": "", "CityCode": "", "Lat": "0", "Lon": "0", "Confirmed": 196421, "Deaths": 3904, "Recovered": 181915, "Active": 10602, "Date": "2021-03-09T00:00:00Z"}, {"Country": "Slovenia", "CountryCode": "", "Province": "", "City": "", "CityCode": "", "Lat": "0", "Lon": "0", "Confirmed": 197374, "Deaths": 3908, "Recovered": 183002, "Active": 10464, "Date": "2021-03-10T00:00:00Z"}, {"Country": "Slovenia", "CountryCode": "", "Province": "", "City": "", "CityCode": "", "Lat": "0", "Lon": "0", "Confirmed": 198234, "Deaths": 3918, "Recovered": 183848, "Active": 10468, "Date": "2021-03-11T00:00:00Z"}, {"Country": "Slovenia", "CountryCode": "", "Province": "", "City": "", "CityCode": "", "Lat": "0", "Lon": "0", "Confirmed": 199004, "Deaths": 3926, "Recovered": 184753, "Active": 10325, "Date": "2021-03-12T00:00:00Z"}, {"Country": "Slovenia", "CountryCode": "", "Province": "", "City": "", "CityCode": "", "Lat": "0", "Lon": "0", "Confirmed": 199854, "Deaths": 3929, "Recovered": 185698, "Active": 10227, "Date": "2021-03-13T00:00:00Z"}]