[{"Country": "Slovakia", "CountryCode": "", "Province": "", "City": "", "CityCode": "", "Lat": "0", "Lon": "0", "Confirmed": 1, "Deaths": 0, "Recovered": 0, "Active": 1, "Date": "2020-03-06T00:00:00Z"}, {"Country": "Slovakia", "CountryCode": "", "Province": "", "City": "", "CityCode": "", "Lat": "0", "Lon": "0", "Confirmed": 1, "Deaths": 0, "Recovered": 0, "Active": 1, "Date": "2020-03-07T00:00:00Z"}, {"Country": "Slovakia", "CountryCode": "", "Province": "", "City": "", "CityCode": "", "Lat": "0", "Lon": "0", "Confirmed": 3, "Deaths": 0, "Recovered": 0, "Active": 3, "Date": "2020-03-08T00:00:00Z"}, {"Country": "Slovakia", "CountryCode": "", "Province": "", "City": "", "CityCode": "", "Lat": "0", "Lon": "0", "Confirmed": 3, "Deaths": 0, "Recovered": 0, "Active": 3, "Date": "2020-03-09T00:00:00Z"}, {"Country": "Slovakia", "CountryCode": "", "Province": "", "City": "", "CityCode": "", "Lat": "0", "Lon": "0", "Confirmed": 7, "Deaths": 0, "Recovered": 0, "Active": 7, "Date": "2020-03-10T00:00:00Z"}, {"Country": "Slovakia", "CountryCode": "", "Province": "", "City": "", "CityCode": "", "Lat": "0", "Lon": "0", "Confirmed": 10, "Deaths": 0, "Recovered": 0, "Active": 10, "Date": "2020-03-11T00:00:00Z"}, {"Country": "Slovakia", "CountryCode": "", "Province": "", "City": "", "CityCode": "", "Lat": "0", "Lon": "0", "Confirmed": 16, "Deaths": 0, "Recovered": 0, "Active": 16, "Date": "2020-03-12T00:00:00Z"}, {"Country": "Slovakia", "CountryCode": "", "Province": "", "City": "", "CityCode": "", "Lat": "0", "Lon": "0", "Confirmed": 32, "Deaths": 0, "Recovered": 0, "Active": 32, "Date": "2020-03-13T00:00:00Z"}, {"Country": "Slovakia", "CountryCode": "", "Province": "", "City": "", "CityCode": "", "Lat": "0", "Lon": "0", "Confirmed": 44, "Deaths": 0, "Recovered": 0, "Active": 44, "Date": "2020-03-14T00:00:00Z"}, {"Country": "Slovakia", "CountryCode": "", "Province": "", "City": "", "CityCode": "", "Lat": "0", "Lon": "0", "Confirmed": 54, "Deaths": 0, "Recovered": 0, "Active": 54, "Date": "2020-03-15T00:00:00Z"}, {"Country": "Slovakia", "CountryCode": "", "Province": "", "City": "", "CityCode": "", "Lat": "0", "Lon": "0", "Confirmed": 63, "Deaths": 0, "Recovered": 0, "Active": 63, "Date": "2020-03-16T00:00:00Z"}, {"Country": "Slovakia", "CountryCode": "", "Province": "", "City": "", "CityCode": "", "Lat": "0", "Lon": "0", "Confirmed": 72, "Deaths": 0, "Recovered": 0, "Active": 72, "Date": "2020-03-17T00:00:00Z"}, {"Country": "Slovakia", "CountryCode": "", "Province": "", "City": "", "CityCode": "", "Lat": "0", "Lon": "0", "Confirmed": 105, "Deaths": 1, "Recovered": 0, "Active": 104, "Date": "2020-03-18T00:00:00Z"}, {"Country": "Slovakia", "CountryCode": "", "Province": "", "City": "", "CityCode": "", "Lat": "0", "Lon": "0", "Confirmed": 123, "Deaths": 1, "Recovered": 0, "Active": 122, "Date": "2020-03-19T00:00:00Z"}, {"Country": "Slovakia", "CountryCode": "", "Province": "", "City": "", "CityCode": "", "Lat": "0", "Lon": "0", "Confirmed": 137, "Deaths": 1, "Recovered": 0, "Active": 136, "Date": "2020-03-20T00:00:00Z"}, {"Country": "Slovakia", "CountryCode": "", "Province": "", "City": "", "CityCode": "", "Lat": "0", "Lon": "0", "Confirmed": 178, "Deaths": 1, "Recovered": 0, "Active": 177, "Date": "2020-03-21T00:00:00Z"}, {"Country": "Slovakia", "CountryCode": "", "Province": "", "City": "", "CityCode": "", "Lat": "0", "Lon": "0", "Confirmed": 185, "Deaths": 0, "Recovered": 7, "Active": 178, "Date": "2020-03-22T00:00:00Z"}, {"Country": "Slovakia", "CountryCode": "", "Province": "", "City": "", "CityCode": "", "Lat": "0", "Lon": "0", "Confirmed": 186, "Deaths": 0, "Recovered": 7, "Active": 179, "Date": "2020-03-23T00:00:00Z"}, {"Country": "Slovakia", "CountryCode": "", "Province": "", "City": "", "CityCode": "", "Lat": "0", "Lon": "0", "Confirmed": 204, "Deaths": 0, "Recovered": 7, "Active": 197, "Date": "2020-03-24T00:00:00Z"}, {"Country": "Slovakia", "CountryCode": "", "Province": "", "City": "", "CityCode": "", "Lat": "0", "Lon": "0", "Confirmed": 216, "Deaths": 0, "Recovered": 7, "Active": 209, "Date": "2020-03-25T00:00:00Z"}, {"Country": "Slovakia", "CountryCode": "", "Province": "", "City": "", "CityCode": "", "Lat": "0", "Lon": "0", "Confirmed": 226, "Deaths": 0, "Recovered": 2, "Active": 224, "Date": "2020-03-26T00:00:00Z"}, {"Country": "Slovakia", "CountryCode": "", "Province": "", "City": "", "CityCode": "", "Lat": "0", "Lon": "0", "Confirmed": 269, "Deaths": 0, "Recovered": 2, "Active": 267, "Date": "2020-03-27T00:00:00Z"}, {"Country": "Slovakia", "CountryCode": "", "Province": "", "City": "", "CityCode": "", "Lat": "0", "Lon": "0", "Confirmed": 292, "Deaths": 0, "Recovered": 2, "Active": 290, "Date": "2020-03-28T00:00:00Z"}, {"Country": "Slovakia", "CountryCode": "", "Province": "", "City": "", "CityCode": "", "Lat": "0", "Lon": "0", "Confirmed": 314, "Deaths": 0, "Recovered": 2, "Active": 312, "Date": "2020-03-29T00:00:00Z"}, {"Country": "Slovakia", "CountryCode": "", "Province": "", "City": "", "CityCode": "", "Lat": "0", "Lon": "0", "Confirmed": 336, "Deaths": 0, "Recovered": 7, "Active": 329, "Date": "2020-03-30T00:00:00Z"}, {"Country": "Slovakia", "CountryCode": "", "Province": "", "City": "", "CityCode": "", "Lat": "0", "Lon": "0", "Confirmed": 363, "Deaths": 0, "Recovered": 3, "Active": 360, "Date": "2020-03-31T00:00:00Z"}, {"Country": "Slovakia", "CountryCode": "", "Province": "", "City": "", "CityCode": "", "Lat": "0", "Lon": "0", "Confirmed": 400, "Deaths": 1, "Recovered": 3, "Active": 396, "Date": "2020-04-01T00:00:00Z"}, {"Country": "Slovakia", "CountryCode": "", "Province": "", "City": "", "CityCode": "", "Lat": "0", "Lon": "0", "Confirmed": 426, "Deaths": 1, "Recovered": 5, "Active": 420, "Date": "2020-04-02T00:00:00Z"}, {"Country": "Slovakia", "CountryCode": "", "Province": "", "City": "", "CityCode": "", "Lat": "0", "Lon": "0", "Confirmed": 450, "Deaths": 1, "Recovered": 10, "Active": 439, "Date": "2020-04-03T00:00:00Z"}, {"Country": "Slovakia", "CountryCode": "", "Province": "", "City": "", "CityCode": "", "Lat": "0", "Lon": "0", "Confirmed": 471, "Deaths": 1, "Recovered": 10, "Active": 460, "Date": "2020-04-04T00:00:00Z"}, {"Country": "Slovakia", "CountryCode": "", "Province": "", "City": "", "CityCode": "", "Lat": "0", "Lon": "0", "Confirmed": 485, "Deaths": 1, "Recovered": 10, "Active": 474, "Date": "2020-04-05T00:00:00Z"}, {"Country": "Slovakia", "CountryCode": "", "Province": "", "City": "", "CityCode": "", "Lat": "0", "Lon": "0", "Confirmed": 534, "Deaths": 2, "Recovered": 8, "Active": 524, "Date": "2020-04-06T00:00:00Z"}, {"Country": "Slovakia", "CountryCode": "", "Province": "", "City": "", "CityCode": "", "Lat": "0", "Lon": "0", "Confirmed": 581, "Deaths": 2, "Recovered": 13, "Active": 566, "Date": "2020-04-07T00:00:00Z"}, {"Country": "Slovakia", "CountryCode": "", "Province": "", "City": "", "CityCode": "", "Lat": "0", "Lon": "0", "Confirmed": 682, "Deaths": 2, "Recovered": 16, "Active": 664, "Date": "2020-04-08T00:00:00Z"}, {"Country": "Slovakia", "CountryCode": "", "Province": "", "City": "", "CityCode": "", "Lat": "0", "Lon": "0", "Confirmed": 701, "Deaths": 2, "Recovered": 23, "Active": 676, "Date": "2020-04-09T00:00:00Z"}, {"Country": "Slovakia", "CountryCode": "", "Province": "", "City": "", "CityCode": "", "Lat": "0", "Lon": "0", "Confirmed": 715, "Deaths": 2, "Recovered": 23, "Active": 690, "Date": "2020-04-10T00:00:00Z"}, {"Country": "Slovakia", "CountryCode": "", "Province": "", "City": "", "CityCode": "", "Lat": "0", "Lon": "0", "Confirmed": 728, "Deaths": 2, "Recovered": 23, "Active": 703, "Date": "2020-04-11T00:00:00Z"}, {"Country": "Slovakia", "CountryCode": "", "Province": "", "City": "", "CityCode": "", "Lat": "0", "Lon": "0", "Confirmed": 742, "Deaths": 2, "Recovered": 23, "Active": 717, "Date": "2020-04-12T00:00:00Z"}, {"Country": "Slovakia", "CountryCode": "", "Province": "", "City": "", "CityCode": "", "Lat": "0", "Lon": "0", "Confirmed": 769, "Deaths": 2, "Recovered": 107, "Active": 660, "Date": "2020-04-13T00:00:00Z"}, {"Country": "Slovakia", "CountryCode": "", "Province": "", "City": "", "CityCode": "", "Lat": "0", "Lon": "0", "Confirmed": 835, "Deaths": 2, "Recovered": 113, "Active": 720, "Date": "2020-04-14T00:00:00Z"}, {"Country": "Slovakia", "CountryCode": "", "Province": "", "City": "", "CityCode": "", "Lat": "0", "Lon": "0", "Confirmed": 863, "Deaths": 6, "Recovered": 151, "Active": 706, "Date": "2020-04-15T00:00:00Z"}, {"Country": "Slovakia", "CountryCode": "", "Province": "", "City": "", "CityCode": "", "Lat": "0", "Lon": "0", "Confirmed": 977, "Deaths": 8, "Recovered": 167, "Active": 802, "Date": "2020-04-16T00:00:00Z"}, {"Country": "Slovakia", "CountryCode": "", "Province": "", "City": "", "CityCode": "", "Lat": "0", "Lon": "0", "Confirmed": 1049, "Deaths": 9, "Recovered": 175, "Active": 865, "Date": "2020-04-17T00:00:00Z"}, {"Country": "Slovakia", "CountryCode": "", "Province": "", "City": "", "CityCode": "", "Lat": "0", "Lon": "0", "Confirmed": 1089, "Deaths": 11, "Recovered": 213, "Active": 865, "Date": "2020-04-18T00:00:00Z"}, {"Country": "Slovakia", "CountryCode": "", "Province": "", "City": "", "CityCode": "", "Lat": "0", "Lon": "0", "Confirmed": 1161, "Deaths": 12, "Recovered": 229, "Active": 920, "Date": "2020-04-19T00:00:00Z"}, {"Country": "Slovakia", "CountryCode": "", "Province": "", "City": "", "CityCode": "", "Lat": "0", "Lon": "0", "Confirmed": 1173, "Deaths": 13, "Recovered": 251, "Active": 909, "Date": "2020-04-20T00:00:00Z"}, {"Country": "Slovakia", "CountryCode": "", "Province": "", "City": "", "CityCode": "", "Lat": "0", "Lon": "0", "Confirmed": 1199, "Deaths": 14, "Recovered": 258, "Active": 927, "Date": "2020-04-21T00:00:00Z"}, {"Country": "Slovakia", "CountryCode": "", "Province": "", "City": "", "CityCode": "", "Lat": "0", "Lon": "0", "Confirmed": 1244, "Deaths": 14, "Recovered": 284, "Active": 946, "Date": "2020-04-22T00:00:00Z"}, {"Country": "Slovakia", "CountryCode": "", "Province": "", "City": "", "CityCode": "", "Lat": "0", "Lon": "0", "Confirmed": 1325, "Deaths": 15, "Recovered": 288, "Active": 1022, "Date": "2020-04-23T00:00:00Z"}, {"Country": "Slovakia", "CountryCode": "", "Province": "", "City": "", "CityCode": "", "Lat": "0", "Lon": "0", "Confirmed": 1360, "Deaths": 17, "Recovered": 355, "Active": 988, "Date": "2020-04-24T00:00:00Z"}, {"Country": "Slovakia", "CountryCode": "", "Province": "", "City": "", "CityCode": "", "Lat": "0", "Lon": "0", "Confirmed": 1373, "Deaths": 17, "Recovered": 386, "Active": 970, "Date": "2020-04-25T00:00:00Z"}, {"Country": "Slovakia", "CountryCode": "", "Province": "", "City": "", "CityCode": "", "Lat": "0", "Lon": "0", "Confirmed": 1379, "Deaths": 18, "Recovered": 394, "Active": 967, "Date": "2020-04-26T00:00:00Z"}, {"Country": "Slovakia", "CountryCode": "", "Province": "", "City": "", "CityCode": "", "Lat": "0", "Lon": "0", "Confirmed": 1381, "Deaths": 18, "Recovered": 403, "Active": 960, "Date": "2020-04-27T00:00:00Z"}, {"Country": "Slovakia", "CountryCode": "", "Province": "", "City": "", "CityCode": "", "Lat": "0", "Lon": "0", "Confirmed": 1384, "Deaths": 20, "Recovered": 423, "Active": 941, "Date": "2020-04-28T00:00:00Z"}, {"Country": "Slovakia", "CountryCode": "", "Province": "", "City": "", "CityCode": "", "Lat": "0", "Lon": "0", "Confirmed": 1391, "Deaths": 22, "Recovered": 484, "Active": 885, "Date": "2020-04-29T00:00:00Z"}, {"Country": "Slovakia", "CountryCode": "", "Province": "", "City": "", "CityCode": "", "Lat": "0", "Lon": "0", "Confirmed": 1396, "Deaths": 23, "Recovered": 524, "Active": 849, "Date": "2020-04-30T00:00:00Z"}, {"Country": "Slovakia", "CountryCode": "", "Province": "", "City": "", "CityCode": "", "Lat": "0", "Lon": "0", "Confirmed": 1403, "Deaths": 23, "Recovered": 558, "Active": 822, "Date": "2020-05-01T00:00:00Z"}, {"Country": "Slovakia", "CountryCode": "", "Province": "", "City": "", "CityCode": "", "Lat": "0", "Lon": "0", "Confirmed": 1407, "Deaths": 24, "Recovered": 608, "Active": 775, "Date": "2020-05-02T00:00:00Z"}, {"Country": "Slovakia", "CountryCode": "", "Province": "", "City": "", "CityCode": "", "Lat": "0", "Lon": "0", "Confirmed": 1408, "Deaths": 24, "Recovered": 619, "Active": 765, "Date": "2020-05-03T00:00:00Z"}, {"Country": "Slovakia", "CountryCode": "", "Province": "", "City": "", "CityCode": "", "Lat": "0", "Lon": "0", "Confirmed": 1413, "Deaths": 25, "Recovered": 643, "Active": 745, "Date": "2020-05-04T00:00:00Z"}, {"Country": "Slovakia", "CountryCode": "", "Province": "", "City": "", "CityCode": "", "Lat": "0", "Lon": "0", "Confirmed": 1421, "Deaths": 25, "Recovered": 741, "Active": 655, "Date": "2020-05-05T00:00:00Z"}, {"Country": "Slovakia", "CountryCode": "", "Province": "", "City": "", "CityCode": "", "Lat": "0", "Lon": "0", "Confirmed": 1429, "Deaths": 25, "Recovered": 762, "Active": 642, "Date": "2020-05-06T00:00:00Z"}, {"Country": "Slovakia", "CountryCode": "", "Province": "", "City": "", "CityCode": "", "Lat": "0", "Lon": "0", "Confirmed": 1445, "Deaths": 26, "Recovered": 806, "Active": 613, "Date": "2020-05-07T00:00:00Z"}, {"Country": "Slovakia", "CountryCode": "", "Province": "", "City": "", "CityCode": "", "Lat": "0", "Lon": "0", "Confirmed": 1455, "Deaths": 26, "Recovered": 905, "Active": 524, "Date": "2020-05-08T00:00:00Z"}, {"Country": "Slovakia", "CountryCode": "", "Province": "", "City": "", "CityCode": "", "Lat": "0", "Lon": "0", "Confirmed": 1455, "Deaths": 26, "Recovered": 919, "Active": 510, "Date": "2020-05-09T00:00:00Z"}, {"Country": "Slovakia", "CountryCode": "", "Province": "", "City": "", "CityCode": "", "Lat": "0", "Lon": "0", "Confirmed": 1457, "Deaths": 26, "Recovered": 941, "Active": 490, "Date": "2020-05-10T00:00:00Z"}, {"Country": "Slovakia", "CountryCode": "", "Province": "", "City": "", "CityCode": "", "Lat": "0", "Lon": "0", "Confirmed": 1457, "Deaths": 26, "Recovered": 959, "Active": 472, "Date": "2020-05-11T00:00:00Z"}, {"Country": "Slovakia", "CountryCode": "", "Province": "", "City": "", "CityCode": "", "Lat": "0", "Lon": "0", "Confirmed": 1465, "Deaths": 27, "Recovered": 983, "Active": 455, "Date": "2020-05-12T00:00:00Z"}, {"Country": "Slovakia", "CountryCode": "", "Province": "", "City": "", "CityCode": "", "Lat": "0", "Lon": "0", "Confirmed": 1469, "Deaths": 27, "Recovered": 1060, "Active": 382, "Date": "2020-05-13T00:00:00Z"}, {"Country": "Slovakia", "CountryCode": "", "Province": "", "City": "", "CityCode": "", "Lat": "0", "Lon": "0", "Confirmed": 1477, "Deaths": 27, "Recovered": 1112, "Active": 338, "Date": "2020-05-14T00:00:00Z"}, {"Country": "Slovakia", "CountryCode": "", "Province": "", "City": "", "CityCode": "", "Lat": "0", "Lon": "0", "Confirmed": 1480, "Deaths": 27, "Recovered": 1131, "Active": 322, "Date": "2020-05-15T00:00:00Z"}, {"Country": "Slovakia", "CountryCode": "", "Province": "", "City": "", "CityCode": "", "Lat": "0", "Lon": "0", "Confirmed": 1493, "Deaths": 28, "Recovered": 1151, "Active": 314, "Date": "2020-05-16T00:00:00Z"}, {"Country": "Slovakia", "CountryCode": "", "Province": "", "City": "", "CityCode": "", "Lat": "0", "Lon": "0", "Confirmed": 1494, "Deaths": 28, "Recovered": 1163, "Active": 303, "Date": "2020-05-17T00:00:00Z"}, {"Country": "Slovakia", "CountryCode": "", "Province": "", "City": "", "CityCode": "", "Lat": "0", "Lon": "0", "Confirmed": 1495, "Deaths": 28, "Recovered": 1185, "Active": 282, "Date": "2020-05-18T00:00:00Z"}, {"Country": "Slovakia", "CountryCode": "", "Province": "", "City": "", "CityCode": "", "Lat": "0", "Lon": "0", "Confirmed": 1495, "Deaths": 28, "Recovered": 1192, "Active": 275, "Date": "2020-05-19T00:00:00Z"}, {"Country": "Slovakia", "CountryCode": "", "Province": "", "City": "", "CityCode": "", "Lat": "0", "Lon": "0", "Confirmed": 1496, "Deaths": 28, "Recovered": 1231, "Active": 237, "Date": "2020-05-20T00:00:00Z"}, {"Country": "Slovakia", "CountryCode": "", "Province": "", "City": "", "CityCode": "", "Lat": "0", "Lon": "0", "Confirmed": 1502, "Deaths": 28, "Recovered": 1245, "Active": 229, "Date": "2020-05-21T00:00:00Z"}, {"Country": "Slovakia", "CountryCode": "", "Province": "", "City": "", "CityCode": "", "Lat": "0", "Lon": "0", "Confirmed": 1503, "Deaths": 28, "Recovered": 1256, "Active": 219, "Date": "2020-05-22T00:00:00Z"}, {"Country": "Slovakia", "CountryCode": "", "Province": "", "City": "", "CityCode": "", "Lat": "0", "Lon": "0", "Confirmed": 1504, "Deaths": 28, "Recovered": 1280, "Active": 196, "Date": "2020-05-23T00:00:00Z"}, {"Country": "Slovakia", "CountryCode": "", "Province": "", "City": "", "CityCode": "", "Lat": "0", "Lon": "0", "Confirmed": 1509, "Deaths": 28, "Recovered": 1301, "Active": 180, "Date": "2020-05-24T00:00:00Z"}, {"Country": "Slovakia", "CountryCode": "", "Province": "", "City": "", "CityCode": "", "Lat": "0", "Lon": "0", "Confirmed": 1511, "Deaths": 28, "Recovered": 1307, "Active": 176, "Date": "2020-05-25T00:00:00Z"}, {"Country": "Slovakia", "CountryCode": "", "Province": "", "City": "", "CityCode": "", "Lat": "0", "Lon": "0", "Confirmed": 1513, "Deaths": 28, "Recovered": 1322, "Active": 163, "Date": "2020-05-26T00:00:00Z"}, {"Country": "Slovakia", "CountryCode": "", "Province": "", "City": "", "CityCode": "", "Lat": "0", "Lon": "0", "Confirmed": 1515, "Deaths": 28, "Recovered": 1327, "Active": 160, "Date": "2020-05-27T00:00:00Z"}, {"Country": "Slovakia", "CountryCode": "", "Province": "", "City": "", "CityCode": "", "Lat": "0", "Lon": "0", "Confirmed": 1520, "Deaths": 28, "Recovered": 1332, "Active": 160, "Date": "2020-05-28T00:00:00Z"}, {"Country": "Slovakia", "CountryCode": "", "Province": "", "City": "", "CityCode": "", "Lat": "0", "Lon": "0", "Confirmed": 1520, "Deaths": 28, "Recovered": 1338, "Active": 154, "Date": "2020-05-29T00:00:00Z"}, {"Country": "Slovakia", "CountryCode": "", "Province": "", "City": "", "CityCode": "", "Lat": "0", "Lon": "0", "Confirmed": 1521, "Deaths": 28, "Recovered": 1356, "Active": 137, "Date": "2020-05-30T00:00:00Z"}, {"Country": "Slovakia", "CountryCode": "", "Province": "", "City": "", "CityCode": "", "Lat": "0", "Lon": "0", "Confirmed": 1521, "Deaths": 28, "Recovered": 1366, "Active": 127, "Date": "2020-05-31T00:00:00Z"}, {"Country": "Slovakia", "CountryCode": "", "Province": "", "City": "", "CityCode": "", "Lat": "0", "Lon": "0", "Confirmed": 1522, "Deaths": 28, "Recovered": 1368, "Active": 126, "Date": "2020-06-01T00:00:00Z"}, {"Country": "Slovakia", "CountryCode": "", "Province": "", "City": "", "CityCode": "", "Lat": "0", "Lon": "0", "Confirmed": 1522, "Deaths": 28, "Recovered": 1372, "Active": 122, "Date": "2020-06-02T00:00:00Z"}, {"Country": "Slovakia", "CountryCode": "", "Province": "", "City": "", "CityCode": "", "Lat": "0", "Lon": "0", "Confirmed": 1525, "Deaths": 28, "Recovered": 1375, "Active": 122, "Date": "2020-06-03T00:00:00Z"}, {"Country": "Slovakia", "CountryCode": "", "Province": "", "City": "", "CityCode": "", "Lat": "0", "Lon": "0", "Confirmed": 1526, "Deaths": 28, "Recovered": 1376, "Active": 122, "Date": "2020-06-04T00:00:00Z"}, {"Country": "Slovakia", "CountryCode": "", "Province": "", "City": "", "CityCode": "", "Lat": "0", "Lon": "0", "Confirmed": 1526, "Deaths": 28, "Recovered": 1379, "Active": 119, "Date": "2020-06-05T00:00:00Z"}, {"Country": "Slovakia", "CountryCode": "", "Province": "", "City": "", "CityCode": "", "Lat": "0", "Lon": "0", "Confirmed": 1528, "Deaths": 28, "Recovered": 1379, "Active": 121, "Date": "2020-06-06T00:00:00Z"}, {"Country": "Slovakia", "CountryCode": "", "Province": "", "City": "", "CityCode": "", "Lat": "0", "Lon": "0", "Confirmed": 1528, "Deaths": 28, "Recovered": 1389, "Active": 111, "Date": "2020-06-07T00:00:00Z"}, {"Country": "Slovakia", "CountryCode": "", "Province": "", "City": "", "CityCode": "", "Lat": "0", "Lon": "0", "Confirmed": 1530, "Deaths": 28, "Recovered": 1396, "Active": 106, "Date": "2020-06-08T00:00:00Z"}, {"Country": "Slovakia", "CountryCode": "", "Province": "", "City": "", "CityCode": "", "Lat": "0", "Lon": "0", "Confirmed": 1531, "Deaths": 28, "Recovered": 1402, "Active": 101, "Date": "2020-06-09T00:00:00Z"}, {"Country": "Slovakia", "CountryCode": "", "Province": "", "City": "", "CityCode": "", "Lat": "0", "Lon": "0", "Confirmed": 1533, "Deaths": 28, "Recovered": 1404, "Active": 101, "Date": "2020-06-10T00:00:00Z"}, {"Country": "Slovakia", "CountryCode": "", "Province": "", "City": "", "CityCode": "", "Lat": "0", "Lon": "0", "Confirmed": 1541, "Deaths": 28, "Recovered": 1409, "Active": 104, "Date": "2020-06-11T00:00:00Z"}, {"Country": "Slovakia", "CountryCode": "", "Province": "", "City": "", "CityCode": "", "Lat": "0", "Lon": "0", "Confirmed": 1542, "Deaths": 28, "Recovered": 1409, "Active": 105, "Date": "2020-06-12T00:00:00Z"}, {"Country": "Slovakia", "CountryCode": "", "Province": "", "City": "", "CityCode": "", "Lat": "0", "Lon": "0", "Confirmed": 1545, "Deaths": 28, "Recovered": 1410, "Active": 107, "Date": "2020-06-13T00:00:00Z"}, {"Country": "Slovakia", "CountryCode": "", "Province": "", "City": "", "CityCode": "", "Lat": "0", "Lon": "0", "Confirmed": 1548, "Deaths": 28, "Recovered": 1410, "Active": 110, "Date": "2020-06-14T00:00:00Z"}, {"Country": "Slovakia", "CountryCode": "", "Province": "", "City": "", "CityCode": "", "Lat": "0", "Lon": "0", "Confirmed": 1552, "Deaths": 28, "Recovered": 1410, "Active": 114, "Date": "2020-06-15T00:00:00Z"}, {"Country": "Slovakia", "CountryCode": "", "Province": "", "City": "", "CityCode": "", "Lat": "0", "Lon": "0", "Confirmed": 1552, "Deaths": 28, "Recovered": 1426, "Active": 98, "Date": "2020-06-16T00:00:00Z"}, {"Country": "Slovakia", "CountryCode": "", "Province": "", "City": "", "CityCode": "", "Lat": "0", "Lon": "0", "Confirmed": 1561, "Deaths": 28, "Recovered": 1437, "Active": 96, "Date": "2020-06-17T00:00:00Z"}, {"Country": "Slovakia", "CountryCode": "", "Province": "", "City": "", "CityCode": "", "Lat": "0", "Lon": "0", "Confirmed": 1562, "Deaths": 28, "Recovered": 1443, "Active": 91, "Date": "2020-06-18T00:00:00Z"}, {"Country": "Slovakia", "CountryCode": "", "Province": "", "City": "", "CityCode": "", "Lat": "0", "Lon": "0", "Confirmed": 1576, "Deaths": 28, "Recovered": 1447, "Active": 101, "Date": "2020-06-19T00:00:00Z"}, {"Country": "Slovakia", "CountryCode": "", "Province": "", "City": "", "CityCode": "", "Lat": "0", "Lon": "0", "Confirmed": 1586, "Deaths": 28, "Recovered": 1447, "Active": 111, "Date": "2020-06-20T00:00:00Z"}, {"Country": "Slovakia", "CountryCode": "", "Province": "", "City": "", "CityCode": "", "Lat": "0", "Lon": "0", "Confirmed": 1587, "Deaths": 28, "Recovered": 1447, "Active": 112, "Date": "2020-06-21T00:00:00Z"}, {"Country": "Slovakia", "CountryCode": "", "Province": "", "City": "", "CityCode": "", "Lat": "0", "Lon": "0", "Confirmed": 1588, "Deaths": 28, "Recovered": 1447, "Active": 113, "Date": "2020-06-22T00:00:00Z"}, {"Country": "Slovakia", "CountryCode": "", "Province": "", "City": "", "CityCode": "", "Lat": "0", "Lon": "0", "Confirmed": 1589, "Deaths": 28, "Recovered": 1448, "Active": 113, "Date": "2020-06-23T00:00:00Z"}, {"Country": "Slovakia", "CountryCode": "", "Province": "", "City": "", "CityCode": "", "Lat": "0", "Lon": "0", "Confirmed": 1607, "Deaths": 28, "Recovered": 1448, "Active": 131, "Date": "2020-06-24T00:00:00Z"}, {"Country": "Slovakia", "CountryCode": "", "Province": "", "City": "", "CityCode": "", "Lat": "0", "Lon": "0", "Confirmed": 1630, "Deaths": 28, "Recovered": 1452, "Active": 150, "Date": "2020-06-25T00:00:00Z"}, {"Country": "Slovakia", "CountryCode": "", "Province": "", "City": "", "CityCode": "", "Lat": "0", "Lon": "0", "Confirmed": 1643, "Deaths": 28, "Recovered": 1455, "Active": 160, "Date": "2020-06-26T00:00:00Z"}, {"Country": "Slovakia", "CountryCode": "", "Province": "", "City": "", "CityCode": "", "Lat": "0", "Lon": "0", "Confirmed": 1657, "Deaths": 28, "Recovered": 1455, "Active": 174, "Date": "2020-06-27T00:00:00Z"}, {"Country": "Slovakia", "CountryCode": "", "Province": "", "City": "", "CityCode": "", "Lat": "0", "Lon": "0", "Confirmed": 1664, "Deaths": 28, "Recovered": 1461, "Active": 175, "Date": "2020-06-28T00:00:00Z"}, {"Country": "Slovakia", "CountryCode": "", "Province": "", "City": "", "CityCode": "", "Lat": "0", "Lon": "0", "Confirmed": 1665, "Deaths": 28, "Recovered": 1464, "Active": 173, "Date": "2020-06-29T00:00:00Z"}, {"Country": "Slovakia", "CountryCode": "", "Province": "", "City": "", "CityCode": "", "Lat": "0", "Lon": "0", "Confirmed": 1667, "Deaths": 28, "Recovered": 1464, "Active": 175, "Date": "2020-06-30T00:00:00Z"}, {"Country": "Slovakia", "CountryCode": "", "Province": "", "City": "", "CityCode": "", "Lat": "0", "Lon": "0", "Confirmed": 1687, "Deaths": 28, "Recovered": 1466, "Active": 193, "Date": "2020-07-01T00:00:00Z"}, {"Country": "Slovakia", "CountryCode": "", "Province": "", "City": "", "CityCode": "", "Lat": "0", "Lon": "0", "Confirmed": 1700, "Deaths": 28, "Recovered": 1466, "Active": 206, "Date": "2020-07-02T00:00:00Z"}, {"Country": "Slovakia", "CountryCode": "", "Province": "", "City": "", "CityCode": "", "Lat": "0", "Lon": "0", "Confirmed": 1720, "Deaths": 28, "Recovered": 1466, "Active": 226, "Date": "2020-07-03T00:00:00Z"}, {"Country": "Slovakia", "CountryCode": "", "Province": "", "City": "", "CityCode": "", "Lat": "0", "Lon": "0", "Confirmed": 1749, "Deaths": 28, "Recovered": 1466, "Active": 255, "Date": "2020-07-04T00:00:00Z"}, {"Country": "Slovakia", "CountryCode": "", "Province": "", "City": "", "CityCode": "", "Lat": "0", "Lon": "0", "Confirmed": 1764, "Deaths": 28, "Recovered": 1466, "Active": 270, "Date": "2020-07-05T00:00:00Z"}, {"Country": "Slovakia", "CountryCode": "", "Province": "", "City": "", "CityCode": "", "Lat": "0", "Lon": "0", "Confirmed": 1765, "Deaths": 28, "Recovered": 1466, "Active": 271, "Date": "2020-07-06T00:00:00Z"}, {"Country": "Slovakia", "CountryCode": "", "Province": "", "City": "", "CityCode": "", "Lat": "0", "Lon": "0", "Confirmed": 1767, "Deaths": 28, "Recovered": 1473, "Active": 266, "Date": "2020-07-07T00:00:00Z"}, {"Country": "Slovakia", "CountryCode": "", "Province": "", "City": "", "CityCode": "", "Lat": "0", "Lon": "0", "Confirmed": 1798, "Deaths": 28, "Recovered": 1473, "Active": 297, "Date": "2020-07-08T00:00:00Z"}, {"Country": "Slovakia", "CountryCode": "", "Province": "", "City": "", "CityCode": "", "Lat": "0", "Lon": "0", "Confirmed": 1851, "Deaths": 28, "Recovered": 1477, "Active": 346, "Date": "2020-07-09T00:00:00Z"}, {"Country": "Slovakia", "CountryCode": "", "Province": "", "City": "", "CityCode": "", "Lat": "0", "Lon": "0", "Confirmed": 1870, "Deaths": 28, "Recovered": 1481, "Active": 361, "Date": "2020-07-10T00:00:00Z"}, {"Country": "Slovakia", "CountryCode": "", "Province": "", "City": "", "CityCode": "", "Lat": "0", "Lon": "0", "Confirmed": 1893, "Deaths": 28, "Recovered": 1493, "Active": 372, "Date": "2020-07-11T00:00:00Z"}, {"Country": "Slovakia", "CountryCode": "", "Province": "", "City": "", "CityCode": "", "Lat": "0", "Lon": "0", "Confirmed": 1901, "Deaths": 28, "Recovered": 1493, "Active": 380, "Date": "2020-07-12T00:00:00Z"}, {"Country": "Slovakia", "CountryCode": "", "Province": "", "City": "", "CityCode": "", "Lat": "0", "Lon": "0", "Confirmed": 1902, "Deaths": 28, "Recovered": 1493, "Active": 381, "Date": "2020-07-13T00:00:00Z"}, {"Country": "Slovakia", "CountryCode": "", "Province": "", "City": "", "CityCode": "", "Lat": "0", "Lon": "0", "Confirmed": 1908, "Deaths": 28, "Recovered": 1493, "Active": 387, "Date": "2020-07-14T00:00:00Z"}, {"Country": "Slovakia", "CountryCode": "", "Province": "", "City": "", "CityCode": "", "Lat": "0", "Lon": "0", "Confirmed": 1927, "Deaths": 28, "Recovered": 1507, "Active": 392, "Date": "2020-07-15T00:00:00Z"}, {"Country": "Slovakia", "CountryCode": "", "Province": "", "City": "", "CityCode": "", "Lat": "0", "Lon": "0", "Confirmed": 1951, "Deaths": 28, "Recovered": 1514, "Active": 409, "Date": "2020-07-16T00:00:00Z"}, {"Country": "Slovakia", "CountryCode": "", "Province": "", "City": "", "CityCode": "", "Lat": "0", "Lon": "0", "Confirmed": 1965, "Deaths": 28, "Recovered": 1523, "Active": 414, "Date": "2020-07-17T00:00:00Z"}, {"Country": "Slovakia", "CountryCode": "", "Province": "", "City": "", "CityCode": "", "Lat": "0", "Lon": "0", "Confirmed": 1976, "Deaths": 28, "Recovered": 1523, "Active": 425, "Date": "2020-07-18T00:00:00Z"}, {"Country": "Slovakia", "CountryCode": "", "Province": "", "City": "", "CityCode": "", "Lat": "0", "Lon": "0", "Confirmed": 1979, "Deaths": 28, "Recovered": 1530, "Active": 421, "Date": "2020-07-19T00:00:00Z"}, {"Country": "Slovakia", "CountryCode": "", "Province": "", "City": "", "CityCode": "", "Lat": "0", "Lon": "0", "Confirmed": 1980, "Deaths": 28, "Recovered": 1538, "Active": 414, "Date": "2020-07-20T00:00:00Z"}, {"Country": "Slovakia", "CountryCode": "", "Province": "", "City": "", "CityCode": "", "Lat": "0", "Lon": "0", "Confirmed": 2021, "Deaths": 28, "Recovered": 1538, "Active": 455, "Date": "2020-07-21T00:00:00Z"}, {"Country": "Slovakia", "CountryCode": "", "Province": "", "City": "", "CityCode": "", "Lat": "0", "Lon": "0", "Confirmed": 2058, "Deaths": 28, "Recovered": 1556, "Active": 474, "Date": "2020-07-22T00:00:00Z"}, {"Country": "Slovakia", "CountryCode": "", "Province": "", "City": "", "CityCode": "", "Lat": "0", "Lon": "0", "Confirmed": 2089, "Deaths": 28, "Recovered": 1556, "Active": 505, "Date": "2020-07-23T00:00:00Z"}, {"Country": "Slovakia", "CountryCode": "", "Province": "", "City": "", "CityCode": "", "Lat": "0", "Lon": "0", "Confirmed": 2118, "Deaths": 28, "Recovered": 1577, "Active": 513, "Date": "2020-07-24T00:00:00Z"}, {"Country": "Slovakia", "CountryCode": "", "Province": "", "City": "", "CityCode": "", "Lat": "0", "Lon": "0", "Confirmed": 2141, "Deaths": 28, "Recovered": 1577, "Active": 536, "Date": "2020-07-25T00:00:00Z"}, {"Country": "Slovakia", "CountryCode": "", "Province": "", "City": "", "CityCode": "", "Lat": "0", "Lon": "0", "Confirmed": 2179, "Deaths": 28, "Recovered": 1577, "Active": 574, "Date": "2020-07-26T00:00:00Z"}, {"Country": "Slovakia", "CountryCode": "", "Province": "", "City": "", "CityCode": "", "Lat": "0", "Lon": "0", "Confirmed": 2181, "Deaths": 28, "Recovered": 1616, "Active": 537, "Date": "2020-07-27T00:00:00Z"}, {"Country": "Slovakia", "CountryCode": "", "Province": "", "City": "", "CityCode": "", "Lat": "0", "Lon": "0", "Confirmed": 2204, "Deaths": 28, "Recovered": 1644, "Active": 532, "Date": "2020-07-28T00:00:00Z"}, {"Country": "Slovakia", "CountryCode": "", "Province": "", "City": "", "CityCode": "", "Lat": "0", "Lon": "0", "Confirmed": 2245, "Deaths": 28, "Recovered": 1660, "Active": 557, "Date": "2020-07-29T00:00:00Z"}, {"Country": "Slovakia", "CountryCode": "", "Province": "", "City": "", "CityCode": "", "Lat": "0", "Lon": "0", "Confirmed": 2265, "Deaths": 28, "Recovered": 1675, "Active": 562, "Date": "2020-07-30T00:00:00Z"}, {"Country": "Slovakia", "CountryCode": "", "Province": "", "City": "", "CityCode": "", "Lat": "0", "Lon": "0", "Confirmed": 2292, "Deaths": 29, "Recovered": 1695, "Active": 568, "Date": "2020-07-31T00:00:00Z"}, {"Country": "Slovakia", "CountryCode": "", "Province": "", "City": "", "CityCode": "", "Lat": "0", "Lon": "0", "Confirmed": 2337, "Deaths": 29, "Recovered": 1742, "Active": 566, "Date": "2020-08-01T00:00:00Z"}, {"Country": "Slovakia", "CountryCode": "", "Province": "", "City": "", "CityCode": "", "Lat": "0", "Lon": "0", "Confirmed": 2344, "Deaths": 29, "Recovered": 1742, "Active": 573, "Date": "2020-08-02T00:00:00Z"}, {"Country": "Slovakia", "CountryCode": "", "Province": "", "City": "", "CityCode": "", "Lat": "0", "Lon": "0", "Confirmed": 2354, "Deaths": 29, "Recovered": 1746, "Active": 579, "Date": "2020-08-03T00:00:00Z"}, {"Country": "Slovakia", "CountryCode": "", "Province": "", "City": "", "CityCode": "", "Lat": "0", "Lon": "0", "Confirmed": 2368, "Deaths": 29, "Recovered": 1771, "Active": 568, "Date": "2020-08-04T00:00:00Z"}, {"Country": "Slovakia", "CountryCode": "", "Province": "", "City": "", "CityCode": "", "Lat": "0", "Lon": "0", "Confirmed": 2417, "Deaths": 29, "Recovered": 1777, "Active": 611, "Date": "2020-08-05T00:00:00Z"}, {"Country": "Slovakia", "CountryCode": "", "Province": "", "City": "", "CityCode": "", "Lat": "0", "Lon": "0", "Confirmed": 2480, "Deaths": 29, "Recovered": 1824, "Active": 627, "Date": "2020-08-06T00:00:00Z"}, {"Country": "Slovakia", "CountryCode": "", "Province": "", "City": "", "CityCode": "", "Lat": "0", "Lon": "0", "Confirmed": 2523, "Deaths": 31, "Recovered": 1846, "Active": 646, "Date": "2020-08-07T00:00:00Z"}, {"Country": "Slovakia", "CountryCode": "", "Province": "", "City": "", "CityCode": "", "Lat": "0", "Lon": "0", "Confirmed": 2566, "Deaths": 31, "Recovered": 1861, "Active": 674, "Date": "2020-08-08T00:00:00Z"}, {"Country": "Slovakia", "CountryCode": "", "Province": "", "City": "", "CityCode": "", "Lat": "0", "Lon": "0", "Confirmed": 2596, "Deaths": 31, "Recovered": 1864, "Active": 701, "Date": "2020-08-09T00:00:00Z"}, {"Country": "Slovakia", "CountryCode": "", "Province": "", "City": "", "CityCode": "", "Lat": "0", "Lon": "0", "Confirmed": 2599, "Deaths": 31, "Recovered": 1866, "Active": 702, "Date": "2020-08-10T00:00:00Z"}, {"Country": "Slovakia", "CountryCode": "", "Province": "", "City": "", "CityCode": "", "Lat": "0", "Lon": "0", "Confirmed": 2615, "Deaths": 31, "Recovered": 1874, "Active": 710, "Date": "2020-08-11T00:00:00Z"}, {"Country": "Slovakia", "CountryCode": "", "Province": "", "City": "", "CityCode": "", "Lat": "0", "Lon": "0", "Confirmed": 2690, "Deaths": 31, "Recovered": 1884, "Active": 775, "Date": "2020-08-12T00:00:00Z"}, {"Country": "Slovakia", "CountryCode": "", "Province": "", "City": "", "CityCode": "", "Lat": "0", "Lon": "0", "Confirmed": 2739, "Deaths": 31, "Recovered": 1939, "Active": 769, "Date": "2020-08-13T00:00:00Z"}, {"Country": "Slovakia", "CountryCode": "", "Province": "", "City": "", "CityCode": "", "Lat": "0", "Lon": "0", "Confirmed": 2801, "Deaths": 31, "Recovered": 1944, "Active": 826, "Date": "2020-08-14T00:00:00Z"}, {"Country": "Slovakia", "CountryCode": "", "Province": "", "City": "", "CityCode": "", "Lat": "0", "Lon": "0", "Confirmed": 2855, "Deaths": 31, "Recovered": 1969, "Active": 855, "Date": "2020-08-15T00:00:00Z"}, {"Country": "Slovakia", "CountryCode": "", "Province": "", "City": "", "CityCode": "", "Lat": "0", "Lon": "0", "Confirmed": 2902, "Deaths": 31, "Recovered": 1969, "Active": 902, "Date": "2020-08-16T00:00:00Z"}, {"Country": "Slovakia", "CountryCode": "", "Province": "", "City": "", "CityCode": "", "Lat": "0", "Lon": "0", "Confirmed": 2907, "Deaths": 31, "Recovered": 1969, "Active": 907, "Date": "2020-08-17T00:00:00Z"}, {"Country": "Slovakia", "CountryCode": "", "Province": "", "City": "", "CityCode": "", "Lat": "0", "Lon": "0", "Confirmed": 2922, "Deaths": 31, "Recovered": 1980, "Active": 911, "Date": "2020-08-18T00:00:00Z"}, {"Country": "Slovakia", "CountryCode": "", "Province": "", "City": "", "CityCode": "", "Lat": "0", "Lon": "0", "Confirmed": 3022, "Deaths": 33, "Recovered": 1997, "Active": 992, "Date": "2020-08-19T00:00:00Z"}, {"Country": "Slovakia", "CountryCode": "", "Province": "", "City": "", "CityCode": "", "Lat": "0", "Lon": "0", "Confirmed": 3102, "Deaths": 33, "Recovered": 2014, "Active": 1055, "Date": "2020-08-20T00:00:00Z"}, {"Country": "Slovakia", "CountryCode": "", "Province": "", "City": "", "CityCode": "", "Lat": "0", "Lon": "0", "Confirmed": 3225, "Deaths": 33, "Recovered": 2045, "Active": 1147, "Date": "2020-08-21T00:00:00Z"}, {"Country": "Slovakia", "CountryCode": "", "Province": "", "City": "", "CityCode": "", "Lat": "0", "Lon": "0", "Confirmed": 3316, "Deaths": 33, "Recovered": 2147, "Active": 1136, "Date": "2020-08-22T00:00:00Z"}, {"Country": "Slovakia", "CountryCode": "", "Province": "", "City": "", "CityCode": "", "Lat": "0", "Lon": "0", "Confirmed": 3356, "Deaths": 33, "Recovered": 2148, "Active": 1175, "Date": "2020-08-23T00:00:00Z"}, {"Country": "Slovakia", "CountryCode": "", "Province": "", "City": "", "CityCode": "", "Lat": "0", "Lon": "0", "Confirmed": 3424, "Deaths": 33, "Recovered": 2153, "Active": 1238, "Date": "2020-08-24T00:00:00Z"}, {"Country": "Slovakia", "CountryCode": "", "Province": "", "City": "", "CityCode": "", "Lat": "0", "Lon": "0", "Confirmed": 3452, "Deaths": 33, "Recovered": 2167, "Active": 1252, "Date": "2020-08-25T00:00:00Z"}, {"Country": "Slovakia", "CountryCode": "", "Province": "", "City": "", "CityCode": "", "Lat": "0", "Lon": "0", "Confirmed": 3536, "Deaths": 33, "Recovered": 2192, "Active": 1311, "Date": "2020-08-26T00:00:00Z"}, {"Country": "Slovakia", "CountryCode": "", "Province": "", "City": "", "CityCode": "", "Lat": "0", "Lon": "0", "Confirmed": 3626, "Deaths": 33, "Recovered": 2206, "Active": 1387, "Date": "2020-08-27T00:00:00Z"}, {"Country": "Slovakia", "CountryCode": "", "Province": "", "City": "", "CityCode": "", "Lat": "0", "Lon": "0", "Confirmed": 3728, "Deaths": 33, "Recovered": 2225, "Active": 1470, "Date": "2020-08-28T00:00:00Z"}, {"Country": "Slovakia", "CountryCode": "", "Province": "", "City": "", "CityCode": "", "Lat": "0", "Lon": "0", "Confirmed": 3842, "Deaths": 33, "Recovered": 2254, "Active": 1555, "Date": "2020-08-29T00:00:00Z"}, {"Country": "Slovakia", "CountryCode": "", "Province": "", "City": "", "CityCode": "", "Lat": "0", "Lon": "0", "Confirmed": 3876, "Deaths": 33, "Recovered": 2278, "Active": 1565, "Date": "2020-08-30T00:00:00Z"}, {"Country": "Slovakia", "CountryCode": "", "Province": "", "City": "", "CityCode": "", "Lat": "0", "Lon": "0", "Confirmed": 3917, "Deaths": 33, "Recovered": 2377, "Active": 1507, "Date": "2020-08-31T00:00:00Z"}, {"Country": "Slovakia", "CountryCode": "", "Province": "", "City": "", "CityCode": "", "Lat": "0", "Lon": "0", "Confirmed": 3989, "Deaths": 33, "Recovered": 2478, "Active": 1478, "Date": "2020-09-01T00:00:00Z"}, {"Country": "Slovakia", "CountryCode": "", "Province": "", "City": "", "CityCode": "", "Lat": "0", "Lon": "0", "Confirmed": 4042, "Deaths": 33, "Recovered": 2523, "Active": 1486, "Date": "2020-09-02T00:00:00Z"}, {"Country": "Slovakia", "CountryCode": "", "Province": "", "City": "", "CityCode": "", "Lat": "0", "Lon": "0", "Confirmed": 4163, "Deaths": 37, "Recovered": 2617, "Active": 1509, "Date": "2020-09-03T00:00:00Z"}, {"Country": "Slovakia", "CountryCode": "", "Province": "", "City": "", "CityCode": "", "Lat": "0", "Lon": "0", "Confirmed": 4300, "Deaths": 37, "Recovered": 2693, "Active": 1570, "Date": "2020-09-04T00:00:00Z"}, {"Country": "Slovakia", "CountryCode": "", "Province": "", "City": "", "CityCode": "", "Lat": "0", "Lon": "0", "Confirmed": 4526, "Deaths": 37, "Recovered": 2797, "Active": 1692, "Date": "2020-09-05T00:00:00Z"}, {"Country": "Slovakia", "CountryCode": "", "Province": "", "City": "", "CityCode": "", "Lat": "0", "Lon": "0", "Confirmed": 4614, "Deaths": 37, "Recovered": 2802, "Active": 1775, "Date": "2020-09-06T00:00:00Z"}, {"Country": "Slovakia", "CountryCode": "", "Province": "", "City": "", "CityCode": "", "Lat": "0", "Lon": "0", "Confirmed": 4636, "Deaths": 37, "Recovered": 2836, "Active": 1763, "Date": "2020-09-07T00:00:00Z"}, {"Country": "Slovakia", "CountryCode": "", "Province": "", "City": "", "CityCode": "", "Lat": "0", "Lon": "0", "Confirmed": 4727, "Deaths": 37, "Recovered": 2913, "Active": 1777, "Date": "2020-09-08T00:00:00Z"}, {"Country": "Slovakia", "CountryCode": "", "Province": "", "City": "", "CityCode": "", "Lat": "0", "Lon": "0", "Confirmed": 4888, "Deaths": 37, "Recovered": 2947, "Active": 1904, "Date": "2020-09-09T00:00:00Z"}, {"Country": "Slovakia", "CountryCode": "", "Province": "", "City": "", "CityCode": "", "Lat": "0", "Lon": "0", "Confirmed": 5066, "Deaths": 37, "Recovered": 3001, "Active": 2028, "Date": "2020-09-10T00:00:00Z"}, {"Country": "Slovakia", "CountryCode": "", "Province": "", "City": "", "CityCode": "", "Lat": "0", "Lon": "0", "Confirmed": 5252, "Deaths": 37, "Recovered": 3081, "Active": 2134, "Date": "2020-09-11T00:00:00Z"}, {"Country": "Slovakia", "CountryCode": "", "Province": "", "City": "", "CityCode": "", "Lat": "0", "Lon": "0", "Confirmed": 5453, "Deaths": 38, "Recovered": 3114, "Active": 2301, "Date": "2020-09-12T00:00:00Z"}, {"Country": "Slovakia", "CountryCode": "", "Province": "", "City": "", "CityCode": "", "Lat": "0", "Lon": "0", "Confirmed": 5532, "Deaths": 38, "Recovered": 3124, "Active": 2370, "Date": "2020-09-13T00:00:00Z"}, {"Country": "Slovakia", "CountryCode": "", "Province": "", "City": "", "CityCode": "", "Lat": "0", "Lon": "0", "Confirmed": 5580, "Deaths": 38, "Recovered": 3129, "Active": 2413, "Date": "2020-09-14T00:00:00Z"}, {"Country": "Slovakia", "CountryCode": "", "Province": "", "City": "", "CityCode": "", "Lat": "0", "Lon": "0", "Confirmed": 5768, "Deaths": 38, "Recovered": 3214, "Active": 2516, "Date": "2020-09-15T00:00:00Z"}, {"Country": "Slovakia", "CountryCode": "", "Province": "", "City": "", "CityCode": "", "Lat": "0", "Lon": "0", "Confirmed": 5860, "Deaths": 38, "Recovered": 3220, "Active": 2602, "Date": "2020-09-16T00:00:00Z"}, {"Country": "Slovakia", "CountryCode": "", "Province": "", "City": "", "CityCode": "", "Lat": "0", "Lon": "0", "Confirmed": 6021, "Deaths": 39, "Recovered": 3288, "Active": 2694, "Date": "2020-09-17T00:00:00Z"}, {"Country": "Slovakia", "CountryCode": "", "Province": "", "City": "", "CityCode": "", "Lat": "0", "Lon": "0", "Confirmed": 6256, "Deaths": 39, "Recovered": 3390, "Active": 2827, "Date": "2020-09-18T00:00:00Z"}, {"Country": "Slovakia", "CountryCode": "", "Province": "", "City": "", "CityCode": "", "Lat": "0", "Lon": "0", "Confirmed": 6546, "Deaths": 39, "Recovered": 3519, "Active": 2988, "Date": "2020-09-19T00:00:00Z"}, {"Country": "Slovakia", "CountryCode": "", "Province": "", "City": "", "CityCode": "", "Lat": "0", "Lon": "0", "Confirmed": 6677, "Deaths": 39, "Recovered": 3548, "Active": 3090, "Date": "2020-09-20T00:00:00Z"}, {"Country": "Slovakia", "CountryCode": "", "Province": "", "City": "", "CityCode": "", "Lat": "0", "Lon": "0", "Confirmed": 6756, "Deaths": 39, "Recovered": 3571, "Active": 3146, "Date": "2020-09-21T00:00:00Z"}, {"Country": "Slovakia", "CountryCode": "", "Province": "", "City": "", "CityCode": "", "Lat": "0", "Lon": "0", "Confirmed": 6931, "Deaths": 40, "Recovered": 3668, "Active": 3223, "Date": "2020-09-22T00:00:00Z"}, {"Country": "Slovakia", "CountryCode": "", "Province": "", "City": "", "CityCode": "", "Lat": "0", "Lon": "0", "Confirmed": 7269, "Deaths": 41, "Recovered": 3888, "Active": 3340, "Date": "2020-09-23T00:00:00Z"}, {"Country": "Slovakia", "CountryCode": "", "Province": "", "City": "", "CityCode": "", "Lat": "0", "Lon": "0", "Confirmed": 7629, "Deaths": 41, "Recovered": 3978, "Active": 3610, "Date": "2020-09-24T00:00:00Z"}, {"Country": "Slovakia", "CountryCode": "", "Province": "", "City": "", "CityCode": "", "Lat": "0", "Lon": "0", "Confirmed": 8048, "Deaths": 41, "Recovered": 4036, "Active": 3971, "Date": "2020-09-25T00:00:00Z"}, {"Country": "Slovakia", "CountryCode": "", "Province": "", "City": "", "CityCode": "", "Lat": "0", "Lon": "0", "Confirmed": 8600, "Deaths": 44, "Recovered": 4098, "Active": 4458, "Date": "2020-09-26T00:00:00Z"}, {"Country": "Slovakia", "CountryCode": "", "Province": "", "City": "", "CityCode": "", "Lat": "0", "Lon": "0", "Confirmed": 9078, "Deaths": 44, "Recovered": 4178, "Active": 4856, "Date": "2020-09-27T00:00:00Z"}, {"Country": "Slovakia", "CountryCode": "", "Province": "", "City": "", "CityCode": "", "Lat": "0", "Lon": "0", "Confirmed": 9343, "Deaths": 44, "Recovered": 4213, "Active": 5086, "Date": "2020-09-28T00:00:00Z"}, {"Country": "Slovakia", "CountryCode": "", "Province": "", "City": "", "CityCode": "", "Lat": "0", "Lon": "0", "Confirmed": 9574, "Deaths": 45, "Recovered": 4329, "Active": 5200, "Date": "2020-09-29T00:00:00Z"}, {"Country": "Slovakia", "CountryCode": "", "Province": "", "City": "", "CityCode": "", "Lat": "0", "Lon": "0", "Confirmed": 10141, "Deaths": 48, "Recovered": 4395, "Active": 5698, "Date": "2020-09-30T00:00:00Z"}, {"Country": "Slovakia", "CountryCode": "", "Province": "", "City": "", "CityCode": "", "Lat": "0", "Lon": "0", "Confirmed": 10938, "Deaths": 48, "Recovered": 4620, "Active": 6270, "Date": "2020-10-01T00:00:00Z"}, {"Country": "Slovakia", "CountryCode": "", "Province": "", "City": "", "CityCode": "", "Lat": "0", "Lon": "0", "Confirmed": 11617, "Deaths": 54, "Recovered": 4756, "Active": 6807, "Date": "2020-10-02T00:00:00Z"}, {"Country": "Slovakia", "CountryCode": "", "Province": "", "City": "", "CityCode": "", "Lat": "0", "Lon": "0", "Confirmed": 12321, "Deaths": 54, "Recovered": 4793, "Active": 7474, "Date": "2020-10-03T00:00:00Z"}, {"Country": "Slovakia", "CountryCode": "", "Province": "", "City": "", "CityCode": "", "Lat": "0", "Lon": "0", "Confirmed": 13139, "Deaths": 55, "Recovered": 4828, "Active": 8256, "Date": "2020-10-04T00:00:00Z"}, {"Country": "Slovakia", "CountryCode": "", "Province": "", "City": "", "CityCode": "", "Lat": "0", "Lon": "0", "Confirmed": 13492, "Deaths": 55, "Recovered": 4865, "Active": 8572, "Date": "2020-10-05T00:00:00Z"}, {"Country": "Slovakia", "CountryCode": "", "Province": "", "City": "", "CityCode": "", "Lat": "0", "Lon": "0", "Confirmed": 13812, "Deaths": 55, "Recovered": 5027, "Active": 8730, "Date": "2020-10-06T00:00:00Z"}, {"Country": "Slovakia", "CountryCode": "", "Province": "", "City": "", "CityCode": "", "Lat": "0", "Lon": "0", "Confirmed": 14689, "Deaths": 55, "Recovered": 5200, "Active": 9434, "Date": "2020-10-07T00:00:00Z"}, {"Country": "Slovakia", "CountryCode": "", "Province": "", "City": "", "CityCode": "", "Lat": "0", "Lon": "0", "Confirmed": 15726, "Deaths": 57, "Recovered": 5353, "Active": 10316, "Date": "2020-10-08T00:00:00Z"}, {"Country": "Slovakia", "CountryCode": "", "Province": "", "City": "", "CityCode": "", "Lat": "0", "Lon": "0", "Confirmed": 16910, "Deaths": 57, "Recovered": 5452, "Active": 11401, "Date": "2020-10-09T00:00:00Z"}, {"Country": "Slovakia", "CountryCode": "", "Province": "", "City": "", "CityCode": "", "Lat": "0", "Lon": "0", "Confirmed": 18797, "Deaths": 61, "Recovered": 5553, "Active": 13183, "Date": "2020-10-10T00:00:00Z"}, {"Country": "Slovakia", "CountryCode": "", "Province": "", "City": "", "CityCode": "", "Lat": "0", "Lon": "0", "Confirmed": 19851, "Deaths": 61, "Recovered": 5631, "Active": 14159, "Date": "2020-10-11T00:00:00Z"}, {"Country": "Slovakia", "CountryCode": "", "Province": "", "City": "", "CityCode": "", "Lat": "0", "Lon": "0", "Confirmed": 20355, "Deaths": 61, "Recovered": 6031, "Active": 14263, "Date": "2020-10-12T00:00:00Z"}, {"Country": "Slovakia", "CountryCode": "", "Province": "", "City": "", "CityCode": "", "Lat": "0", "Lon": "0", "Confirmed": 20886, "Deaths": 61, "Recovered": 6388, "Active": 14437, "Date": "2020-10-13T00:00:00Z"}, {"Country": "Slovakia", "CountryCode": "", "Province": "", "City": "", "CityCode": "", "Lat": "0", "Lon": "0", "Confirmed": 22296, "Deaths": 66, "Recovered": 6709, "Active": 15521, "Date": "2020-10-14T00:00:00Z"}, {"Country": "Slovakia", "CountryCode": "", "Province": "", "City": "", "CityCode": "", "Lat": "0", "Lon": "0", "Confirmed": 24225, "Deaths": 71, "Recovered": 6926, "Active": 17228, "Date": "2020-10-15T00:00:00Z"}, {"Country": "Slovakia", "CountryCode": "", "Province": "", "City": "", "CityCode": "", "Lat": "0", "Lon": "0", "Confirmed": 26300, "Deaths": 71, "Recovered": 7182, "Active": 19047, "Date": "2020-10-16T00:00:00Z"}, {"Country": "Slovakia", "CountryCode": "", "Province": "", "City": "", "CityCode": "", "Lat": "0", "Lon": "0", "Confirmed": 28268, "Deaths": 82, "Recovered": 7297, "Active": 20889, "Date": "2020-10-17T00:00:00Z"}, {"Country": "Slovakia", "CountryCode": "", "Province": "", "City": "", "CityCode": "", "Lat": "0", "Lon": "0", "Confirmed": 29835, "Deaths": 88, "Recovered": 7359, "Active": 22388, "Date": "2020-10-18T00:00:00Z"}, {"Country": "Slovakia", "CountryCode": "", "Province": "", "City": "", "CityCode": "", "Lat": "0", "Lon": "0", "Confirmed": 30695, "Deaths": 92, "Recovered": 7536, "Active": 23067, "Date": "2020-10-19T00:00:00Z"}, {"Country": "Slovakia", "CountryCode": "", "Province": "", "City": "", "CityCode": "", "Lat": "0", "Lon": "0", "Confirmed": 31400, "Deaths": 98, "Recovered": 8004, "Active": 23298, "Date": "2020-10-20T00:00:00Z"}, {"Country": "Slovakia", "CountryCode": "", "Province": "", "City": "", "CityCode": "", "Lat": "0", "Lon": "0", "Confirmed": 33602, "Deaths": 98, "Recovered": 8404, "Active": 25100, "Date": "2020-10-21T00:00:00Z"}, {"Country": "Slovakia", "CountryCode": "", "Province": "", "City": "", "CityCode": "", "Lat": "0", "Lon": "0", "Confirmed": 35330, "Deaths": 115, "Recovered": 8763, "Active": 26452, "Date": "2020-10-22T00:00:00Z"}, {"Country": "Slovakia", "CountryCode": "", "Province": "", "City": "", "CityCode": "", "Lat": "0", "Lon": "0", "Confirmed": 37911, "Deaths": 134, "Recovered": 8859, "Active": 28918, "Date": "2020-10-23T00:00:00Z"}, {"Country": "Slovakia", "CountryCode": "", "Province": "", "City": "", "CityCode": "", "Lat": "0", "Lon": "0", "Confirmed": 40801, "Deaths": 159, "Recovered": 9920, "Active": 30722, "Date": "2020-10-24T00:00:00Z"}, {"Country": "Slovakia", "CountryCode": "", "Province": "", "City": "", "CityCode": "", "Lat": "0", "Lon": "0", "Confirmed": 43843, "Deaths": 159, "Recovered": 9960, "Active": 33724, "Date": "2020-10-25T00:00:00Z"}, {"Country": "Slovakia", "CountryCode": "", "Province": "", "City": "", "CityCode": "", "Lat": "0", "Lon": "0", "Confirmed": 45155, "Deaths": 165, "Recovered": 10130, "Active": 34860, "Date": "2020-10-26T00:00:00Z"}, {"Country": "Slovakia", "CountryCode": "", "Province": "", "City": "", "CityCode": "", "Lat": "0", "Lon": "0", "Confirmed": 46056, "Deaths": 176, "Recovered": 11008, "Active": 34872, "Date": "2020-10-27T00:00:00Z"}, {"Country": "Slovakia", "CountryCode": "", "Province": "", "City": "", "CityCode": "", "Lat": "0", "Lon": "0", "Confirmed": 48943, "Deaths": 184, "Recovered": 11799, "Active": 36960, "Date": "2020-10-28T00:00:00Z"}, {"Country": "Slovakia", "CountryCode": "", "Province": "", "City": "", "CityCode": "", "Lat": "0", "Lon": "0", "Confirmed": 51728, "Deaths": 200, "Recovered": 12227, "Active": 39301, "Date": "2020-10-29T00:00:00Z"}, {"Country": "Slovakia", "CountryCode": "", "Province": "", "City": "", "CityCode": "", "Lat": "0", "Lon": "0", "Confirmed": 55091, "Deaths": 212, "Recovered": 12508, "Active": 42371, "Date": "2020-10-30T00:00:00Z"}, {"Country": "Slovakia", "CountryCode": "", "Province": "", "City": "", "CityCode": "", "Lat": "0", "Lon": "0", "Confirmed": 57664, "Deaths": 219, "Recovered": 12617, "Active": 44828, "Date": "2020-10-31T00:00:00Z"}, {"Country": "Slovakia", "CountryCode": "", "Province": "", "City": "", "CityCode": "", "Lat": "0", "Lon": "0", "Confirmed": 59946, "Deaths": 219, "Recovered": 12798, "Active": 46929, "Date": "2020-11-01T00:00:00Z"}, {"Country": "Slovakia", "CountryCode": "", "Province": "", "City": "", "CityCode": "", "Lat": "0", "Lon": "0", "Confirmed": 61829, "Deaths": 219, "Recovered": 13012, "Active": 48598, "Date": "2020-11-02T00:00:00Z"}, {"Country": "Slovakia", "CountryCode": "", "Province": "", "City": "", "CityCode": "", "Lat": "0", "Lon": "0", "Confirmed": 63556, "Deaths": 235, "Recovered": 14257, "Active": 49064, "Date": "2020-11-03T00:00:00Z"}, {"Country": "Slovakia", "CountryCode": "", "Province": "", "City": "", "CityCode": "", "Lat": "0", "Lon": "0", "Confirmed": 66772, "Deaths": 261, "Recovered": 15474, "Active": 51037, "Date": "2020-11-04T00:00:00Z"}, {"Country": "Slovakia", "CountryCode": "", "Province": "", "City": "", "CityCode": "", "Lat": "0", "Lon": "0", "Confirmed": 68734, "Deaths": 286, "Recovered": 16426, "Active": 52022, "Date": "2020-11-05T00:00:00Z"}, {"Country": "Slovakia", "CountryCode": "", "Province": "", "City": "", "CityCode": "", "Lat": "0", "Lon": "0", "Confirmed": 71088, "Deaths": 317, "Recovered": 16990, "Active": 53781, "Date": "2020-11-06T00:00:00Z"}, {"Country": "Slovakia", "CountryCode": "", "Province": "", "City": "", "CityCode": "", "Lat": "0", "Lon": "0", "Confirmed": 73667, "Deaths": 351, "Recovered": 18354, "Active": 54962, "Date": "2020-11-07T00:00:00Z"}, {"Country": "Slovakia", "CountryCode": "", "Province": "", "City": "", "CityCode": "", "Lat": "0", "Lon": "0", "Confirmed": 75495, "Deaths": 351, "Recovered": 19481, "Active": 55663, "Date": "2020-11-08T00:00:00Z"}, {"Country": "Slovakia", "CountryCode": "", "Province": "", "City": "", "CityCode": "", "Lat": "0", "Lon": "0", "Confirmed": 76072, "Deaths": 366, "Recovered": 19757, "Active": 55949, "Date": "2020-11-09T00:00:00Z"}, {"Country": "Slovakia", "CountryCode": "", "Province": "", "City": "", "CityCode": "", "Lat": "0", "Lon": "0", "Confirmed": 77123, "Deaths": 390, "Recovered": 21718, "Active": 55015, "Date": "2020-11-10T00:00:00Z"}, {"Country": "Slovakia", "CountryCode": "", "Province": "", "City": "", "CityCode": "", "Lat": "0", "Lon": "0", "Confirmed": 79181, "Deaths": 414, "Recovered": 23247, "Active": 55520, "Date": "2020-11-11T00:00:00Z"}, {"Country": "Slovakia", "CountryCode": "", "Province": "", "City": "", "CityCode": "", "Lat": "0", "Lon": "0", "Confirmed": 81772, "Deaths": 464, "Recovered": 24314, "Active": 56994, "Date": "2020-11-12T00:00:00Z"}, {"Country": "Slovakia", "CountryCode": "", "Province": "", "City": "", "CityCode": "", "Lat": "0", "Lon": "0", "Confirmed": 83796, "Deaths": 491, "Recovered": 26439, "Active": 56866, "Date": "2020-11-13T00:00:00Z"}, {"Country": "Slovakia", "CountryCode": "", "Province": "", "City": "", "CityCode": "", "Lat": "0", "Lon": "0", "Confirmed": 85567, "Deaths": 510, "Recovered": 29024, "Active": 56033, "Date": "2020-11-14T00:00:00Z"}, {"Country": "Slovakia", "CountryCode": "", "Province": "", "City": "", "CityCode": "", "Lat": "0", "Lon": "0", "Confirmed": 86767, "Deaths": 510, "Recovered": 30519, "Active": 55738, "Date": "2020-11-15T00:00:00Z"}, {"Country": "Slovakia", "CountryCode": "", "Province": "", "City": "", "CityCode": "", "Lat": "0", "Lon": "0", "Confirmed": 87276, "Deaths": 526, "Recovered": 31053, "Active": 55697, "Date": "2020-11-16T00:00:00Z"}, {"Country": "Slovakia", "CountryCode": "", "Province": "", "City": "", "CityCode": "", "Lat": "0", "Lon": "0", "Confirmed": 88602, "Deaths": 557, "Recovered": 33906, "Active": 54139, "Date": "2020-11-17T00:00:00Z"}, {"Country": "Slovakia", "CountryCode": "", "Province": "", "City": "", "CityCode": "", "Lat": "0", "Lon": "0", "Confirmed": 89913, "Deaths": 579, "Recovered": 35924, "Active": 53410, "Date": "2020-11-18T00:00:00Z"}, {"Country": "Slovakia", "CountryCode": "", "Province": "", "City": "", "CityCode": "", "Lat": "0", "Lon": "0", "Confirmed": 91578, "Deaths": 579, "Recovered": 38695, "Active": 52304, "Date": "2020-11-19T00:00:00Z"}, {"Country": "Slovakia", "CountryCode": "", "Province": "", "City": "", "CityCode": "", "Lat": "0", "Lon": "0", "Confirmed": 93396, "Deaths": 614, "Recovered": 40816, "Active": 51966, "Date": "2020-11-20T00:00:00Z"}, {"Country": "Slovakia", "CountryCode": "", "Province": "", "City": "", "CityCode": "", "Lat": "0", "Lon": "0", "Confirmed": 95257, "Deaths": 644, "Recovered": 43188, "Active": 51425, "Date": "2020-11-21T00:00:00Z"}, {"Country": "Slovakia", "CountryCode": "", "Province": "", "City": "", "CityCode": "", "Lat": "0", "Lon": "0", "Confirmed": 96241, "Deaths": 671, "Recovered": 45883, "Active": 49687, "Date": "2020-11-22T00:00:00Z"}, {"Country": "Slovakia", "CountryCode": "", "Province": "", "City": "", "CityCode": "", "Lat": "0", "Lon": "0", "Confirmed": 96472, "Deaths": 693, "Recovered": 47933, "Active": 47846, "Date": "2020-11-23T00:00:00Z"}, {"Country": "Slovakia", "CountryCode": "", "Province": "", "City": "", "CityCode": "", "Lat": "0", "Lon": "0", "Confirmed": 97493, "Deaths": 709, "Recovered": 50738, "Active": 46046, "Date": "2020-11-24T00:00:00Z"}, {"Country": "Slovakia", "CountryCode": "", "Province": "", "City": "", "CityCode": "", "Lat": "0", "Lon": "0", "Confirmed": 99304, "Deaths": 732, "Recovered": 53547, "Active": 45025, "Date": "2020-11-25T00:00:00Z"}, {"Country": "Slovakia", "CountryCode": "", "Province": "", "City": "", "CityCode": "", "Lat": "0", "Lon": "0", "Confirmed": 101257, "Deaths": 749, "Recovered": 56378, "Active": 44130, "Date": "2020-11-26T00:00:00Z"}, {"Country": "Slovakia", "CountryCode": "", "Province": "", "City": "", "CityCode": "", "Lat": "0", "Lon": "0", "Confirmed": 103106, "Deaths": 771, "Recovered": 59285, "Active": 43050, "Date": "2020-11-27T00:00:00Z"}, {"Country": "Slovakia", "CountryCode": "", "Province": "", "City": "", "CityCode": "", "Lat": "0", "Lon": "0", "Confirmed": 104632, "Deaths": 798, "Recovered": 62094, "Active": 41740, "Date": "2020-11-28T00:00:00Z"}, {"Country": "Slovakia", "CountryCode": "", "Province": "", "City": "", "CityCode": "", "Lat": "0", "Lon": "0", "Confirmed": 105733, "Deaths": 816, "Recovered": 64197, "Active": 40720, "Date": "2020-11-29T00:00:00Z"}, {"Country": "Slovakia", "CountryCode": "", "Province": "", "City": "", "CityCode": "", "Lat": "0", "Lon": "0", "Confirmed": 105929, "Deaths": 839, "Recovered": 66041, "Active": 39049, "Date": "2020-11-30T00:00:00Z"}, {"Country": "Slovakia", "CountryCode": "", "Province": "", "City": "", "CityCode": "", "Lat": "0", "Lon": "0", "Confirmed": 107183, "Deaths": 868, "Recovered": 68859, "Active": 37456, "Date": "2020-12-01T00:00:00Z"}, {"Country": "Slovakia", "CountryCode": "", "Province": "", "City": "", "CityCode": "", "Lat": "0", "Lon": "0", "Confirmed": 109226, "Deaths": 898, "Recovered": 71738, "Active": 36590, "Date": "2020-12-02T00:00:00Z"}, {"Country": "Slovakia", "CountryCode": "", "Province": "", "City": "", "CityCode": "", "Lat": "0", "Lon": "0", "Confirmed": 111208, "Deaths": 930, "Recovered": 74273, "Active": 36005, "Date": "2020-12-03T00:00:00Z"}, {"Country": "Slovakia", "CountryCode": "", "Province": "", "City": "", "CityCode": "", "Lat": "0", "Lon": "0", "Confirmed": 113392, "Deaths": 957, "Recovered": 77142, "Active": 35293, "Date": "2020-12-04T00:00:00Z"}, {"Country": "Slovakia", "CountryCode": "", "Province": "", "City": "", "CityCode": "", "Lat": "0", "Lon": "0", "Confirmed": 115462, "Deaths": 981, "Recovered": 79956, "Active": 34525, "Date": "2020-12-05T00:00:00Z"}, {"Country": "Slovakia", "CountryCode": "", "Province": "", "City": "", "CityCode": "", "Lat": "0", "Lon": "0", "Confirmed": 116731, "Deaths": 996, "Recovered": 82666, "Active": 33069, "Date": "2020-12-06T00:00:00Z"}, {"Country": "Slovakia", "CountryCode": "", "Province": "", "City": "", "CityCode": "", "Lat": "0", "Lon": "0", "Confirmed": 117283, "Deaths": 1018, "Recovered": 84850, "Active": 31415, "Date": "2020-12-07T00:00:00Z"}, {"Country": "Slovakia", "CountryCode": "", "Province": "", "City": "", "CityCode": "", "Lat": "0", "Lon": "0", "Confirmed": 119232, "Deaths": 1046, "Recovered": 87433, "Active": 30753, "Date": "2020-12-08T00:00:00Z"}, {"Country": "Slovakia", "CountryCode": "", "Province": "", "City": "", "CityCode": "", "Lat": "0", "Lon": "0", "Confirmed": 121796, "Deaths": 1084, "Recovered": 89769, "Active": 30943, "Date": "2020-12-09T00:00:00Z"}, {"Country": "Slovakia", "CountryCode": "", "Province": "", "City": "", "CityCode": "", "Lat": "0", "Lon": "0", "Confirmed": 124921, "Deaths": 1104, "Recovered": 91455, "Active": 32362, "Date": "2020-12-10T00:00:00Z"}, {"Country": "Slovakia", "CountryCode": "", "Province": "", "City": "", "CityCode": "", "Lat": "0", "Lon": "0", "Confirmed": 127087, "Deaths": 1122, "Recovered": 93533, "Active": 32432, "Date": "2020-12-11T00:00:00Z"}, {"Country": "Slovakia", "CountryCode": "", "Province": "", "City": "", "CityCode": "", "Lat": "0", "Lon": "0", "Confirmed": 130794, "Deaths": 1148, "Recovered": 95416, "Active": 34230, "Date": "2020-12-12T00:00:00Z"}, {"Country": "Slovakia", "CountryCode": "", "Province": "", "City": "", "CityCode": "", "Lat": "0", "Lon": "0", "Confirmed": 132984, "Deaths": 1175, "Recovered": 97068, "Active": 34741, "Date": "2020-12-13T00:00:00Z"}, {"Country": "Slovakia", "CountryCode": "", "Province": "", "City": "", "CityCode": "", "Lat": "0", "Lon": "0", "Confirmed": 133489, "Deaths": 1205, "Recovered": 98585, "Active": 33699, "Date": "2020-12-14T00:00:00Z"}, {"Country": "Slovakia", "CountryCode": "", "Province": "", "City": "", "CityCode": "", "Lat": "0", "Lon": "0", "Confirmed": 135523, "Deaths": 1251, "Recovered": 100303, "Active": 33969, "Date": "2020-12-15T00:00:00Z"}, {"Country": "Slovakia", "CountryCode": "", "Province": "", "City": "", "CityCode": "", "Lat": "0", "Lon": "0", "Confirmed": 139088, "Deaths": 1309, "Recovered": 101584, "Active": 36195, "Date": "2020-12-16T00:00:00Z"}, {"Country": "Slovakia", "CountryCode": "", "Province": "", "City": "", "CityCode": "", "Lat": "0", "Lon": "0", "Confirmed": 142133, "Deaths": 1378, "Recovered": 102737, "Active": 38018, "Date": "2020-12-17T00:00:00Z"}, {"Country": "Slovakia", "CountryCode": "", "Province": "", "City": "", "CityCode": "", "Lat": "0", "Lon": "0", "Confirmed": 146124, "Deaths": 1440, "Recovered": 104560, "Active": 40124, "Date": "2020-12-18T00:00:00Z"}, {"Country": "Slovakia", "CountryCode": "", "Province": "", "City": "", "CityCode": "", "Lat": "0", "Lon": "0", "Confirmed": 149275, "Deaths": 1510, "Recovered": 106361, "Active": 41404, "Date": "2020-12-19T00:00:00Z"}, {"Country": "Slovakia", "CountryCode": "", "Province": "", "City": "", "CityCode": "", "Lat": "0", "Lon": "0", "Confirmed": 151336, "Deaths": 1555, "Recovered": 107828, "Active": 41953, "Date": "2020-12-20T00:00:00Z"}, {"Country": "Slovakia", "CountryCode": "", "Province": "", "City": "", "CityCode": "", "Lat": "0", "Lon": "0", "Confirmed": 152555, "Deaths": 1618, "Recovered": 109807, "Active": 41130, "Date": "2020-12-21T00:00:00Z"}, {"Country": "Slovakia", "CountryCode": "", "Province": "", "City": "", "CityCode": "", "Lat": "0", "Lon": "0", "Confirmed": 155218, "Deaths": 1618, "Recovered": 110565, "Active": 43035, "Date": "2020-12-22T00:00:00Z"}, {"Country": "Slovakia", "CountryCode": "", "Province": "", "City": "", "CityCode": "", "Lat": "0", "Lon": "0", "Confirmed": 158905, "Deaths": 1686, "Recovered": 112627, "Active": 44592, "Date": "2020-12-23T00:00:00Z"}, {"Country": "Slovakia", "CountryCode": "", "Province": "", "City": "", "CityCode": "", "Lat": "0", "Lon": "0", "Confirmed": 161562, "Deaths": 1732, "Recovered": 114267, "Active": 45563, "Date": "2020-12-24T00:00:00Z"}, {"Country": "Slovakia", "CountryCode": "", "Province": "", "City": "", "CityCode": "", "Lat": "0", "Lon": "0", "Confirmed": 165608, "Deaths": 1732, "Recovered": 115663, "Active": 48213, "Date": "2020-12-25T00:00:00Z"}, {"Country": "Slovakia", "CountryCode": "", "Province": "", "City": "", "CityCode": "", "Lat": "0", "Lon": "0", "Confirmed": 166649, "Deaths": 1732, "Recovered": 116948, "Active": 47969, "Date": "2020-12-26T00:00:00Z"}, {"Country": "Slovakia", "CountryCode": "", "Province": "", "City": "", "CityCode": "", "Lat": "0", "Lon": "0", "Confirmed": 167523, "Deaths": 1773, "Recovered": 119086, "Active": 46664, "Date": "2020-12-27T00:00:00Z"}, {"Country": "Slovakia", "CountryCode": "", "Province": "", "City": "", "CityCode": "", "Lat": "0", "Lon": "0", "Confirmed": 168092, "Deaths": 1879, "Recovered": 120410, "Active": 45803, "Date": "2020-12-28T00:00:00Z"}, {"Country": "Slovakia", "CountryCode": "", "Province": "", "City": "", "CityCode": "", "Lat": "0", "Lon": "0", "Confirmed": 170187, "Deaths": 1983, "Recovered": 121760, "Active": 46444, "Date": "2020-12-29T00:00:00Z"}, {"Country": "Slovakia", "CountryCode": "", "Province": "", "City": "", "CityCode": "", "Lat": "0", "Lon": "0", "Confirmed": 173228, "Deaths": 2065, "Recovered": 124427, "Active": 46736, "Date": "2020-12-30T00:00:00Z"}, {"Country": "Slovakia", "CountryCode": "", "Province": "", "City": "", "CityCode": "", "Lat": "0", "Lon": "0", "Confirmed": 179543, "Deaths": 2138, "Recovered": 125971, "Active": 51434, "Date": "2020-12-31T00:00:00Z"}, {"Country": "Slovakia", "CountryCode": "", "Province": "", "City": "", "CityCode": "", "Lat": "0", "Lon": "0", "Confirmed": 184508, "Deaths": 2250, "Recovered": 127190, "Active": 55068, "Date": "2021-01-01T00:00:00Z"}, {"Country": "Slovakia", "CountryCode": "", "Province": "", "City": "", "CityCode": "", "Lat": "0", "Lon": "0", "Confirmed": 186244, "Deaths": 2250, "Recovered": 128285, "Active": 55709, "Date": "2021-01-02T00:00:00Z"}, {"Country": "Slovakia", "CountryCode": "", "Province": "", "City": "", "CityCode": "", "Lat": "0", "Lon": "0", "Confirmed": 187463, "Deaths": 2317, "Recovered": 129994, "Active": 55152, "Date": "2021-01-03T00:00:00Z"}, {"Country": "Slovakia", "CountryCode": "", "Province": "", "City": "", "CityCode": "", "Lat": "0", "Lon": "0", "Confirmed": 188099, "Deaths": 2521, "Recovered": 130897, "Active": 54681, "Date": "2021-01-04T00:00:00Z"}, {"Country": "Slovakia", "CountryCode": "", "Province": "", "City": "", "CityCode": "", "Lat": "0", "Lon": "0", "Confirmed": 191088, "Deaths": 2603, "Recovered": 132852, "Active": 55633, "Date": "2021-01-05T00:00:00Z"}, {"Country": "Slovakia", "CountryCode": "", "Province": "", "City": "", "CityCode": "", "Lat": "0", "Lon": "0", "Confirmed": 196047, "Deaths": 2657, "Recovered": 135760, "Active": 57630, "Date": "2021-01-06T00:00:00Z"}, {"Country": "Slovakia", "CountryCode": "", "Province": "", "City": "", "CityCode": "", "Lat": "0", "Lon": "0", "Confirmed": 198184, "Deaths": 2717, "Recovered": 138383, "Active": 57084, "Date": "2021-01-07T00:00:00Z"}, {"Country": "Slovakia", "CountryCode": "", "Province": "", "City": "", "CityCode": "", "Lat": "0", "Lon": "0", "Confirmed": 201164, "Deaths": 2788, "Recovered": 141490, "Active": 56886, "Date": "2021-01-08T00:00:00Z"}, {"Country": "Slovakia", "CountryCode": "", "Province": "", "City": "", "CityCode": "", "Lat": "0", "Lon": "0", "Confirmed": 205236, "Deaths": 2836, "Recovered": 144612, "Active": 57788, "Date": "2021-01-09T00:00:00Z"}, {"Country": "Slovakia", "CountryCode": "", "Province": "", "City": "", "CityCode": "", "Lat": "0", "Lon": "0", "Confirmed": 208209, "Deaths": 2918, "Recovered": 147275, "Active": 58016, "Date": "2021-01-10T00:00:00Z"}, {"Country": "Slovakia", "CountryCode": "", "Province": "", "City": "", "CityCode": "", "Lat": "0", "Lon": "0", "Confirmed": 209069, "Deaths": 3007, "Recovered": 150239, "Active": 55823, "Date": "2021-01-11T00:00:00Z"}, {"Country": "Slovakia", "CountryCode": "", "Province": "", "City": "", "CityCode": "", "Lat": "0", "Lon": "0", "Confirmed": 211479, "Deaths": 3102, "Recovered": 153755, "Active": 54622, "Date": "2021-01-12T00:00:00Z"}, {"Country": "Slovakia", "CountryCode": "", "Province": "", "City": "", "CityCode": "", "Lat": "0", "Lon": "0", "Confirmed": 215055, "Deaths": 3163, "Recovered": 157028, "Active": 54864, "Date": "2021-01-13T00:00:00Z"}, {"Country": "Slovakia", "CountryCode": "", "Province": "", "City": "", "CityCode": "", "Lat": "0", "Lon": "0", "Confirmed": 217978, "Deaths": 3260, "Recovered": 160401, "Active": 54317, "Date": "2021-01-14T00:00:00Z"}, {"Country": "Slovakia", "CountryCode": "", "Province": "", "City": "", "CityCode": "", "Lat": "0", "Lon": "0", "Confirmed": 220707, "Deaths": 3362, "Recovered": 163323, "Active": 54022, "Date": "2021-01-15T00:00:00Z"}, {"Country": "Slovakia", "CountryCode": "", "Province": "", "City": "", "CityCode": "", "Lat": "0", "Lon": "0", "Confirmed": 222752, "Deaths": 3417, "Recovered": 166555, "Active": 52780, "Date": "2021-01-16T00:00:00Z"}, {"Country": "Slovakia", "CountryCode": "", "Province": "", "City": "", "CityCode": "", "Lat": "0", "Lon": "0", "Confirmed": 223325, "Deaths": 3474, "Recovered": 168915, "Active": 50936, "Date": "2021-01-17T00:00:00Z"}, {"Country": "Slovakia", "CountryCode": "", "Province": "", "City": "", "CityCode": "", "Lat": "0", "Lon": "0", "Confirmed": 224385, "Deaths": 3526, "Recovered": 171092, "Active": 49767, "Date": "2021-01-18T00:00:00Z"}, {"Country": "Slovakia", "CountryCode": "", "Province": "", "City": "", "CityCode": "", "Lat": "0", "Lon": "0", "Confirmed": 226294, "Deaths": 3637, "Recovered": 173761, "Active": 48896, "Date": "2021-01-19T00:00:00Z"}, {"Country": "Slovakia", "CountryCode": "", "Province": "", "City": "", "CityCode": "", "Lat": "0", "Lon": "0", "Confirmed": 228778, "Deaths": 3737, "Recovered": 176864, "Active": 48177, "Date": "2021-01-20T00:00:00Z"}, {"Country": "Slovakia", "CountryCode": "", "Province": "", "City": "", "CityCode": "", "Lat": "0", "Lon": "0", "Confirmed": 231242, "Deaths": 3801, "Recovered": 181129, "Active": 46312, "Date": "2021-01-21T00:00:00Z"}, {"Country": "Slovakia", "CountryCode": "", "Province": "", "City": "", "CityCode": "", "Lat": "0", "Lon": "0", "Confirmed": 233027, "Deaths": 3894, "Recovered": 183942, "Active": 45191, "Date": "2021-01-22T00:00:00Z"}, {"Country": "Slovakia", "CountryCode": "", "Province": "", "City": "", "CityCode": "", "Lat": "0", "Lon": "0", "Confirmed": 234571, "Deaths": 3965, "Recovered": 186683, "Active": 43923, "Date": "2021-01-23T00:00:00Z"}, {"Country": "Slovakia", "CountryCode": "", "Province": "", "City": "", "CityCode": "", "Lat": "0", "Lon": "0", "Confirmed": 236476, "Deaths": 4068, "Recovered": 189959, "Active": 42449, "Date": "2021-01-24T00:00:00Z"}, {"Country": "Slovakia", "CountryCode": "", "Province": "", "City": "", "CityCode": "", "Lat": "0", "Lon": "0", "Confirmed": 237027, "Deaths": 4068, "Recovered": 193380, "Active": 39579, "Date": "2021-01-25T00:00:00Z"}, {"Country": "Slovakia", "CountryCode": "", "Province": "", "City": "", "CityCode": "", "Lat": "0", "Lon": "0", "Confirmed": 238617, "Deaths": 4260, "Recovered": 197191, "Active": 37166, "Date": "2021-01-26T00:00:00Z"}, {"Country": "Slovakia", "CountryCode": "", "Province": "", "City": "", "CityCode": "", "Lat": "0", "Lon": "0", "Confirmed": 241392, "Deaths": 4361, "Recovered": 202148, "Active": 34883, "Date": "2021-01-27T00:00:00Z"}, {"Country": "Slovakia", "CountryCode": "", "Province": "", "City": "", "CityCode": "", "Lat": "0", "Lon": "0", "Confirmed": 243427, "Deaths": 4411, "Recovered": 205247, "Active": 33769, "Date": "2021-01-28T00:00:00Z"}, {"Country": "Slovakia", "CountryCode": "", "Province": "", "City": "", "CityCode": "", "Lat": "0", "Lon": "0", "Confirmed": 246008, "Deaths": 4495, "Recovered": 208406, "Active": 33107, "Date": "2021-01-29T00:00:00Z"}, {"Country": "Slovakia", "CountryCode": "", "Province": "", "City": "", "CityCode": "", "Lat": "0", "Lon": "0", "Confirmed": 248190, "Deaths": 4565, "Recovered": 212271, "Active": 31354, "Date": "2021-01-30T00:00:00Z"}, {"Country": "Slovakia", "CountryCode": "", "Province": "", "City": "", "CityCode": "", "Lat": "0", "Lon": "0", "Confirmed": 249913, "Deaths": 4642, "Recovered": 216052, "Active": 29219, "Date": "2021-01-31T00:00:00Z"}, {"Country": "Slovakia", "CountryCode": "", "Province": "", "City": "", "CityCode": "", "Lat": "0", "Lon": "0", "Confirmed": 250357, "Deaths": 4711, "Recovered": 218923, "Active": 26723, "Date": "2021-02-01T00:00:00Z"}, {"Country": "Slovakia", "CountryCode": "", "Province": "", "City": "", "CityCode": "", "Lat": "0", "Lon": "0", "Confirmed": 252094, "Deaths": 4784, "Recovered": 222642, "Active": 24668, "Date": "2021-02-02T00:00:00Z"}, {"Country": "Slovakia", "CountryCode": "", "Province": "", "City": "", "CityCode": "", "Lat": "0", "Lon": "0", "Confirmed": 254826, "Deaths": 4889, "Recovered": 226471, "Active": 23466, "Date": "2021-02-03T00:00:00Z"}, {"Country": "Slovakia", "CountryCode": "", "Province": "", "City": "", "CityCode": "", "Lat": "0", "Lon": "0", "Confirmed": 256903, "Deaths": 4976, "Recovered": 230456, "Active": 21471, "Date": "2021-02-04T00:00:00Z"}, {"Country": "Slovakia", "CountryCode": "", "Province": "", "City": "", "CityCode": "", "Lat": "0", "Lon": "0", "Confirmed": 259533, "Deaths": 5050, "Recovered": 234371, "Active": 20112, "Date": "2021-02-05T00:00:00Z"}, {"Country": "Slovakia", "CountryCode": "", "Province": "", "City": "", "CityCode": "", "Lat": "0", "Lon": "0", "Confirmed": 261774, "Deaths": 5135, "Recovered": 238221, "Active": 18418, "Date": "2021-02-06T00:00:00Z"}, {"Country": "Slovakia", "CountryCode": "", "Province": "", "City": "", "CityCode": "", "Lat": "0", "Lon": "0", "Confirmed": 263326, "Deaths": 5199, "Recovered": 241686, "Active": 16441, "Date": "2021-02-07T00:00:00Z"}, {"Country": "Slovakia", "CountryCode": "", "Province": "", "City": "", "CityCode": "", "Lat": "0", "Lon": "0", "Confirmed": 264083, "Deaths": 5271, "Recovered": 245702, "Active": 13110, "Date": "2021-02-08T00:00:00Z"}, {"Country": "Slovakia", "CountryCode": "", "Province": "", "City": "", "CityCode": "", "Lat": "0", "Lon": "0", "Confirmed": 265807, "Deaths": 5382, "Recovered": 248386, "Active": 12039, "Date": "2021-02-09T00:00:00Z"}, {"Country": "Slovakia", "CountryCode": "", "Province": "", "City": "", "CityCode": "", "Lat": "0", "Lon": "0", "Confirmed": 268986, "Deaths": 5502, "Recovered": 251618, "Active": 11866, "Date": "2021-02-10T00:00:00Z"}, {"Country": "Slovakia", "CountryCode": "", "Province": "", "City": "", "CityCode": "", "Lat": "0", "Lon": "0", "Confirmed": 271473, "Deaths": 5629, "Recovered": 253518, "Active": 12326, "Date": "2021-02-11T00:00:00Z"}, {"Country": "Slovakia", "CountryCode": "", "Province": "", "City": "", "CityCode": "", "Lat": "0", "Lon": "0", "Confirmed": 273904, "Deaths": 5733, "Recovered": 255300, "Active": 12871, "Date": "2021-02-12T00:00:00Z"}, {"Country": "Slovakia", "CountryCode": "", "Province": "", "City": "", "CityCode": "", "Lat": "0", "Lon": "0", "Confirmed": 276234, "Deaths": 5812, "Recovered": 255300, "Active": 15122, "Date": "2021-02-13T00:00:00Z"}, {"Country": "Slovakia", "CountryCode": "", "Province": "", "City": "", "CityCode": "", "Lat": "0", "Lon": "0", "Confirmed": 277682, "Deaths": 5885, "Recovered": 255300, "Active": 15122, "Date": "2021-02-14T00:00:00Z"}, {"Country": "Slovakia", "CountryCode": "", "Province": "", "City": "", "CityCode": "", "Lat": "0", "Lon": "0", "Confirmed": 278254, "Deaths": 5952, "Recovered": 255300, "Active": 17002, "Date": "2021-02-15T00:00:00Z"}, {"Country": "Slovakia", "CountryCode": "", "Province": "", "City": "", "CityCode": "", "Lat": "0", "Lon": "0", "Confirmed": 279696, "Deaths": 6063, "Recovered": 255300, "Active": 18333, "Date": "2021-02-16T00:00:00Z"}, {"Country": "Slovakia", "CountryCode": "", "Province": "", "City": "", "CityCode": "", "Lat": "0", "Lon": "0", "Confirmed": 282864, "Deaths": 6168, "Recovered": 255300, "Active": 21396, "Date": "2021-02-17T00:00:00Z"}, {"Country": "Slovakia", "CountryCode": "", "Province": "", "City": "", "CityCode": "", "Lat": "0", "Lon": "0", "Confirmed": 285419, "Deaths": 6271, "Recovered": 255300, "Active": 23848, "Date": "2021-02-18T00:00:00Z"}, {"Country": "Slovakia", "CountryCode": "", "Province": "", "City": "", "CityCode": "", "Lat": "0", "Lon": "0", "Confirmed": 287752, "Deaths": 6350, "Recovered": 255300, "Active": 26102, "Date": "2021-02-19T00:00:00Z"}, {"Country": "Slovakia", "CountryCode": "", "Province": "", "City": "", "CityCode": "", "Lat": "0", "Lon": "0", "Confirmed": 290457, "Deaths": 6424, "Recovered": 255300, "Active": 28733, "Date": "2021-02-20T00:00:00Z"}, {"Country": "Slovakia", "CountryCode": "", "Province": "", "City": "", "CityCode": "", "Lat": "0", "Lon": "0", "Confirmed": 292143, "Deaths": 6505, "Recovered": 255300, "Active": 30338, "Date": "2021-02-21T00:00:00Z"}, {"Country": "Slovakia", "CountryCode": "", "Province": "", "City": "", "CityCode": "", "Lat": "0", "Lon": "0", "Confirmed": 292792, "Deaths": 6577, "Recovered": 255300, "Active": 30915, "Date": "2021-02-22T00:00:00Z"}, {"Country": "Slovakia", "CountryCode": "", "Province": "", "City": "", "CityCode": "", "Lat": "0", "Lon": "0", "Confirmed": 294790, "Deaths": 6671, "Recovered": 255300, "Active": 32819, "Date": "2021-02-23T00:00:00Z"}, {"Country": "Slovakia", "CountryCode": "", "Province": "", "City": "", "CityCode": "", "Lat": "0", "Lon": "0", "Confirmed": 298337, "Deaths": 6775, "Recovered": 255300, "Active": 36262, "Date": "2021-02-24T00:00:00Z"}, {"Country": "Slovakia", "CountryCode": "", "Province": "", "City": "", "CityCode": "", "Lat": "0", "Lon": "0", "Confirmed": 300775, "Deaths": 6859, "Recovered": 255300, "Active": 38616, "Date": "2021-02-25T00:00:00Z"}, {"Country": "Slovakia", "CountryCode": "", "Province": "", "City": "", "CityCode": "", "Lat": "0", "Lon": "0", "Confirmed": 303420, "Deaths": 6966, "Recovered": 255300, "Active": 41154, "Date": "2021-02-26T00:00:00Z"}, {"Country": "Slovakia", "CountryCode": "", "Province": "", "City": "", "CityCode": "", "Lat": "0", "Lon": "0", "Confirmed": 306268, "Deaths": 7075, "Recovered": 255300, "Active": 43893, "Date": "2021-02-27T00:00:00Z"}, {"Country": "Slovakia", "CountryCode": "", "Province": "", "City": "", "CityCode": "", "Lat": "0", "Lon": "0", "Confirmed": 308083, "Deaths": 7189, "Recovered": 255300, "Active": 45594, "Date": "2021-02-28T00:00:00Z"}, {"Country": "Slovakia", "CountryCode": "", "Province": "", "City": "", "CityCode": "", "Lat": "0", "Lon": "0", "Confirmed": 308925, "Deaths": 7270, "Recovered": 255300, "Active": 46355, "Date": "2021-03-01T00:00:00Z"}, {"Country": "Slovakia", "CountryCode": "", "Province": "", "City": "", "CityCode": "", "Lat": "0", "Lon": "0", "Confirmed": 311002, "Deaths": 7388, "Recovered": 255300, "Active": 48314, "Date": "2021-03-02T00:00:00Z"}, {"Country": "Slovakia", "CountryCode": "", "Province": "", "City": "", "CityCode": "", "Lat": "0", "Lon": "0", "Confirmed": 314359, "Deaths": 7489, "Recovered": 255300, "Active": 51570, "Date": "2021-03-03T00:00:00Z"}, {"Country": "Slovakia", "CountryCode": "", "Province": "", "City": "", "CityCode": "", "Lat": "0", "Lon": "0", "Confirmed": 317159, "Deaths": 7560, "Recovered": 255300, "Active": 54299, "Date": "2021-03-04T00:00:00Z"}, {"Country": "Slovakia", "CountryCode": "", "Province": "", "City": "", "CityCode": "", "Lat": "0", "Lon": "0", "Confirmed": 319582, "Deaths": 7665, "Recovered": 255300, "Active": 56617, "Date": "2021-03-05T00:00:00Z"}, {"Country": "Slovakia", "CountryCode": "", "Province": "", "City": "", "CityCode": "", "Lat": "0", "Lon": "0", "Confirmed": 322104, "Deaths": 7739, "Recovered": 255300, "Active": 59065, "Date": "2021-03-06T00:00:00Z"}, {"Country": "Slovakia", "CountryCode": "", "Province": "", "City": "", "CityCode": "", "Lat": "0", "Lon": "0", "Confirmed": 323390, "Deaths": 7836, "Recovered": 255300, "Active": 315554, "Date": "2021-03-07T00:00:00Z"}, {"Country": "Slovakia", "CountryCode": "", "Province": "", "City": "", "CityCode": "", "Lat": "0", "Lon": "0", "Confirmed": 323786, "Deaths": 7921, "Recovered": 255300, "Active": 60565, "Date": "2021-03-08T00:00:00Z"}, {"Country": "Slovakia", "CountryCode": "", "Province": "", "City": "", "CityCode": "", "Lat": "0", "Lon": "0", "Confirmed": 325993, "Deaths": 8037, "Recovered": 255300, "Active": 62656, "Date": "2021-03-09T00:00:00Z"}, {"Country": "Slovakia", "CountryCode": "", "Province": "", "City": "", "CityCode": "", "Lat": "0", "Lon": "0", "Confirmed": 329593, "Deaths": 8146, "Recovered": 255300, "Active": 66147, "Date": "2021-03-10T00:00:00Z"}, {"Country": "Slovakia", "CountryCode": "", "Province": "", "City": "", "CityCode": "", "Lat": "0", "Lon": "0", "Confirmed": 331571, "Deaths": 8244, "Recovered": 255300, "Active": 68027, "Date": "2021-03-11T00:00:00Z"}, {"Country": "Slovakia", "CountryCode": "", "Province": "", "City": "", "CityCode": "", "Lat": "0", "Lon": "0", "Confirmed": 333872, "Deaths": 8346, "Recovered": 255300, "Active": 70226, "Date": "2021-03-12T00:00:00Z"}, {"Country": "Slovakia", "CountryCode": "", "Province": "", "City": "", "CityCode": "", "Lat": "0", "Lon": "0", "Confirmed": 336235, "Deaths": 8440, "Recovered": 255300, "Active": 72495, "Date": "2021-03-13T00:00:00Z"}]