[{"Country": "Spain", "CountryCode": "", "Province": "", "City": "", "CityCode": "", "Lat": "0", "Lon": "0", "Confirmed": 1, "Deaths": 0, "Recovered": 0, "Active": 1, "Date": "2020-02-01T00:00:00Z"}, {"Country": "Spain", "CountryCode": "", "Province": "", "City": "", "CityCode": "", "Lat": "0", "Lon": "0", "Confirmed": 1, "Deaths": 0, "Recovered": 0, "Active": 1, "Date": "2020-02-02T00:00:00Z"}, {"Country": "Spain", "CountryCode": "", "Province": "", "City": "", "CityCode": "", "Lat": "0", "Lon": "0", "Confirmed": 1, "Deaths": 0, "Recovered": 0, "Active": 1, "Date": "2020-02-03T00:00:00Z"}, {"Country": "Spain", "CountryCode": "", "Province": "", "City": "", "CityCode": "", "Lat": "0", "Lon": "0", "Confirmed": 1, "Deaths": 0, "Recovered": 0, "Active": 1, "Date": "2020-02-04T00:00:00Z"}, {"Country": "Spain", "CountryCode": "", "Province": "", "City": "", "CityCode": "", "Lat": "0", "Lon": "0", "Confirmed": 1, "Deaths": 0, "Recovered": 0, "Active": 1, "Date": "2020-02-05T00:00:00Z"}, {"Country": "Spain", "CountryCode": "", "Province": "", "City": "", "CityCode": "", "Lat": "0", "Lon": "0", "Confirmed": 1, "Deaths": 0, "Recovered": 0, "Active": 1, "Date": "2020-02-06T00:00:00Z"}, {"Country": "Spain", "CountryCode": "", "Province": "", "City": "", "CityCode": "", "Lat": "0", "Lon": "0", "Confirmed": 1, "Deaths": 0, "Recovered": 0, "Active": 1, "Date": "2020-02-07T00:00:00Z"}, {"Country": "Spain", "CountryCode": "", "Province": "", "City": "", "CityCode": "", "Lat": "0", "Lon": "0", "Confirmed": 1, "Deaths": 0, "Recovered": 0, "Active": 1, "Date": "2020-02-08T00:00:00Z"}, {"Country": "Spain", "CountryCode": "", "Province": "", "City": "", "CityCode": "", "Lat": "0", "Lon": "0", "Confirmed": 2, "Deaths": 0, "Recovered": 0, "Active": 2, "Date": "2020-02-09T00:00:00Z"}, {"Country": "Spain", "CountryCode": "", "Province": "", "City": "", "CityCode": "", "Lat": "0", "Lon": "0", "Confirmed": 2, "Deaths": 0, "Recovered": 0, "Active": 2, "Date": "2020-02-10T00:00:00Z"}, {"Country": "Spain", "CountryCode": "", "Province": "", "City": "", "CityCode": "", "Lat": "0", "Lon": "0", "Confirmed": 2, "Deaths": 0, "Recovered": 0, "Active": 2, "Date": "2020-02-11T00:00:00Z"}, {"Country": "Spain", "CountryCode": "", "Province": "", "City": "", "CityCode": "", "Lat": "0", "Lon": "0", "Confirmed": 2, "Deaths": 0, "Recovered": 0, "Active": 2, "Date": "2020-02-12T00:00:00Z"}, {"Country": "Spain", "CountryCode": "", "Province": "", "City": "", "CityCode": "", "Lat": "0", "Lon": "0", "Confirmed": 2, "Deaths": 0, "Recovered": 0, "Active": 2, "Date": "2020-02-13T00:00:00Z"}, {"Country": "Spain", "CountryCode": "", "Province": "", "City": "", "CityCode": "", "Lat": "0", "Lon": "0", "Confirmed": 2, "Deaths": 0, "Recovered": 0, "Active": 2, "Date": "2020-02-14T00:00:00Z"}, {"Country": "Spain", "CountryCode": "", "Province": "", "City": "", "CityCode": "", "Lat": "0", "Lon": "0", "Confirmed": 2, "Deaths": 0, "Recovered": 2, "Active": 0, "Date": "2020-02-15T00:00:00Z"}, {"Country": "Spain", "CountryCode": "", "Province": "", "City": "", "CityCode": "", "Lat": "0", "Lon": "0", "Confirmed": 2, "Deaths": 0, "Recovered": 2, "Active": 0, "Date": "2020-02-16T00:00:00Z"}, {"Country": "Spain", "CountryCode": "", "Province": "", "City": "", "CityCode": "", "Lat": "0", "Lon": "0", "Confirmed": 2, "Deaths": 0, "Recovered": 2, "Active": 0, "Date": "2020-02-17T00:00:00Z"}, {"Country": "Spain", "CountryCode": "", "Province": "", "City": "", "CityCode": "", "Lat": "0", "Lon": "0", "Confirmed": 2, "Deaths": 0, "Recovered": 2, "Active": 0, "Date": "2020-02-18T00:00:00Z"}, {"Country": "Spain", "CountryCode": "", "Province": "", "City": "", "CityCode": "", "Lat": "0", "Lon": "0", "Confirmed": 2, "Deaths": 0, "Recovered": 2, "Active": 0, "Date": "2020-02-19T00:00:00Z"}, {"Country": "Spain", "CountryCode": "", "Province": "", "City": "", "CityCode": "", "Lat": "0", "Lon": "0", "Confirmed": 2, "Deaths": 0, "Recovered": 2, "Active": 0, "Date": "2020-02-20T00:00:00Z"}, {"Country": "Spain", "CountryCode": "", "Province": "", "City": "", "CityCode": "", "Lat": "0", "Lon": "0", "Confirmed": 2, "Deaths": 0, "Recovered": 2, "Active": 0, "Date": "2020-02-21T00:00:00Z"}, {"Country": "Spain", "CountryCode": "", "Province": "", "City": "", "CityCode": "", "Lat": "0", "Lon": "0", "Confirmed": 2, "Deaths": 0, "Recovered": 2, "Active": 0, "Date": "2020-02-22T00:00:00Z"}, {"Country": "Spain", "CountryCode": "", "Province": "", "City": "", "CityCode": "", "Lat": "0", "Lon": "0", "Confirmed": 2, "Deaths": 0, "Recovered": 2, "Active": 0, "Date": "2020-02-23T00:00:00Z"}, {"Country": "Spain", "CountryCode": "", "Province": "", "City": "", "CityCode": "", "Lat": "0", "Lon": "0", "Confirmed": 2, "Deaths": 0, "Recovered": 2, "Active": 0, "Date": "2020-02-24T00:00:00Z"}, {"Country": "Spain", "CountryCode": "", "Province": "", "City": "", "CityCode": "", "Lat": "0", "Lon": "0", "Confirmed": 6, "Deaths": 0, "Recovered": 2, "Active": 4, "Date": "2020-02-25T00:00:00Z"}, {"Country": "Spain", "CountryCode": "", "Province": "", "City": "", "CityCode": "", "Lat": "0", "Lon": "0", "Confirmed": 13, "Deaths": 0, "Recovered": 2, "Active": 11, "Date": "2020-02-26T00:00:00Z"}, {"Country": "Spain", "CountryCode": "", "Province": "", "City": "", "CityCode": "", "Lat": "0", "Lon": "0", "Confirmed": 15, "Deaths": 0, "Recovered": 2, "Active": 13, "Date": "2020-02-27T00:00:00Z"}, {"Country": "Spain", "CountryCode": "", "Province": "", "City": "", "CityCode": "", "Lat": "0", "Lon": "0", "Confirmed": 32, "Deaths": 0, "Recovered": 2, "Active": 30, "Date": "2020-02-28T00:00:00Z"}, {"Country": "Spain", "CountryCode": "", "Province": "", "City": "", "CityCode": "", "Lat": "0", "Lon": "0", "Confirmed": 45, "Deaths": 0, "Recovered": 2, "Active": 43, "Date": "2020-02-29T00:00:00Z"}, {"Country": "Spain", "CountryCode": "", "Province": "", "City": "", "CityCode": "", "Lat": "0", "Lon": "0", "Confirmed": 84, "Deaths": 0, "Recovered": 2, "Active": 82, "Date": "2020-03-01T00:00:00Z"}, {"Country": "Spain", "CountryCode": "", "Province": "", "City": "", "CityCode": "", "Lat": "0", "Lon": "0", "Confirmed": 120, "Deaths": 0, "Recovered": 2, "Active": 118, "Date": "2020-03-02T00:00:00Z"}, {"Country": "Spain", "CountryCode": "", "Province": "", "City": "", "CityCode": "", "Lat": "0", "Lon": "0", "Confirmed": 165, "Deaths": 1, "Recovered": 2, "Active": 162, "Date": "2020-03-03T00:00:00Z"}, {"Country": "Spain", "CountryCode": "", "Province": "", "City": "", "CityCode": "", "Lat": "0", "Lon": "0", "Confirmed": 222, "Deaths": 2, "Recovered": 2, "Active": 218, "Date": "2020-03-04T00:00:00Z"}, {"Country": "Spain", "CountryCode": "", "Province": "", "City": "", "CityCode": "", "Lat": "0", "Lon": "0", "Confirmed": 259, "Deaths": 3, "Recovered": 2, "Active": 254, "Date": "2020-03-05T00:00:00Z"}, {"Country": "Spain", "CountryCode": "", "Province": "", "City": "", "CityCode": "", "Lat": "0", "Lon": "0", "Confirmed": 400, "Deaths": 5, "Recovered": 2, "Active": 393, "Date": "2020-03-06T00:00:00Z"}, {"Country": "Spain", "CountryCode": "", "Province": "", "City": "", "CityCode": "", "Lat": "0", "Lon": "0", "Confirmed": 500, "Deaths": 10, "Recovered": 30, "Active": 460, "Date": "2020-03-07T00:00:00Z"}, {"Country": "Spain", "CountryCode": "", "Province": "", "City": "", "CityCode": "", "Lat": "0", "Lon": "0", "Confirmed": 673, "Deaths": 17, "Recovered": 30, "Active": 626, "Date": "2020-03-08T00:00:00Z"}, {"Country": "Spain", "CountryCode": "", "Province": "", "City": "", "CityCode": "", "Lat": "0", "Lon": "0", "Confirmed": 1073, "Deaths": 28, "Recovered": 32, "Active": 1013, "Date": "2020-03-09T00:00:00Z"}, {"Country": "Spain", "CountryCode": "", "Province": "", "City": "", "CityCode": "", "Lat": "0", "Lon": "0", "Confirmed": 1695, "Deaths": 35, "Recovered": 32, "Active": 1628, "Date": "2020-03-10T00:00:00Z"}, {"Country": "Spain", "CountryCode": "", "Province": "", "City": "", "CityCode": "", "Lat": "0", "Lon": "0", "Confirmed": 2277, "Deaths": 54, "Recovered": 183, "Active": 2040, "Date": "2020-03-11T00:00:00Z"}, {"Country": "Spain", "CountryCode": "", "Province": "", "City": "", "CityCode": "", "Lat": "0", "Lon": "0", "Confirmed": 2277, "Deaths": 55, "Recovered": 183, "Active": 2039, "Date": "2020-03-12T00:00:00Z"}, {"Country": "Spain", "CountryCode": "", "Province": "", "City": "", "CityCode": "", "Lat": "0", "Lon": "0", "Confirmed": 5232, "Deaths": 133, "Recovered": 193, "Active": 4906, "Date": "2020-03-13T00:00:00Z"}, {"Country": "Spain", "CountryCode": "", "Province": "", "City": "", "CityCode": "", "Lat": "0", "Lon": "0", "Confirmed": 6391, "Deaths": 195, "Recovered": 517, "Active": 5679, "Date": "2020-03-14T00:00:00Z"}, {"Country": "Spain", "CountryCode": "", "Province": "", "City": "", "CityCode": "", "Lat": "0", "Lon": "0", "Confirmed": 7798, "Deaths": 289, "Recovered": 517, "Active": 6992, "Date": "2020-03-15T00:00:00Z"}, {"Country": "Spain", "CountryCode": "", "Province": "", "City": "", "CityCode": "", "Lat": "0", "Lon": "0", "Confirmed": 9942, "Deaths": 342, "Recovered": 530, "Active": 9070, "Date": "2020-03-16T00:00:00Z"}, {"Country": "Spain", "CountryCode": "", "Province": "", "City": "", "CityCode": "", "Lat": "0", "Lon": "0", "Confirmed": 11748, "Deaths": 533, "Recovered": 1028, "Active": 10187, "Date": "2020-03-17T00:00:00Z"}, {"Country": "Spain", "CountryCode": "", "Province": "", "City": "", "CityCode": "", "Lat": "0", "Lon": "0", "Confirmed": 13910, "Deaths": 623, "Recovered": 1081, "Active": 12206, "Date": "2020-03-18T00:00:00Z"}, {"Country": "Spain", "CountryCode": "", "Province": "", "City": "", "CityCode": "", "Lat": "0", "Lon": "0", "Confirmed": 17963, "Deaths": 830, "Recovered": 1107, "Active": 16026, "Date": "2020-03-19T00:00:00Z"}, {"Country": "Spain", "CountryCode": "", "Province": "", "City": "", "CityCode": "", "Lat": "0", "Lon": "0", "Confirmed": 20410, "Deaths": 1043, "Recovered": 1588, "Active": 17779, "Date": "2020-03-20T00:00:00Z"}, {"Country": "Spain", "CountryCode": "", "Province": "", "City": "", "CityCode": "", "Lat": "0", "Lon": "0", "Confirmed": 25374, "Deaths": 1375, "Recovered": 2125, "Active": 21874, "Date": "2020-03-21T00:00:00Z"}, {"Country": "Spain", "CountryCode": "", "Province": "", "City": "", "CityCode": "", "Lat": "0", "Lon": "0", "Confirmed": 28768, "Deaths": 1772, "Recovered": 2575, "Active": 24421, "Date": "2020-03-22T00:00:00Z"}, {"Country": "Spain", "CountryCode": "", "Province": "", "City": "", "CityCode": "", "Lat": "0", "Lon": "0", "Confirmed": 35136, "Deaths": 2311, "Recovered": 2575, "Active": 30250, "Date": "2020-03-23T00:00:00Z"}, {"Country": "Spain", "CountryCode": "", "Province": "", "City": "", "CityCode": "", "Lat": "0", "Lon": "0", "Confirmed": 39885, "Deaths": 2808, "Recovered": 3794, "Active": 33283, "Date": "2020-03-24T00:00:00Z"}, {"Country": "Spain", "CountryCode": "", "Province": "", "City": "", "CityCode": "", "Lat": "0", "Lon": "0", "Confirmed": 49515, "Deaths": 3647, "Recovered": 5367, "Active": 40501, "Date": "2020-03-25T00:00:00Z"}, {"Country": "Spain", "CountryCode": "", "Province": "", "City": "", "CityCode": "", "Lat": "0", "Lon": "0", "Confirmed": 57786, "Deaths": 4365, "Recovered": 7015, "Active": 46406, "Date": "2020-03-26T00:00:00Z"}, {"Country": "Spain", "CountryCode": "", "Province": "", "City": "", "CityCode": "", "Lat": "0", "Lon": "0", "Confirmed": 65719, "Deaths": 5138, "Recovered": 9357, "Active": 51224, "Date": "2020-03-27T00:00:00Z"}, {"Country": "Spain", "CountryCode": "", "Province": "", "City": "", "CityCode": "", "Lat": "0", "Lon": "0", "Confirmed": 73235, "Deaths": 5982, "Recovered": 12285, "Active": 54968, "Date": "2020-03-28T00:00:00Z"}, {"Country": "Spain", "CountryCode": "", "Province": "", "City": "", "CityCode": "", "Lat": "0", "Lon": "0", "Confirmed": 80110, "Deaths": 6803, "Recovered": 14709, "Active": 58598, "Date": "2020-03-29T00:00:00Z"}, {"Country": "Spain", "CountryCode": "", "Province": "", "City": "", "CityCode": "", "Lat": "0", "Lon": "0", "Confirmed": 87956, "Deaths": 7716, "Recovered": 16780, "Active": 63460, "Date": "2020-03-30T00:00:00Z"}, {"Country": "Spain", "CountryCode": "", "Province": "", "City": "", "CityCode": "", "Lat": "0", "Lon": "0", "Confirmed": 95923, "Deaths": 8464, "Recovered": 19259, "Active": 68200, "Date": "2020-03-31T00:00:00Z"}, {"Country": "Spain", "CountryCode": "", "Province": "", "City": "", "CityCode": "", "Lat": "0", "Lon": "0", "Confirmed": 104118, "Deaths": 9387, "Recovered": 22647, "Active": 72084, "Date": "2020-04-01T00:00:00Z"}, {"Country": "Spain", "CountryCode": "", "Province": "", "City": "", "CityCode": "", "Lat": "0", "Lon": "0", "Confirmed": 112065, "Deaths": 10348, "Recovered": 26743, "Active": 74974, "Date": "2020-04-02T00:00:00Z"}, {"Country": "Spain", "CountryCode": "", "Province": "", "City": "", "CityCode": "", "Lat": "0", "Lon": "0", "Confirmed": 119199, "Deaths": 11198, "Recovered": 30513, "Active": 77488, "Date": "2020-04-03T00:00:00Z"}, {"Country": "Spain", "CountryCode": "", "Province": "", "City": "", "CityCode": "", "Lat": "0", "Lon": "0", "Confirmed": 126168, "Deaths": 11947, "Recovered": 34219, "Active": 80002, "Date": "2020-04-04T00:00:00Z"}, {"Country": "Spain", "CountryCode": "", "Province": "", "City": "", "CityCode": "", "Lat": "0", "Lon": "0", "Confirmed": 131646, "Deaths": 12641, "Recovered": 38080, "Active": 80925, "Date": "2020-04-05T00:00:00Z"}, {"Country": "Spain", "CountryCode": "", "Province": "", "City": "", "CityCode": "", "Lat": "0", "Lon": "0", "Confirmed": 136675, "Deaths": 13341, "Recovered": 40437, "Active": 82897, "Date": "2020-04-06T00:00:00Z"}, {"Country": "Spain", "CountryCode": "", "Province": "", "City": "", "CityCode": "", "Lat": "0", "Lon": "0", "Confirmed": 141942, "Deaths": 14045, "Recovered": 43208, "Active": 84689, "Date": "2020-04-07T00:00:00Z"}, {"Country": "Spain", "CountryCode": "", "Province": "", "City": "", "CityCode": "", "Lat": "0", "Lon": "0", "Confirmed": 148220, "Deaths": 14792, "Recovered": 48021, "Active": 85407, "Date": "2020-04-08T00:00:00Z"}, {"Country": "Spain", "CountryCode": "", "Province": "", "City": "", "CityCode": "", "Lat": "0", "Lon": "0", "Confirmed": 153222, "Deaths": 15447, "Recovered": 52165, "Active": 85610, "Date": "2020-04-09T00:00:00Z"}, {"Country": "Spain", "CountryCode": "", "Province": "", "City": "", "CityCode": "", "Lat": "0", "Lon": "0", "Confirmed": 158273, "Deaths": 16081, "Recovered": 55668, "Active": 86524, "Date": "2020-04-10T00:00:00Z"}, {"Country": "Spain", "CountryCode": "", "Province": "", "City": "", "CityCode": "", "Lat": "0", "Lon": "0", "Confirmed": 163027, "Deaths": 16606, "Recovered": 59109, "Active": 87312, "Date": "2020-04-11T00:00:00Z"}, {"Country": "Spain", "CountryCode": "", "Province": "", "City": "", "CityCode": "", "Lat": "0", "Lon": "0", "Confirmed": 166831, "Deaths": 17209, "Recovered": 62391, "Active": 87231, "Date": "2020-04-12T00:00:00Z"}, {"Country": "Spain", "CountryCode": "", "Province": "", "City": "", "CityCode": "", "Lat": "0", "Lon": "0", "Confirmed": 170099, "Deaths": 17756, "Recovered": 64727, "Active": 87616, "Date": "2020-04-13T00:00:00Z"}, {"Country": "Spain", "CountryCode": "", "Province": "", "City": "", "CityCode": "", "Lat": "0", "Lon": "0", "Confirmed": 172541, "Deaths": 18056, "Recovered": 67504, "Active": 86981, "Date": "2020-04-14T00:00:00Z"}, {"Country": "Spain", "CountryCode": "", "Province": "", "City": "", "CityCode": "", "Lat": "0", "Lon": "0", "Confirmed": 177644, "Deaths": 18708, "Recovered": 70853, "Active": 88083, "Date": "2020-04-15T00:00:00Z"}, {"Country": "Spain", "CountryCode": "", "Province": "", "City": "", "CityCode": "", "Lat": "0", "Lon": "0", "Confirmed": 184948, "Deaths": 19315, "Recovered": 74797, "Active": 90836, "Date": "2020-04-16T00:00:00Z"}, {"Country": "Spain", "CountryCode": "", "Province": "", "City": "", "CityCode": "", "Lat": "0", "Lon": "0", "Confirmed": 190839, "Deaths": 20002, "Recovered": 74797, "Active": 96040, "Date": "2020-04-17T00:00:00Z"}, {"Country": "Spain", "CountryCode": "", "Province": "", "City": "", "CityCode": "", "Lat": "0", "Lon": "0", "Confirmed": 191726, "Deaths": 20043, "Recovered": 74797, "Active": 96886, "Date": "2020-04-18T00:00:00Z"}, {"Country": "Spain", "CountryCode": "", "Province": "", "City": "", "CityCode": "", "Lat": "0", "Lon": "0", "Confirmed": 198674, "Deaths": 20453, "Recovered": 77357, "Active": 100864, "Date": "2020-04-19T00:00:00Z"}, {"Country": "Spain", "CountryCode": "", "Province": "", "City": "", "CityCode": "", "Lat": "0", "Lon": "0", "Confirmed": 200210, "Deaths": 20852, "Recovered": 80587, "Active": 98771, "Date": "2020-04-20T00:00:00Z"}, {"Country": "Spain", "CountryCode": "", "Province": "", "City": "", "CityCode": "", "Lat": "0", "Lon": "0", "Confirmed": 204178, "Deaths": 21282, "Recovered": 82514, "Active": 100382, "Date": "2020-04-21T00:00:00Z"}, {"Country": "Spain", "CountryCode": "", "Province": "", "City": "", "CityCode": "", "Lat": "0", "Lon": "0", "Confirmed": 208389, "Deaths": 21717, "Recovered": 85915, "Active": 100757, "Date": "2020-04-22T00:00:00Z"}, {"Country": "Spain", "CountryCode": "", "Province": "", "City": "", "CityCode": "", "Lat": "0", "Lon": "0", "Confirmed": 213024, "Deaths": 22157, "Recovered": 89250, "Active": 101617, "Date": "2020-04-23T00:00:00Z"}, {"Country": "Spain", "CountryCode": "", "Province": "", "City": "", "CityCode": "", "Lat": "0", "Lon": "0", "Confirmed": 202990, "Deaths": 22524, "Recovered": 92355, "Active": 88111, "Date": "2020-04-24T00:00:00Z"}, {"Country": "Spain", "CountryCode": "", "Province": "", "City": "", "CityCode": "", "Lat": "0", "Lon": "0", "Confirmed": 205905, "Deaths": 22902, "Recovered": 95708, "Active": 87295, "Date": "2020-04-25T00:00:00Z"}, {"Country": "Spain", "CountryCode": "", "Province": "", "City": "", "CityCode": "", "Lat": "0", "Lon": "0", "Confirmed": 207634, "Deaths": 23190, "Recovered": 98372, "Active": 86072, "Date": "2020-04-26T00:00:00Z"}, {"Country": "Spain", "CountryCode": "", "Province": "", "City": "", "CityCode": "", "Lat": "0", "Lon": "0", "Confirmed": 209465, "Deaths": 23521, "Recovered": 100875, "Active": 85069, "Date": "2020-04-27T00:00:00Z"}, {"Country": "Spain", "CountryCode": "", "Province": "", "City": "", "CityCode": "", "Lat": "0", "Lon": "0", "Confirmed": 210773, "Deaths": 23822, "Recovered": 102548, "Active": 84403, "Date": "2020-04-28T00:00:00Z"}, {"Country": "Spain", "CountryCode": "", "Province": "", "City": "", "CityCode": "", "Lat": "0", "Lon": "0", "Confirmed": 212917, "Deaths": 24275, "Recovered": 108947, "Active": 79695, "Date": "2020-04-29T00:00:00Z"}, {"Country": "Spain", "CountryCode": "", "Province": "", "City": "", "CityCode": "", "Lat": "0", "Lon": "0", "Confirmed": 213435, "Deaths": 24543, "Recovered": 112050, "Active": 76842, "Date": "2020-04-30T00:00:00Z"}, {"Country": "Spain", "CountryCode": "", "Province": "", "City": "", "CityCode": "", "Lat": "0", "Lon": "0", "Confirmed": 215216, "Deaths": 24543, "Recovered": 112050, "Active": 78623, "Date": "2020-05-01T00:00:00Z"}, {"Country": "Spain", "CountryCode": "", "Province": "", "City": "", "CityCode": "", "Lat": "0", "Lon": "0", "Confirmed": 216582, "Deaths": 25100, "Recovered": 117248, "Active": 74234, "Date": "2020-05-02T00:00:00Z"}, {"Country": "Spain", "CountryCode": "", "Province": "", "City": "", "CityCode": "", "Lat": "0", "Lon": "0", "Confirmed": 217466, "Deaths": 25264, "Recovered": 118902, "Active": 73300, "Date": "2020-05-03T00:00:00Z"}, {"Country": "Spain", "CountryCode": "", "Province": "", "City": "", "CityCode": "", "Lat": "0", "Lon": "0", "Confirmed": 218011, "Deaths": 25428, "Recovered": 121343, "Active": 71240, "Date": "2020-05-04T00:00:00Z"}, {"Country": "Spain", "CountryCode": "", "Province": "", "City": "", "CityCode": "", "Lat": "0", "Lon": "0", "Confirmed": 219329, "Deaths": 25613, "Recovered": 123486, "Active": 70230, "Date": "2020-05-05T00:00:00Z"}, {"Country": "Spain", "CountryCode": "", "Province": "", "City": "", "CityCode": "", "Lat": "0", "Lon": "0", "Confirmed": 220325, "Deaths": 25857, "Recovered": 126002, "Active": 68466, "Date": "2020-05-06T00:00:00Z"}, {"Country": "Spain", "CountryCode": "", "Province": "", "City": "", "CityCode": "", "Lat": "0", "Lon": "0", "Confirmed": 221447, "Deaths": 26070, "Recovered": 128511, "Active": 66866, "Date": "2020-05-07T00:00:00Z"}, {"Country": "Spain", "CountryCode": "", "Province": "", "City": "", "CityCode": "", "Lat": "0", "Lon": "0", "Confirmed": 222857, "Deaths": 26299, "Recovered": 131148, "Active": 65410, "Date": "2020-05-08T00:00:00Z"}, {"Country": "Spain", "CountryCode": "", "Province": "", "City": "", "CityCode": "", "Lat": "0", "Lon": "0", "Confirmed": 223578, "Deaths": 26478, "Recovered": 133952, "Active": 63148, "Date": "2020-05-09T00:00:00Z"}, {"Country": "Spain", "CountryCode": "", "Province": "", "City": "", "CityCode": "", "Lat": "0", "Lon": "0", "Confirmed": 224350, "Deaths": 26621, "Recovered": 136166, "Active": 61563, "Date": "2020-05-10T00:00:00Z"}, {"Country": "Spain", "CountryCode": "", "Province": "", "City": "", "CityCode": "", "Lat": "0", "Lon": "0", "Confirmed": 227436, "Deaths": 26744, "Recovered": 137139, "Active": 63553, "Date": "2020-05-11T00:00:00Z"}, {"Country": "Spain", "CountryCode": "", "Province": "", "City": "", "CityCode": "", "Lat": "0", "Lon": "0", "Confirmed": 228030, "Deaths": 26920, "Recovered": 138980, "Active": 62130, "Date": "2020-05-12T00:00:00Z"}, {"Country": "Spain", "CountryCode": "", "Province": "", "City": "", "CityCode": "", "Lat": "0", "Lon": "0", "Confirmed": 228691, "Deaths": 27104, "Recovered": 140823, "Active": 60764, "Date": "2020-05-13T00:00:00Z"}, {"Country": "Spain", "CountryCode": "", "Province": "", "City": "", "CityCode": "", "Lat": "0", "Lon": "0", "Confirmed": 229540, "Deaths": 27321, "Recovered": 143374, "Active": 58845, "Date": "2020-05-14T00:00:00Z"}, {"Country": "Spain", "CountryCode": "", "Province": "", "City": "", "CityCode": "", "Lat": "0", "Lon": "0", "Confirmed": 230183, "Deaths": 27459, "Recovered": 144783, "Active": 57941, "Date": "2020-05-15T00:00:00Z"}, {"Country": "Spain", "CountryCode": "", "Province": "", "City": "", "CityCode": "", "Lat": "0", "Lon": "0", "Confirmed": 230698, "Deaths": 27563, "Recovered": 146446, "Active": 56689, "Date": "2020-05-16T00:00:00Z"}, {"Country": "Spain", "CountryCode": "", "Province": "", "City": "", "CityCode": "", "Lat": "0", "Lon": "0", "Confirmed": 230698, "Deaths": 27563, "Recovered": 146446, "Active": 56689, "Date": "2020-05-17T00:00:00Z"}, {"Country": "Spain", "CountryCode": "", "Province": "", "City": "", "CityCode": "", "Lat": "0", "Lon": "0", "Confirmed": 231606, "Deaths": 27709, "Recovered": 150376, "Active": 53521, "Date": "2020-05-18T00:00:00Z"}, {"Country": "Spain", "CountryCode": "", "Province": "", "City": "", "CityCode": "", "Lat": "0", "Lon": "0", "Confirmed": 232037, "Deaths": 27778, "Recovered": 150376, "Active": 53883, "Date": "2020-05-19T00:00:00Z"}, {"Country": "Spain", "CountryCode": "", "Province": "", "City": "", "CityCode": "", "Lat": "0", "Lon": "0", "Confirmed": 232555, "Deaths": 27888, "Recovered": 150376, "Active": 54291, "Date": "2020-05-20T00:00:00Z"}, {"Country": "Spain", "CountryCode": "", "Province": "", "City": "", "CityCode": "", "Lat": "0", "Lon": "0", "Confirmed": 233037, "Deaths": 27940, "Recovered": 150376, "Active": 54721, "Date": "2020-05-21T00:00:00Z"}, {"Country": "Spain", "CountryCode": "", "Province": "", "City": "", "CityCode": "", "Lat": "0", "Lon": "0", "Confirmed": 234824, "Deaths": 28628, "Recovered": 150376, "Active": 55820, "Date": "2020-05-22T00:00:00Z"}, {"Country": "Spain", "CountryCode": "", "Province": "", "City": "", "CityCode": "", "Lat": "0", "Lon": "0", "Confirmed": 235290, "Deaths": 28678, "Recovered": 150376, "Active": 56236, "Date": "2020-05-23T00:00:00Z"}, {"Country": "Spain", "CountryCode": "", "Province": "", "City": "", "CityCode": "", "Lat": "0", "Lon": "0", "Confirmed": 235772, "Deaths": 28752, "Recovered": 150376, "Active": 56644, "Date": "2020-05-24T00:00:00Z"}, {"Country": "Spain", "CountryCode": "", "Province": "", "City": "", "CityCode": "", "Lat": "0", "Lon": "0", "Confirmed": 235400, "Deaths": 26834, "Recovered": 150376, "Active": 58190, "Date": "2020-05-25T00:00:00Z"}, {"Country": "Spain", "CountryCode": "", "Province": "", "City": "", "CityCode": "", "Lat": "0", "Lon": "0", "Confirmed": 236259, "Deaths": 27117, "Recovered": 150376, "Active": 58766, "Date": "2020-05-26T00:00:00Z"}, {"Country": "Spain", "CountryCode": "", "Province": "", "City": "", "CityCode": "", "Lat": "0", "Lon": "0", "Confirmed": 236259, "Deaths": 27117, "Recovered": 150376, "Active": 58766, "Date": "2020-05-27T00:00:00Z"}, {"Country": "Spain", "CountryCode": "", "Province": "", "City": "", "CityCode": "", "Lat": "0", "Lon": "0", "Confirmed": 237906, "Deaths": 27119, "Recovered": 150376, "Active": 60411, "Date": "2020-05-28T00:00:00Z"}, {"Country": "Spain", "CountryCode": "", "Province": "", "City": "", "CityCode": "", "Lat": "0", "Lon": "0", "Confirmed": 238564, "Deaths": 27121, "Recovered": 150376, "Active": 61067, "Date": "2020-05-29T00:00:00Z"}, {"Country": "Spain", "CountryCode": "", "Province": "", "City": "", "CityCode": "", "Lat": "0", "Lon": "0", "Confirmed": 239228, "Deaths": 27125, "Recovered": 150376, "Active": 61727, "Date": "2020-05-30T00:00:00Z"}, {"Country": "Spain", "CountryCode": "", "Province": "", "City": "", "CityCode": "", "Lat": "0", "Lon": "0", "Confirmed": 239479, "Deaths": 27127, "Recovered": 150376, "Active": 61976, "Date": "2020-05-31T00:00:00Z"}, {"Country": "Spain", "CountryCode": "", "Province": "", "City": "", "CityCode": "", "Lat": "0", "Lon": "0", "Confirmed": 239638, "Deaths": 27127, "Recovered": 150376, "Active": 62135, "Date": "2020-06-01T00:00:00Z"}, {"Country": "Spain", "CountryCode": "", "Province": "", "City": "", "CityCode": "", "Lat": "0", "Lon": "0", "Confirmed": 239932, "Deaths": 27127, "Recovered": 150376, "Active": 62429, "Date": "2020-06-02T00:00:00Z"}, {"Country": "Spain", "CountryCode": "", "Province": "", "City": "", "CityCode": "", "Lat": "0", "Lon": "0", "Confirmed": 240326, "Deaths": 27128, "Recovered": 150376, "Active": 62822, "Date": "2020-06-03T00:00:00Z"}, {"Country": "Spain", "CountryCode": "", "Province": "", "City": "", "CityCode": "", "Lat": "0", "Lon": "0", "Confirmed": 240660, "Deaths": 27133, "Recovered": 150376, "Active": 63151, "Date": "2020-06-04T00:00:00Z"}, {"Country": "Spain", "CountryCode": "", "Province": "", "City": "", "CityCode": "", "Lat": "0", "Lon": "0", "Confirmed": 240978, "Deaths": 27134, "Recovered": 150376, "Active": 63468, "Date": "2020-06-05T00:00:00Z"}, {"Country": "Spain", "CountryCode": "", "Province": "", "City": "", "CityCode": "", "Lat": "0", "Lon": "0", "Confirmed": 241310, "Deaths": 27135, "Recovered": 150376, "Active": 63799, "Date": "2020-06-06T00:00:00Z"}, {"Country": "Spain", "CountryCode": "", "Province": "", "City": "", "CityCode": "", "Lat": "0", "Lon": "0", "Confirmed": 241550, "Deaths": 27136, "Recovered": 150376, "Active": 64038, "Date": "2020-06-07T00:00:00Z"}, {"Country": "Spain", "CountryCode": "", "Province": "", "City": "", "CityCode": "", "Lat": "0", "Lon": "0", "Confirmed": 241717, "Deaths": 27136, "Recovered": 150376, "Active": 64205, "Date": "2020-06-08T00:00:00Z"}, {"Country": "Spain", "CountryCode": "", "Province": "", "City": "", "CityCode": "", "Lat": "0", "Lon": "0", "Confirmed": 241966, "Deaths": 27136, "Recovered": 150376, "Active": 64454, "Date": "2020-06-09T00:00:00Z"}, {"Country": "Spain", "CountryCode": "", "Province": "", "City": "", "CityCode": "", "Lat": "0", "Lon": "0", "Confirmed": 242280, "Deaths": 27136, "Recovered": 150376, "Active": 64768, "Date": "2020-06-10T00:00:00Z"}, {"Country": "Spain", "CountryCode": "", "Province": "", "City": "", "CityCode": "", "Lat": "0", "Lon": "0", "Confirmed": 242707, "Deaths": 27136, "Recovered": 150376, "Active": 65195, "Date": "2020-06-11T00:00:00Z"}, {"Country": "Spain", "CountryCode": "", "Province": "", "City": "", "CityCode": "", "Lat": "0", "Lon": "0", "Confirmed": 243209, "Deaths": 27136, "Recovered": 150376, "Active": 65697, "Date": "2020-06-12T00:00:00Z"}, {"Country": "Spain", "CountryCode": "", "Province": "", "City": "", "CityCode": "", "Lat": "0", "Lon": "0", "Confirmed": 243605, "Deaths": 27136, "Recovered": 150376, "Active": 66093, "Date": "2020-06-13T00:00:00Z"}, {"Country": "Spain", "CountryCode": "", "Province": "", "City": "", "CityCode": "", "Lat": "0", "Lon": "0", "Confirmed": 243928, "Deaths": 27136, "Recovered": 150376, "Active": 66416, "Date": "2020-06-14T00:00:00Z"}, {"Country": "Spain", "CountryCode": "", "Province": "", "City": "", "CityCode": "", "Lat": "0", "Lon": "0", "Confirmed": 244109, "Deaths": 27136, "Recovered": 150376, "Active": 66597, "Date": "2020-06-15T00:00:00Z"}, {"Country": "Spain", "CountryCode": "", "Province": "", "City": "", "CityCode": "", "Lat": "0", "Lon": "0", "Confirmed": 244328, "Deaths": 27136, "Recovered": 150376, "Active": 66816, "Date": "2020-06-16T00:00:00Z"}, {"Country": "Spain", "CountryCode": "", "Province": "", "City": "", "CityCode": "", "Lat": "0", "Lon": "0", "Confirmed": 244683, "Deaths": 27136, "Recovered": 150376, "Active": 67171, "Date": "2020-06-17T00:00:00Z"}, {"Country": "Spain", "CountryCode": "", "Province": "", "City": "", "CityCode": "", "Lat": "0", "Lon": "0", "Confirmed": 245268, "Deaths": 27136, "Recovered": 150376, "Active": 67756, "Date": "2020-06-18T00:00:00Z"}, {"Country": "Spain", "CountryCode": "", "Province": "", "City": "", "CityCode": "", "Lat": "0", "Lon": "0", "Confirmed": 245575, "Deaths": 28315, "Recovered": 150376, "Active": 66884, "Date": "2020-06-19T00:00:00Z"}, {"Country": "Spain", "CountryCode": "", "Province": "", "City": "", "CityCode": "", "Lat": "0", "Lon": "0", "Confirmed": 245938, "Deaths": 28322, "Recovered": 150376, "Active": 67240, "Date": "2020-06-20T00:00:00Z"}, {"Country": "Spain", "CountryCode": "", "Province": "", "City": "", "CityCode": "", "Lat": "0", "Lon": "0", "Confirmed": 246272, "Deaths": 28323, "Recovered": 150376, "Active": 67573, "Date": "2020-06-21T00:00:00Z"}, {"Country": "Spain", "CountryCode": "", "Province": "", "City": "", "CityCode": "", "Lat": "0", "Lon": "0", "Confirmed": 246504, "Deaths": 28324, "Recovered": 150376, "Active": 67804, "Date": "2020-06-22T00:00:00Z"}, {"Country": "Spain", "CountryCode": "", "Province": "", "City": "", "CityCode": "", "Lat": "0", "Lon": "0", "Confirmed": 246752, "Deaths": 28325, "Recovered": 150376, "Active": 68051, "Date": "2020-06-23T00:00:00Z"}, {"Country": "Spain", "CountryCode": "", "Province": "", "City": "", "CityCode": "", "Lat": "0", "Lon": "0", "Confirmed": 247086, "Deaths": 28327, "Recovered": 150376, "Active": 68383, "Date": "2020-06-24T00:00:00Z"}, {"Country": "Spain", "CountryCode": "", "Province": "", "City": "", "CityCode": "", "Lat": "0", "Lon": "0", "Confirmed": 247486, "Deaths": 28330, "Recovered": 150376, "Active": 68780, "Date": "2020-06-25T00:00:00Z"}, {"Country": "Spain", "CountryCode": "", "Province": "", "City": "", "CityCode": "", "Lat": "0", "Lon": "0", "Confirmed": 247905, "Deaths": 28338, "Recovered": 150376, "Active": 69191, "Date": "2020-06-26T00:00:00Z"}, {"Country": "Spain", "CountryCode": "", "Province": "", "City": "", "CityCode": "", "Lat": "0", "Lon": "0", "Confirmed": 248469, "Deaths": 28341, "Recovered": 150376, "Active": 69752, "Date": "2020-06-27T00:00:00Z"}, {"Country": "Spain", "CountryCode": "", "Province": "", "City": "", "CityCode": "", "Lat": "0", "Lon": "0", "Confirmed": 248770, "Deaths": 28343, "Recovered": 150376, "Active": 70051, "Date": "2020-06-28T00:00:00Z"}, {"Country": "Spain", "CountryCode": "", "Province": "", "City": "", "CityCode": "", "Lat": "0", "Lon": "0", "Confirmed": 248970, "Deaths": 28346, "Recovered": 150376, "Active": 70248, "Date": "2020-06-29T00:00:00Z"}, {"Country": "Spain", "CountryCode": "", "Province": "", "City": "", "CityCode": "", "Lat": "0", "Lon": "0", "Confirmed": 249271, "Deaths": 28355, "Recovered": 150376, "Active": 70540, "Date": "2020-06-30T00:00:00Z"}, {"Country": "Spain", "CountryCode": "", "Province": "", "City": "", "CityCode": "", "Lat": "0", "Lon": "0", "Confirmed": 249659, "Deaths": 28364, "Recovered": 150376, "Active": 70919, "Date": "2020-07-01T00:00:00Z"}, {"Country": "Spain", "CountryCode": "", "Province": "", "City": "", "CityCode": "", "Lat": "0", "Lon": "0", "Confirmed": 250103, "Deaths": 28368, "Recovered": 150376, "Active": 71359, "Date": "2020-07-02T00:00:00Z"}, {"Country": "Spain", "CountryCode": "", "Province": "", "City": "", "CityCode": "", "Lat": "0", "Lon": "0", "Confirmed": 250545, "Deaths": 28385, "Recovered": 150376, "Active": 71784, "Date": "2020-07-03T00:00:00Z"}, {"Country": "Spain", "CountryCode": "", "Province": "", "City": "", "CityCode": "", "Lat": "0", "Lon": "0", "Confirmed": 250545, "Deaths": 28385, "Recovered": 150376, "Active": 71784, "Date": "2020-07-04T00:00:00Z"}, {"Country": "Spain", "CountryCode": "", "Province": "", "City": "", "CityCode": "", "Lat": "0", "Lon": "0", "Confirmed": 250545, "Deaths": 28385, "Recovered": 150376, "Active": 71784, "Date": "2020-07-05T00:00:00Z"}, {"Country": "Spain", "CountryCode": "", "Province": "", "City": "", "CityCode": "", "Lat": "0", "Lon": "0", "Confirmed": 251789, "Deaths": 28388, "Recovered": 150376, "Active": 73025, "Date": "2020-07-06T00:00:00Z"}, {"Country": "Spain", "CountryCode": "", "Province": "", "City": "", "CityCode": "", "Lat": "0", "Lon": "0", "Confirmed": 252130, "Deaths": 28392, "Recovered": 150376, "Active": 73362, "Date": "2020-07-07T00:00:00Z"}, {"Country": "Spain", "CountryCode": "", "Province": "", "City": "", "CityCode": "", "Lat": "0", "Lon": "0", "Confirmed": 252513, "Deaths": 28396, "Recovered": 150376, "Active": 73741, "Date": "2020-07-08T00:00:00Z"}, {"Country": "Spain", "CountryCode": "", "Province": "", "City": "", "CityCode": "", "Lat": "0", "Lon": "0", "Confirmed": 253056, "Deaths": 28401, "Recovered": 150376, "Active": 74279, "Date": "2020-07-09T00:00:00Z"}, {"Country": "Spain", "CountryCode": "", "Province": "", "City": "", "CityCode": "", "Lat": "0", "Lon": "0", "Confirmed": 253908, "Deaths": 28403, "Recovered": 150376, "Active": 75129, "Date": "2020-07-10T00:00:00Z"}, {"Country": "Spain", "CountryCode": "", "Province": "", "City": "", "CityCode": "", "Lat": "0", "Lon": "0", "Confirmed": 253908, "Deaths": 28403, "Recovered": 150376, "Active": 75129, "Date": "2020-07-11T00:00:00Z"}, {"Country": "Spain", "CountryCode": "", "Province": "", "City": "", "CityCode": "", "Lat": "0", "Lon": "0", "Confirmed": 253908, "Deaths": 28403, "Recovered": 150376, "Active": 75129, "Date": "2020-07-12T00:00:00Z"}, {"Country": "Spain", "CountryCode": "", "Province": "", "City": "", "CityCode": "", "Lat": "0", "Lon": "0", "Confirmed": 255953, "Deaths": 28406, "Recovered": 150376, "Active": 77171, "Date": "2020-07-13T00:00:00Z"}, {"Country": "Spain", "CountryCode": "", "Province": "", "City": "", "CityCode": "", "Lat": "0", "Lon": "0", "Confirmed": 256619, "Deaths": 28409, "Recovered": 150376, "Active": 77834, "Date": "2020-07-14T00:00:00Z"}, {"Country": "Spain", "CountryCode": "", "Province": "", "City": "", "CityCode": "", "Lat": "0", "Lon": "0", "Confirmed": 257494, "Deaths": 28413, "Recovered": 150376, "Active": 78705, "Date": "2020-07-15T00:00:00Z"}, {"Country": "Spain", "CountryCode": "", "Province": "", "City": "", "CityCode": "", "Lat": "0", "Lon": "0", "Confirmed": 258855, "Deaths": 28416, "Recovered": 150376, "Active": 80063, "Date": "2020-07-16T00:00:00Z"}, {"Country": "Spain", "CountryCode": "", "Province": "", "City": "", "CityCode": "", "Lat": "0", "Lon": "0", "Confirmed": 260255, "Deaths": 28420, "Recovered": 150376, "Active": 81459, "Date": "2020-07-17T00:00:00Z"}, {"Country": "Spain", "CountryCode": "", "Province": "", "City": "", "CityCode": "", "Lat": "0", "Lon": "0", "Confirmed": 260255, "Deaths": 28420, "Recovered": 150376, "Active": 81459, "Date": "2020-07-18T00:00:00Z"}, {"Country": "Spain", "CountryCode": "", "Province": "", "City": "", "CityCode": "", "Lat": "0", "Lon": "0", "Confirmed": 260255, "Deaths": 28420, "Recovered": 150376, "Active": 81459, "Date": "2020-07-19T00:00:00Z"}, {"Country": "Spain", "CountryCode": "", "Province": "", "City": "", "CityCode": "", "Lat": "0", "Lon": "0", "Confirmed": 264836, "Deaths": 28422, "Recovered": 150376, "Active": 86038, "Date": "2020-07-20T00:00:00Z"}, {"Country": "Spain", "CountryCode": "", "Province": "", "City": "", "CityCode": "", "Lat": "0", "Lon": "0", "Confirmed": 266194, "Deaths": 28424, "Recovered": 150376, "Active": 87394, "Date": "2020-07-21T00:00:00Z"}, {"Country": "Spain", "CountryCode": "", "Province": "", "City": "", "CityCode": "", "Lat": "0", "Lon": "0", "Confirmed": 267551, "Deaths": 28426, "Recovered": 150376, "Active": 88749, "Date": "2020-07-22T00:00:00Z"}, {"Country": "Spain", "CountryCode": "", "Province": "", "City": "", "CityCode": "", "Lat": "0", "Lon": "0", "Confirmed": 270166, "Deaths": 28429, "Recovered": 150376, "Active": 91361, "Date": "2020-07-23T00:00:00Z"}, {"Country": "Spain", "CountryCode": "", "Province": "", "City": "", "CityCode": "", "Lat": "0", "Lon": "0", "Confirmed": 272421, "Deaths": 28432, "Recovered": 150376, "Active": 93613, "Date": "2020-07-24T00:00:00Z"}, {"Country": "Spain", "CountryCode": "", "Province": "", "City": "", "CityCode": "", "Lat": "0", "Lon": "0", "Confirmed": 272421, "Deaths": 28432, "Recovered": 150376, "Active": 93613, "Date": "2020-07-25T00:00:00Z"}, {"Country": "Spain", "CountryCode": "", "Province": "", "City": "", "CityCode": "", "Lat": "0", "Lon": "0", "Confirmed": 272421, "Deaths": 28432, "Recovered": 150376, "Active": 93613, "Date": "2020-07-26T00:00:00Z"}, {"Country": "Spain", "CountryCode": "", "Province": "", "City": "", "CityCode": "", "Lat": "0", "Lon": "0", "Confirmed": 278782, "Deaths": 28434, "Recovered": 150376, "Active": 99972, "Date": "2020-07-27T00:00:00Z"}, {"Country": "Spain", "CountryCode": "", "Province": "", "City": "", "CityCode": "", "Lat": "0", "Lon": "0", "Confirmed": 280610, "Deaths": 28436, "Recovered": 150376, "Active": 101798, "Date": "2020-07-28T00:00:00Z"}, {"Country": "Spain", "CountryCode": "", "Province": "", "City": "", "CityCode": "", "Lat": "0", "Lon": "0", "Confirmed": 282641, "Deaths": 28441, "Recovered": 150376, "Active": 103824, "Date": "2020-07-29T00:00:00Z"}, {"Country": "Spain", "CountryCode": "", "Province": "", "City": "", "CityCode": "", "Lat": "0", "Lon": "0", "Confirmed": 285430, "Deaths": 28443, "Recovered": 150376, "Active": 106611, "Date": "2020-07-30T00:00:00Z"}, {"Country": "Spain", "CountryCode": "", "Province": "", "City": "", "CityCode": "", "Lat": "0", "Lon": "0", "Confirmed": 288522, "Deaths": 28445, "Recovered": 150376, "Active": 109701, "Date": "2020-07-31T00:00:00Z"}, {"Country": "Spain", "CountryCode": "", "Province": "", "City": "", "CityCode": "", "Lat": "0", "Lon": "0", "Confirmed": 288522, "Deaths": 28445, "Recovered": 150376, "Active": 109701, "Date": "2020-08-01T00:00:00Z"}, {"Country": "Spain", "CountryCode": "", "Province": "", "City": "", "CityCode": "", "Lat": "0", "Lon": "0", "Confirmed": 288522, "Deaths": 28445, "Recovered": 150376, "Active": 109701, "Date": "2020-08-02T00:00:00Z"}, {"Country": "Spain", "CountryCode": "", "Province": "", "City": "", "CityCode": "", "Lat": "0", "Lon": "0", "Confirmed": 297054, "Deaths": 28472, "Recovered": 150376, "Active": 118206, "Date": "2020-08-03T00:00:00Z"}, {"Country": "Spain", "CountryCode": "", "Province": "", "City": "", "CityCode": "", "Lat": "0", "Lon": "0", "Confirmed": 302814, "Deaths": 28498, "Recovered": 150376, "Active": 123940, "Date": "2020-08-04T00:00:00Z"}, {"Country": "Spain", "CountryCode": "", "Province": "", "City": "", "CityCode": "", "Lat": "0", "Lon": "0", "Confirmed": 305767, "Deaths": 28499, "Recovered": 150376, "Active": 126892, "Date": "2020-08-05T00:00:00Z"}, {"Country": "Spain", "CountryCode": "", "Province": "", "City": "", "CityCode": "", "Lat": "0", "Lon": "0", "Confirmed": 309855, "Deaths": 28500, "Recovered": 150376, "Active": 130979, "Date": "2020-08-06T00:00:00Z"}, {"Country": "Spain", "CountryCode": "", "Province": "", "City": "", "CityCode": "", "Lat": "0", "Lon": "0", "Confirmed": 314362, "Deaths": 28503, "Recovered": 150376, "Active": 135483, "Date": "2020-08-07T00:00:00Z"}, {"Country": "Spain", "CountryCode": "", "Province": "", "City": "", "CityCode": "", "Lat": "0", "Lon": "0", "Confirmed": 314362, "Deaths": 28503, "Recovered": 150376, "Active": 135483, "Date": "2020-08-08T00:00:00Z"}, {"Country": "Spain", "CountryCode": "", "Province": "", "City": "", "CityCode": "", "Lat": "0", "Lon": "0", "Confirmed": 314362, "Deaths": 28503, "Recovered": 150376, "Active": 135483, "Date": "2020-08-09T00:00:00Z"}, {"Country": "Spain", "CountryCode": "", "Province": "", "City": "", "CityCode": "", "Lat": "0", "Lon": "0", "Confirmed": 322980, "Deaths": 28576, "Recovered": 150376, "Active": 144028, "Date": "2020-08-10T00:00:00Z"}, {"Country": "Spain", "CountryCode": "", "Province": "", "City": "", "CityCode": "", "Lat": "0", "Lon": "0", "Confirmed": 326612, "Deaths": 28581, "Recovered": 150376, "Active": 147655, "Date": "2020-08-11T00:00:00Z"}, {"Country": "Spain", "CountryCode": "", "Province": "", "City": "", "CityCode": "", "Lat": "0", "Lon": "0", "Confirmed": 329784, "Deaths": 28579, "Recovered": 150376, "Active": 150829, "Date": "2020-08-12T00:00:00Z"}, {"Country": "Spain", "CountryCode": "", "Province": "", "City": "", "CityCode": "", "Lat": "0", "Lon": "0", "Confirmed": 337334, "Deaths": 28605, "Recovered": 150376, "Active": 158353, "Date": "2020-08-13T00:00:00Z"}, {"Country": "Spain", "CountryCode": "", "Province": "", "City": "", "CityCode": "", "Lat": "0", "Lon": "0", "Confirmed": 342813, "Deaths": 28617, "Recovered": 150376, "Active": 163820, "Date": "2020-08-14T00:00:00Z"}, {"Country": "Spain", "CountryCode": "", "Province": "", "City": "", "CityCode": "", "Lat": "0", "Lon": "0", "Confirmed": 342813, "Deaths": 28617, "Recovered": 150376, "Active": 163820, "Date": "2020-08-15T00:00:00Z"}, {"Country": "Spain", "CountryCode": "", "Province": "", "City": "", "CityCode": "", "Lat": "0", "Lon": "0", "Confirmed": 342813, "Deaths": 28617, "Recovered": 150376, "Active": 163820, "Date": "2020-08-16T00:00:00Z"}, {"Country": "Spain", "CountryCode": "", "Province": "", "City": "", "CityCode": "", "Lat": "0", "Lon": "0", "Confirmed": 359082, "Deaths": 28646, "Recovered": 150376, "Active": 180060, "Date": "2020-08-17T00:00:00Z"}, {"Country": "Spain", "CountryCode": "", "Province": "", "City": "", "CityCode": "", "Lat": "0", "Lon": "0", "Confirmed": 364196, "Deaths": 28670, "Recovered": 150376, "Active": 185150, "Date": "2020-08-18T00:00:00Z"}, {"Country": "Spain", "CountryCode": "", "Province": "", "City": "", "CityCode": "", "Lat": "0", "Lon": "0", "Confirmed": 370867, "Deaths": 28797, "Recovered": 150376, "Active": 191694, "Date": "2020-08-19T00:00:00Z"}, {"Country": "Spain", "CountryCode": "", "Province": "", "City": "", "CityCode": "", "Lat": "0", "Lon": "0", "Confirmed": 377906, "Deaths": 28813, "Recovered": 150376, "Active": 198717, "Date": "2020-08-20T00:00:00Z"}, {"Country": "Spain", "CountryCode": "", "Province": "", "City": "", "CityCode": "", "Lat": "0", "Lon": "0", "Confirmed": 386054, "Deaths": 28838, "Recovered": 150376, "Active": 206840, "Date": "2020-08-21T00:00:00Z"}, {"Country": "Spain", "CountryCode": "", "Province": "", "City": "", "CityCode": "", "Lat": "0", "Lon": "0", "Confirmed": 386054, "Deaths": 28838, "Recovered": 150376, "Active": 206840, "Date": "2020-08-22T00:00:00Z"}, {"Country": "Spain", "CountryCode": "", "Province": "", "City": "", "CityCode": "", "Lat": "0", "Lon": "0", "Confirmed": 386054, "Deaths": 28838, "Recovered": 150376, "Active": 206840, "Date": "2020-08-23T00:00:00Z"}, {"Country": "Spain", "CountryCode": "", "Province": "", "City": "", "CityCode": "", "Lat": "0", "Lon": "0", "Confirmed": 405436, "Deaths": 28872, "Recovered": 150376, "Active": 226188, "Date": "2020-08-24T00:00:00Z"}, {"Country": "Spain", "CountryCode": "", "Province": "", "City": "", "CityCode": "", "Lat": "0", "Lon": "0", "Confirmed": 412553, "Deaths": 28924, "Recovered": 150376, "Active": 233253, "Date": "2020-08-25T00:00:00Z"}, {"Country": "Spain", "CountryCode": "", "Province": "", "City": "", "CityCode": "", "Lat": "0", "Lon": "0", "Confirmed": 419849, "Deaths": 28971, "Recovered": 150376, "Active": 240502, "Date": "2020-08-26T00:00:00Z"}, {"Country": "Spain", "CountryCode": "", "Province": "", "City": "", "CityCode": "", "Lat": "0", "Lon": "0", "Confirmed": 429507, "Deaths": 28996, "Recovered": 150376, "Active": 250135, "Date": "2020-08-27T00:00:00Z"}, {"Country": "Spain", "CountryCode": "", "Province": "", "City": "", "CityCode": "", "Lat": "0", "Lon": "0", "Confirmed": 439286, "Deaths": 29011, "Recovered": 150376, "Active": 259899, "Date": "2020-08-28T00:00:00Z"}, {"Country": "Spain", "CountryCode": "", "Province": "", "City": "", "CityCode": "", "Lat": "0", "Lon": "0", "Confirmed": 439286, "Deaths": 29011, "Recovered": 150376, "Active": 259899, "Date": "2020-08-29T00:00:00Z"}, {"Country": "Spain", "CountryCode": "", "Province": "", "City": "", "CityCode": "", "Lat": "0", "Lon": "0", "Confirmed": 439286, "Deaths": 29011, "Recovered": 150376, "Active": 259899, "Date": "2020-08-30T00:00:00Z"}, {"Country": "Spain", "CountryCode": "", "Province": "", "City": "", "CityCode": "", "Lat": "0", "Lon": "0", "Confirmed": 462858, "Deaths": 29094, "Recovered": 150376, "Active": 283388, "Date": "2020-08-31T00:00:00Z"}, {"Country": "Spain", "CountryCode": "", "Province": "", "City": "", "CityCode": "", "Lat": "0", "Lon": "0", "Confirmed": 470973, "Deaths": 29152, "Recovered": 150376, "Active": 291445, "Date": "2020-09-01T00:00:00Z"}, {"Country": "Spain", "CountryCode": "", "Province": "", "City": "", "CityCode": "", "Lat": "0", "Lon": "0", "Confirmed": 479554, "Deaths": 29194, "Recovered": 150376, "Active": 299984, "Date": "2020-09-02T00:00:00Z"}, {"Country": "Spain", "CountryCode": "", "Province": "", "City": "", "CityCode": "", "Lat": "0", "Lon": "0", "Confirmed": 488513, "Deaths": 29234, "Recovered": 150376, "Active": 308903, "Date": "2020-09-03T00:00:00Z"}, {"Country": "Spain", "CountryCode": "", "Province": "", "City": "", "CityCode": "", "Lat": "0", "Lon": "0", "Confirmed": 498989, "Deaths": 29418, "Recovered": 150376, "Active": 319195, "Date": "2020-09-04T00:00:00Z"}, {"Country": "Spain", "CountryCode": "", "Province": "", "City": "", "CityCode": "", "Lat": "0", "Lon": "0", "Confirmed": 498989, "Deaths": 29418, "Recovered": 150376, "Active": 319195, "Date": "2020-09-05T00:00:00Z"}, {"Country": "Spain", "CountryCode": "", "Province": "", "City": "", "CityCode": "", "Lat": "0", "Lon": "0", "Confirmed": 498989, "Deaths": 29418, "Recovered": 150376, "Active": 319195, "Date": "2020-09-06T00:00:00Z"}, {"Country": "Spain", "CountryCode": "", "Province": "", "City": "", "CityCode": "", "Lat": "0", "Lon": "0", "Confirmed": 525549, "Deaths": 29516, "Recovered": 150376, "Active": 345657, "Date": "2020-09-07T00:00:00Z"}, {"Country": "Spain", "CountryCode": "", "Province": "", "City": "", "CityCode": "", "Lat": "0", "Lon": "0", "Confirmed": 534513, "Deaths": 29594, "Recovered": 150376, "Active": 354543, "Date": "2020-09-08T00:00:00Z"}, {"Country": "Spain", "CountryCode": "", "Province": "", "City": "", "CityCode": "", "Lat": "0", "Lon": "0", "Confirmed": 543379, "Deaths": 29628, "Recovered": 150376, "Active": 363375, "Date": "2020-09-09T00:00:00Z"}, {"Country": "Spain", "CountryCode": "", "Province": "", "City": "", "CityCode": "", "Lat": "0", "Lon": "0", "Confirmed": 554143, "Deaths": 29699, "Recovered": 150376, "Active": 374068, "Date": "2020-09-10T00:00:00Z"}, {"Country": "Spain", "CountryCode": "", "Province": "", "City": "", "CityCode": "", "Lat": "0", "Lon": "0", "Confirmed": 566326, "Deaths": 29747, "Recovered": 150376, "Active": 386203, "Date": "2020-09-11T00:00:00Z"}, {"Country": "Spain", "CountryCode": "", "Province": "", "City": "", "CityCode": "", "Lat": "0", "Lon": "0", "Confirmed": 566326, "Deaths": 29747, "Recovered": 150376, "Active": 386203, "Date": "2020-09-12T00:00:00Z"}, {"Country": "Spain", "CountryCode": "", "Province": "", "City": "", "CityCode": "", "Lat": "0", "Lon": "0", "Confirmed": 566326, "Deaths": 29747, "Recovered": 150376, "Active": 386203, "Date": "2020-09-13T00:00:00Z"}, {"Country": "Spain", "CountryCode": "", "Province": "", "City": "", "CityCode": "", "Lat": "0", "Lon": "0", "Confirmed": 593730, "Deaths": 29848, "Recovered": 150376, "Active": 413506, "Date": "2020-09-14T00:00:00Z"}, {"Country": "Spain", "CountryCode": "", "Province": "", "City": "", "CityCode": "", "Lat": "0", "Lon": "0", "Confirmed": 603167, "Deaths": 30004, "Recovered": 150376, "Active": 422787, "Date": "2020-09-15T00:00:00Z"}, {"Country": "Spain", "CountryCode": "", "Province": "", "City": "", "CityCode": "", "Lat": "0", "Lon": "0", "Confirmed": 614360, "Deaths": 30243, "Recovered": 150376, "Active": 433741, "Date": "2020-09-16T00:00:00Z"}, {"Country": "Spain", "CountryCode": "", "Province": "", "City": "", "CityCode": "", "Lat": "0", "Lon": "0", "Confirmed": 625651, "Deaths": 30405, "Recovered": 150376, "Active": 444870, "Date": "2020-09-17T00:00:00Z"}, {"Country": "Spain", "CountryCode": "", "Province": "", "City": "", "CityCode": "", "Lat": "0", "Lon": "0", "Confirmed": 640040, "Deaths": 30495, "Recovered": 150376, "Active": 459169, "Date": "2020-09-18T00:00:00Z"}, {"Country": "Spain", "CountryCode": "", "Province": "", "City": "", "CityCode": "", "Lat": "0", "Lon": "0", "Confirmed": 640040, "Deaths": 30495, "Recovered": 150376, "Active": 459169, "Date": "2020-09-19T00:00:00Z"}, {"Country": "Spain", "CountryCode": "", "Province": "", "City": "", "CityCode": "", "Lat": "0", "Lon": "0", "Confirmed": 640040, "Deaths": 30495, "Recovered": 150376, "Active": 459169, "Date": "2020-09-20T00:00:00Z"}, {"Country": "Spain", "CountryCode": "", "Province": "", "City": "", "CityCode": "", "Lat": "0", "Lon": "0", "Confirmed": 671468, "Deaths": 30663, "Recovered": 150376, "Active": 490429, "Date": "2020-09-21T00:00:00Z"}, {"Country": "Spain", "CountryCode": "", "Province": "", "City": "", "CityCode": "", "Lat": "0", "Lon": "0", "Confirmed": 682267, "Deaths": 30904, "Recovered": 150376, "Active": 500987, "Date": "2020-09-22T00:00:00Z"}, {"Country": "Spain", "CountryCode": "", "Province": "", "City": "", "CityCode": "", "Lat": "0", "Lon": "0", "Confirmed": 693556, "Deaths": 31034, "Recovered": 150376, "Active": 512146, "Date": "2020-09-23T00:00:00Z"}, {"Country": "Spain", "CountryCode": "", "Province": "", "City": "", "CityCode": "", "Lat": "0", "Lon": "0", "Confirmed": 704209, "Deaths": 31118, "Recovered": 150376, "Active": 522715, "Date": "2020-09-24T00:00:00Z"}, {"Country": "Spain", "CountryCode": "", "Province": "", "City": "", "CityCode": "", "Lat": "0", "Lon": "0", "Confirmed": 716481, "Deaths": 31232, "Recovered": 150376, "Active": 534873, "Date": "2020-09-25T00:00:00Z"}, {"Country": "Spain", "CountryCode": "", "Province": "", "City": "", "CityCode": "", "Lat": "0", "Lon": "0", "Confirmed": 716481, "Deaths": 31232, "Recovered": 150376, "Active": 534873, "Date": "2020-09-26T00:00:00Z"}, {"Country": "Spain", "CountryCode": "", "Province": "", "City": "", "CityCode": "", "Lat": "0", "Lon": "0", "Confirmed": 716481, "Deaths": 31232, "Recovered": 150376, "Active": 534873, "Date": "2020-09-27T00:00:00Z"}, {"Country": "Spain", "CountryCode": "", "Province": "", "City": "", "CityCode": "", "Lat": "0", "Lon": "0", "Confirmed": 748266, "Deaths": 31411, "Recovered": 150376, "Active": 566479, "Date": "2020-09-28T00:00:00Z"}, {"Country": "Spain", "CountryCode": "", "Province": "", "City": "", "CityCode": "", "Lat": "0", "Lon": "0", "Confirmed": 748266, "Deaths": 31411, "Recovered": 150376, "Active": 566479, "Date": "2020-09-29T00:00:00Z"}, {"Country": "Spain", "CountryCode": "", "Province": "", "City": "", "CityCode": "", "Lat": "0", "Lon": "0", "Confirmed": 769188, "Deaths": 31791, "Recovered": 150376, "Active": 587021, "Date": "2020-09-30T00:00:00Z"}, {"Country": "Spain", "CountryCode": "", "Province": "", "City": "", "CityCode": "", "Lat": "0", "Lon": "0", "Confirmed": 778607, "Deaths": 31973, "Recovered": 150376, "Active": 596258, "Date": "2020-10-01T00:00:00Z"}, {"Country": "Spain", "CountryCode": "", "Province": "", "City": "", "CityCode": "", "Lat": "0", "Lon": "0", "Confirmed": 789932, "Deaths": 32086, "Recovered": 150376, "Active": 607470, "Date": "2020-10-02T00:00:00Z"}, {"Country": "Spain", "CountryCode": "", "Province": "", "City": "", "CityCode": "", "Lat": "0", "Lon": "0", "Confirmed": 789932, "Deaths": 32086, "Recovered": 150376, "Active": 607470, "Date": "2020-10-03T00:00:00Z"}, {"Country": "Spain", "CountryCode": "", "Province": "", "City": "", "CityCode": "", "Lat": "0", "Lon": "0", "Confirmed": 789932, "Deaths": 32086, "Recovered": 150376, "Active": 607470, "Date": "2020-10-04T00:00:00Z"}, {"Country": "Spain", "CountryCode": "", "Province": "", "City": "", "CityCode": "", "Lat": "0", "Lon": "0", "Confirmed": 813412, "Deaths": 32225, "Recovered": 150376, "Active": 630811, "Date": "2020-10-05T00:00:00Z"}, {"Country": "Spain", "CountryCode": "", "Province": "", "City": "", "CityCode": "", "Lat": "0", "Lon": "0", "Confirmed": 825410, "Deaths": 32486, "Recovered": 150376, "Active": 642548, "Date": "2020-10-06T00:00:00Z"}, {"Country": "Spain", "CountryCode": "", "Province": "", "City": "", "CityCode": "", "Lat": "0", "Lon": "0", "Confirmed": 835901, "Deaths": 32562, "Recovered": 150376, "Active": 652963, "Date": "2020-10-07T00:00:00Z"}, {"Country": "Spain", "CountryCode": "", "Province": "", "City": "", "CityCode": "", "Lat": "0", "Lon": "0", "Confirmed": 848324, "Deaths": 32688, "Recovered": 150376, "Active": 665260, "Date": "2020-10-08T00:00:00Z"}, {"Country": "Spain", "CountryCode": "", "Province": "", "City": "", "CityCode": "", "Lat": "0", "Lon": "0", "Confirmed": 861112, "Deaths": 32929, "Recovered": 150376, "Active": 677807, "Date": "2020-10-09T00:00:00Z"}, {"Country": "Spain", "CountryCode": "", "Province": "", "City": "", "CityCode": "", "Lat": "0", "Lon": "0", "Confirmed": 861112, "Deaths": 32929, "Recovered": 150376, "Active": 677807, "Date": "2020-10-10T00:00:00Z"}, {"Country": "Spain", "CountryCode": "", "Province": "", "City": "", "CityCode": "", "Lat": "0", "Lon": "0", "Confirmed": 861112, "Deaths": 32929, "Recovered": 150376, "Active": 677807, "Date": "2020-10-11T00:00:00Z"}, {"Country": "Spain", "CountryCode": "", "Province": "", "City": "", "CityCode": "", "Lat": "0", "Lon": "0", "Confirmed": 888968, "Deaths": 33124, "Recovered": 150376, "Active": 705468, "Date": "2020-10-12T00:00:00Z"}, {"Country": "Spain", "CountryCode": "", "Province": "", "City": "", "CityCode": "", "Lat": "0", "Lon": "0", "Confirmed": 896086, "Deaths": 33204, "Recovered": 150376, "Active": 712506, "Date": "2020-10-13T00:00:00Z"}, {"Country": "Spain", "CountryCode": "", "Province": "", "City": "", "CityCode": "", "Lat": "0", "Lon": "0", "Confirmed": 908056, "Deaths": 33413, "Recovered": 150376, "Active": 724267, "Date": "2020-10-14T00:00:00Z"}, {"Country": "Spain", "CountryCode": "", "Province": "", "City": "", "CityCode": "", "Lat": "0", "Lon": "0", "Confirmed": 921374, "Deaths": 33553, "Recovered": 150376, "Active": 737445, "Date": "2020-10-15T00:00:00Z"}, {"Country": "Spain", "CountryCode": "", "Province": "", "City": "", "CityCode": "", "Lat": "0", "Lon": "0", "Confirmed": 936560, "Deaths": 33775, "Recovered": 150376, "Active": 752409, "Date": "2020-10-16T00:00:00Z"}, {"Country": "Spain", "CountryCode": "", "Province": "", "City": "", "CityCode": "", "Lat": "0", "Lon": "0", "Confirmed": 936560, "Deaths": 33775, "Recovered": 150376, "Active": 752409, "Date": "2020-10-17T00:00:00Z"}, {"Country": "Spain", "CountryCode": "", "Province": "", "City": "", "CityCode": "", "Lat": "0", "Lon": "0", "Confirmed": 936560, "Deaths": 33775, "Recovered": 150376, "Active": 752409, "Date": "2020-10-18T00:00:00Z"}, {"Country": "Spain", "CountryCode": "", "Province": "", "City": "", "CityCode": "", "Lat": "0", "Lon": "0", "Confirmed": 974449, "Deaths": 33992, "Recovered": 150376, "Active": 790081, "Date": "2020-10-19T00:00:00Z"}, {"Country": "Spain", "CountryCode": "", "Province": "", "City": "", "CityCode": "", "Lat": "0", "Lon": "0", "Confirmed": 988322, "Deaths": 34210, "Recovered": 150376, "Active": 803736, "Date": "2020-10-20T00:00:00Z"}, {"Country": "Spain", "CountryCode": "", "Province": "", "City": "", "CityCode": "", "Lat": "0", "Lon": "0", "Confirmed": 1005295, "Deaths": 34366, "Recovered": 150376, "Active": 820553, "Date": "2020-10-21T00:00:00Z"}, {"Country": "Spain", "CountryCode": "", "Province": "", "City": "", "CityCode": "", "Lat": "0", "Lon": "0", "Confirmed": 1026281, "Deaths": 34521, "Recovered": 150376, "Active": 841384, "Date": "2020-10-22T00:00:00Z"}, {"Country": "Spain", "CountryCode": "", "Province": "", "City": "", "CityCode": "", "Lat": "0", "Lon": "0", "Confirmed": 1046132, "Deaths": 34752, "Recovered": 150376, "Active": 861004, "Date": "2020-10-23T00:00:00Z"}, {"Country": "Spain", "CountryCode": "", "Province": "", "City": "", "CityCode": "", "Lat": "0", "Lon": "0", "Confirmed": 1046132, "Deaths": 34752, "Recovered": 150376, "Active": 861004, "Date": "2020-10-24T00:00:00Z"}, {"Country": "Spain", "CountryCode": "", "Province": "", "City": "", "CityCode": "", "Lat": "0", "Lon": "0", "Confirmed": 1046132, "Deaths": 34752, "Recovered": 150376, "Active": 861004, "Date": "2020-10-25T00:00:00Z"}, {"Country": "Spain", "CountryCode": "", "Province": "", "City": "", "CityCode": "", "Lat": "0", "Lon": "0", "Confirmed": 1098320, "Deaths": 35031, "Recovered": 150376, "Active": 912913, "Date": "2020-10-26T00:00:00Z"}, {"Country": "Spain", "CountryCode": "", "Province": "", "City": "", "CityCode": "", "Lat": "0", "Lon": "0", "Confirmed": 1116738, "Deaths": 35298, "Recovered": 150376, "Active": 931064, "Date": "2020-10-27T00:00:00Z"}, {"Country": "Spain", "CountryCode": "", "Province": "", "City": "", "CityCode": "", "Lat": "0", "Lon": "0", "Confirmed": 1136503, "Deaths": 35466, "Recovered": 150376, "Active": 950661, "Date": "2020-10-28T00:00:00Z"}, {"Country": "Spain", "CountryCode": "", "Province": "", "City": "", "CityCode": "", "Lat": "0", "Lon": "0", "Confirmed": 1160083, "Deaths": 35639, "Recovered": 150376, "Active": 974068, "Date": "2020-10-29T00:00:00Z"}, {"Country": "Spain", "CountryCode": "", "Province": "", "City": "", "CityCode": "", "Lat": "0", "Lon": "0", "Confirmed": 1185678, "Deaths": 35878, "Recovered": 150376, "Active": 999424, "Date": "2020-10-30T00:00:00Z"}, {"Country": "Spain", "CountryCode": "", "Province": "", "City": "", "CityCode": "", "Lat": "0", "Lon": "0", "Confirmed": 1185678, "Deaths": 35878, "Recovered": 150376, "Active": 999424, "Date": "2020-10-31T00:00:00Z"}, {"Country": "Spain", "CountryCode": "", "Province": "", "City": "", "CityCode": "", "Lat": "0", "Lon": "0", "Confirmed": 1185678, "Deaths": 35878, "Recovered": 150376, "Active": 999424, "Date": "2020-11-01T00:00:00Z"}, {"Country": "Spain", "CountryCode": "", "Province": "", "City": "", "CityCode": "", "Lat": "0", "Lon": "0", "Confirmed": 1240697, "Deaths": 36257, "Recovered": 150376, "Active": 1054064, "Date": "2020-11-02T00:00:00Z"}, {"Country": "Spain", "CountryCode": "", "Province": "", "City": "", "CityCode": "", "Lat": "0", "Lon": "0", "Confirmed": 1259366, "Deaths": 36495, "Recovered": 150376, "Active": 1072495, "Date": "2020-11-03T00:00:00Z"}, {"Country": "Spain", "CountryCode": "", "Province": "", "City": "", "CityCode": "", "Lat": "0", "Lon": "0", "Confirmed": 1284408, "Deaths": 38118, "Recovered": 150376, "Active": 1095914, "Date": "2020-11-04T00:00:00Z"}, {"Country": "Spain", "CountryCode": "", "Province": "", "City": "", "CityCode": "", "Lat": "0", "Lon": "0", "Confirmed": 1306316, "Deaths": 38486, "Recovered": 150376, "Active": 1117454, "Date": "2020-11-05T00:00:00Z"}, {"Country": "Spain", "CountryCode": "", "Province": "", "City": "", "CityCode": "", "Lat": "0", "Lon": "0", "Confirmed": 1328832, "Deaths": 38833, "Recovered": 150376, "Active": 1139623, "Date": "2020-11-06T00:00:00Z"}, {"Country": "Spain", "CountryCode": "", "Province": "", "City": "", "CityCode": "", "Lat": "0", "Lon": "0", "Confirmed": 1328832, "Deaths": 38833, "Recovered": 150376, "Active": 1139623, "Date": "2020-11-07T00:00:00Z"}, {"Country": "Spain", "CountryCode": "", "Province": "", "City": "", "CityCode": "", "Lat": "0", "Lon": "0", "Confirmed": 1328832, "Deaths": 38833, "Recovered": 150376, "Active": 1139623, "Date": "2020-11-08T00:00:00Z"}, {"Country": "Spain", "CountryCode": "", "Province": "", "City": "", "CityCode": "", "Lat": "0", "Lon": "0", "Confirmed": 1381218, "Deaths": 39345, "Recovered": 150376, "Active": 1191497, "Date": "2020-11-09T00:00:00Z"}, {"Country": "Spain", "CountryCode": "", "Province": "", "City": "", "CityCode": "", "Lat": "0", "Lon": "0", "Confirmed": 1381218, "Deaths": 39345, "Recovered": 150376, "Active": 1191497, "Date": "2020-11-10T00:00:00Z"}, {"Country": "Spain", "CountryCode": "", "Province": "", "City": "", "CityCode": "", "Lat": "0", "Lon": "0", "Confirmed": 1417709, "Deaths": 40105, "Recovered": 150376, "Active": 1227228, "Date": "2020-11-11T00:00:00Z"}, {"Country": "Spain", "CountryCode": "", "Province": "", "City": "", "CityCode": "", "Lat": "0", "Lon": "0", "Confirmed": 1437220, "Deaths": 40461, "Recovered": 150376, "Active": 1246383, "Date": "2020-11-12T00:00:00Z"}, {"Country": "Spain", "CountryCode": "", "Province": "", "City": "", "CityCode": "", "Lat": "0", "Lon": "0", "Confirmed": 1458591, "Deaths": 40769, "Recovered": 150376, "Active": 1267446, "Date": "2020-11-13T00:00:00Z"}, {"Country": "Spain", "CountryCode": "", "Province": "", "City": "", "CityCode": "", "Lat": "0", "Lon": "0", "Confirmed": 1458591, "Deaths": 40769, "Recovered": 150376, "Active": 1267446, "Date": "2020-11-14T00:00:00Z"}, {"Country": "Spain", "CountryCode": "", "Province": "", "City": "", "CityCode": "", "Lat": "0", "Lon": "0", "Confirmed": 1458591, "Deaths": 40769, "Recovered": 150376, "Active": 1267446, "Date": "2020-11-15T00:00:00Z"}, {"Country": "Spain", "CountryCode": "", "Province": "", "City": "", "CityCode": "", "Lat": "0", "Lon": "0", "Confirmed": 1496864, "Deaths": 41253, "Recovered": 150376, "Active": 1305235, "Date": "2020-11-16T00:00:00Z"}, {"Country": "Spain", "CountryCode": "", "Province": "", "City": "", "CityCode": "", "Lat": "0", "Lon": "0", "Confirmed": 1510023, "Deaths": 41688, "Recovered": 150376, "Active": 1317959, "Date": "2020-11-17T00:00:00Z"}, {"Country": "Spain", "CountryCode": "", "Province": "", "City": "", "CityCode": "", "Lat": "0", "Lon": "0", "Confirmed": 1525341, "Deaths": 42039, "Recovered": 150376, "Active": 1332926, "Date": "2020-11-18T00:00:00Z"}, {"Country": "Spain", "CountryCode": "", "Province": "", "City": "", "CityCode": "", "Lat": "0", "Lon": "0", "Confirmed": 1541574, "Deaths": 42291, "Recovered": 150376, "Active": 1348907, "Date": "2020-11-19T00:00:00Z"}, {"Country": "Spain", "CountryCode": "", "Province": "", "City": "", "CityCode": "", "Lat": "0", "Lon": "0", "Confirmed": 1556730, "Deaths": 42619, "Recovered": 150376, "Active": 1363735, "Date": "2020-11-20T00:00:00Z"}, {"Country": "Spain", "CountryCode": "", "Province": "", "City": "", "CityCode": "", "Lat": "0", "Lon": "0", "Confirmed": 1556730, "Deaths": 42619, "Recovered": 150376, "Active": 1363735, "Date": "2020-11-21T00:00:00Z"}, {"Country": "Spain", "CountryCode": "", "Province": "", "City": "", "CityCode": "", "Lat": "0", "Lon": "0", "Confirmed": 1556730, "Deaths": 42619, "Recovered": 150376, "Active": 1363735, "Date": "2020-11-22T00:00:00Z"}, {"Country": "Spain", "CountryCode": "", "Province": "", "City": "", "CityCode": "", "Lat": "0", "Lon": "0", "Confirmed": 1582616, "Deaths": 43131, "Recovered": 150376, "Active": 1389109, "Date": "2020-11-23T00:00:00Z"}, {"Country": "Spain", "CountryCode": "", "Province": "", "City": "", "CityCode": "", "Lat": "0", "Lon": "0", "Confirmed": 1594844, "Deaths": 43668, "Recovered": 150376, "Active": 1400800, "Date": "2020-11-24T00:00:00Z"}, {"Country": "Spain", "CountryCode": "", "Province": "", "City": "", "CityCode": "", "Lat": "0", "Lon": "0", "Confirmed": 1605066, "Deaths": 44037, "Recovered": 150376, "Active": 1410653, "Date": "2020-11-25T00:00:00Z"}, {"Country": "Spain", "CountryCode": "", "Province": "", "City": "", "CityCode": "", "Lat": "0", "Lon": "0", "Confirmed": 1617355, "Deaths": 44374, "Recovered": 150376, "Active": 1422605, "Date": "2020-11-26T00:00:00Z"}, {"Country": "Spain", "CountryCode": "", "Province": "", "City": "", "CityCode": "", "Lat": "0", "Lon": "0", "Confirmed": 1628208, "Deaths": 44668, "Recovered": 150376, "Active": 1433164, "Date": "2020-11-27T00:00:00Z"}, {"Country": "Spain", "CountryCode": "", "Province": "", "City": "", "CityCode": "", "Lat": "0", "Lon": "0", "Confirmed": 1628208, "Deaths": 44668, "Recovered": 150376, "Active": 1433164, "Date": "2020-11-28T00:00:00Z"}, {"Country": "Spain", "CountryCode": "", "Province": "", "City": "", "CityCode": "", "Lat": "0", "Lon": "0", "Confirmed": 1628208, "Deaths": 44668, "Recovered": 150376, "Active": 1433164, "Date": "2020-11-29T00:00:00Z"}, {"Country": "Spain", "CountryCode": "", "Province": "", "City": "", "CityCode": "", "Lat": "0", "Lon": "0", "Confirmed": 1648187, "Deaths": 45069, "Recovered": 150376, "Active": 1452742, "Date": "2020-11-30T00:00:00Z"}, {"Country": "Spain", "CountryCode": "", "Province": "", "City": "", "CityCode": "", "Lat": "0", "Lon": "0", "Confirmed": 1656444, "Deaths": 45511, "Recovered": 150376, "Active": 1460557, "Date": "2020-12-01T00:00:00Z"}, {"Country": "Spain", "CountryCode": "", "Province": "", "City": "", "CityCode": "", "Lat": "0", "Lon": "0", "Confirmed": 1665775, "Deaths": 45784, "Recovered": 150376, "Active": 1469615, "Date": "2020-12-02T00:00:00Z"}, {"Country": "Spain", "CountryCode": "", "Province": "", "City": "", "CityCode": "", "Lat": "0", "Lon": "0", "Confirmed": 1675902, "Deaths": 46038, "Recovered": 150376, "Active": 1479488, "Date": "2020-12-03T00:00:00Z"}, {"Country": "Spain", "CountryCode": "", "Province": "", "City": "", "CityCode": "", "Lat": "0", "Lon": "0", "Confirmed": 1684647, "Deaths": 46252, "Recovered": 150376, "Active": 1488019, "Date": "2020-12-04T00:00:00Z"}, {"Country": "Spain", "CountryCode": "", "Province": "", "City": "", "CityCode": "", "Lat": "0", "Lon": "0", "Confirmed": 1684647, "Deaths": 46252, "Recovered": 150376, "Active": 1488019, "Date": "2020-12-05T00:00:00Z"}, {"Country": "Spain", "CountryCode": "", "Province": "", "City": "", "CityCode": "", "Lat": "0", "Lon": "0", "Confirmed": 1684647, "Deaths": 46252, "Recovered": 150376, "Active": 1488019, "Date": "2020-12-06T00:00:00Z"}, {"Country": "Spain", "CountryCode": "", "Province": "", "City": "", "CityCode": "", "Lat": "0", "Lon": "0", "Confirmed": 1702328, "Deaths": 46646, "Recovered": 150376, "Active": 1505306, "Date": "2020-12-07T00:00:00Z"}, {"Country": "Spain", "CountryCode": "", "Province": "", "City": "", "CityCode": "", "Lat": "0", "Lon": "0", "Confirmed": 1702328, "Deaths": 46646, "Recovered": 150376, "Active": 1505306, "Date": "2020-12-08T00:00:00Z"}, {"Country": "Spain", "CountryCode": "", "Province": "", "City": "", "CityCode": "", "Lat": "0", "Lon": "0", "Confirmed": 1712101, "Deaths": 47019, "Recovered": 150376, "Active": 1514706, "Date": "2020-12-09T00:00:00Z"}, {"Country": "Spain", "CountryCode": "", "Province": "", "City": "", "CityCode": "", "Lat": "0", "Lon": "0", "Confirmed": 1720056, "Deaths": 47344, "Recovered": 150376, "Active": 1522336, "Date": "2020-12-10T00:00:00Z"}, {"Country": "Spain", "CountryCode": "", "Province": "", "City": "", "CityCode": "", "Lat": "0", "Lon": "0", "Confirmed": 1730575, "Deaths": 47624, "Recovered": 150376, "Active": 1532575, "Date": "2020-12-11T00:00:00Z"}, {"Country": "Spain", "CountryCode": "", "Province": "", "City": "", "CityCode": "", "Lat": "0", "Lon": "0", "Confirmed": 1730575, "Deaths": 47624, "Recovered": 150376, "Active": 1532575, "Date": "2020-12-12T00:00:00Z"}, {"Country": "Spain", "CountryCode": "", "Province": "", "City": "", "CityCode": "", "Lat": "0", "Lon": "0", "Confirmed": 1730575, "Deaths": 47624, "Recovered": 150376, "Active": 1532575, "Date": "2020-12-13T00:00:00Z"}, {"Country": "Spain", "CountryCode": "", "Province": "", "City": "", "CityCode": "", "Lat": "0", "Lon": "0", "Confirmed": 1751884, "Deaths": 48013, "Recovered": 150376, "Active": 1553495, "Date": "2020-12-14T00:00:00Z"}, {"Country": "Spain", "CountryCode": "", "Province": "", "City": "", "CityCode": "", "Lat": "0", "Lon": "0", "Confirmed": 1762212, "Deaths": 48401, "Recovered": 150376, "Active": 1563435, "Date": "2020-12-15T00:00:00Z"}, {"Country": "Spain", "CountryCode": "", "Province": "", "City": "", "CityCode": "", "Lat": "0", "Lon": "0", "Confirmed": 1773290, "Deaths": 48596, "Recovered": 150376, "Active": 1574318, "Date": "2020-12-16T00:00:00Z"}, {"Country": "Spain", "CountryCode": "", "Province": "", "City": "", "CityCode": "", "Lat": "0", "Lon": "0", "Confirmed": 1785421, "Deaths": 48777, "Recovered": 150376, "Active": 1586268, "Date": "2020-12-17T00:00:00Z"}, {"Country": "Spain", "CountryCode": "", "Province": "", "City": "", "CityCode": "", "Lat": "0", "Lon": "0", "Confirmed": 1797236, "Deaths": 48926, "Recovered": 150376, "Active": 1597934, "Date": "2020-12-18T00:00:00Z"}, {"Country": "Spain", "CountryCode": "", "Province": "", "City": "", "CityCode": "", "Lat": "0", "Lon": "0", "Confirmed": 1797236, "Deaths": 48926, "Recovered": 150376, "Active": 1597934, "Date": "2020-12-19T00:00:00Z"}, {"Country": "Spain", "CountryCode": "", "Province": "", "City": "", "CityCode": "", "Lat": "0", "Lon": "0", "Confirmed": 1797236, "Deaths": 48926, "Recovered": 150376, "Active": 1597934, "Date": "2020-12-20T00:00:00Z"}, {"Country": "Spain", "CountryCode": "", "Province": "", "City": "", "CityCode": "", "Lat": "0", "Lon": "0", "Confirmed": 1819249, "Deaths": 49260, "Recovered": 150376, "Active": 1619613, "Date": "2020-12-21T00:00:00Z"}, {"Country": "Spain", "CountryCode": "", "Province": "", "City": "", "CityCode": "", "Lat": "0", "Lon": "0", "Confirmed": 1829903, "Deaths": 49520, "Recovered": 150376, "Active": 1630007, "Date": "2020-12-22T00:00:00Z"}, {"Country": "Spain", "CountryCode": "", "Province": "", "City": "", "CityCode": "", "Lat": "0", "Lon": "0", "Confirmed": 1842289, "Deaths": 49698, "Recovered": 150376, "Active": 1642215, "Date": "2020-12-23T00:00:00Z"}, {"Country": "Spain", "CountryCode": "", "Province": "", "City": "", "CityCode": "", "Lat": "0", "Lon": "0", "Confirmed": 1854951, "Deaths": 49824, "Recovered": 150376, "Active": 1654751, "Date": "2020-12-24T00:00:00Z"}, {"Country": "Spain", "CountryCode": "", "Province": "", "City": "", "CityCode": "", "Lat": "0", "Lon": "0", "Confirmed": 1854951, "Deaths": 49824, "Recovered": 150376, "Active": 1654751, "Date": "2020-12-25T00:00:00Z"}, {"Country": "Spain", "CountryCode": "", "Province": "", "City": "", "CityCode": "", "Lat": "0", "Lon": "0", "Confirmed": 1854951, "Deaths": 49824, "Recovered": 150376, "Active": 1654751, "Date": "2020-12-26T00:00:00Z"}, {"Country": "Spain", "CountryCode": "", "Province": "", "City": "", "CityCode": "", "Lat": "0", "Lon": "0", "Confirmed": 1854951, "Deaths": 49824, "Recovered": 150376, "Active": 1654751, "Date": "2020-12-27T00:00:00Z"}, {"Country": "Spain", "CountryCode": "", "Province": "", "City": "", "CityCode": "", "Lat": "0", "Lon": "0", "Confirmed": 1879413, "Deaths": 50122, "Recovered": 150376, "Active": 1678915, "Date": "2020-12-28T00:00:00Z"}, {"Country": "Spain", "CountryCode": "", "Province": "", "City": "", "CityCode": "", "Lat": "0", "Lon": "0", "Confirmed": 1893502, "Deaths": 50442, "Recovered": 150376, "Active": 1692684, "Date": "2020-12-29T00:00:00Z"}, {"Country": "Spain", "CountryCode": "", "Province": "", "City": "", "CityCode": "", "Lat": "0", "Lon": "0", "Confirmed": 1910218, "Deaths": 50689, "Recovered": 150376, "Active": 1709153, "Date": "2020-12-30T00:00:00Z"}, {"Country": "Spain", "CountryCode": "", "Province": "", "City": "", "CityCode": "", "Lat": "0", "Lon": "0", "Confirmed": 1928265, "Deaths": 50837, "Recovered": 150376, "Active": 1727052, "Date": "2020-12-31T00:00:00Z"}, {"Country": "Spain", "CountryCode": "", "Province": "", "City": "", "CityCode": "", "Lat": "0", "Lon": "0", "Confirmed": 1928265, "Deaths": 50837, "Recovered": 150376, "Active": 1727052, "Date": "2021-01-01T00:00:00Z"}, {"Country": "Spain", "CountryCode": "", "Province": "", "City": "", "CityCode": "", "Lat": "0", "Lon": "0", "Confirmed": 1928265, "Deaths": 50837, "Recovered": 150376, "Active": 1727052, "Date": "2021-01-02T00:00:00Z"}, {"Country": "Spain", "CountryCode": "", "Province": "", "City": "", "CityCode": "", "Lat": "0", "Lon": "0", "Confirmed": 1928265, "Deaths": 50837, "Recovered": 150376, "Active": 1727052, "Date": "2021-01-03T00:00:00Z"}, {"Country": "Spain", "CountryCode": "", "Province": "", "City": "", "CityCode": "", "Lat": "0", "Lon": "0", "Confirmed": 1958844, "Deaths": 51078, "Recovered": 150376, "Active": 1757390, "Date": "2021-01-04T00:00:00Z"}, {"Country": "Spain", "CountryCode": "", "Province": "", "City": "", "CityCode": "", "Lat": "0", "Lon": "0", "Confirmed": 1982544, "Deaths": 51430, "Recovered": 150376, "Active": 1780738, "Date": "2021-01-05T00:00:00Z"}, {"Country": "Spain", "CountryCode": "", "Province": "", "City": "", "CityCode": "", "Lat": "0", "Lon": "0", "Confirmed": 1982544, "Deaths": 51430, "Recovered": 150376, "Active": 1780738, "Date": "2021-01-06T00:00:00Z"}, {"Country": "Spain", "CountryCode": "", "Province": "", "City": "", "CityCode": "", "Lat": "0", "Lon": "0", "Confirmed": 2024904, "Deaths": 51675, "Recovered": 150376, "Active": 1822853, "Date": "2021-01-07T00:00:00Z"}, {"Country": "Spain", "CountryCode": "", "Province": "", "City": "", "CityCode": "", "Lat": "0", "Lon": "0", "Confirmed": 2050360, "Deaths": 51874, "Recovered": 150376, "Active": 1848110, "Date": "2021-01-08T00:00:00Z"}, {"Country": "Spain", "CountryCode": "", "Province": "", "City": "", "CityCode": "", "Lat": "0", "Lon": "0", "Confirmed": 2050360, "Deaths": 51874, "Recovered": 150376, "Active": 1848110, "Date": "2021-01-09T00:00:00Z"}, {"Country": "Spain", "CountryCode": "", "Province": "", "City": "", "CityCode": "", "Lat": "0", "Lon": "0", "Confirmed": 2050360, "Deaths": 51874, "Recovered": 150376, "Active": 1848110, "Date": "2021-01-10T00:00:00Z"}, {"Country": "Spain", "CountryCode": "", "Province": "", "City": "", "CityCode": "", "Lat": "0", "Lon": "0", "Confirmed": 2111782, "Deaths": 52275, "Recovered": 150376, "Active": 1909131, "Date": "2021-01-11T00:00:00Z"}, {"Country": "Spain", "CountryCode": "", "Province": "", "City": "", "CityCode": "", "Lat": "0", "Lon": "0", "Confirmed": 2137220, "Deaths": 52683, "Recovered": 150376, "Active": 1934161, "Date": "2021-01-12T00:00:00Z"}, {"Country": "Spain", "CountryCode": "", "Province": "", "City": "", "CityCode": "", "Lat": "0", "Lon": "0", "Confirmed": 2176089, "Deaths": 52878, "Recovered": 150376, "Active": 1972835, "Date": "2021-01-13T00:00:00Z"}, {"Country": "Spain", "CountryCode": "", "Province": "", "City": "", "CityCode": "", "Lat": "0", "Lon": "0", "Confirmed": 2211967, "Deaths": 53079, "Recovered": 150376, "Active": 2008512, "Date": "2021-01-14T00:00:00Z"}, {"Country": "Spain", "CountryCode": "", "Province": "", "City": "", "CityCode": "", "Lat": "0", "Lon": "0", "Confirmed": 2252164, "Deaths": 53314, "Recovered": 150376, "Active": 2048474, "Date": "2021-01-15T00:00:00Z"}, {"Country": "Spain", "CountryCode": "", "Province": "", "City": "", "CityCode": "", "Lat": "0", "Lon": "0", "Confirmed": 2252164, "Deaths": 53314, "Recovered": 150376, "Active": 2048474, "Date": "2021-01-16T00:00:00Z"}, {"Country": "Spain", "CountryCode": "", "Province": "", "City": "", "CityCode": "", "Lat": "0", "Lon": "0", "Confirmed": 2252164, "Deaths": 53314, "Recovered": 150376, "Active": 2048474, "Date": "2021-01-17T00:00:00Z"}, {"Country": "Spain", "CountryCode": "", "Province": "", "City": "", "CityCode": "", "Lat": "0", "Lon": "0", "Confirmed": 2336451, "Deaths": 53769, "Recovered": 150376, "Active": 2132306, "Date": "2021-01-18T00:00:00Z"}, {"Country": "Spain", "CountryCode": "", "Province": "", "City": "", "CityCode": "", "Lat": "0", "Lon": "0", "Confirmed": 2370742, "Deaths": 54173, "Recovered": 150376, "Active": 2166193, "Date": "2021-01-19T00:00:00Z"}, {"Country": "Spain", "CountryCode": "", "Province": "", "City": "", "CityCode": "", "Lat": "0", "Lon": "0", "Confirmed": 2412318, "Deaths": 54637, "Recovered": 150376, "Active": 2207305, "Date": "2021-01-20T00:00:00Z"}, {"Country": "Spain", "CountryCode": "", "Province": "", "City": "", "CityCode": "", "Lat": "0", "Lon": "0", "Confirmed": 2456675, "Deaths": 55041, "Recovered": 150376, "Active": 2251258, "Date": "2021-01-21T00:00:00Z"}, {"Country": "Spain", "CountryCode": "", "Province": "", "City": "", "CityCode": "", "Lat": "0", "Lon": "0", "Confirmed": 2499560, "Deaths": 55441, "Recovered": 150376, "Active": 2293743, "Date": "2021-01-22T00:00:00Z"}, {"Country": "Spain", "CountryCode": "", "Province": "", "City": "", "CityCode": "", "Lat": "0", "Lon": "0", "Confirmed": 2499560, "Deaths": 55441, "Recovered": 150376, "Active": 2293743, "Date": "2021-01-23T00:00:00Z"}, {"Country": "Spain", "CountryCode": "", "Province": "", "City": "", "CityCode": "", "Lat": "0", "Lon": "0", "Confirmed": 2499560, "Deaths": 55441, "Recovered": 150376, "Active": 2293743, "Date": "2021-01-24T00:00:00Z"}, {"Country": "Spain", "CountryCode": "", "Province": "", "City": "", "CityCode": "", "Lat": "0", "Lon": "0", "Confirmed": 2593382, "Deaths": 56208, "Recovered": 150376, "Active": 2386798, "Date": "2021-01-25T00:00:00Z"}, {"Country": "Spain", "CountryCode": "", "Province": "", "City": "", "CityCode": "", "Lat": "0", "Lon": "0", "Confirmed": 2629817, "Deaths": 56794, "Recovered": 150376, "Active": 2422647, "Date": "2021-01-26T00:00:00Z"}, {"Country": "Spain", "CountryCode": "", "Province": "", "City": "", "CityCode": "", "Lat": "0", "Lon": "0", "Confirmed": 2670102, "Deaths": 57291, "Recovered": 150376, "Active": 2462435, "Date": "2021-01-27T00:00:00Z"}, {"Country": "Spain", "CountryCode": "", "Province": "", "City": "", "CityCode": "", "Lat": "0", "Lon": "0", "Confirmed": 2705001, "Deaths": 57806, "Recovered": 150376, "Active": 2496819, "Date": "2021-01-28T00:00:00Z"}, {"Country": "Spain", "CountryCode": "", "Province": "", "City": "", "CityCode": "", "Lat": "0", "Lon": "0", "Confirmed": 2743119, "Deaths": 58319, "Recovered": 150376, "Active": 2534424, "Date": "2021-01-29T00:00:00Z"}, {"Country": "Spain", "CountryCode": "", "Province": "", "City": "", "CityCode": "", "Lat": "0", "Lon": "0", "Confirmed": 2743119, "Deaths": 58319, "Recovered": 150376, "Active": 2534424, "Date": "2021-01-30T00:00:00Z"}, {"Country": "Spain", "CountryCode": "", "Province": "", "City": "", "CityCode": "", "Lat": "0", "Lon": "0", "Confirmed": 2743119, "Deaths": 58319, "Recovered": 150376, "Active": 2534424, "Date": "2021-01-31T00:00:00Z"}, {"Country": "Spain", "CountryCode": "", "Province": "", "City": "", "CityCode": "", "Lat": "0", "Lon": "0", "Confirmed": 2822805, "Deaths": 59081, "Recovered": 150376, "Active": 2613348, "Date": "2021-02-01T00:00:00Z"}, {"Country": "Spain", "CountryCode": "", "Province": "", "City": "", "CityCode": "", "Lat": "0", "Lon": "0", "Confirmed": 2851869, "Deaths": 59805, "Recovered": 150376, "Active": 2641688, "Date": "2021-02-02T00:00:00Z"}, {"Country": "Spain", "CountryCode": "", "Province": "", "City": "", "CityCode": "", "Lat": "0", "Lon": "0", "Confirmed": 2883465, "Deaths": 60370, "Recovered": 150376, "Active": 2672719, "Date": "2021-02-03T00:00:00Z"}, {"Country": "Spain", "CountryCode": "", "Province": "", "City": "", "CityCode": "", "Lat": "0", "Lon": "0", "Confirmed": 2913425, "Deaths": 60802, "Recovered": 150376, "Active": 2702247, "Date": "2021-02-04T00:00:00Z"}, {"Country": "Spain", "CountryCode": "", "Province": "", "City": "", "CityCode": "", "Lat": "0", "Lon": "0", "Confirmed": 2941990, "Deaths": 61386, "Recovered": 150376, "Active": 2730228, "Date": "2021-02-05T00:00:00Z"}, {"Country": "Spain", "CountryCode": "", "Province": "", "City": "", "CityCode": "", "Lat": "0", "Lon": "0", "Confirmed": 2941990, "Deaths": 61386, "Recovered": 150376, "Active": 2730228, "Date": "2021-02-06T00:00:00Z"}, {"Country": "Spain", "CountryCode": "", "Province": "", "City": "", "CityCode": "", "Lat": "0", "Lon": "0", "Confirmed": 2941990, "Deaths": 61386, "Recovered": 150376, "Active": 2730228, "Date": "2021-02-07T00:00:00Z"}, {"Country": "Spain", "CountryCode": "", "Province": "", "City": "", "CityCode": "", "Lat": "0", "Lon": "0", "Confirmed": 2989085, "Deaths": 62295, "Recovered": 150376, "Active": 2776414, "Date": "2021-02-08T00:00:00Z"}, {"Country": "Spain", "CountryCode": "", "Province": "", "City": "", "CityCode": "", "Lat": "0", "Lon": "0", "Confirmed": 3005487, "Deaths": 63061, "Recovered": 150376, "Active": 2792050, "Date": "2021-02-09T00:00:00Z"}, {"Country": "Spain", "CountryCode": "", "Province": "", "City": "", "CityCode": "", "Lat": "0", "Lon": "0", "Confirmed": 3023601, "Deaths": 63704, "Recovered": 150376, "Active": 2809521, "Date": "2021-02-10T00:00:00Z"}, {"Country": "Spain", "CountryCode": "", "Province": "", "City": "", "CityCode": "", "Lat": "0", "Lon": "0", "Confirmed": 3041454, "Deaths": 64217, "Recovered": 150376, "Active": 2826861, "Date": "2021-02-11T00:00:00Z"}, {"Country": "Spain", "CountryCode": "", "Province": "", "City": "", "CityCode": "", "Lat": "0", "Lon": "0", "Confirmed": 3056035, "Deaths": 64747, "Recovered": 150376, "Active": 2840912, "Date": "2021-02-12T00:00:00Z"}, {"Country": "Spain", "CountryCode": "", "Province": "", "City": "", "CityCode": "", "Lat": "0", "Lon": "0", "Confirmed": 3056035, "Deaths": 64747, "Recovered": 150376, "Active": 2840912, "Date": "2021-02-13T00:00:00Z"}, {"Country": "Spain", "CountryCode": "", "Province": "", "City": "", "CityCode": "", "Lat": "0", "Lon": "0", "Confirmed": 3056035, "Deaths": 64747, "Recovered": 150376, "Active": 2840912, "Date": "2021-02-14T00:00:00Z"}, {"Country": "Spain", "CountryCode": "", "Province": "", "City": "", "CityCode": "", "Lat": "0", "Lon": "0", "Confirmed": 3086286, "Deaths": 65449, "Recovered": 150376, "Active": 2870461, "Date": "2021-02-15T00:00:00Z"}, {"Country": "Spain", "CountryCode": "", "Province": "", "City": "", "CityCode": "", "Lat": "0", "Lon": "0", "Confirmed": 3096343, "Deaths": 65979, "Recovered": 150376, "Active": 2879988, "Date": "2021-02-16T00:00:00Z"}, {"Country": "Spain", "CountryCode": "", "Province": "", "City": "", "CityCode": "", "Lat": "0", "Lon": "0", "Confirmed": 3107172, "Deaths": 66316, "Recovered": 150376, "Active": 2890480, "Date": "2021-02-17T00:00:00Z"}, {"Country": "Spain", "CountryCode": "", "Province": "", "City": "", "CityCode": "", "Lat": "0", "Lon": "0", "Confirmed": 3121687, "Deaths": 66704, "Recovered": 150376, "Active": 2904607, "Date": "2021-02-18T00:00:00Z"}, {"Country": "Spain", "CountryCode": "", "Province": "", "City": "", "CityCode": "", "Lat": "0", "Lon": "0", "Confirmed": 3133122, "Deaths": 67101, "Recovered": 150376, "Active": 2915645, "Date": "2021-02-19T00:00:00Z"}, {"Country": "Spain", "CountryCode": "", "Province": "", "City": "", "CityCode": "", "Lat": "0", "Lon": "0", "Confirmed": 3133122, "Deaths": 67101, "Recovered": 150376, "Active": 2915645, "Date": "2021-02-20T00:00:00Z"}, {"Country": "Spain", "CountryCode": "", "Province": "", "City": "", "CityCode": "", "Lat": "0", "Lon": "0", "Confirmed": 3133122, "Deaths": 67101, "Recovered": 150376, "Active": 2915645, "Date": "2021-02-21T00:00:00Z"}, {"Country": "Spain", "CountryCode": "", "Province": "", "City": "", "CityCode": "", "Lat": "0", "Lon": "0", "Confirmed": 3153971, "Deaths": 67636, "Recovered": 150376, "Active": 2935959, "Date": "2021-02-22T00:00:00Z"}, {"Country": "Spain", "CountryCode": "", "Province": "", "City": "", "CityCode": "", "Lat": "0", "Lon": "0", "Confirmed": 3161432, "Deaths": 68079, "Recovered": 150376, "Active": 2942977, "Date": "2021-02-23T00:00:00Z"}, {"Country": "Spain", "CountryCode": "", "Province": "", "City": "", "CityCode": "", "Lat": "0", "Lon": "0", "Confirmed": 3170644, "Deaths": 68468, "Recovered": 150376, "Active": 2951800, "Date": "2021-02-24T00:00:00Z"}, {"Country": "Spain", "CountryCode": "", "Province": "", "City": "", "CityCode": "", "Lat": "0", "Lon": "0", "Confirmed": 3180212, "Deaths": 68813, "Recovered": 150376, "Active": 2961023, "Date": "2021-02-25T00:00:00Z"}, {"Country": "Spain", "CountryCode": "", "Province": "", "City": "", "CityCode": "", "Lat": "0", "Lon": "0", "Confirmed": 3188553, "Deaths": 69142, "Recovered": 150376, "Active": 2969035, "Date": "2021-02-26T00:00:00Z"}, {"Country": "Spain", "CountryCode": "", "Province": "", "City": "", "CityCode": "", "Lat": "0", "Lon": "0", "Confirmed": 3188553, "Deaths": 69142, "Recovered": 150376, "Active": 2969035, "Date": "2021-02-27T00:00:00Z"}, {"Country": "Spain", "CountryCode": "", "Province": "", "City": "", "CityCode": "", "Lat": "0", "Lon": "0", "Confirmed": 3188553, "Deaths": 69142, "Recovered": 150376, "Active": 2969035, "Date": "2021-02-28T00:00:00Z"}, {"Country": "Spain", "CountryCode": "", "Province": "", "City": "", "CityCode": "", "Lat": "0", "Lon": "0", "Confirmed": 3204531, "Deaths": 69609, "Recovered": 150376, "Active": 2984546, "Date": "2021-03-01T00:00:00Z"}, {"Country": "Spain", "CountryCode": "", "Province": "", "City": "", "CityCode": "", "Lat": "0", "Lon": "0", "Confirmed": 3130184, "Deaths": 69801, "Recovered": 150376, "Active": 2910007, "Date": "2021-03-02T00:00:00Z"}, {"Country": "Spain", "CountryCode": "", "Province": "", "City": "", "CityCode": "", "Lat": "0", "Lon": "0", "Confirmed": 3136321, "Deaths": 70247, "Recovered": 150376, "Active": 2915698, "Date": "2021-03-03T00:00:00Z"}, {"Country": "Spain", "CountryCode": "", "Province": "", "City": "", "CityCode": "", "Lat": "0", "Lon": "0", "Confirmed": 3142358, "Deaths": 70501, "Recovered": 150376, "Active": 2921481, "Date": "2021-03-04T00:00:00Z"}, {"Country": "Spain", "CountryCode": "", "Province": "", "City": "", "CityCode": "", "Lat": "0", "Lon": "0", "Confirmed": 3149012, "Deaths": 71138, "Recovered": 150376, "Active": 2927498, "Date": "2021-03-05T00:00:00Z"}, {"Country": "Spain", "CountryCode": "", "Province": "", "City": "", "CityCode": "", "Lat": "0", "Lon": "0", "Confirmed": 3149012, "Deaths": 71138, "Recovered": 150376, "Active": 2927498, "Date": "2021-03-06T00:00:00Z"}, {"Country": "Spain", "CountryCode": "", "Province": "", "City": "", "CityCode": "", "Lat": "0", "Lon": "0", "Confirmed": 3149012, "Deaths": 71138, "Recovered": 150376, "Active": 3077874, "Date": "2021-03-07T00:00:00Z"}, {"Country": "Spain", "CountryCode": "", "Province": "", "City": "", "CityCode": "", "Lat": "0", "Lon": "0", "Confirmed": 3160970, "Deaths": 71436, "Recovered": 150376, "Active": 2939158, "Date": "2021-03-08T00:00:00Z"}, {"Country": "Spain", "CountryCode": "", "Province": "", "City": "", "CityCode": "", "Lat": "0", "Lon": "0", "Confirmed": 3164982, "Deaths": 71727, "Recovered": 150376, "Active": 2942879, "Date": "2021-03-09T00:00:00Z"}, {"Country": "Spain", "CountryCode": "", "Province": "", "City": "", "CityCode": "", "Lat": "0", "Lon": "0", "Confirmed": 3172101, "Deaths": 71961, "Recovered": 150376, "Active": 2956105, "Date": "2021-03-10T00:00:00Z"}, {"Country": "Spain", "CountryCode": "", "Province": "", "City": "", "CityCode": "", "Lat": "0", "Lon": "0", "Confirmed": 3178356, "Deaths": 72085, "Recovered": 150376, "Active": 2955895, "Date": "2021-03-11T00:00:00Z"}, {"Country": "Spain", "CountryCode": "", "Province": "", "City": "", "CityCode": "", "Lat": "0", "Lon": "0", "Confirmed": 3183704, "Deaths": 72258, "Recovered": 150376, "Active": 2961070, "Date": "2021-03-12T00:00:00Z"}, {"Country": "Spain", "CountryCode": "", "Province": "", "City": "", "CityCode": "", "Lat": "0", "Lon": "0", "Confirmed": 3183704, "Deaths": 72258, "Recovered": 150376, "Active": 2961070, "Date": "2021-03-13T00:00:00Z"}]