[{"Country": "Sweden", "CountryCode": "", "Province": "", "City": "", "CityCode": "", "Lat": "0", "Lon": "0", "Confirmed": 1, "Deaths": 0, "Recovered": 0, "Active": 1, "Date": "2020-02-01T00:00:00Z"}, {"Country": "Sweden", "CountryCode": "", "Province": "", "City": "", "CityCode": "", "Lat": "0", "Lon": "0", "Confirmed": 1, "Deaths": 0, "Recovered": 0, "Active": 1, "Date": "2020-02-02T00:00:00Z"}, {"Country": "Sweden", "CountryCode": "", "Province": "", "City": "", "CityCode": "", "Lat": "0", "Lon": "0", "Confirmed": 1, "Deaths": 0, "Recovered": 0, "Active": 1, "Date": "2020-02-03T00:00:00Z"}, {"Country": "Sweden", "CountryCode": "", "Province": "", "City": "", "CityCode": "", "Lat": "0", "Lon": "0", "Confirmed": 1, "Deaths": 0, "Recovered": 0, "Active": 1, "Date": "2020-02-04T00:00:00Z"}, {"Country": "Sweden", "CountryCode": "", "Province": "", "City": "", "CityCode": "", "Lat": "0", "Lon": "0", "Confirmed": 1, "Deaths": 0, "Recovered": 0, "Active": 1, "Date": "2020-02-05T00:00:00Z"}, {"Country": "Sweden", "CountryCode": "", "Province": "", "City": "", "CityCode": "", "Lat": "0", "Lon": "0", "Confirmed": 1, "Deaths": 0, "Recovered": 0, "Active": 1, "Date": "2020-02-06T00:00:00Z"}, {"Country": "Sweden", "CountryCode": "", "Province": "", "City": "", "CityCode": "", "Lat": "0", "Lon": "0", "Confirmed": 1, "Deaths": 0, "Recovered": 0, "Active": 1, "Date": "2020-02-07T00:00:00Z"}, {"Country": "Sweden", "CountryCode": "", "Province": "", "City": "", "CityCode": "", "Lat": "0", "Lon": "0", "Confirmed": 1, "Deaths": 0, "Recovered": 0, "Active": 1, "Date": "2020-02-08T00:00:00Z"}, {"Country": "Sweden", "CountryCode": "", "Province": "", "City": "", "CityCode": "", "Lat": "0", "Lon": "0", "Confirmed": 1, "Deaths": 0, "Recovered": 0, "Active": 1, "Date": "2020-02-09T00:00:00Z"}, {"Country": "Sweden", "CountryCode": "", "Province": "", "City": "", "CityCode": "", "Lat": "0", "Lon": "0", "Confirmed": 1, "Deaths": 0, "Recovered": 0, "Active": 1, "Date": "2020-02-10T00:00:00Z"}, {"Country": "Sweden", "CountryCode": "", "Province": "", "City": "", "CityCode": "", "Lat": "0", "Lon": "0", "Confirmed": 1, "Deaths": 0, "Recovered": 0, "Active": 1, "Date": "2020-02-11T00:00:00Z"}, {"Country": "Sweden", "CountryCode": "", "Province": "", "City": "", "CityCode": "", "Lat": "0", "Lon": "0", "Confirmed": 1, "Deaths": 0, "Recovered": 0, "Active": 1, "Date": "2020-02-12T00:00:00Z"}, {"Country": "Sweden", "CountryCode": "", "Province": "", "City": "", "CityCode": "", "Lat": "0", "Lon": "0", "Confirmed": 1, "Deaths": 0, "Recovered": 0, "Active": 1, "Date": "2020-02-13T00:00:00Z"}, {"Country": "Sweden", "CountryCode": "", "Province": "", "City": "", "CityCode": "", "Lat": "0", "Lon": "0", "Confirmed": 1, "Deaths": 0, "Recovered": 0, "Active": 1, "Date": "2020-02-14T00:00:00Z"}, {"Country": "Sweden", "CountryCode": "", "Province": "", "City": "", "CityCode": "", "Lat": "0", "Lon": "0", "Confirmed": 1, "Deaths": 0, "Recovered": 0, "Active": 1, "Date": "2020-02-15T00:00:00Z"}, {"Country": "Sweden", "CountryCode": "", "Province": "", "City": "", "CityCode": "", "Lat": "0", "Lon": "0", "Confirmed": 1, "Deaths": 0, "Recovered": 0, "Active": 1, "Date": "2020-02-16T00:00:00Z"}, {"Country": "Sweden", "CountryCode": "", "Province": "", "City": "", "CityCode": "", "Lat": "0", "Lon": "0", "Confirmed": 1, "Deaths": 0, "Recovered": 0, "Active": 1, "Date": "2020-02-17T00:00:00Z"}, {"Country": "Sweden", "CountryCode": "", "Province": "", "City": "", "CityCode": "", "Lat": "0", "Lon": "0", "Confirmed": 1, "Deaths": 0, "Recovered": 0, "Active": 1, "Date": "2020-02-18T00:00:00Z"}, {"Country": "Sweden", "CountryCode": "", "Province": "", "City": "", "CityCode": "", "Lat": "0", "Lon": "0", "Confirmed": 1, "Deaths": 0, "Recovered": 0, "Active": 1, "Date": "2020-02-19T00:00:00Z"}, {"Country": "Sweden", "CountryCode": "", "Province": "", "City": "", "CityCode": "", "Lat": "0", "Lon": "0", "Confirmed": 1, "Deaths": 0, "Recovered": 0, "Active": 1, "Date": "2020-02-20T00:00:00Z"}, {"Country": "Sweden", "CountryCode": "", "Province": "", "City": "", "CityCode": "", "Lat": "0", "Lon": "0", "Confirmed": 1, "Deaths": 0, "Recovered": 0, "Active": 1, "Date": "2020-02-21T00:00:00Z"}, {"Country": "Sweden", "CountryCode": "", "Province": "", "City": "", "CityCode": "", "Lat": "0", "Lon": "0", "Confirmed": 1, "Deaths": 0, "Recovered": 0, "Active": 1, "Date": "2020-02-22T00:00:00Z"}, {"Country": "Sweden", "CountryCode": "", "Province": "", "City": "", "CityCode": "", "Lat": "0", "Lon": "0", "Confirmed": 1, "Deaths": 0, "Recovered": 0, "Active": 1, "Date": "2020-02-23T00:00:00Z"}, {"Country": "Sweden", "CountryCode": "", "Province": "", "City": "", "CityCode": "", "Lat": "0", "Lon": "0", "Confirmed": 1, "Deaths": 0, "Recovered": 0, "Active": 1, "Date": "2020-02-24T00:00:00Z"}, {"Country": "Sweden", "CountryCode": "", "Province": "", "City": "", "CityCode": "", "Lat": "0", "Lon": "0", "Confirmed": 1, "Deaths": 0, "Recovered": 0, "Active": 1, "Date": "2020-02-25T00:00:00Z"}, {"Country": "Sweden", "CountryCode": "", "Province": "", "City": "", "CityCode": "", "Lat": "0", "Lon": "0", "Confirmed": 2, "Deaths": 0, "Recovered": 0, "Active": 2, "Date": "2020-02-26T00:00:00Z"}, {"Country": "Sweden", "CountryCode": "", "Province": "", "City": "", "CityCode": "", "Lat": "0", "Lon": "0", "Confirmed": 3, "Deaths": 0, "Recovered": 0, "Active": 3, "Date": "2020-02-27T00:00:00Z"}, {"Country": "Sweden", "CountryCode": "", "Province": "", "City": "", "CityCode": "", "Lat": "0", "Lon": "0", "Confirmed": 11, "Deaths": 0, "Recovered": 0, "Active": 11, "Date": "2020-02-28T00:00:00Z"}, {"Country": "Sweden", "CountryCode": "", "Province": "", "City": "", "CityCode": "", "Lat": "0", "Lon": "0", "Confirmed": 14, "Deaths": 0, "Recovered": 0, "Active": 14, "Date": "2020-02-29T00:00:00Z"}, {"Country": "Sweden", "CountryCode": "", "Province": "", "City": "", "CityCode": "", "Lat": "0", "Lon": "0", "Confirmed": 14, "Deaths": 0, "Recovered": 0, "Active": 14, "Date": "2020-03-01T00:00:00Z"}, {"Country": "Sweden", "CountryCode": "", "Province": "", "City": "", "CityCode": "", "Lat": "0", "Lon": "0", "Confirmed": 19, "Deaths": 0, "Recovered": 0, "Active": 19, "Date": "2020-03-02T00:00:00Z"}, {"Country": "Sweden", "CountryCode": "", "Province": "", "City": "", "CityCode": "", "Lat": "0", "Lon": "0", "Confirmed": 32, "Deaths": 0, "Recovered": 0, "Active": 32, "Date": "2020-03-03T00:00:00Z"}, {"Country": "Sweden", "CountryCode": "", "Province": "", "City": "", "CityCode": "", "Lat": "0", "Lon": "0", "Confirmed": 62, "Deaths": 0, "Recovered": 0, "Active": 62, "Date": "2020-03-04T00:00:00Z"}, {"Country": "Sweden", "CountryCode": "", "Province": "", "City": "", "CityCode": "", "Lat": "0", "Lon": "0", "Confirmed": 87, "Deaths": 0, "Recovered": 0, "Active": 87, "Date": "2020-03-05T00:00:00Z"}, {"Country": "Sweden", "CountryCode": "", "Province": "", "City": "", "CityCode": "", "Lat": "0", "Lon": "0", "Confirmed": 146, "Deaths": 0, "Recovered": 0, "Active": 146, "Date": "2020-03-06T00:00:00Z"}, {"Country": "Sweden", "CountryCode": "", "Province": "", "City": "", "CityCode": "", "Lat": "0", "Lon": "0", "Confirmed": 179, "Deaths": 0, "Recovered": 0, "Active": 179, "Date": "2020-03-07T00:00:00Z"}, {"Country": "Sweden", "CountryCode": "", "Province": "", "City": "", "CityCode": "", "Lat": "0", "Lon": "0", "Confirmed": 225, "Deaths": 0, "Recovered": 0, "Active": 225, "Date": "2020-03-08T00:00:00Z"}, {"Country": "Sweden", "CountryCode": "", "Province": "", "City": "", "CityCode": "", "Lat": "0", "Lon": "0", "Confirmed": 326, "Deaths": 0, "Recovered": 0, "Active": 326, "Date": "2020-03-09T00:00:00Z"}, {"Country": "Sweden", "CountryCode": "", "Province": "", "City": "", "CityCode": "", "Lat": "0", "Lon": "0", "Confirmed": 424, "Deaths": 1, "Recovered": 0, "Active": 423, "Date": "2020-03-10T00:00:00Z"}, {"Country": "Sweden", "CountryCode": "", "Province": "", "City": "", "CityCode": "", "Lat": "0", "Lon": "0", "Confirmed": 620, "Deaths": 1, "Recovered": 0, "Active": 619, "Date": "2020-03-11T00:00:00Z"}, {"Country": "Sweden", "CountryCode": "", "Province": "", "City": "", "CityCode": "", "Lat": "0", "Lon": "0", "Confirmed": 771, "Deaths": 2, "Recovered": 0, "Active": 769, "Date": "2020-03-12T00:00:00Z"}, {"Country": "Sweden", "CountryCode": "", "Province": "", "City": "", "CityCode": "", "Lat": "0", "Lon": "0", "Confirmed": 923, "Deaths": 3, "Recovered": 0, "Active": 920, "Date": "2020-03-13T00:00:00Z"}, {"Country": "Sweden", "CountryCode": "", "Province": "", "City": "", "CityCode": "", "Lat": "0", "Lon": "0", "Confirmed": 994, "Deaths": 5, "Recovered": 0, "Active": 989, "Date": "2020-03-14T00:00:00Z"}, {"Country": "Sweden", "CountryCode": "", "Province": "", "City": "", "CityCode": "", "Lat": "0", "Lon": "0", "Confirmed": 1063, "Deaths": 7, "Recovered": 0, "Active": 1056, "Date": "2020-03-15T00:00:00Z"}, {"Country": "Sweden", "CountryCode": "", "Province": "", "City": "", "CityCode": "", "Lat": "0", "Lon": "0", "Confirmed": 1146, "Deaths": 8, "Recovered": 0, "Active": 1138, "Date": "2020-03-16T00:00:00Z"}, {"Country": "Sweden", "CountryCode": "", "Province": "", "City": "", "CityCode": "", "Lat": "0", "Lon": "0", "Confirmed": 1265, "Deaths": 14, "Recovered": 0, "Active": 1251, "Date": "2020-03-17T00:00:00Z"}, {"Country": "Sweden", "CountryCode": "", "Province": "", "City": "", "CityCode": "", "Lat": "0", "Lon": "0", "Confirmed": 1410, "Deaths": 21, "Recovered": 0, "Active": 1389, "Date": "2020-03-18T00:00:00Z"}, {"Country": "Sweden", "CountryCode": "", "Province": "", "City": "", "CityCode": "", "Lat": "0", "Lon": "0", "Confirmed": 1553, "Deaths": 30, "Recovered": 0, "Active": 1523, "Date": "2020-03-19T00:00:00Z"}, {"Country": "Sweden", "CountryCode": "", "Province": "", "City": "", "CityCode": "", "Lat": "0", "Lon": "0", "Confirmed": 1733, "Deaths": 38, "Recovered": 0, "Active": 1695, "Date": "2020-03-20T00:00:00Z"}, {"Country": "Sweden", "CountryCode": "", "Province": "", "City": "", "CityCode": "", "Lat": "0", "Lon": "0", "Confirmed": 1868, "Deaths": 49, "Recovered": 0, "Active": 1819, "Date": "2020-03-21T00:00:00Z"}, {"Country": "Sweden", "CountryCode": "", "Province": "", "City": "", "CityCode": "", "Lat": "0", "Lon": "0", "Confirmed": 1986, "Deaths": 60, "Recovered": 0, "Active": 1926, "Date": "2020-03-22T00:00:00Z"}, {"Country": "Sweden", "CountryCode": "", "Province": "", "City": "", "CityCode": "", "Lat": "0", "Lon": "0", "Confirmed": 2168, "Deaths": 81, "Recovered": 0, "Active": 2087, "Date": "2020-03-23T00:00:00Z"}, {"Country": "Sweden", "CountryCode": "", "Province": "", "City": "", "CityCode": "", "Lat": "0", "Lon": "0", "Confirmed": 2398, "Deaths": 103, "Recovered": 0, "Active": 2295, "Date": "2020-03-24T00:00:00Z"}, {"Country": "Sweden", "CountryCode": "", "Province": "", "City": "", "CityCode": "", "Lat": "0", "Lon": "0", "Confirmed": 2712, "Deaths": 134, "Recovered": 0, "Active": 2578, "Date": "2020-03-25T00:00:00Z"}, {"Country": "Sweden", "CountryCode": "", "Province": "", "City": "", "CityCode": "", "Lat": "0", "Lon": "0", "Confirmed": 2998, "Deaths": 166, "Recovered": 0, "Active": 2832, "Date": "2020-03-26T00:00:00Z"}, {"Country": "Sweden", "CountryCode": "", "Province": "", "City": "", "CityCode": "", "Lat": "0", "Lon": "0", "Confirmed": 3363, "Deaths": 201, "Recovered": 0, "Active": 3162, "Date": "2020-03-27T00:00:00Z"}, {"Country": "Sweden", "CountryCode": "", "Province": "", "City": "", "CityCode": "", "Lat": "0", "Lon": "0", "Confirmed": 3663, "Deaths": 239, "Recovered": 0, "Active": 3424, "Date": "2020-03-28T00:00:00Z"}, {"Country": "Sweden", "CountryCode": "", "Province": "", "City": "", "CityCode": "", "Lat": "0", "Lon": "0", "Confirmed": 3943, "Deaths": 284, "Recovered": 0, "Active": 3659, "Date": "2020-03-29T00:00:00Z"}, {"Country": "Sweden", "CountryCode": "", "Province": "", "City": "", "CityCode": "", "Lat": "0", "Lon": "0", "Confirmed": 4359, "Deaths": 332, "Recovered": 0, "Active": 4027, "Date": "2020-03-30T00:00:00Z"}, {"Country": "Sweden", "CountryCode": "", "Province": "", "City": "", "CityCode": "", "Lat": "0", "Lon": "0", "Confirmed": 4834, "Deaths": 385, "Recovered": 0, "Active": 4449, "Date": "2020-03-31T00:00:00Z"}, {"Country": "Sweden", "CountryCode": "", "Province": "", "City": "", "CityCode": "", "Lat": "0", "Lon": "0", "Confirmed": 5320, "Deaths": 455, "Recovered": 0, "Active": 4865, "Date": "2020-04-01T00:00:00Z"}, {"Country": "Sweden", "CountryCode": "", "Province": "", "City": "", "CityCode": "", "Lat": "0", "Lon": "0", "Confirmed": 5874, "Deaths": 535, "Recovered": 0, "Active": 5339, "Date": "2020-04-02T00:00:00Z"}, {"Country": "Sweden", "CountryCode": "", "Province": "", "City": "", "CityCode": "", "Lat": "0", "Lon": "0", "Confirmed": 6475, "Deaths": 605, "Recovered": 0, "Active": 5870, "Date": "2020-04-03T00:00:00Z"}, {"Country": "Sweden", "CountryCode": "", "Province": "", "City": "", "CityCode": "", "Lat": "0", "Lon": "0", "Confirmed": 6832, "Deaths": 373, "Recovered": 0, "Active": 6142, "Date": "2020-04-04T00:00:00Z"}, {"Country": "Sweden", "CountryCode": "", "Province": "", "City": "", "CityCode": "", "Lat": "0", "Lon": "0", "Confirmed": 7172, "Deaths": 401, "Recovered": 0, "Active": 6392, "Date": "2020-04-05T00:00:00Z"}, {"Country": "Sweden", "CountryCode": "", "Province": "", "City": "", "CityCode": "", "Lat": "0", "Lon": "0", "Confirmed": 7561, "Deaths": 477, "Recovered": 0, "Active": 6697, "Date": "2020-04-06T00:00:00Z"}, {"Country": "Sweden", "CountryCode": "", "Province": "", "City": "", "CityCode": "", "Lat": "0", "Lon": "0", "Confirmed": 8299, "Deaths": 591, "Recovered": 0, "Active": 7320, "Date": "2020-04-07T00:00:00Z"}, {"Country": "Sweden", "CountryCode": "", "Province": "", "City": "", "CityCode": "", "Lat": "0", "Lon": "0", "Confirmed": 8954, "Deaths": 687, "Recovered": 0, "Active": 7889, "Date": "2020-04-08T00:00:00Z"}, {"Country": "Sweden", "CountryCode": "", "Province": "", "City": "", "CityCode": "", "Lat": "0", "Lon": "0", "Confirmed": 9599, "Deaths": 793, "Recovered": 0, "Active": 8444, "Date": "2020-04-09T00:00:00Z"}, {"Country": "Sweden", "CountryCode": "", "Province": "", "City": "", "CityCode": "", "Lat": "0", "Lon": "0", "Confirmed": 10053, "Deaths": 870, "Recovered": 0, "Active": 8795, "Date": "2020-04-10T00:00:00Z"}, {"Country": "Sweden", "CountryCode": "", "Province": "", "City": "", "CityCode": "", "Lat": "0", "Lon": "0", "Confirmed": 10448, "Deaths": 887, "Recovered": 0, "Active": 9093, "Date": "2020-04-11T00:00:00Z"}, {"Country": "Sweden", "CountryCode": "", "Province": "", "City": "", "CityCode": "", "Lat": "0", "Lon": "0", "Confirmed": 10912, "Deaths": 899, "Recovered": 0, "Active": 9472, "Date": "2020-04-12T00:00:00Z"}, {"Country": "Sweden", "CountryCode": "", "Province": "", "City": "", "CityCode": "", "Lat": "0", "Lon": "0", "Confirmed": 11349, "Deaths": 919, "Recovered": 0, "Active": 9818, "Date": "2020-04-13T00:00:00Z"}, {"Country": "Sweden", "CountryCode": "", "Province": "", "City": "", "CityCode": "", "Lat": "0", "Lon": "0", "Confirmed": 11828, "Deaths": 1033, "Recovered": 0, "Active": 10182, "Date": "2020-04-14T00:00:00Z"}, {"Country": "Sweden", "CountryCode": "", "Province": "", "City": "", "CityCode": "", "Lat": "0", "Lon": "0", "Confirmed": 12432, "Deaths": 1203, "Recovered": 0, "Active": 10675, "Date": "2020-04-15T00:00:00Z"}, {"Country": "Sweden", "CountryCode": "", "Province": "", "City": "", "CityCode": "", "Lat": "0", "Lon": "0", "Confirmed": 13055, "Deaths": 1333, "Recovered": 0, "Active": 11216, "Date": "2020-04-16T00:00:00Z"}, {"Country": "Sweden", "CountryCode": "", "Province": "", "City": "", "CityCode": "", "Lat": "0", "Lon": "0", "Confirmed": 13743, "Deaths": 1400, "Recovered": 0, "Active": 11818, "Date": "2020-04-17T00:00:00Z"}, {"Country": "Sweden", "CountryCode": "", "Province": "", "City": "", "CityCode": "", "Lat": "0", "Lon": "0", "Confirmed": 14275, "Deaths": 1511, "Recovered": 0, "Active": 12262, "Date": "2020-04-18T00:00:00Z"}, {"Country": "Sweden", "CountryCode": "", "Province": "", "City": "", "CityCode": "", "Lat": "0", "Lon": "0", "Confirmed": 14663, "Deaths": 1540, "Recovered": 0, "Active": 12566, "Date": "2020-04-19T00:00:00Z"}, {"Country": "Sweden", "CountryCode": "", "Province": "", "City": "", "CityCode": "", "Lat": "0", "Lon": "0", "Confirmed": 15124, "Deaths": 1580, "Recovered": 0, "Active": 12965, "Date": "2020-04-20T00:00:00Z"}, {"Country": "Sweden", "CountryCode": "", "Province": "", "City": "", "CityCode": "", "Lat": "0", "Lon": "0", "Confirmed": 15831, "Deaths": 1765, "Recovered": 0, "Active": 13595, "Date": "2020-04-21T00:00:00Z"}, {"Country": "Sweden", "CountryCode": "", "Province": "", "City": "", "CityCode": "", "Lat": "0", "Lon": "0", "Confirmed": 16553, "Deaths": 1937, "Recovered": 0, "Active": 14231, "Date": "2020-04-22T00:00:00Z"}, {"Country": "Sweden", "CountryCode": "", "Province": "", "City": "", "CityCode": "", "Lat": "0", "Lon": "0", "Confirmed": 17311, "Deaths": 2021, "Recovered": 0, "Active": 14900, "Date": "2020-04-23T00:00:00Z"}, {"Country": "Sweden", "CountryCode": "", "Province": "", "City": "", "CityCode": "", "Lat": "0", "Lon": "0", "Confirmed": 18090, "Deaths": 2152, "Recovered": 0, "Active": 15606, "Date": "2020-04-24T00:00:00Z"}, {"Country": "Sweden", "CountryCode": "", "Province": "", "City": "", "CityCode": "", "Lat": "0", "Lon": "0", "Confirmed": 18563, "Deaths": 2192, "Recovered": 0, "Active": 16004, "Date": "2020-04-25T00:00:00Z"}, {"Country": "Sweden", "CountryCode": "", "Province": "", "City": "", "CityCode": "", "Lat": "0", "Lon": "0", "Confirmed": 18863, "Deaths": 2194, "Recovered": 0, "Active": 16231, "Date": "2020-04-26T00:00:00Z"}, {"Country": "Sweden", "CountryCode": "", "Province": "", "City": "", "CityCode": "", "Lat": "0", "Lon": "0", "Confirmed": 19426, "Deaths": 2274, "Recovered": 0, "Active": 16712, "Date": "2020-04-27T00:00:00Z"}, {"Country": "Sweden", "CountryCode": "", "Province": "", "City": "", "CityCode": "", "Lat": "0", "Lon": "0", "Confirmed": 20168, "Deaths": 2355, "Recovered": 0, "Active": 17370, "Date": "2020-04-28T00:00:00Z"}, {"Country": "Sweden", "CountryCode": "", "Province": "", "City": "", "CityCode": "", "Lat": "0", "Lon": "0", "Confirmed": 20966, "Deaths": 2462, "Recovered": 0, "Active": 18090, "Date": "2020-04-29T00:00:00Z"}, {"Country": "Sweden", "CountryCode": "", "Province": "", "City": "", "CityCode": "", "Lat": "0", "Lon": "0", "Confirmed": 21601, "Deaths": 2586, "Recovered": 0, "Active": 18647, "Date": "2020-04-30T00:00:00Z"}, {"Country": "Sweden", "CountryCode": "", "Province": "", "City": "", "CityCode": "", "Lat": "0", "Lon": "0", "Confirmed": 22133, "Deaths": 2653, "Recovered": 0, "Active": 19106, "Date": "2020-05-01T00:00:00Z"}, {"Country": "Sweden", "CountryCode": "", "Province": "", "City": "", "CityCode": "", "Lat": "0", "Lon": "0", "Confirmed": 22432, "Deaths": 2669, "Recovered": 0, "Active": 19330, "Date": "2020-05-02T00:00:00Z"}, {"Country": "Sweden", "CountryCode": "", "Province": "", "City": "", "CityCode": "", "Lat": "0", "Lon": "0", "Confirmed": 22693, "Deaths": 2679, "Recovered": 0, "Active": 19507, "Date": "2020-05-03T00:00:00Z"}, {"Country": "Sweden", "CountryCode": "", "Province": "", "City": "", "CityCode": "", "Lat": "0", "Lon": "0", "Confirmed": 23169, "Deaths": 2769, "Recovered": 0, "Active": 19911, "Date": "2020-05-04T00:00:00Z"}, {"Country": "Sweden", "CountryCode": "", "Province": "", "City": "", "CityCode": "", "Lat": "0", "Lon": "0", "Confirmed": 23826, "Deaths": 2854, "Recovered": 0, "Active": 20495, "Date": "2020-05-05T00:00:00Z"}, {"Country": "Sweden", "CountryCode": "", "Province": "", "City": "", "CityCode": "", "Lat": "0", "Lon": "0", "Confirmed": 24572, "Deaths": 2941, "Recovered": 0, "Active": 21161, "Date": "2020-05-06T00:00:00Z"}, {"Country": "Sweden", "CountryCode": "", "Province": "", "City": "", "CityCode": "", "Lat": "0", "Lon": "0", "Confirmed": 25359, "Deaths": 3040, "Recovered": 0, "Active": 21888, "Date": "2020-05-07T00:00:00Z"}, {"Country": "Sweden", "CountryCode": "", "Province": "", "City": "", "CityCode": "", "Lat": "0", "Lon": "0", "Confirmed": 26059, "Deaths": 3175, "Recovered": 0, "Active": 22519, "Date": "2020-05-08T00:00:00Z"}, {"Country": "Sweden", "CountryCode": "", "Province": "", "City": "", "CityCode": "", "Lat": "0", "Lon": "0", "Confirmed": 26568, "Deaths": 3220, "Recovered": 0, "Active": 22954, "Date": "2020-05-09T00:00:00Z"}, {"Country": "Sweden", "CountryCode": "", "Province": "", "City": "", "CityCode": "", "Lat": "0", "Lon": "0", "Confirmed": 26846, "Deaths": 3225, "Recovered": 0, "Active": 23168, "Date": "2020-05-10T00:00:00Z"}, {"Country": "Sweden", "CountryCode": "", "Province": "", "City": "", "CityCode": "", "Lat": "0", "Lon": "0", "Confirmed": 27301, "Deaths": 3256, "Recovered": 0, "Active": 23562, "Date": "2020-05-11T00:00:00Z"}, {"Country": "Sweden", "CountryCode": "", "Province": "", "City": "", "CityCode": "", "Lat": "0", "Lon": "0", "Confirmed": 28055, "Deaths": 3313, "Recovered": 0, "Active": 24266, "Date": "2020-05-12T00:00:00Z"}, {"Country": "Sweden", "CountryCode": "", "Province": "", "City": "", "CityCode": "", "Lat": "0", "Lon": "0", "Confirmed": 28755, "Deaths": 3460, "Recovered": 0, "Active": 24920, "Date": "2020-05-13T00:00:00Z"}, {"Country": "Sweden", "CountryCode": "", "Province": "", "City": "", "CityCode": "", "Lat": "0", "Lon": "0", "Confirmed": 29415, "Deaths": 3529, "Recovered": 0, "Active": 25522, "Date": "2020-05-14T00:00:00Z"}, {"Country": "Sweden", "CountryCode": "", "Province": "", "City": "", "CityCode": "", "Lat": "0", "Lon": "0", "Confirmed": 30103, "Deaths": 3646, "Recovered": 0, "Active": 26161, "Date": "2020-05-15T00:00:00Z"}, {"Country": "Sweden", "CountryCode": "", "Province": "", "City": "", "CityCode": "", "Lat": "0", "Lon": "0", "Confirmed": 30461, "Deaths": 3674, "Recovered": 0, "Active": 26466, "Date": "2020-05-16T00:00:00Z"}, {"Country": "Sweden", "CountryCode": "", "Province": "", "City": "", "CityCode": "", "Lat": "0", "Lon": "0", "Confirmed": 30720, "Deaths": 3679, "Recovered": 0, "Active": 26664, "Date": "2020-05-17T00:00:00Z"}, {"Country": "Sweden", "CountryCode": "", "Province": "", "City": "", "CityCode": "", "Lat": "0", "Lon": "0", "Confirmed": 31151, "Deaths": 3698, "Recovered": 0, "Active": 27055, "Date": "2020-05-18T00:00:00Z"}, {"Country": "Sweden", "CountryCode": "", "Province": "", "City": "", "CityCode": "", "Lat": "0", "Lon": "0", "Confirmed": 31818, "Deaths": 3743, "Recovered": 0, "Active": 27668, "Date": "2020-05-19T00:00:00Z"}, {"Country": "Sweden", "CountryCode": "", "Province": "", "City": "", "CityCode": "", "Lat": "0", "Lon": "0", "Confirmed": 32626, "Deaths": 3831, "Recovered": 0, "Active": 28422, "Date": "2020-05-20T00:00:00Z"}, {"Country": "Sweden", "CountryCode": "", "Province": "", "City": "", "CityCode": "", "Lat": "0", "Lon": "0", "Confirmed": 33236, "Deaths": 3871, "Recovered": 0, "Active": 28976, "Date": "2020-05-21T00:00:00Z"}, {"Country": "Sweden", "CountryCode": "", "Province": "", "City": "", "CityCode": "", "Lat": "0", "Lon": "0", "Confirmed": 33768, "Deaths": 3925, "Recovered": 0, "Active": 29452, "Date": "2020-05-22T00:00:00Z"}, {"Country": "Sweden", "CountryCode": "", "Province": "", "City": "", "CityCode": "", "Lat": "0", "Lon": "0", "Confirmed": 34171, "Deaths": 3992, "Recovered": 0, "Active": 29811, "Date": "2020-05-23T00:00:00Z"}, {"Country": "Sweden", "CountryCode": "", "Province": "", "City": "", "CityCode": "", "Lat": "0", "Lon": "0", "Confirmed": 34381, "Deaths": 3998, "Recovered": 0, "Active": 29979, "Date": "2020-05-24T00:00:00Z"}, {"Country": "Sweden", "CountryCode": "", "Province": "", "City": "", "CityCode": "", "Lat": "0", "Lon": "0", "Confirmed": 34871, "Deaths": 4029, "Recovered": 0, "Active": 30441, "Date": "2020-05-25T00:00:00Z"}, {"Country": "Sweden", "CountryCode": "", "Province": "", "City": "", "CityCode": "", "Lat": "0", "Lon": "0", "Confirmed": 35617, "Deaths": 4125, "Recovered": 0, "Active": 31148, "Date": "2020-05-26T00:00:00Z"}, {"Country": "Sweden", "CountryCode": "", "Province": "", "City": "", "CityCode": "", "Lat": "0", "Lon": "0", "Confirmed": 36417, "Deaths": 4220, "Recovered": 0, "Active": 31908, "Date": "2020-05-27T00:00:00Z"}, {"Country": "Sweden", "CountryCode": "", "Province": "", "City": "", "CityCode": "", "Lat": "0", "Lon": "0", "Confirmed": 37191, "Deaths": 4266, "Recovered": 0, "Active": 32642, "Date": "2020-05-28T00:00:00Z"}, {"Country": "Sweden", "CountryCode": "", "Province": "", "City": "", "CityCode": "", "Lat": "0", "Lon": "0", "Confirmed": 37964, "Deaths": 4350, "Recovered": 0, "Active": 33376, "Date": "2020-05-29T00:00:00Z"}, {"Country": "Sweden", "CountryCode": "", "Province": "", "City": "", "CityCode": "", "Lat": "0", "Lon": "0", "Confirmed": 38396, "Deaths": 4395, "Recovered": 0, "Active": 33763, "Date": "2020-05-30T00:00:00Z"}, {"Country": "Sweden", "CountryCode": "", "Province": "", "City": "", "CityCode": "", "Lat": "0", "Lon": "0", "Confirmed": 38661, "Deaths": 4395, "Recovered": 0, "Active": 33988, "Date": "2020-05-31T00:00:00Z"}, {"Country": "Sweden", "CountryCode": "", "Province": "", "City": "", "CityCode": "", "Lat": "0", "Lon": "0", "Confirmed": 39309, "Deaths": 4403, "Recovered": 0, "Active": 34599, "Date": "2020-06-01T00:00:00Z"}, {"Country": "Sweden", "CountryCode": "", "Province": "", "City": "", "CityCode": "", "Lat": "0", "Lon": "0", "Confirmed": 40210, "Deaths": 4468, "Recovered": 0, "Active": 35474, "Date": "2020-06-02T00:00:00Z"}, {"Country": "Sweden", "CountryCode": "", "Province": "", "City": "", "CityCode": "", "Lat": "0", "Lon": "0", "Confirmed": 41256, "Deaths": 4542, "Recovered": 0, "Active": 36475, "Date": "2020-06-03T00:00:00Z"}, {"Country": "Sweden", "CountryCode": "", "Province": "", "City": "", "CityCode": "", "Lat": "0", "Lon": "0", "Confirmed": 42295, "Deaths": 4562, "Recovered": 0, "Active": 37476, "Date": "2020-06-04T00:00:00Z"}, {"Country": "Sweden", "CountryCode": "", "Province": "", "City": "", "CityCode": "", "Lat": "0", "Lon": "0", "Confirmed": 43441, "Deaths": 4639, "Recovered": 0, "Active": 38591, "Date": "2020-06-05T00:00:00Z"}, {"Country": "Sweden", "CountryCode": "", "Province": "", "City": "", "CityCode": "", "Lat": "0", "Lon": "0", "Confirmed": 44224, "Deaths": 4656, "Recovered": 0, "Active": 39341, "Date": "2020-06-06T00:00:00Z"}, {"Country": "Sweden", "CountryCode": "", "Province": "", "City": "", "CityCode": "", "Lat": "0", "Lon": "0", "Confirmed": 44686, "Deaths": 4659, "Recovered": 0, "Active": 39765, "Date": "2020-06-07T00:00:00Z"}, {"Country": "Sweden", "CountryCode": "", "Province": "", "City": "", "CityCode": "", "Lat": "0", "Lon": "0", "Confirmed": 45363, "Deaths": 4694, "Recovered": 0, "Active": 40409, "Date": "2020-06-08T00:00:00Z"}, {"Country": "Sweden", "CountryCode": "", "Province": "", "City": "", "CityCode": "", "Lat": "0", "Lon": "0", "Confirmed": 46299, "Deaths": 4717, "Recovered": 0, "Active": 41305, "Date": "2020-06-09T00:00:00Z"}, {"Country": "Sweden", "CountryCode": "", "Province": "", "City": "", "CityCode": "", "Lat": "0", "Lon": "0", "Confirmed": 47736, "Deaths": 4795, "Recovered": 0, "Active": 42706, "Date": "2020-06-10T00:00:00Z"}, {"Country": "Sweden", "CountryCode": "", "Province": "", "City": "", "CityCode": "", "Lat": "0", "Lon": "0", "Confirmed": 49030, "Deaths": 4814, "Recovered": 0, "Active": 43970, "Date": "2020-06-11T00:00:00Z"}, {"Country": "Sweden", "CountryCode": "", "Province": "", "City": "", "CityCode": "", "Lat": "0", "Lon": "0", "Confirmed": 50367, "Deaths": 4854, "Recovered": 0, "Active": 45274, "Date": "2020-06-12T00:00:00Z"}, {"Country": "Sweden", "CountryCode": "", "Province": "", "City": "", "CityCode": "", "Lat": "0", "Lon": "0", "Confirmed": 51409, "Deaths": 4874, "Recovered": 0, "Active": 46289, "Date": "2020-06-13T00:00:00Z"}, {"Country": "Sweden", "CountryCode": "", "Province": "", "City": "", "CityCode": "", "Lat": "0", "Lon": "0", "Confirmed": 51827, "Deaths": 4874, "Recovered": 0, "Active": 46676, "Date": "2020-06-14T00:00:00Z"}, {"Country": "Sweden", "CountryCode": "", "Province": "", "City": "", "CityCode": "", "Lat": "0", "Lon": "0", "Confirmed": 52511, "Deaths": 4891, "Recovered": 0, "Active": 47332, "Date": "2020-06-15T00:00:00Z"}, {"Country": "Sweden", "CountryCode": "", "Province": "", "City": "", "CityCode": "", "Lat": "0", "Lon": "0", "Confirmed": 53729, "Deaths": 4939, "Recovered": 0, "Active": 48517, "Date": "2020-06-16T00:00:00Z"}, {"Country": "Sweden", "CountryCode": "", "Province": "", "City": "", "CityCode": "", "Lat": "0", "Lon": "0", "Confirmed": 55186, "Deaths": 5041, "Recovered": 0, "Active": 49945, "Date": "2020-06-17T00:00:00Z"}, {"Country": "Sweden", "CountryCode": "", "Province": "", "City": "", "CityCode": "", "Lat": "0", "Lon": "0", "Confirmed": 56682, "Deaths": 5053, "Recovered": 0, "Active": 51412, "Date": "2020-06-18T00:00:00Z"}, {"Country": "Sweden", "CountryCode": "", "Province": "", "City": "", "CityCode": "", "Lat": "0", "Lon": "0", "Confirmed": 57895, "Deaths": 5053, "Recovered": 0, "Active": 52596, "Date": "2020-06-19T00:00:00Z"}, {"Country": "Sweden", "CountryCode": "", "Province": "", "City": "", "CityCode": "", "Lat": "0", "Lon": "0", "Confirmed": 58597, "Deaths": 5053, "Recovered": 0, "Active": 53277, "Date": "2020-06-20T00:00:00Z"}, {"Country": "Sweden", "CountryCode": "", "Province": "", "City": "", "CityCode": "", "Lat": "0", "Lon": "0", "Confirmed": 58918, "Deaths": 5053, "Recovered": 0, "Active": 53577, "Date": "2020-06-21T00:00:00Z"}, {"Country": "Sweden", "CountryCode": "", "Province": "", "City": "", "CityCode": "", "Lat": "0", "Lon": "0", "Confirmed": 59718, "Deaths": 5053, "Recovered": 0, "Active": 54352, "Date": "2020-06-22T00:00:00Z"}, {"Country": "Sweden", "CountryCode": "", "Province": "", "City": "", "CityCode": "", "Lat": "0", "Lon": "0", "Confirmed": 61030, "Deaths": 5161, "Recovered": 0, "Active": 55642, "Date": "2020-06-23T00:00:00Z"}, {"Country": "Sweden", "CountryCode": "", "Province": "", "City": "", "CityCode": "", "Lat": "0", "Lon": "0", "Confirmed": 62728, "Deaths": 5209, "Recovered": 0, "Active": 57316, "Date": "2020-06-24T00:00:00Z"}, {"Country": "Sweden", "CountryCode": "", "Province": "", "City": "", "CityCode": "", "Lat": "0", "Lon": "0", "Confirmed": 64009, "Deaths": 5230, "Recovered": 0, "Active": 58585, "Date": "2020-06-25T00:00:00Z"}, {"Country": "Sweden", "CountryCode": "", "Province": "", "City": "", "CityCode": "", "Lat": "0", "Lon": "0", "Confirmed": 65212, "Deaths": 5280, "Recovered": 0, "Active": 59774, "Date": "2020-06-26T00:00:00Z"}, {"Country": "Sweden", "CountryCode": "", "Province": "", "City": "", "CityCode": "", "Lat": "0", "Lon": "0", "Confirmed": 65972, "Deaths": 5280, "Recovered": 0, "Active": 60512, "Date": "2020-06-27T00:00:00Z"}, {"Country": "Sweden", "CountryCode": "", "Province": "", "City": "", "CityCode": "", "Lat": "0", "Lon": "0", "Confirmed": 66392, "Deaths": 5280, "Recovered": 0, "Active": 60914, "Date": "2020-06-28T00:00:00Z"}, {"Country": "Sweden", "CountryCode": "", "Province": "", "City": "", "CityCode": "", "Lat": "0", "Lon": "0", "Confirmed": 67119, "Deaths": 5280, "Recovered": 0, "Active": 61621, "Date": "2020-06-29T00:00:00Z"}, {"Country": "Sweden", "CountryCode": "", "Province": "", "City": "", "CityCode": "", "Lat": "0", "Lon": "0", "Confirmed": 67924, "Deaths": 5333, "Recovered": 0, "Active": 62409, "Date": "2020-06-30T00:00:00Z"}, {"Country": "Sweden", "CountryCode": "", "Province": "", "City": "", "CityCode": "", "Lat": "0", "Lon": "0", "Confirmed": 68608, "Deaths": 5370, "Recovered": 0, "Active": 63078, "Date": "2020-07-01T00:00:00Z"}, {"Country": "Sweden", "CountryCode": "", "Province": "", "City": "", "CityCode": "", "Lat": "0", "Lon": "0", "Confirmed": 69297, "Deaths": 5411, "Recovered": 0, "Active": 63759, "Date": "2020-07-02T00:00:00Z"}, {"Country": "Sweden", "CountryCode": "", "Province": "", "City": "", "CityCode": "", "Lat": "0", "Lon": "0", "Confirmed": 69996, "Deaths": 5420, "Recovered": 0, "Active": 64443, "Date": "2020-07-03T00:00:00Z"}, {"Country": "Sweden", "CountryCode": "", "Province": "", "City": "", "CityCode": "", "Lat": "0", "Lon": "0", "Confirmed": 70366, "Deaths": 5420, "Recovered": 0, "Active": 64804, "Date": "2020-07-04T00:00:00Z"}, {"Country": "Sweden", "CountryCode": "", "Province": "", "City": "", "CityCode": "", "Lat": "0", "Lon": "0", "Confirmed": 70681, "Deaths": 5420, "Recovered": 0, "Active": 65103, "Date": "2020-07-05T00:00:00Z"}, {"Country": "Sweden", "CountryCode": "", "Province": "", "City": "", "CityCode": "", "Lat": "0", "Lon": "0", "Confirmed": 70932, "Deaths": 5420, "Recovered": 0, "Active": 65342, "Date": "2020-07-06T00:00:00Z"}, {"Country": "Sweden", "CountryCode": "", "Province": "", "City": "", "CityCode": "", "Lat": "0", "Lon": "0", "Confirmed": 71210, "Deaths": 5447, "Recovered": 0, "Active": 65609, "Date": "2020-07-07T00:00:00Z"}, {"Country": "Sweden", "CountryCode": "", "Province": "", "City": "", "CityCode": "", "Lat": "0", "Lon": "0", "Confirmed": 71747, "Deaths": 5482, "Recovered": 0, "Active": 66131, "Date": "2020-07-08T00:00:00Z"}, {"Country": "Sweden", "CountryCode": "", "Province": "", "City": "", "CityCode": "", "Lat": "0", "Lon": "0", "Confirmed": 72082, "Deaths": 5500, "Recovered": 0, "Active": 66452, "Date": "2020-07-09T00:00:00Z"}, {"Country": "Sweden", "CountryCode": "", "Province": "", "City": "", "CityCode": "", "Lat": "0", "Lon": "0", "Confirmed": 72459, "Deaths": 5526, "Recovered": 0, "Active": 66818, "Date": "2020-07-10T00:00:00Z"}, {"Country": "Sweden", "CountryCode": "", "Province": "", "City": "", "CityCode": "", "Lat": "0", "Lon": "0", "Confirmed": 72773, "Deaths": 5526, "Recovered": 0, "Active": 67123, "Date": "2020-07-11T00:00:00Z"}, {"Country": "Sweden", "CountryCode": "", "Province": "", "City": "", "CityCode": "", "Lat": "0", "Lon": "0", "Confirmed": 72879, "Deaths": 5526, "Recovered": 0, "Active": 67215, "Date": "2020-07-12T00:00:00Z"}, {"Country": "Sweden", "CountryCode": "", "Province": "", "City": "", "CityCode": "", "Lat": "0", "Lon": "0", "Confirmed": 73049, "Deaths": 5526, "Recovered": 0, "Active": 67377, "Date": "2020-07-13T00:00:00Z"}, {"Country": "Sweden", "CountryCode": "", "Province": "", "City": "", "CityCode": "", "Lat": "0", "Lon": "0", "Confirmed": 73364, "Deaths": 5545, "Recovered": 0, "Active": 67686, "Date": "2020-07-14T00:00:00Z"}, {"Country": "Sweden", "CountryCode": "", "Province": "", "City": "", "CityCode": "", "Lat": "0", "Lon": "0", "Confirmed": 73663, "Deaths": 5572, "Recovered": 0, "Active": 67977, "Date": "2020-07-15T00:00:00Z"}, {"Country": "Sweden", "CountryCode": "", "Province": "", "City": "", "CityCode": "", "Lat": "0", "Lon": "0", "Confirmed": 73936, "Deaths": 5593, "Recovered": 0, "Active": 68242, "Date": "2020-07-16T00:00:00Z"}, {"Country": "Sweden", "CountryCode": "", "Province": "", "City": "", "CityCode": "", "Lat": "0", "Lon": "0", "Confirmed": 74235, "Deaths": 5619, "Recovered": 0, "Active": 68530, "Date": "2020-07-17T00:00:00Z"}, {"Country": "Sweden", "CountryCode": "", "Province": "", "City": "", "CityCode": "", "Lat": "0", "Lon": "0", "Confirmed": 74435, "Deaths": 5619, "Recovered": 0, "Active": 68720, "Date": "2020-07-18T00:00:00Z"}, {"Country": "Sweden", "CountryCode": "", "Province": "", "City": "", "CityCode": "", "Lat": "0", "Lon": "0", "Confirmed": 74545, "Deaths": 5619, "Recovered": 0, "Active": 68823, "Date": "2020-07-19T00:00:00Z"}, {"Country": "Sweden", "CountryCode": "", "Province": "", "City": "", "CityCode": "", "Lat": "0", "Lon": "0", "Confirmed": 74676, "Deaths": 5619, "Recovered": 0, "Active": 68947, "Date": "2020-07-20T00:00:00Z"}, {"Country": "Sweden", "CountryCode": "", "Province": "", "City": "", "CityCode": "", "Lat": "0", "Lon": "0", "Confirmed": 74902, "Deaths": 5646, "Recovered": 0, "Active": 69166, "Date": "2020-07-21T00:00:00Z"}, {"Country": "Sweden", "CountryCode": "", "Province": "", "City": "", "CityCode": "", "Lat": "0", "Lon": "0", "Confirmed": 75199, "Deaths": 5667, "Recovered": 0, "Active": 69457, "Date": "2020-07-22T00:00:00Z"}, {"Country": "Sweden", "CountryCode": "", "Province": "", "City": "", "CityCode": "", "Lat": "0", "Lon": "0", "Confirmed": 75419, "Deaths": 5676, "Recovered": 0, "Active": 69673, "Date": "2020-07-23T00:00:00Z"}, {"Country": "Sweden", "CountryCode": "", "Province": "", "City": "", "CityCode": "", "Lat": "0", "Lon": "0", "Confirmed": 75681, "Deaths": 5697, "Recovered": 0, "Active": 69934, "Date": "2020-07-24T00:00:00Z"}, {"Country": "Sweden", "CountryCode": "", "Province": "", "City": "", "CityCode": "", "Lat": "0", "Lon": "0", "Confirmed": 75819, "Deaths": 5697, "Recovered": 0, "Active": 70070, "Date": "2020-07-25T00:00:00Z"}, {"Country": "Sweden", "CountryCode": "", "Province": "", "City": "", "CityCode": "", "Lat": "0", "Lon": "0", "Confirmed": 75861, "Deaths": 5697, "Recovered": 0, "Active": 70106, "Date": "2020-07-26T00:00:00Z"}, {"Country": "Sweden", "CountryCode": "", "Province": "", "City": "", "CityCode": "", "Lat": "0", "Lon": "0", "Confirmed": 75932, "Deaths": 5697, "Recovered": 0, "Active": 70173, "Date": "2020-07-27T00:00:00Z"}, {"Country": "Sweden", "CountryCode": "", "Province": "", "City": "", "CityCode": "", "Lat": "0", "Lon": "0", "Confirmed": 76215, "Deaths": 5702, "Recovered": 0, "Active": 70455, "Date": "2020-07-28T00:00:00Z"}, {"Country": "Sweden", "CountryCode": "", "Province": "", "City": "", "CityCode": "", "Lat": "0", "Lon": "0", "Confirmed": 76516, "Deaths": 5730, "Recovered": 0, "Active": 70756, "Date": "2020-07-29T00:00:00Z"}, {"Country": "Sweden", "CountryCode": "", "Province": "", "City": "", "CityCode": "", "Lat": "0", "Lon": "0", "Confirmed": 76818, "Deaths": 5739, "Recovered": 0, "Active": 71055, "Date": "2020-07-30T00:00:00Z"}, {"Country": "Sweden", "CountryCode": "", "Province": "", "City": "", "CityCode": "", "Lat": "0", "Lon": "0", "Confirmed": 77076, "Deaths": 5743, "Recovered": 0, "Active": 71310, "Date": "2020-07-31T00:00:00Z"}, {"Country": "Sweden", "CountryCode": "", "Province": "", "City": "", "CityCode": "", "Lat": "0", "Lon": "0", "Confirmed": 77379, "Deaths": 5743, "Recovered": 0, "Active": 71612, "Date": "2020-08-01T00:00:00Z"}, {"Country": "Sweden", "CountryCode": "", "Province": "", "City": "", "CityCode": "", "Lat": "0", "Lon": "0", "Confirmed": 77417, "Deaths": 5743, "Recovered": 0, "Active": 71645, "Date": "2020-08-02T00:00:00Z"}, {"Country": "Sweden", "CountryCode": "", "Province": "", "City": "", "CityCode": "", "Lat": "0", "Lon": "0", "Confirmed": 77582, "Deaths": 5743, "Recovered": 0, "Active": 71808, "Date": "2020-08-03T00:00:00Z"}, {"Country": "Sweden", "CountryCode": "", "Province": "", "City": "", "CityCode": "", "Lat": "0", "Lon": "0", "Confirmed": 77916, "Deaths": 5747, "Recovered": 0, "Active": 72141, "Date": "2020-08-04T00:00:00Z"}, {"Country": "Sweden", "CountryCode": "", "Province": "", "City": "", "CityCode": "", "Lat": "0", "Lon": "0", "Confirmed": 78341, "Deaths": 5760, "Recovered": 0, "Active": 72561, "Date": "2020-08-05T00:00:00Z"}, {"Country": "Sweden", "CountryCode": "", "Province": "", "City": "", "CityCode": "", "Lat": "0", "Lon": "0", "Confirmed": 78719, "Deaths": 5766, "Recovered": 0, "Active": 72936, "Date": "2020-08-06T00:00:00Z"}, {"Country": "Sweden", "CountryCode": "", "Province": "", "City": "", "CityCode": "", "Lat": "0", "Lon": "0", "Confirmed": 79099, "Deaths": 5763, "Recovered": 0, "Active": 73314, "Date": "2020-08-07T00:00:00Z"}, {"Country": "Sweden", "CountryCode": "", "Province": "", "City": "", "CityCode": "", "Lat": "0", "Lon": "0", "Confirmed": 79359, "Deaths": 5763, "Recovered": 0, "Active": 73570, "Date": "2020-08-08T00:00:00Z"}, {"Country": "Sweden", "CountryCode": "", "Province": "", "City": "", "CityCode": "", "Lat": "0", "Lon": "0", "Confirmed": 79432, "Deaths": 5763, "Recovered": 0, "Active": 73641, "Date": "2020-08-09T00:00:00Z"}, {"Country": "Sweden", "CountryCode": "", "Province": "", "City": "", "CityCode": "", "Lat": "0", "Lon": "0", "Confirmed": 79628, "Deaths": 5763, "Recovered": 0, "Active": 73833, "Date": "2020-08-10T00:00:00Z"}, {"Country": "Sweden", "CountryCode": "", "Province": "", "City": "", "CityCode": "", "Lat": "0", "Lon": "0", "Confirmed": 80045, "Deaths": 5770, "Recovered": 0, "Active": 74247, "Date": "2020-08-11T00:00:00Z"}, {"Country": "Sweden", "CountryCode": "", "Province": "", "City": "", "CityCode": "", "Lat": "0", "Lon": "0", "Confirmed": 80489, "Deaths": 5774, "Recovered": 0, "Active": 74686, "Date": "2020-08-12T00:00:00Z"}, {"Country": "Sweden", "CountryCode": "", "Province": "", "City": "", "CityCode": "", "Lat": "0", "Lon": "0", "Confirmed": 80851, "Deaths": 5776, "Recovered": 0, "Active": 75048, "Date": "2020-08-13T00:00:00Z"}, {"Country": "Sweden", "CountryCode": "", "Province": "", "City": "", "CityCode": "", "Lat": "0", "Lon": "0", "Confirmed": 81195, "Deaths": 5783, "Recovered": 0, "Active": 75391, "Date": "2020-08-14T00:00:00Z"}, {"Country": "Sweden", "CountryCode": "", "Province": "", "City": "", "CityCode": "", "Lat": "0", "Lon": "0", "Confirmed": 81421, "Deaths": 5783, "Recovered": 0, "Active": 75617, "Date": "2020-08-15T00:00:00Z"}, {"Country": "Sweden", "CountryCode": "", "Province": "", "City": "", "CityCode": "", "Lat": "0", "Lon": "0", "Confirmed": 81484, "Deaths": 5783, "Recovered": 0, "Active": 75678, "Date": "2020-08-16T00:00:00Z"}, {"Country": "Sweden", "CountryCode": "", "Province": "", "City": "", "CityCode": "", "Lat": "0", "Lon": "0", "Confirmed": 81658, "Deaths": 5783, "Recovered": 0, "Active": 75846, "Date": "2020-08-17T00:00:00Z"}, {"Country": "Sweden", "CountryCode": "", "Province": "", "City": "", "CityCode": "", "Lat": "0", "Lon": "0", "Confirmed": 81972, "Deaths": 5790, "Recovered": 0, "Active": 76159, "Date": "2020-08-18T00:00:00Z"}, {"Country": "Sweden", "CountryCode": "", "Province": "", "City": "", "CityCode": "", "Lat": "0", "Lon": "0", "Confirmed": 82323, "Deaths": 5802, "Recovered": 0, "Active": 76509, "Date": "2020-08-19T00:00:00Z"}, {"Country": "Sweden", "CountryCode": "", "Province": "", "City": "", "CityCode": "", "Lat": "0", "Lon": "0", "Confirmed": 82656, "Deaths": 5805, "Recovered": 0, "Active": 76841, "Date": "2020-08-20T00:00:00Z"}, {"Country": "Sweden", "CountryCode": "", "Province": "", "City": "", "CityCode": "", "Lat": "0", "Lon": "0", "Confirmed": 82954, "Deaths": 5810, "Recovered": 0, "Active": 77138, "Date": "2020-08-21T00:00:00Z"}, {"Country": "Sweden", "CountryCode": "", "Province": "", "City": "", "CityCode": "", "Lat": "0", "Lon": "0", "Confirmed": 83114, "Deaths": 5810, "Recovered": 0, "Active": 77298, "Date": "2020-08-22T00:00:00Z"}, {"Country": "Sweden", "CountryCode": "", "Province": "", "City": "", "CityCode": "", "Lat": "0", "Lon": "0", "Confirmed": 83171, "Deaths": 5810, "Recovered": 0, "Active": 77355, "Date": "2020-08-23T00:00:00Z"}, {"Country": "Sweden", "CountryCode": "", "Province": "", "City": "", "CityCode": "", "Lat": "0", "Lon": "0", "Confirmed": 83353, "Deaths": 5810, "Recovered": 0, "Active": 77537, "Date": "2020-08-24T00:00:00Z"}, {"Country": "Sweden", "CountryCode": "", "Province": "", "City": "", "CityCode": "", "Lat": "0", "Lon": "0", "Confirmed": 83578, "Deaths": 5814, "Recovered": 0, "Active": 77762, "Date": "2020-08-25T00:00:00Z"}, {"Country": "Sweden", "CountryCode": "", "Province": "", "City": "", "CityCode": "", "Lat": "0", "Lon": "0", "Confirmed": 83824, "Deaths": 5817, "Recovered": 0, "Active": 78008, "Date": "2020-08-26T00:00:00Z"}, {"Country": "Sweden", "CountryCode": "", "Province": "", "City": "", "CityCode": "", "Lat": "0", "Lon": "0", "Confirmed": 83958, "Deaths": 5820, "Recovered": 0, "Active": 78138, "Date": "2020-08-27T00:00:00Z"}, {"Country": "Sweden", "CountryCode": "", "Province": "", "City": "", "CityCode": "", "Lat": "0", "Lon": "0", "Confirmed": 83958, "Deaths": 5821, "Recovered": 0, "Active": 78137, "Date": "2020-08-28T00:00:00Z"}, {"Country": "Sweden", "CountryCode": "", "Province": "", "City": "", "CityCode": "", "Lat": "0", "Lon": "0", "Confirmed": 83958, "Deaths": 5821, "Recovered": 0, "Active": 78137, "Date": "2020-08-29T00:00:00Z"}, {"Country": "Sweden", "CountryCode": "", "Province": "", "City": "", "CityCode": "", "Lat": "0", "Lon": "0", "Confirmed": 83958, "Deaths": 5821, "Recovered": 0, "Active": 78137, "Date": "2020-08-30T00:00:00Z"}, {"Country": "Sweden", "CountryCode": "", "Province": "", "City": "", "CityCode": "", "Lat": "0", "Lon": "0", "Confirmed": 84379, "Deaths": 5821, "Recovered": 0, "Active": 78571, "Date": "2020-08-31T00:00:00Z"}, {"Country": "Sweden", "CountryCode": "", "Province": "", "City": "", "CityCode": "", "Lat": "0", "Lon": "0", "Confirmed": 84521, "Deaths": 5813, "Recovered": 0, "Active": 78708, "Date": "2020-09-01T00:00:00Z"}, {"Country": "Sweden", "CountryCode": "", "Province": "", "City": "", "CityCode": "", "Lat": "0", "Lon": "0", "Confirmed": 84532, "Deaths": 5820, "Recovered": 0, "Active": 78712, "Date": "2020-09-02T00:00:00Z"}, {"Country": "Sweden", "CountryCode": "", "Province": "", "City": "", "CityCode": "", "Lat": "0", "Lon": "0", "Confirmed": 84729, "Deaths": 5832, "Recovered": 0, "Active": 78897, "Date": "2020-09-03T00:00:00Z"}, {"Country": "Sweden", "CountryCode": "", "Province": "", "City": "", "CityCode": "", "Lat": "0", "Lon": "0", "Confirmed": 84985, "Deaths": 5835, "Recovered": 0, "Active": 79150, "Date": "2020-09-04T00:00:00Z"}, {"Country": "Sweden", "CountryCode": "", "Province": "", "City": "", "CityCode": "", "Lat": "0", "Lon": "0", "Confirmed": 84985, "Deaths": 5835, "Recovered": 0, "Active": 79150, "Date": "2020-09-05T00:00:00Z"}, {"Country": "Sweden", "CountryCode": "", "Province": "", "City": "", "CityCode": "", "Lat": "0", "Lon": "0", "Confirmed": 84985, "Deaths": 5835, "Recovered": 0, "Active": 79150, "Date": "2020-09-06T00:00:00Z"}, {"Country": "Sweden", "CountryCode": "", "Province": "", "City": "", "CityCode": "", "Lat": "0", "Lon": "0", "Confirmed": 85558, "Deaths": 5835, "Recovered": 0, "Active": 79721, "Date": "2020-09-07T00:00:00Z"}, {"Country": "Sweden", "CountryCode": "", "Province": "", "City": "", "CityCode": "", "Lat": "0", "Lon": "0", "Confirmed": 85707, "Deaths": 5838, "Recovered": 0, "Active": 79869, "Date": "2020-09-08T00:00:00Z"}, {"Country": "Sweden", "CountryCode": "", "Province": "", "City": "", "CityCode": "", "Lat": "0", "Lon": "0", "Confirmed": 85880, "Deaths": 5842, "Recovered": 0, "Active": 80038, "Date": "2020-09-09T00:00:00Z"}, {"Country": "Sweden", "CountryCode": "", "Province": "", "City": "", "CityCode": "", "Lat": "0", "Lon": "0", "Confirmed": 86194, "Deaths": 5843, "Recovered": 0, "Active": 80351, "Date": "2020-09-10T00:00:00Z"}, {"Country": "Sweden", "CountryCode": "", "Province": "", "City": "", "CityCode": "", "Lat": "0", "Lon": "0", "Confirmed": 86505, "Deaths": 5846, "Recovered": 0, "Active": 80659, "Date": "2020-09-11T00:00:00Z"}, {"Country": "Sweden", "CountryCode": "", "Province": "", "City": "", "CityCode": "", "Lat": "0", "Lon": "0", "Confirmed": 86505, "Deaths": 5846, "Recovered": 0, "Active": 80659, "Date": "2020-09-12T00:00:00Z"}, {"Country": "Sweden", "CountryCode": "", "Province": "", "City": "", "CityCode": "", "Lat": "0", "Lon": "0", "Confirmed": 86505, "Deaths": 5846, "Recovered": 0, "Active": 80659, "Date": "2020-09-13T00:00:00Z"}, {"Country": "Sweden", "CountryCode": "", "Province": "", "City": "", "CityCode": "", "Lat": "0", "Lon": "0", "Confirmed": 86505, "Deaths": 5846, "Recovered": 0, "Active": 80659, "Date": "2020-09-14T00:00:00Z"}, {"Country": "Sweden", "CountryCode": "", "Province": "", "City": "", "CityCode": "", "Lat": "0", "Lon": "0", "Confirmed": 87345, "Deaths": 5846, "Recovered": 0, "Active": 81494, "Date": "2020-09-15T00:00:00Z"}, {"Country": "Sweden", "CountryCode": "", "Province": "", "City": "", "CityCode": "", "Lat": "0", "Lon": "0", "Confirmed": 87575, "Deaths": 5860, "Recovered": 0, "Active": 81715, "Date": "2020-09-16T00:00:00Z"}, {"Country": "Sweden", "CountryCode": "", "Province": "", "City": "", "CityCode": "", "Lat": "0", "Lon": "0", "Confirmed": 87885, "Deaths": 5864, "Recovered": 0, "Active": 82021, "Date": "2020-09-17T00:00:00Z"}, {"Country": "Sweden", "CountryCode": "", "Province": "", "City": "", "CityCode": "", "Lat": "0", "Lon": "0", "Confirmed": 88237, "Deaths": 5865, "Recovered": 0, "Active": 82372, "Date": "2020-09-18T00:00:00Z"}, {"Country": "Sweden", "CountryCode": "", "Province": "", "City": "", "CityCode": "", "Lat": "0", "Lon": "0", "Confirmed": 88237, "Deaths": 5865, "Recovered": 0, "Active": 82372, "Date": "2020-09-19T00:00:00Z"}, {"Country": "Sweden", "CountryCode": "", "Province": "", "City": "", "CityCode": "", "Lat": "0", "Lon": "0", "Confirmed": 88237, "Deaths": 5865, "Recovered": 0, "Active": 82372, "Date": "2020-09-20T00:00:00Z"}, {"Country": "Sweden", "CountryCode": "", "Province": "", "City": "", "CityCode": "", "Lat": "0", "Lon": "0", "Confirmed": 88237, "Deaths": 5865, "Recovered": 0, "Active": 82372, "Date": "2020-09-21T00:00:00Z"}, {"Country": "Sweden", "CountryCode": "", "Province": "", "City": "", "CityCode": "", "Lat": "0", "Lon": "0", "Confirmed": 89436, "Deaths": 5865, "Recovered": 0, "Active": 83566, "Date": "2020-09-22T00:00:00Z"}, {"Country": "Sweden", "CountryCode": "", "Province": "", "City": "", "CityCode": "", "Lat": "0", "Lon": "0", "Confirmed": 89756, "Deaths": 5876, "Recovered": 0, "Active": 83880, "Date": "2020-09-23T00:00:00Z"}, {"Country": "Sweden", "CountryCode": "", "Province": "", "City": "", "CityCode": "", "Lat": "0", "Lon": "0", "Confirmed": 90289, "Deaths": 5878, "Recovered": 0, "Active": 84411, "Date": "2020-09-24T00:00:00Z"}, {"Country": "Sweden", "CountryCode": "", "Province": "", "City": "", "CityCode": "", "Lat": "0", "Lon": "0", "Confirmed": 90923, "Deaths": 5880, "Recovered": 0, "Active": 85043, "Date": "2020-09-25T00:00:00Z"}, {"Country": "Sweden", "CountryCode": "", "Province": "", "City": "", "CityCode": "", "Lat": "0", "Lon": "0", "Confirmed": 90923, "Deaths": 5880, "Recovered": 0, "Active": 85043, "Date": "2020-09-26T00:00:00Z"}, {"Country": "Sweden", "CountryCode": "", "Province": "", "City": "", "CityCode": "", "Lat": "0", "Lon": "0", "Confirmed": 90923, "Deaths": 5880, "Recovered": 0, "Active": 85043, "Date": "2020-09-27T00:00:00Z"}, {"Country": "Sweden", "CountryCode": "", "Province": "", "City": "", "CityCode": "", "Lat": "0", "Lon": "0", "Confirmed": 90923, "Deaths": 5880, "Recovered": 0, "Active": 85043, "Date": "2020-09-28T00:00:00Z"}, {"Country": "Sweden", "CountryCode": "", "Province": "", "City": "", "CityCode": "", "Lat": "0", "Lon": "0", "Confirmed": 92466, "Deaths": 5880, "Recovered": 0, "Active": 86576, "Date": "2020-09-29T00:00:00Z"}, {"Country": "Sweden", "CountryCode": "", "Province": "", "City": "", "CityCode": "", "Lat": "0", "Lon": "0", "Confirmed": 92863, "Deaths": 5893, "Recovered": 0, "Active": 86970, "Date": "2020-09-30T00:00:00Z"}, {"Country": "Sweden", "CountryCode": "", "Province": "", "City": "", "CityCode": "", "Lat": "0", "Lon": "0", "Confirmed": 93615, "Deaths": 5893, "Recovered": 0, "Active": 87722, "Date": "2020-10-01T00:00:00Z"}, {"Country": "Sweden", "CountryCode": "", "Province": "", "City": "", "CityCode": "", "Lat": "0", "Lon": "0", "Confirmed": 94283, "Deaths": 5895, "Recovered": 0, "Active": 88388, "Date": "2020-10-02T00:00:00Z"}, {"Country": "Sweden", "CountryCode": "", "Province": "", "City": "", "CityCode": "", "Lat": "0", "Lon": "0", "Confirmed": 94283, "Deaths": 5895, "Recovered": 0, "Active": 88388, "Date": "2020-10-03T00:00:00Z"}, {"Country": "Sweden", "CountryCode": "", "Province": "", "City": "", "CityCode": "", "Lat": "0", "Lon": "0", "Confirmed": 94283, "Deaths": 5895, "Recovered": 0, "Active": 88388, "Date": "2020-10-04T00:00:00Z"}, {"Country": "Sweden", "CountryCode": "", "Province": "", "City": "", "CityCode": "", "Lat": "0", "Lon": "0", "Confirmed": 94283, "Deaths": 5895, "Recovered": 0, "Active": 88388, "Date": "2020-10-05T00:00:00Z"}, {"Country": "Sweden", "CountryCode": "", "Province": "", "City": "", "CityCode": "", "Lat": "0", "Lon": "0", "Confirmed": 96145, "Deaths": 5895, "Recovered": 0, "Active": 90262, "Date": "2020-10-06T00:00:00Z"}, {"Country": "Sweden", "CountryCode": "", "Province": "", "City": "", "CityCode": "", "Lat": "0", "Lon": "0", "Confirmed": 96677, "Deaths": 5892, "Recovered": 0, "Active": 90785, "Date": "2020-10-07T00:00:00Z"}, {"Country": "Sweden", "CountryCode": "", "Province": "", "City": "", "CityCode": "", "Lat": "0", "Lon": "0", "Confirmed": 97532, "Deaths": 5892, "Recovered": 0, "Active": 91640, "Date": "2020-10-08T00:00:00Z"}, {"Country": "Sweden", "CountryCode": "", "Province": "", "City": "", "CityCode": "", "Lat": "0", "Lon": "0", "Confirmed": 98451, "Deaths": 5894, "Recovered": 0, "Active": 92557, "Date": "2020-10-09T00:00:00Z"}, {"Country": "Sweden", "CountryCode": "", "Province": "", "City": "", "CityCode": "", "Lat": "0", "Lon": "0", "Confirmed": 98451, "Deaths": 5894, "Recovered": 0, "Active": 92557, "Date": "2020-10-10T00:00:00Z"}, {"Country": "Sweden", "CountryCode": "", "Province": "", "City": "", "CityCode": "", "Lat": "0", "Lon": "0", "Confirmed": 98451, "Deaths": 5894, "Recovered": 0, "Active": 92557, "Date": "2020-10-11T00:00:00Z"}, {"Country": "Sweden", "CountryCode": "", "Province": "", "City": "", "CityCode": "", "Lat": "0", "Lon": "0", "Confirmed": 98451, "Deaths": 5894, "Recovered": 0, "Active": 92557, "Date": "2020-10-12T00:00:00Z"}, {"Country": "Sweden", "CountryCode": "", "Province": "", "City": "", "CityCode": "", "Lat": "0", "Lon": "0", "Confirmed": 100654, "Deaths": 5894, "Recovered": 0, "Active": 94755, "Date": "2020-10-13T00:00:00Z"}, {"Country": "Sweden", "CountryCode": "", "Province": "", "City": "", "CityCode": "", "Lat": "0", "Lon": "0", "Confirmed": 101332, "Deaths": 5907, "Recovered": 0, "Active": 95425, "Date": "2020-10-14T00:00:00Z"}, {"Country": "Sweden", "CountryCode": "", "Province": "", "City": "", "CityCode": "", "Lat": "0", "Lon": "0", "Confirmed": 102407, "Deaths": 5910, "Recovered": 0, "Active": 96497, "Date": "2020-10-15T00:00:00Z"}, {"Country": "Sweden", "CountryCode": "", "Province": "", "City": "", "CityCode": "", "Lat": "0", "Lon": "0", "Confirmed": 103200, "Deaths": 5918, "Recovered": 0, "Active": 97282, "Date": "2020-10-16T00:00:00Z"}, {"Country": "Sweden", "CountryCode": "", "Province": "", "City": "", "CityCode": "", "Lat": "0", "Lon": "0", "Confirmed": 103200, "Deaths": 5918, "Recovered": 0, "Active": 97282, "Date": "2020-10-17T00:00:00Z"}, {"Country": "Sweden", "CountryCode": "", "Province": "", "City": "", "CityCode": "", "Lat": "0", "Lon": "0", "Confirmed": 103200, "Deaths": 5918, "Recovered": 0, "Active": 97282, "Date": "2020-10-18T00:00:00Z"}, {"Country": "Sweden", "CountryCode": "", "Province": "", "City": "", "CityCode": "", "Lat": "0", "Lon": "0", "Confirmed": 103200, "Deaths": 5918, "Recovered": 0, "Active": 97282, "Date": "2020-10-19T00:00:00Z"}, {"Country": "Sweden", "CountryCode": "", "Province": "", "City": "", "CityCode": "", "Lat": "0", "Lon": "0", "Confirmed": 106380, "Deaths": 5918, "Recovered": 0, "Active": 100458, "Date": "2020-10-20T00:00:00Z"}, {"Country": "Sweden", "CountryCode": "", "Province": "", "City": "", "CityCode": "", "Lat": "0", "Lon": "0", "Confirmed": 107355, "Deaths": 5929, "Recovered": 0, "Active": 101426, "Date": "2020-10-21T00:00:00Z"}, {"Country": "Sweden", "CountryCode": "", "Province": "", "City": "", "CityCode": "", "Lat": "0", "Lon": "0", "Confirmed": 108969, "Deaths": 5930, "Recovered": 0, "Active": 103039, "Date": "2020-10-22T00:00:00Z"}, {"Country": "Sweden", "CountryCode": "", "Province": "", "City": "", "CityCode": "", "Lat": "0", "Lon": "0", "Confirmed": 110594, "Deaths": 5933, "Recovered": 0, "Active": 104661, "Date": "2020-10-23T00:00:00Z"}, {"Country": "Sweden", "CountryCode": "", "Province": "", "City": "", "CityCode": "", "Lat": "0", "Lon": "0", "Confirmed": 110594, "Deaths": 5933, "Recovered": 0, "Active": 104660, "Date": "2020-10-24T00:00:00Z"}, {"Country": "Sweden", "CountryCode": "", "Province": "", "City": "", "CityCode": "", "Lat": "0", "Lon": "0", "Confirmed": 110594, "Deaths": 5933, "Recovered": 0, "Active": 104653, "Date": "2020-10-25T00:00:00Z"}, {"Country": "Sweden", "CountryCode": "", "Province": "", "City": "", "CityCode": "", "Lat": "0", "Lon": "0", "Confirmed": 110594, "Deaths": 5933, "Recovered": 0, "Active": 104643, "Date": "2020-10-26T00:00:00Z"}, {"Country": "Sweden", "CountryCode": "", "Province": "", "City": "", "CityCode": "", "Lat": "0", "Lon": "0", "Confirmed": 115785, "Deaths": 5933, "Recovered": 0, "Active": 109826, "Date": "2020-10-27T00:00:00Z"}, {"Country": "Sweden", "CountryCode": "", "Province": "", "City": "", "CityCode": "", "Lat": "0", "Lon": "0", "Confirmed": 117913, "Deaths": 5927, "Recovered": 0, "Active": 111950, "Date": "2020-10-28T00:00:00Z"}, {"Country": "Sweden", "CountryCode": "", "Province": "", "City": "", "CityCode": "", "Lat": "0", "Lon": "0", "Confirmed": 121167, "Deaths": 5934, "Recovered": 0, "Active": 115201, "Date": "2020-10-29T00:00:00Z"}, {"Country": "Sweden", "CountryCode": "", "Province": "", "City": "", "CityCode": "", "Lat": "0", "Lon": "0", "Confirmed": 124355, "Deaths": 5938, "Recovered": 0, "Active": 118383, "Date": "2020-10-30T00:00:00Z"}, {"Country": "Sweden", "CountryCode": "", "Province": "", "City": "", "CityCode": "", "Lat": "0", "Lon": "0", "Confirmed": 124355, "Deaths": 5938, "Recovered": 0, "Active": 118378, "Date": "2020-10-31T00:00:00Z"}, {"Country": "Sweden", "CountryCode": "", "Province": "", "City": "", "CityCode": "", "Lat": "0", "Lon": "0", "Confirmed": 124355, "Deaths": 5938, "Recovered": 0, "Active": 118375, "Date": "2020-11-01T00:00:00Z"}, {"Country": "Sweden", "CountryCode": "", "Province": "", "City": "", "CityCode": "", "Lat": "0", "Lon": "0", "Confirmed": 124355, "Deaths": 5938, "Recovered": 0, "Active": 118368, "Date": "2020-11-02T00:00:00Z"}, {"Country": "Sweden", "CountryCode": "", "Province": "", "City": "", "CityCode": "", "Lat": "0", "Lon": "0", "Confirmed": 134532, "Deaths": 5938, "Recovered": 0, "Active": 128543, "Date": "2020-11-03T00:00:00Z"}, {"Country": "Sweden", "CountryCode": "", "Province": "", "City": "", "CityCode": "", "Lat": "0", "Lon": "0", "Confirmed": 137730, "Deaths": 5997, "Recovered": 0, "Active": 131733, "Date": "2020-11-04T00:00:00Z"}, {"Country": "Sweden", "CountryCode": "", "Province": "", "City": "", "CityCode": "", "Lat": "0", "Lon": "0", "Confirmed": 141764, "Deaths": 6002, "Recovered": 0, "Active": 135762, "Date": "2020-11-05T00:00:00Z"}, {"Country": "Sweden", "CountryCode": "", "Province": "", "City": "", "CityCode": "", "Lat": "0", "Lon": "0", "Confirmed": 146461, "Deaths": 6022, "Recovered": 0, "Active": 140439, "Date": "2020-11-06T00:00:00Z"}, {"Country": "Sweden", "CountryCode": "", "Province": "", "City": "", "CityCode": "", "Lat": "0", "Lon": "0", "Confirmed": 146461, "Deaths": 6022, "Recovered": 0, "Active": 140439, "Date": "2020-11-07T00:00:00Z"}, {"Country": "Sweden", "CountryCode": "", "Province": "", "City": "", "CityCode": "", "Lat": "0", "Lon": "0", "Confirmed": 146461, "Deaths": 6022, "Recovered": 0, "Active": 140439, "Date": "2020-11-08T00:00:00Z"}, {"Country": "Sweden", "CountryCode": "", "Province": "", "City": "", "CityCode": "", "Lat": "0", "Lon": "0", "Confirmed": 146461, "Deaths": 6022, "Recovered": 0, "Active": 140439, "Date": "2020-11-09T00:00:00Z"}, {"Country": "Sweden", "CountryCode": "", "Province": "", "City": "", "CityCode": "", "Lat": "0", "Lon": "0", "Confirmed": 162240, "Deaths": 6022, "Recovered": 0, "Active": 156183, "Date": "2020-11-10T00:00:00Z"}, {"Country": "Sweden", "CountryCode": "", "Province": "", "City": "", "CityCode": "", "Lat": "0", "Lon": "0", "Confirmed": 166707, "Deaths": 6082, "Recovered": 0, "Active": 160625, "Date": "2020-11-11T00:00:00Z"}, {"Country": "Sweden", "CountryCode": "", "Province": "", "City": "", "CityCode": "", "Lat": "0", "Lon": "0", "Confirmed": 171365, "Deaths": 6122, "Recovered": 0, "Active": 165243, "Date": "2020-11-12T00:00:00Z"}, {"Country": "Sweden", "CountryCode": "", "Province": "", "City": "", "CityCode": "", "Lat": "0", "Lon": "0", "Confirmed": 177355, "Deaths": 6164, "Recovered": 0, "Active": 171191, "Date": "2020-11-13T00:00:00Z"}, {"Country": "Sweden", "CountryCode": "", "Province": "", "City": "", "CityCode": "", "Lat": "0", "Lon": "0", "Confirmed": 177355, "Deaths": 6164, "Recovered": 0, "Active": 171191, "Date": "2020-11-14T00:00:00Z"}, {"Country": "Sweden", "CountryCode": "", "Province": "", "City": "", "CityCode": "", "Lat": "0", "Lon": "0", "Confirmed": 177355, "Deaths": 6164, "Recovered": 0, "Active": 171191, "Date": "2020-11-15T00:00:00Z"}, {"Country": "Sweden", "CountryCode": "", "Province": "", "City": "", "CityCode": "", "Lat": "0", "Lon": "0", "Confirmed": 177355, "Deaths": 6164, "Recovered": 0, "Active": 171191, "Date": "2020-11-16T00:00:00Z"}, {"Country": "Sweden", "CountryCode": "", "Province": "", "City": "", "CityCode": "", "Lat": "0", "Lon": "0", "Confirmed": 192439, "Deaths": 6164, "Recovered": 0, "Active": 186214, "Date": "2020-11-17T00:00:00Z"}, {"Country": "Sweden", "CountryCode": "", "Province": "", "City": "", "CityCode": "", "Lat": "0", "Lon": "0", "Confirmed": 196446, "Deaths": 6321, "Recovered": 0, "Active": 190125, "Date": "2020-11-18T00:00:00Z"}, {"Country": "Sweden", "CountryCode": "", "Province": "", "City": "", "CityCode": "", "Lat": "0", "Lon": "0", "Confirmed": 201055, "Deaths": 6340, "Recovered": 0, "Active": 194715, "Date": "2020-11-19T00:00:00Z"}, {"Country": "Sweden", "CountryCode": "", "Province": "", "City": "", "CityCode": "", "Lat": "0", "Lon": "0", "Confirmed": 208295, "Deaths": 6406, "Recovered": 0, "Active": 201889, "Date": "2020-11-20T00:00:00Z"}, {"Country": "Sweden", "CountryCode": "", "Province": "", "City": "", "CityCode": "", "Lat": "0", "Lon": "0", "Confirmed": 208295, "Deaths": 6406, "Recovered": 0, "Active": 201889, "Date": "2020-11-21T00:00:00Z"}, {"Country": "Sweden", "CountryCode": "", "Province": "", "City": "", "CityCode": "", "Lat": "0", "Lon": "0", "Confirmed": 208295, "Deaths": 6406, "Recovered": 0, "Active": 201889, "Date": "2020-11-22T00:00:00Z"}, {"Country": "Sweden", "CountryCode": "", "Province": "", "City": "", "CityCode": "", "Lat": "0", "Lon": "0", "Confirmed": 208295, "Deaths": 6406, "Recovered": 0, "Active": 201889, "Date": "2020-11-23T00:00:00Z"}, {"Country": "Sweden", "CountryCode": "", "Province": "", "City": "", "CityCode": "", "Lat": "0", "Lon": "0", "Confirmed": 225560, "Deaths": 6406, "Recovered": 0, "Active": 219060, "Date": "2020-11-24T00:00:00Z"}, {"Country": "Sweden", "CountryCode": "", "Province": "", "City": "", "CityCode": "", "Lat": "0", "Lon": "0", "Confirmed": 230514, "Deaths": 6555, "Recovered": 0, "Active": 223959, "Date": "2020-11-25T00:00:00Z"}, {"Country": "Sweden", "CountryCode": "", "Province": "", "City": "", "CityCode": "", "Lat": "0", "Lon": "0", "Confirmed": 236355, "Deaths": 6622, "Recovered": 0, "Active": 229733, "Date": "2020-11-26T00:00:00Z"}, {"Country": "Sweden", "CountryCode": "", "Province": "", "City": "", "CityCode": "", "Lat": "0", "Lon": "0", "Confirmed": 243129, "Deaths": 6681, "Recovered": 0, "Active": 236448, "Date": "2020-11-27T00:00:00Z"}, {"Country": "Sweden", "CountryCode": "", "Province": "", "City": "", "CityCode": "", "Lat": "0", "Lon": "0", "Confirmed": 243129, "Deaths": 6681, "Recovered": 0, "Active": 236448, "Date": "2020-11-28T00:00:00Z"}, {"Country": "Sweden", "CountryCode": "", "Province": "", "City": "", "CityCode": "", "Lat": "0", "Lon": "0", "Confirmed": 243129, "Deaths": 6681, "Recovered": 0, "Active": 236448, "Date": "2020-11-29T00:00:00Z"}, {"Country": "Sweden", "CountryCode": "", "Province": "", "City": "", "CityCode": "", "Lat": "0", "Lon": "0", "Confirmed": 243129, "Deaths": 6681, "Recovered": 0, "Active": 236448, "Date": "2020-11-30T00:00:00Z"}, {"Country": "Sweden", "CountryCode": "", "Province": "", "City": "", "CityCode": "", "Lat": "0", "Lon": "0", "Confirmed": 260758, "Deaths": 6681, "Recovered": 0, "Active": 253960, "Date": "2020-12-01T00:00:00Z"}, {"Country": "Sweden", "CountryCode": "", "Province": "", "City": "", "CityCode": "", "Lat": "0", "Lon": "0", "Confirmed": 266158, "Deaths": 6972, "Recovered": 0, "Active": 259186, "Date": "2020-12-02T00:00:00Z"}, {"Country": "Sweden", "CountryCode": "", "Province": "", "City": "", "CityCode": "", "Lat": "0", "Lon": "0", "Confirmed": 272643, "Deaths": 7007, "Recovered": 0, "Active": 265636, "Date": "2020-12-03T00:00:00Z"}, {"Country": "Sweden", "CountryCode": "", "Province": "", "City": "", "CityCode": "", "Lat": "0", "Lon": "0", "Confirmed": 278912, "Deaths": 7067, "Recovered": 0, "Active": 271845, "Date": "2020-12-04T00:00:00Z"}, {"Country": "Sweden", "CountryCode": "", "Province": "", "City": "", "CityCode": "", "Lat": "0", "Lon": "0", "Confirmed": 278912, "Deaths": 7067, "Recovered": 0, "Active": 271845, "Date": "2020-12-05T00:00:00Z"}, {"Country": "Sweden", "CountryCode": "", "Province": "", "City": "", "CityCode": "", "Lat": "0", "Lon": "0", "Confirmed": 278912, "Deaths": 7067, "Recovered": 0, "Active": 271845, "Date": "2020-12-06T00:00:00Z"}, {"Country": "Sweden", "CountryCode": "", "Province": "", "City": "", "CityCode": "", "Lat": "0", "Lon": "0", "Confirmed": 278912, "Deaths": 7067, "Recovered": 0, "Active": 271845, "Date": "2020-12-07T00:00:00Z"}, {"Country": "Sweden", "CountryCode": "", "Province": "", "City": "", "CityCode": "", "Lat": "0", "Lon": "0", "Confirmed": 297732, "Deaths": 7067, "Recovered": 0, "Active": 290532, "Date": "2020-12-08T00:00:00Z"}, {"Country": "Sweden", "CountryCode": "", "Province": "", "City": "", "CityCode": "", "Lat": "0", "Lon": "0", "Confirmed": 304793, "Deaths": 7296, "Recovered": 0, "Active": 297497, "Date": "2020-12-09T00:00:00Z"}, {"Country": "Sweden", "CountryCode": "", "Province": "", "City": "", "CityCode": "", "Lat": "0", "Lon": "0", "Confirmed": 312728, "Deaths": 7354, "Recovered": 0, "Active": 305374, "Date": "2020-12-10T00:00:00Z"}, {"Country": "Sweden", "CountryCode": "", "Province": "", "City": "", "CityCode": "", "Lat": "0", "Lon": "0", "Confirmed": 320098, "Deaths": 7514, "Recovered": 0, "Active": 312584, "Date": "2020-12-11T00:00:00Z"}, {"Country": "Sweden", "CountryCode": "", "Province": "", "City": "", "CityCode": "", "Lat": "0", "Lon": "0", "Confirmed": 320098, "Deaths": 7514, "Recovered": 0, "Active": 312584, "Date": "2020-12-12T00:00:00Z"}, {"Country": "Sweden", "CountryCode": "", "Province": "", "City": "", "CityCode": "", "Lat": "0", "Lon": "0", "Confirmed": 320098, "Deaths": 7514, "Recovered": 0, "Active": 312584, "Date": "2020-12-13T00:00:00Z"}, {"Country": "Sweden", "CountryCode": "", "Province": "", "City": "", "CityCode": "", "Lat": "0", "Lon": "0", "Confirmed": 320098, "Deaths": 7514, "Recovered": 0, "Active": 312584, "Date": "2020-12-14T00:00:00Z"}, {"Country": "Sweden", "CountryCode": "", "Province": "", "City": "", "CityCode": "", "Lat": "0", "Lon": "0", "Confirmed": 341029, "Deaths": 7514, "Recovered": 0, "Active": 333362, "Date": "2020-12-15T00:00:00Z"}, {"Country": "Sweden", "CountryCode": "", "Province": "", "City": "", "CityCode": "", "Lat": "0", "Lon": "0", "Confirmed": 348585, "Deaths": 7802, "Recovered": 0, "Active": 340783, "Date": "2020-12-16T00:00:00Z"}, {"Country": "Sweden", "CountryCode": "", "Province": "", "City": "", "CityCode": "", "Lat": "0", "Lon": "0", "Confirmed": 357466, "Deaths": 7893, "Recovered": 0, "Active": 349573, "Date": "2020-12-17T00:00:00Z"}, {"Country": "Sweden", "CountryCode": "", "Province": "", "City": "", "CityCode": "", "Lat": "0", "Lon": "0", "Confirmed": 367120, "Deaths": 7993, "Recovered": 0, "Active": 359127, "Date": "2020-12-18T00:00:00Z"}, {"Country": "Sweden", "CountryCode": "", "Province": "", "City": "", "CityCode": "", "Lat": "0", "Lon": "0", "Confirmed": 367120, "Deaths": 7993, "Recovered": 0, "Active": 359127, "Date": "2020-12-19T00:00:00Z"}, {"Country": "Sweden", "CountryCode": "", "Province": "", "City": "", "CityCode": "", "Lat": "0", "Lon": "0", "Confirmed": 367120, "Deaths": 7993, "Recovered": 0, "Active": 359127, "Date": "2020-12-20T00:00:00Z"}, {"Country": "Sweden", "CountryCode": "", "Province": "", "City": "", "CityCode": "", "Lat": "0", "Lon": "0", "Confirmed": 367120, "Deaths": 7993, "Recovered": 0, "Active": 359127, "Date": "2020-12-21T00:00:00Z"}, {"Country": "Sweden", "CountryCode": "", "Province": "", "City": "", "CityCode": "", "Lat": "0", "Lon": "0", "Confirmed": 389439, "Deaths": 7993, "Recovered": 0, "Active": 381272, "Date": "2020-12-22T00:00:00Z"}, {"Country": "Sweden", "CountryCode": "", "Province": "", "City": "", "CityCode": "", "Lat": "0", "Lon": "0", "Confirmed": 396048, "Deaths": 8279, "Recovered": 0, "Active": 387769, "Date": "2020-12-23T00:00:00Z"}, {"Country": "Sweden", "CountryCode": "", "Province": "", "City": "", "CityCode": "", "Lat": "0", "Lon": "0", "Confirmed": 396048, "Deaths": 8279, "Recovered": 0, "Active": 387769, "Date": "2020-12-24T00:00:00Z"}, {"Country": "Sweden", "CountryCode": "", "Province": "", "City": "", "CityCode": "", "Lat": "0", "Lon": "0", "Confirmed": 396048, "Deaths": 8279, "Recovered": 0, "Active": 387769, "Date": "2020-12-25T00:00:00Z"}, {"Country": "Sweden", "CountryCode": "", "Province": "", "City": "", "CityCode": "", "Lat": "0", "Lon": "0", "Confirmed": 396048, "Deaths": 8279, "Recovered": 0, "Active": 387769, "Date": "2020-12-26T00:00:00Z"}, {"Country": "Sweden", "CountryCode": "", "Province": "", "City": "", "CityCode": "", "Lat": "0", "Lon": "0", "Confirmed": 396048, "Deaths": 8279, "Recovered": 0, "Active": 387769, "Date": "2020-12-27T00:00:00Z"}, {"Country": "Sweden", "CountryCode": "", "Province": "", "City": "", "CityCode": "", "Lat": "0", "Lon": "0", "Confirmed": 396048, "Deaths": 8279, "Recovered": 0, "Active": 387769, "Date": "2020-12-28T00:00:00Z"}, {"Country": "Sweden", "CountryCode": "", "Province": "", "City": "", "CityCode": "", "Lat": "0", "Lon": "0", "Confirmed": 428533, "Deaths": 8279, "Recovered": 0, "Active": 420049, "Date": "2020-12-29T00:00:00Z"}, {"Country": "Sweden", "CountryCode": "", "Province": "", "City": "", "CityCode": "", "Lat": "0", "Lon": "0", "Confirmed": 437379, "Deaths": 8727, "Recovered": 0, "Active": 428652, "Date": "2020-12-30T00:00:00Z"}, {"Country": "Sweden", "CountryCode": "", "Province": "", "City": "", "CityCode": "", "Lat": "0", "Lon": "0", "Confirmed": 437379, "Deaths": 8727, "Recovered": 0, "Active": 428652, "Date": "2020-12-31T00:00:00Z"}, {"Country": "Sweden", "CountryCode": "", "Province": "", "City": "", "CityCode": "", "Lat": "0", "Lon": "0", "Confirmed": 437379, "Deaths": 8727, "Recovered": 0, "Active": 428652, "Date": "2021-01-01T00:00:00Z"}, {"Country": "Sweden", "CountryCode": "", "Province": "", "City": "", "CityCode": "", "Lat": "0", "Lon": "0", "Confirmed": 437379, "Deaths": 8727, "Recovered": 0, "Active": 428652, "Date": "2021-01-02T00:00:00Z"}, {"Country": "Sweden", "CountryCode": "", "Province": "", "City": "", "CityCode": "", "Lat": "0", "Lon": "0", "Confirmed": 437379, "Deaths": 8727, "Recovered": 0, "Active": 428652, "Date": "2021-01-03T00:00:00Z"}, {"Country": "Sweden", "CountryCode": "", "Province": "", "City": "", "CityCode": "", "Lat": "0", "Lon": "0", "Confirmed": 437379, "Deaths": 8727, "Recovered": 0, "Active": 428652, "Date": "2021-01-04T00:00:00Z"}, {"Country": "Sweden", "CountryCode": "", "Province": "", "City": "", "CityCode": "", "Lat": "0", "Lon": "0", "Confirmed": 469748, "Deaths": 8965, "Recovered": 0, "Active": 460763, "Date": "2021-01-05T00:00:00Z"}, {"Country": "Sweden", "CountryCode": "", "Province": "", "City": "", "CityCode": "", "Lat": "0", "Lon": "0", "Confirmed": 469748, "Deaths": 8965, "Recovered": 0, "Active": 460763, "Date": "2021-01-06T00:00:00Z"}, {"Country": "Sweden", "CountryCode": "", "Province": "", "City": "", "CityCode": "", "Lat": "0", "Lon": "0", "Confirmed": 482284, "Deaths": 9262, "Recovered": 0, "Active": 473022, "Date": "2021-01-07T00:00:00Z"}, {"Country": "Sweden", "CountryCode": "", "Province": "", "City": "", "CityCode": "", "Lat": "0", "Lon": "0", "Confirmed": 489471, "Deaths": 9433, "Recovered": 0, "Active": 480038, "Date": "2021-01-08T00:00:00Z"}, {"Country": "Sweden", "CountryCode": "", "Province": "", "City": "", "CityCode": "", "Lat": "0", "Lon": "0", "Confirmed": 489471, "Deaths": 9433, "Recovered": 0, "Active": 480038, "Date": "2021-01-09T00:00:00Z"}, {"Country": "Sweden", "CountryCode": "", "Province": "", "City": "", "CityCode": "", "Lat": "0", "Lon": "0", "Confirmed": 489471, "Deaths": 9433, "Recovered": 0, "Active": 480038, "Date": "2021-01-10T00:00:00Z"}, {"Country": "Sweden", "CountryCode": "", "Province": "", "City": "", "CityCode": "", "Lat": "0", "Lon": "0", "Confirmed": 489471, "Deaths": 9433, "Recovered": 0, "Active": 480038, "Date": "2021-01-11T00:00:00Z"}, {"Country": "Sweden", "CountryCode": "", "Province": "", "City": "", "CityCode": "", "Lat": "0", "Lon": "0", "Confirmed": 506866, "Deaths": 9433, "Recovered": 0, "Active": 497199, "Date": "2021-01-12T00:00:00Z"}, {"Country": "Sweden", "CountryCode": "", "Province": "", "City": "", "CityCode": "", "Lat": "0", "Lon": "0", "Confirmed": 512203, "Deaths": 9834, "Recovered": 0, "Active": 502369, "Date": "2021-01-13T00:00:00Z"}, {"Country": "Sweden", "CountryCode": "", "Province": "", "City": "", "CityCode": "", "Lat": "0", "Lon": "0", "Confirmed": 518783, "Deaths": 10185, "Recovered": 0, "Active": 508598, "Date": "2021-01-14T00:00:00Z"}, {"Country": "Sweden", "CountryCode": "", "Province": "", "City": "", "CityCode": "", "Lat": "0", "Lon": "0", "Confirmed": 523486, "Deaths": 10323, "Recovered": 0, "Active": 513163, "Date": "2021-01-15T00:00:00Z"}, {"Country": "Sweden", "CountryCode": "", "Province": "", "City": "", "CityCode": "", "Lat": "0", "Lon": "0", "Confirmed": 523486, "Deaths": 10323, "Recovered": 0, "Active": 513163, "Date": "2021-01-16T00:00:00Z"}, {"Country": "Sweden", "CountryCode": "", "Province": "", "City": "", "CityCode": "", "Lat": "0", "Lon": "0", "Confirmed": 523486, "Deaths": 10323, "Recovered": 0, "Active": 513163, "Date": "2021-01-17T00:00:00Z"}, {"Country": "Sweden", "CountryCode": "", "Province": "", "City": "", "CityCode": "", "Lat": "0", "Lon": "0", "Confirmed": 523486, "Deaths": 10323, "Recovered": 0, "Active": 513163, "Date": "2021-01-18T00:00:00Z"}, {"Country": "Sweden", "CountryCode": "", "Province": "", "City": "", "CityCode": "", "Lat": "0", "Lon": "0", "Confirmed": 533265, "Deaths": 10323, "Recovered": 0, "Active": 522674, "Date": "2021-01-19T00:00:00Z"}, {"Country": "Sweden", "CountryCode": "", "Province": "", "City": "", "CityCode": "", "Lat": "0", "Lon": "0", "Confirmed": 537967, "Deaths": 10797, "Recovered": 0, "Active": 527170, "Date": "2021-01-20T00:00:00Z"}, {"Country": "Sweden", "CountryCode": "", "Province": "", "City": "", "CityCode": "", "Lat": "0", "Lon": "0", "Confirmed": 542952, "Deaths": 10921, "Recovered": 0, "Active": 532031, "Date": "2021-01-21T00:00:00Z"}, {"Country": "Sweden", "CountryCode": "", "Province": "", "City": "", "CityCode": "", "Lat": "0", "Lon": "0", "Confirmed": 547166, "Deaths": 11005, "Recovered": 0, "Active": 536161, "Date": "2021-01-22T00:00:00Z"}, {"Country": "Sweden", "CountryCode": "", "Province": "", "City": "", "CityCode": "", "Lat": "0", "Lon": "0", "Confirmed": 547166, "Deaths": 11005, "Recovered": 0, "Active": 536161, "Date": "2021-01-23T00:00:00Z"}, {"Country": "Sweden", "CountryCode": "", "Province": "", "City": "", "CityCode": "", "Lat": "0", "Lon": "0", "Confirmed": 547166, "Deaths": 11005, "Recovered": 0, "Active": 536161, "Date": "2021-01-24T00:00:00Z"}, {"Country": "Sweden", "CountryCode": "", "Province": "", "City": "", "CityCode": "", "Lat": "0", "Lon": "0", "Confirmed": 547166, "Deaths": 11005, "Recovered": 0, "Active": 536161, "Date": "2021-01-25T00:00:00Z"}, {"Country": "Sweden", "CountryCode": "", "Province": "", "City": "", "CityCode": "", "Lat": "0", "Lon": "0", "Confirmed": 556289, "Deaths": 11247, "Recovered": 0, "Active": 545042, "Date": "2021-01-26T00:00:00Z"}, {"Country": "Sweden", "CountryCode": "", "Province": "", "City": "", "CityCode": "", "Lat": "0", "Lon": "0", "Confirmed": 560472, "Deaths": 11425, "Recovered": 0, "Active": 549047, "Date": "2021-01-27T00:00:00Z"}, {"Country": "Sweden", "CountryCode": "", "Province": "", "City": "", "CityCode": "", "Lat": "0", "Lon": "0", "Confirmed": 564557, "Deaths": 11520, "Recovered": 0, "Active": 553037, "Date": "2021-01-28T00:00:00Z"}, {"Country": "Sweden", "CountryCode": "", "Province": "", "City": "", "CityCode": "", "Lat": "0", "Lon": "0", "Confirmed": 566957, "Deaths": 11591, "Recovered": 0, "Active": 555366, "Date": "2021-01-29T00:00:00Z"}, {"Country": "Sweden", "CountryCode": "", "Province": "", "City": "", "CityCode": "", "Lat": "0", "Lon": "0", "Confirmed": 566957, "Deaths": 11591, "Recovered": 0, "Active": 555366, "Date": "2021-01-30T00:00:00Z"}, {"Country": "Sweden", "CountryCode": "", "Province": "", "City": "", "CityCode": "", "Lat": "0", "Lon": "0", "Confirmed": 566957, "Deaths": 11591, "Recovered": 0, "Active": 555366, "Date": "2021-01-31T00:00:00Z"}, {"Country": "Sweden", "CountryCode": "", "Province": "", "City": "", "CityCode": "", "Lat": "0", "Lon": "0", "Confirmed": 566957, "Deaths": 11591, "Recovered": 0, "Active": 555366, "Date": "2021-02-01T00:00:00Z"}, {"Country": "Sweden", "CountryCode": "", "Province": "", "City": "", "CityCode": "", "Lat": "0", "Lon": "0", "Confirmed": 576606, "Deaths": 11815, "Recovered": 0, "Active": 564791, "Date": "2021-02-02T00:00:00Z"}, {"Country": "Sweden", "CountryCode": "", "Province": "", "City": "", "CityCode": "", "Lat": "0", "Lon": "0", "Confirmed": 580916, "Deaths": 11939, "Recovered": 0, "Active": 568977, "Date": "2021-02-03T00:00:00Z"}, {"Country": "Sweden", "CountryCode": "", "Province": "", "City": "", "CityCode": "", "Lat": "0", "Lon": "0", "Confirmed": 584674, "Deaths": 12028, "Recovered": 0, "Active": 572646, "Date": "2021-02-04T00:00:00Z"}, {"Country": "Sweden", "CountryCode": "", "Province": "", "City": "", "CityCode": "", "Lat": "0", "Lon": "0", "Confirmed": 588062, "Deaths": 12115, "Recovered": 0, "Active": 575947, "Date": "2021-02-05T00:00:00Z"}, {"Country": "Sweden", "CountryCode": "", "Province": "", "City": "", "CityCode": "", "Lat": "0", "Lon": "0", "Confirmed": 588062, "Deaths": 12115, "Recovered": 0, "Active": 575947, "Date": "2021-02-06T00:00:00Z"}, {"Country": "Sweden", "CountryCode": "", "Province": "", "City": "", "CityCode": "", "Lat": "0", "Lon": "0", "Confirmed": 588062, "Deaths": 12115, "Recovered": 0, "Active": 575947, "Date": "2021-02-07T00:00:00Z"}, {"Country": "Sweden", "CountryCode": "", "Province": "", "City": "", "CityCode": "", "Lat": "0", "Lon": "0", "Confirmed": 588062, "Deaths": 12115, "Recovered": 0, "Active": 575947, "Date": "2021-02-08T00:00:00Z"}, {"Country": "Sweden", "CountryCode": "", "Province": "", "City": "", "CityCode": "", "Lat": "0", "Lon": "0", "Confirmed": 596174, "Deaths": 12188, "Recovered": 0, "Active": 583986, "Date": "2021-02-09T00:00:00Z"}, {"Country": "Sweden", "CountryCode": "", "Province": "", "City": "", "CityCode": "", "Lat": "0", "Lon": "0", "Confirmed": 600244, "Deaths": 12326, "Recovered": 0, "Active": 587918, "Date": "2021-02-10T00:00:00Z"}, {"Country": "Sweden", "CountryCode": "", "Province": "", "City": "", "CityCode": "", "Lat": "0", "Lon": "0", "Confirmed": 604577, "Deaths": 12370, "Recovered": 0, "Active": 592207, "Date": "2021-02-11T00:00:00Z"}, {"Country": "Sweden", "CountryCode": "", "Province": "", "City": "", "CityCode": "", "Lat": "0", "Lon": "0", "Confirmed": 608411, "Deaths": 12428, "Recovered": 0, "Active": 595983, "Date": "2021-02-12T00:00:00Z"}, {"Country": "Sweden", "CountryCode": "", "Province": "", "City": "", "CityCode": "", "Lat": "0", "Lon": "0", "Confirmed": 608411, "Deaths": 12428, "Recovered": 0, "Active": 595983, "Date": "2021-02-13T00:00:00Z"}, {"Country": "Sweden", "CountryCode": "", "Province": "", "City": "", "CityCode": "", "Lat": "0", "Lon": "0", "Confirmed": 608411, "Deaths": 12428, "Recovered": 0, "Active": 595983, "Date": "2021-02-14T00:00:00Z"}, {"Country": "Sweden", "CountryCode": "", "Province": "", "City": "", "CityCode": "", "Lat": "0", "Lon": "0", "Confirmed": 608411, "Deaths": 12428, "Recovered": 0, "Active": 595983, "Date": "2021-02-15T00:00:00Z"}, {"Country": "Sweden", "CountryCode": "", "Province": "", "City": "", "CityCode": "", "Lat": "0", "Lon": "0", "Confirmed": 617869, "Deaths": 12487, "Recovered": 0, "Active": 605382, "Date": "2021-02-16T00:00:00Z"}, {"Country": "Sweden", "CountryCode": "", "Province": "", "City": "", "CityCode": "", "Lat": "0", "Lon": "0", "Confirmed": 622102, "Deaths": 12569, "Recovered": 0, "Active": 609533, "Date": "2021-02-17T00:00:00Z"}, {"Country": "Sweden", "CountryCode": "", "Province": "", "City": "", "CityCode": "", "Lat": "0", "Lon": "0", "Confirmed": 627022, "Deaths": 12598, "Recovered": 0, "Active": 614424, "Date": "2021-02-18T00:00:00Z"}, {"Country": "Sweden", "CountryCode": "", "Province": "", "City": "", "CityCode": "", "Lat": "0", "Lon": "0", "Confirmed": 631166, "Deaths": 12649, "Recovered": 0, "Active": 618517, "Date": "2021-02-19T00:00:00Z"}, {"Country": "Sweden", "CountryCode": "", "Province": "", "City": "", "CityCode": "", "Lat": "0", "Lon": "0", "Confirmed": 631166, "Deaths": 12649, "Recovered": 0, "Active": 618517, "Date": "2021-02-20T00:00:00Z"}, {"Country": "Sweden", "CountryCode": "", "Province": "", "City": "", "CityCode": "", "Lat": "0", "Lon": "0", "Confirmed": 631166, "Deaths": 12649, "Recovered": 0, "Active": 618517, "Date": "2021-02-21T00:00:00Z"}, {"Country": "Sweden", "CountryCode": "", "Province": "", "City": "", "CityCode": "", "Lat": "0", "Lon": "0", "Confirmed": 631166, "Deaths": 12649, "Recovered": 0, "Active": 618517, "Date": "2021-02-22T00:00:00Z"}, {"Country": "Sweden", "CountryCode": "", "Province": "", "City": "", "CityCode": "", "Lat": "0", "Lon": "0", "Confirmed": 642099, "Deaths": 12713, "Recovered": 0, "Active": 629386, "Date": "2021-02-23T00:00:00Z"}, {"Country": "Sweden", "CountryCode": "", "Province": "", "City": "", "CityCode": "", "Lat": "0", "Lon": "0", "Confirmed": 647470, "Deaths": 12793, "Recovered": 0, "Active": 634677, "Date": "2021-02-24T00:00:00Z"}, {"Country": "Sweden", "CountryCode": "", "Province": "", "City": "", "CityCode": "", "Lat": "0", "Lon": "0", "Confirmed": 652465, "Deaths": 12798, "Recovered": 0, "Active": 639667, "Date": "2021-02-25T00:00:00Z"}, {"Country": "Sweden", "CountryCode": "", "Province": "", "City": "", "CityCode": "", "Lat": "0", "Lon": "0", "Confirmed": 657309, "Deaths": 12826, "Recovered": 0, "Active": 644483, "Date": "2021-02-26T00:00:00Z"}, {"Country": "Sweden", "CountryCode": "", "Province": "", "City": "", "CityCode": "", "Lat": "0", "Lon": "0", "Confirmed": 657309, "Deaths": 12826, "Recovered": 0, "Active": 644483, "Date": "2021-02-27T00:00:00Z"}, {"Country": "Sweden", "CountryCode": "", "Province": "", "City": "", "CityCode": "", "Lat": "0", "Lon": "0", "Confirmed": 657309, "Deaths": 12826, "Recovered": 0, "Active": 644483, "Date": "2021-02-28T00:00:00Z"}, {"Country": "Sweden", "CountryCode": "", "Province": "", "City": "", "CityCode": "", "Lat": "0", "Lon": "0", "Confirmed": 657309, "Deaths": 12826, "Recovered": 0, "Active": 644483, "Date": "2021-03-01T00:00:00Z"}, {"Country": "Sweden", "CountryCode": "", "Province": "", "City": "", "CityCode": "", "Lat": "0", "Lon": "0", "Confirmed": 669113, "Deaths": 12882, "Recovered": 0, "Active": 656231, "Date": "2021-03-02T00:00:00Z"}, {"Country": "Sweden", "CountryCode": "", "Province": "", "City": "", "CityCode": "", "Lat": "0", "Lon": "0", "Confirmed": 675292, "Deaths": 12964, "Recovered": 0, "Active": 662328, "Date": "2021-03-03T00:00:00Z"}, {"Country": "Sweden", "CountryCode": "", "Province": "", "City": "", "CityCode": "", "Lat": "0", "Lon": "0", "Confirmed": 680130, "Deaths": 12977, "Recovered": 0, "Active": 667153, "Date": "2021-03-04T00:00:00Z"}, {"Country": "Sweden", "CountryCode": "", "Province": "", "City": "", "CityCode": "", "Lat": "0", "Lon": "0", "Confirmed": 684961, "Deaths": 13003, "Recovered": 0, "Active": 671958, "Date": "2021-03-05T00:00:00Z"}, {"Country": "Sweden", "CountryCode": "", "Province": "", "City": "", "CityCode": "", "Lat": "0", "Lon": "0", "Confirmed": 684961, "Deaths": 13003, "Recovered": 0, "Active": 671958, "Date": "2021-03-06T00:00:00Z"}, {"Country": "Sweden", "CountryCode": "", "Province": "", "City": "", "CityCode": "", "Lat": "0", "Lon": "0", "Confirmed": 684961, "Deaths": 13003, "Recovered": 0, "Active": 671958, "Date": "2021-03-07T00:00:00Z"}, {"Country": "Sweden", "CountryCode": "", "Province": "", "City": "", "CityCode": "", "Lat": "0", "Lon": "0", "Confirmed": 684961, "Deaths": 13003, "Recovered": 0, "Active": 671958, "Date": "2021-03-08T00:00:00Z"}, {"Country": "Sweden", "CountryCode": "", "Province": "", "City": "", "CityCode": "", "Lat": "0", "Lon": "0", "Confirmed": 695975, "Deaths": 13042, "Recovered": 0, "Active": 682933, "Date": "2021-03-09T00:00:00Z"}, {"Country": "Sweden", "CountryCode": "", "Province": "", "City": "", "CityCode": "", "Lat": "0", "Lon": "0", "Confirmed": 701892, "Deaths": 13088, "Recovered": 0, "Active": 688804, "Date": "2021-03-10T00:00:00Z"}, {"Country": "Sweden", "CountryCode": "", "Province": "", "City": "", "CityCode": "", "Lat": "0", "Lon": "0", "Confirmed": 707192, "Deaths": 13111, "Recovered": 0, "Active": 694081, "Date": "2021-03-11T00:00:00Z"}, {"Country": "Sweden", "CountryCode": "", "Province": "", "City": "", "CityCode": "", "Lat": "0", "Lon": "0", "Confirmed": 712527, "Deaths": 13146, "Recovered": 0, "Active": 699381, "Date": "2021-03-12T00:00:00Z"}, {"Country": "Sweden", "CountryCode": "", "Province": "", "City": "", "CityCode": "", "Lat": "0", "Lon": "0", "Confirmed": 712527, "Deaths": 13146, "Recovered": 0, "Active": 699381, "Date": "2021-03-13T00:00:00Z"}]